Index,Value
1,-0.0071995335840470106
2,-0.0071995335840470106
3,-0.0071995335840470106
4,-0.0071995335840470106
5,-0.0071995335840470106
6,-0.0071995335840470106
7,-0.0071995335840470106
8,-0.0071995335840470106
9,-0.0071995335840470106
10,-0.0071995335840470106
