node,x,y
0,0.0,0.0
1,79.79765352195062,78.19358182793682
2,30.560191789347947,74.82233753193933
3,0.4328460090872732,26.69482020904499
4,96.06972723690858,19.58232804969494
5,74.65299117106342,2.8333971581932516
6,94.07330461501097,87.25682889770164
7,11.020901004972261,59.10783474695985
8,20.473868230977388,87.39101805793747
9,66.63744992850035,32.79060458195197
10,73.990586701504,4.146241227574466
