player,x_star,share
1,12.584449166624331,0.06820703371911378
2,14.604090297445175,0.07915337939435779
3,12.14786607209814,0.06584077696402924
4,26.450320258192967,0.14335930495207042
5,12.672096374865014,0.06868207684644535
6,35.15662311387996,0.19054699545675935
7,11.81286815460124,0.064025106373127
8,22.243678573642065,0.12055953458283165
9,24.583803397348063,0.1332428845367387
10,12.247891094499643,0.06638290717452651
