members,C_s,C_s_over_C_N
Int64[],0.0,0.0
[1],111.72243170774404,0.9136867529185645
[2],80.82269183803015,0.6609829533678944
[3],26.698329192307515,0.2183438843497667
"[1, 2]",120.94893167393214,0.9891427796631499
"[1, 3]",116.51496563960677,0.9528809836520169
"[2, 3]",82.15027490054585,0.6718401737047444
"[1, 2, 3]",122.27651473644785,1.0
