from_node,to_node,inv_cost
0,1,111.72243170774404
0,2,80.82269183803015
0,3,26.698329192307515
1,2,49.3527398020901
1,3,94.60917037916197
2,3,56.779528770754034
