node,x,y
0,0.0,0.0
1,79.79765352195062,78.19358182793682
2,30.560191789347947,74.82233753193933
3,0.4328460090872732,26.69482020904499
