player,x_star,share
1,52.8116129007979,0.43190315830171394
2,55.45194570823834,0.45349628935497766
3,14.012956127411613,0.1146005523433084
