Index,Value
1,0.0
2,191.8111811685642
3,228.25095518424246
