Qsell,E,CVaR,rho
0.0,-1.2963723890372617e6,-8.925917679621525e6,-8.849622226715684e6
0.01,-1.2917047998275014e6,-8.914741747713525e6,-8.838511378234666e6
0.02,-1.2870372106177418e6,-8.903565815805525e6,-8.827400529753648e6
0.03,-1.2823696214079817e6,-8.892389883897517e6,-8.816289681272622e6
0.04,-1.2777020321982226e6,-8.881213951989518e6,-8.805178832791606e6
0.05,-1.2730344429884623e6,-8.870038020081516e6,-8.794067984310586e6
0.06,-1.268366853778701e6,-8.858862088173525e6,-8.782957135829577e6
0.07,-1.2636992645689426e6,-8.847686156265523e6,-8.771846287348557e6
0.08,-1.2590316753591811e6,-8.836510224357523e6,-8.76073543886754e6
0.09,-1.254364086149423e6,-8.82533429244952e6,-8.74962459038652e6
0.1,-1.249696496939662e6,-8.814158360541513e6,-8.738513741905494e6
0.11,-1.245028907729901e6,-8.80298242863352e6,-8.727402893424483e6
0.12,-1.2403613185201425e6,-8.791806496725524e6,-8.716292044943469e6
0.13,-1.2356937293103817e6,-8.780630564817527e6,-8.705181196462454e6
0.14,-1.2310261401006228e6,-8.769454632909529e6,-8.69407034798144e6
0.15,-1.226358550890862e6,-8.758278701001521e6,-8.682959499500414e6
0.16,-1.221690961681101e6,-8.747102769093527e6,-8.671848651019402e6
0.17,-1.2170233724713426e6,-8.735926837185523e6,-8.66073780253838e6
0.18,-1.212355783261581e6,-8.72475090527752e6,-8.64962695405736e6
0.19,-1.2076881940518226e6,-8.71357497336952e6,-8.638516105576342e6
0.2,-1.2030206048420616e6,-8.702399041461524e6,-8.627405257095328e6
0.21,-1.1983530156323018e6,-8.691223109553518e6,-8.616294408614306e6
0.22,-1.1936854264225422e6,-8.680047177645518e6,-8.605183560133288e6
0.23,-1.1890178372127817e6,-8.668871245737523e6,-8.594072711652275e6
0.24,-1.1843502480030225e6,-8.65769531382952e6,-8.582961863171255e6
0.25,-1.1796826587932617e6,-8.646519381921526e6,-8.571851014690243e6
0.26,-1.1750150695835014e6,-8.635343450013515e6,-8.560740166209213e6
0.27,-1.1703474803737425e6,-8.624167518105518e6,-8.5496293177282e6
0.28,-1.1656798911639818e6,-8.61299171371161e6,-8.538518595486134e6
0.29,-1.1610123019542224e6,-8.60181619695562e6,-8.527408158005606e6
0.3,-1.1563447127444625e6,-8.590640680199608e6,-8.516297720525056e6
0.31,-1.1516771235347008e6,-8.579465163443597e6,-8.505187283044508e6
0.32,-1.1470095343249422e6,-8.568289646687595e6,-8.494076845563969e6
0.33,-1.1423419451151812e6,-8.557114129931597e6,-8.482966408083431e6
0.34,-1.1376743559054225e6,-8.545938613175603e6,-8.471855970602902e6
0.35,-1.1330067666956617e6,-8.534763096419608e6,-8.46074553312237e6
0.36,-1.1283391774859012e6,-8.523587579663614e6,-8.449635095641837e6
0.37,-1.123671588276142e6,-8.512412062907606e6,-8.438524658161292e6
0.38,-1.1190039990663815e6,-8.501236546151605e6,-8.427414220680753e6
0.39,-1.114336409856623e6,-8.490061029395603e6,-8.416303783200212e6
0.4,-1.1096688206468618e6,-8.478885512639603e6,-8.405193345719675e6
0.41,-1.1050012314371013e6,-8.4677099958836e6,-8.394082908239136e6
0.42,-1.1003336422273428e6,-8.456534479127605e6,-8.382972470758602e6
0.43,-1.095666053017581e6,-8.445358962371603e6,-8.371862033278063e6
0.44,-1.0909984638078231e6,-8.434183445615612e6,-8.360751595797534e6
0.45,-1.0863308745980621e6,-8.423007928859605e6,-8.3496411583169885e6
0.46,-1.0816632853883018e6,-8.411832412103603e6,-8.338530720836449e6
0.47,-1.0769956961785425e6,-8.400656895347603e6,-8.327420283355912e6
0.48,-1.0723281069687817e6,-8.389481378591603e6,-8.316309845875374e6
0.49,-1.0676605177590228e6,-8.378305861835601e6,-8.305199408394835e6
0.5,-1.062992928549262e6,-8.367130345079605e6,-8.294088970914301e6
0.51,-1.058325339339502e6,-8.3559548283236055e6,-8.282978533433764e6
0.52,-1.0536577501297423e6,-8.344779311567604e6,-8.271868095953224e6
0.53,-1.0489901609199815e6,-8.333603794811604e6,-8.260757658472688e6
0.54,-1.0443225717102223e6,-8.322428278055606e6,-8.249647220992153e6
0.55,-1.0396549825004623e6,-8.311252761299604e6,-8.238536783511612e6
0.56,-1.0349873932907012e6,-8.300077244543601e6,-8.227426346031073e6
0.57,-1.0303198040809425e6,-8.288901727787604e6,-8.216315908550537e6
0.58,-1.0256522148711813e6,-8.2777262110316055e6,-8.205205471070001e6
0.59,-1.0209846256614226e6,-8.266550694275602e6,-8.19409503358946e6
0.6,-1.0163170364516621e6,-8.255375177519606e6,-8.182984596108927e6
0.61,-1.011649447241901e6,-8.244199660763604e6,-8.171874158628386e6
0.62,-1.0069818580321425e6,-8.233024701656681e6,-8.160764273220435e6
0.63,-1.0023142688223816e6,-8.221853150821475e6,-8.149657762001485e6
0.64,-997646.6796126231,-8.210681599986277e6,-8.13855125078254e6
0.65,-992979.090402862,-8.199510049151079e6,-8.127444739563596e6
0.66,-988311.5011931014,-8.188338498315876e6,-8.116338228344649e6
0.67,-983643.9119833426,-8.177166947480674e6,-8.105231717125701e6
0.68,-978976.3227735813,-8.16599539664548e6,-8.094125205906761e6
0.69,-974308.7335638226,-8.1548238458102755e6,-8.083018694687811e6
0.7,-969641.1443540616,-8.143652294975076e6,-8.071912183468866e6
0.71,-964973.5551443014,-8.132480744139875e6,-8.06080567224992e6
0.72,-960305.9659345421,-8.121309193304678e6,-8.049699161030977e6
0.73,-955638.3767247817,-8.110137642469476e6,-8.03859264981203e6
0.74,-950970.7875150228,-8.098966091634277e6,-8.027486138593085e6
0.75,-946303.1983052619,-8.0877945407990785e6,-8.01637962737414e6
0.76,-941635.6090955015,-8.076622989963879e6,-8.005273116155195e6
0.77,-936968.0198857425,-8.065451439128675e6,-7.994166604936245e6
0.78,-932300.4306759813,-8.054279888293479e6,-7.983060093717303e6
0.79,-927632.8414662225,-8.043108337458279e6,-7.971953582498358e6
0.8,-922965.2522564625,-8.03193678662308e6,-7.960847071279414e6
0.81,-918297.6630467011,-8.02076523578788e6,-7.949740560060468e6
0.82,-913630.0738369422,-8.009593684952677e6,-7.938634048841519e6
0.83,-908962.4846271813,-7.998422134117477e6,-7.927527537622574e6
0.84,-904294.8954174212,-7.987250583282277e6,-7.916421026403628e6
0.85,-899627.3062076623,-7.976079032447077e6,-7.905314515184683e6
0.86,-894959.7169979017,-7.96490748161188e6,-7.89420800396574e6
0.87,-890292.1277881424,-7.953735930776679e6,-7.883101492746794e6
0.88,-885624.5385783815,-7.942564379941478e6,-7.871994981527847e6
0.89,-880956.949368622,-7.93139282910628e6,-7.860888470308903e6
0.9,-876289.3601588618,-7.92022127827108e6,-7.849781959089958e6
0.91,-871621.7709491024,-7.909049727435881e6,-7.838675447871014e6
0.92,-866954.1817393426,-7.897878176600679e6,-7.827568936652065e6
0.93,-862286.5925295812,-7.88670662576548e6,-7.816462425433122e6
0.94,-857619.0033198219,-7.875535074930281e6,-7.805355914214177e6
0.95,-852951.4141100616,-7.86436352409508e6,-7.79424940299523e6
0.96,-848283.8249003022,-7.853191973259879e6,-7.783142891776283e6
0.97,-843616.2356905425,-7.842020422424679e6,-7.772036380557338e6
0.98,-838948.6464807818,-7.830848871589477e6,-7.76092986933839e6
0.99,-834281.0572710214,-7.819677320754279e6,-7.749823358119447e6
1.0,-829613.468061262,-7.80850576991908e6,-7.738716846900502e6
1.01,-824945.8788515024,-7.797334219083879e6,-7.727610335681556e6
1.02,-820278.2896417424,-7.786162668248677e6,-7.7165038244626075e6
1.03,-815610.7004319818,-7.774991117413477e6,-7.705397313243662e6
1.04,-810943.1112222216,-7.763819566578277e6,-7.6942908020247165e6
1.05,-806275.5220124619,-7.752648015743077e6,-7.68318429080577e6
1.06,-801607.9328027021,-7.741476464907875e6,-7.672077779586823e6
1.07,-796940.3435929425,-7.7303049140726775e6,-7.66097126836788e6
1.08,-792272.7543831817,-7.719133363237479e6,-7.649864757148935e6
1.09,-787605.1651734217,-7.707961812402279e6,-7.63875824592999e6
1.1,-782937.5759636619,-7.696790261567078e6,-7.627651734711044e6
1.11,-778269.9867539022,-7.685618710731879e6,-7.616545223492099e6
1.12,-773602.3975441426,-7.674447159896678e6,-7.605438712273153e6
1.13,-768934.8083343811,-7.6632756090614805e6,-7.594332201054209e6
1.14,-764267.219124622,-7.65210405822628e6,-7.583225689835263e6
1.15,-759599.6299148618,-7.640932507391077e6,-7.572119178616314e6
1.16,-754932.040705102,-7.629760956555878e6,-7.56101266739737e6
1.17,-750264.4514953425,-7.618589405720676e6,-7.549906156178423e6
1.18,-745596.8622855813,-7.6074178548854785e6,-7.53879964495948e6
1.19,-740929.2730758218,-7.596246304050281e6,-7.527693133740536e6
1.2,-736261.6838660617,-7.585074753215083e6,-7.516586622521593e6
1.21,-731594.0946563022,-7.573903202379877e6,-7.505480111302641e6
1.22,-726926.5054465423,-7.562731651544676e6,-7.494373600083695e6
1.23,-722258.9162367816,-7.551560100709481e6,-7.483267088864754e6
1.24,-717591.3270270217,-7.540388549874281e6,-7.472160577645808e6
1.25,-712923.737817262,-7.529216999039078e6,-7.46105406642686e6
1.26,-708256.1486075022,-7.5180454482038785e6,-7.449947555207915e6
1.27,-703588.5593977425,-7.50687389736868e6,-7.438841043988971e6
1.28,-698920.9701879815,-7.495702346533476e6,-7.427734532770022e6
1.29,-694253.3809782214,-7.48453079569828e6,-7.416628021551079e6
1.3,-689585.7917684619,-7.47335924486308e6,-7.405521510332134e6
1.31,-684918.2025587023,-7.46218769402788e6,-7.394414999113188e6
1.32,-680250.6133489427,-7.45101614319268e6,-7.383308487894242e6
1.33,-675583.0241391816,-7.439844592357475e6,-7.372201976675292e6
1.34,-670915.4349294214,-7.428673041522278e6,-7.36109546545635e6
1.35,-666247.845719662,-7.417501490687081e6,-7.349988954237406e6
1.36,-661580.256509902,-7.40632993985188e6,-7.33888244301846e6
1.37,-656912.667300143,-7.395158389016679e6,-7.327775931799513e6
1.38,-652245.0780903811,-7.383986838181478e6,-7.316669420580567e6
1.39,-647577.4888806222,-7.372815287346278e6,-7.305562909361621e6
1.4,-642909.8996708622,-7.361643736511075e6,-7.294456398142672e6
1.41,-638242.3104611025,-7.35047218567588e6,-7.283349886923732e6
1.42,-633574.7212513424,-7.33930063484068e6,-7.272243375704787e6
1.43,-628907.1320415816,-7.3281311930549815e6,-7.261138952444847e6
1.44,-624239.542831822,-7.316962761667786e6,-7.250035529479426e6
1.45,-619571.9536220618,-7.305794330280584e6,-7.238932106513999e6
1.46,-614904.3644123022,-7.294625898893384e6,-7.227828683548573e6
1.47,-610236.7752025424,-7.283457467506182e6,-7.2167252605831465e6
1.48,-605569.1859927819,-7.272289036118982e6,-7.2056218376177205e6
1.49,-600901.5967830215,-7.261120604731784e6,-7.194518414652296e6
1.5,-596234.0075732619,-7.249952173344582e6,-7.1834149916868685e6
1.51,-591566.4183635022,-7.238783741957388e6,-7.172311568721449e6
1.52,-586898.8291537421,-7.227615310570187e6,-7.161208145756022e6
1.53,-582231.2399439818,-7.216446879182985e6,-7.150104722790594e6
1.54,-577563.6507342213,-7.205278447795785e6,-7.13900129982517e6
1.55,-572896.061524462,-7.194110016408585e6,-7.127897876859744e6
1.56,-568228.4723147023,-7.182941585021385e6,-7.116794453894318e6
1.57,-563560.8831049426,-7.171773153634187e6,-7.105691030928895e6
1.58,-558893.2938951814,-7.160604722246985e6,-7.094587607963467e6
1.59,-554225.7046854214,-7.149436290859785e6,-7.083484184998041e6
1.6,-549558.1154756619,-7.138267859472583e6,-7.072380762032613e6
1.61,-544890.5262659021,-7.127099428085384e6,-7.061277339067189e6
1.62,-540222.9370561426,-7.115930996698184e6,-7.050173916101763e6
1.63,-535555.3478463815,-7.104762565310984e6,-7.039070493136338e6
1.64,-530887.758636622,-7.0935951326754065e6,-7.027968058935019e6
1.65,-526220.1694268619,-7.082429069440204e6,-7.01686698044007e6
1.66,-521552.58021710214,-7.071263006205004e6,-7.005765901945124e6
1.67,-516884.99100734235,-7.060096942969804e6,-6.994664823450179e6
1.68,-512217.40179758135,-7.048930879734604e6,-6.983563744955233e6
1.69,-507549.8125878217,-7.037764816499406e6,-6.97246266646029e6
1.7,-502882.2233780615,-7.0265987532642055e6,-6.961361587965344e6
1.71,-498214.6341683021,-7.015432690029004e6,-6.950260509470397e6
1.72,-493547.04495854245,-7.004266626793806e6,-6.939159430975454e6
1.73,-488879.45574878156,-6.993100563558602e6,-6.928058352480504e6
1.74,-484211.8665390215,-6.981934500323404e6,-6.91695727398556e6
1.75,-479544.27732926176,-6.970768437088204e6,-6.9058561954906145e6
1.76,-474876.6881195025,-6.9596023738530055e6,-6.89475511699567e6
1.77,-470209.0989097421,-6.9484363106178045e6,-6.883654038500723e6
1.78,-465541.50969998154,-6.937270247382602e6,-6.872552960005776e6
1.79,-460873.9204902216,-6.926104184147403e6,-6.8614518815108305e6
1.8,-456206.3312804622,-6.914938120912206e6,-6.850350803015889e6
1.81,-451538.7420707024,-6.903772057677005e6,-6.839249724520943e6
1.82,-446871.15286094253,-6.892605994441807e6,-6.8281486460259985e6
1.83,-442203.56365118135,-6.881439931206607e6,-6.817047567531053e6
1.84,-437535.97444142133,-6.870273867971405e6,-6.805946489036105e6
1.85,-432868.385231662,-6.859107804736203e6,-6.794845410541157e6
1.86,-428200.7960219011,-6.847941741501004e6,-6.783744332046214e6
1.87,-423533.2068121426,-6.836775678265804e6,-6.772643253551267e6
1.88,-418865.6176023813,-6.825609615030603e6,-6.761542175056321e6
1.89,-414198.02839262283,-6.814443551795403e6,-6.750441096561375e6
1.9,-409530.4391828618,-6.803277488560204e6,-6.73934001806643e6
1.91,-404862.8499731023,-6.792111425325007e6,-6.728238939571489e6
1.92,-400195.26076334226,-6.780945362089804e6,-6.717137861076539e6
1.93,-395527.6715535815,-6.769779298854602e6,-6.706036782581591e6
1.94,-390860.0823438224,-6.758613235619406e6,-6.69493570408665e6
1.95,-386192.4931340617,-6.747447172384205e6,-6.683834625591704e6
1.96,-381524.90392430226,-6.736281109149005e6,-6.672733547096758e6
1.97,-376857.3147145422,-6.725115045913807e6,-6.6616324686018145e6
1.98,-372189.72550478164,-6.713948982678604e6,-6.650531390106866e6
1.99,-367522.1362950215,-6.702782919443404e6,-6.639430311611921e6
2.0,-362854.54708526214,-6.691616856208204e6,-6.628329233116975e6
2.01,-358186.9578755021,-6.680450792973005e6,-6.61722815462203e6
2.02,-353519.36866574216,-6.669284729737809e6,-6.606127076127089e6
2.03,-348851.7794559814,-6.658118666502604e6,-6.5950259976321375e6
2.04,-344184.1902462216,-6.646952603267402e6,-6.58392491913719e6
2.05,-339516.601036462,-6.635786540032205e6,-6.572823840642248e6
2.06,-334849.0118267011,-6.624620476797001e6,-6.561722762147298e6
2.07,-330181.4226169423,-6.613454413561807e6,-6.550621683652358e6
2.08,-325513.83340718155,-6.602288350326603e6,-6.53952060515741e6
2.09,-320846.2441974225,-6.591122287091405e6,-6.528419526662465e6
2.1,-316178.65498766187,-6.579956703453204e6,-6.517318922968548e6
2.11,-311511.0657779019,-6.568792766882004e6,-6.506219949870963e6
2.12,-306843.47656814265,-6.557628830310804e6,-6.4951209767733775e6
2.13,-302175.8873583813,-6.546464893739606e6,-6.484022003675794e6
2.14,-297508.2981486219,-6.535300957168404e6,-6.472923030578205e6
2.15,-292840.7089388618,-6.524137020597206e6,-6.461824057480623e6
2.16,-288173.11972910137,-6.512973084026006e6,-6.450725084383037e6
2.17,-283505.53051934217,-6.501809147454806e6,-6.439626111285451e6
2.18,-278837.9413095814,-6.490645210883605e6,-6.428527138187866e6
2.19,-274170.3520998226,-6.479481274312409e6,-6.417428165090282e6
2.2,-269502.7628900618,-6.4683173377412055e6,-6.406329191992694e6
2.21,-264835.17368030234,-6.457153401170005e6,-6.3952302188951075e6
2.22,-260167.58447054256,-6.445989464598805e6,-6.384131245797522e6
2.23,-255499.9952607817,-6.434825528027606e6,-6.373032272699938e6
2.24,-250832.40605102177,-6.423661591456404e6,-6.36193329960235e6
2.25,-246164.81684126196,-6.4124976548852045e6,-6.350834326504765e6
2.26,-241497.22763150203,-6.401333718314005e6,-6.33973535340718e6
2.27,-236829.63842174227,-6.390169781742806e6,-6.328636380309595e6
2.28,-232162.04921198142,-6.379005845171606e6,-6.317537407212011e6
2.29,-227494.4600022216,-6.367841908600405e6,-6.306438434114424e6
2.3,-222826.87079246197,-6.356677972029206e6,-6.295339461016838e6
2.31,-218159.2815827013,-6.345514035458006e6,-6.284240487919252e6
2.32,-213491.69237294252,-6.334350098886807e6,-6.273141514821669e6
2.33,-208824.10316318148,-6.323186162315604e6,-6.26204254172408e6
2.34,-204156.5139534226,-6.312022225744405e6,-6.250943568626495e6
2.35,-199488.924743662,-6.3008582891732035e6,-6.239844595528908e6
2.36,-194821.33553390193,-6.289694352602009e6,-6.228745622431328e6
2.37,-190153.74632414276,-6.278530416030806e6,-6.217646649333739e6
2.38,-185486.15711438138,-6.267366479459606e6,-6.206547676236154e6
2.39,-180818.5679046219,-6.256202542888403e6,-6.195448703138566e6
2.4,-176150.97869486205,-6.245038606317202e6,-6.184349730040978e6
2.41,-171483.38948510133,-6.233874669746003e6,-6.1732507569433935e6
2.42,-166815.80027534216,-6.222710733174806e6,-6.162151783845812e6
2.43,-162148.2110655814,-6.211546807949582e6,-6.151052821980742e6
2.44,-157480.6218558226,-6.200384119546385e6,-6.139955084569478e6
2.45,-152813.03264606203,-6.189221431143186e6,-6.128857347158215e6
2.46,-148145.44343630242,-6.178058742739985e6,-6.117759609746948e6
2.47,-143477.8542265424,-6.1668960543367835e6,-6.106661872335681e6
2.48,-138810.26501678163,-6.155733365933585e6,-6.095564134924416e6
2.49,-134142.67580702194,-6.144570677530388e6,-6.084466397513155e6
2.5,-129475.08659726196,-6.133407989127187e6,-6.073368660101888e6
2.51,-124807.49738750214,-6.122245300723987e6,-6.062270922690622e6
2.52,-120139.90817774211,-6.111082612320788e6,-6.051173185279358e6
2.53,-115472.31896798137,-6.099919923917585e6,-6.040075447868089e6
2.54,-110804.7297582216,-6.088757235514385e6,-6.028977710456823e6
2.55,-106137.1405484618,-6.0775945471111825e6,-6.017879973045555e6
2.56,-101469.5513387014,-6.066431858707987e6,-6.006782235634294e6
2.57,-96801.96212894258,-6.055269170304786e6,-5.995684498223028e6
2.58,-92134.37291918155,-6.0441064819015805e6,-5.984586760811756e6
2.59,-87466.78370942257,-6.032943793498385e6,-5.973489023400496e6
2.6,-82799.1944996618,-6.021781105095182e6,-5.962391285989227e6
2.61,-78131.60528990174,-6.010618416691984e6,-5.951293548577963e6
2.62,-73464.01608014274,-5.999455728288785e6,-5.940195811166698e6
2.63,-68796.42687038121,-5.988293039885584e6,-5.929098073755432e6
2.64,-64128.83766062197,-5.977130351482383e6,-5.918000336344165e6
2.65,-59461.24845086196,-5.965967663079184e6,-5.9069025989329e6
2.66,-54793.6592411013,-5.954804974675982e6,-5.895804861521633e6
2.67,-50126.070031342446,-5.943642286272782e6,-5.884707124110367e6
2.68,-45458.48082158139,-5.932479597869583e6,-5.873609386699103e6
2.69,-40790.891611822575,-5.92131690946639e6,-5.862511649287844e6
2.7,-36123.30240206188,-5.910154221063186e6,-5.851413911876575e6
2.71,-31455.713192302286,-5.898991532659988e6,-5.840316174465311e6
2.72,-26788.123982542544,-5.887828844256787e6,-5.829218437054045e6
2.73,-22120.53477278164,-5.876666155853584e6,-5.8181206996427765e6
2.74,-17452.94556302175,-5.865503467450383e6,-5.807022962231509e6
2.75,-12785.356353261917,-5.854340779047185e6,-5.795925224820245e6
2.76,-8117.767143502176,-5.843178090643988e6,-5.7848274874089835e6
2.77,-3450.177933742106,-5.832015402240787e6,-5.773729749997716e6
2.78,1217.411276018858,-5.8208527138375845e6,-5.762632012586448e6
2.79,5885.000485778541,-5.809690025434385e6,-5.751534275175184e6
2.8,10552.589695538043,-5.798527337031185e6,-5.740436537763918e6
2.81,15220.17890529868,-5.787364648627984e6,-5.729338800352652e6
2.82,19887.768115057675,-5.776201960224787e6,-5.718241062941388e6
2.83,24555.35732481837,-5.765042554465796e6,-5.70714657534789e6
2.84,29222.94653457737,-5.753887310598602e6,-5.69605620802727e6
2.85,33890.535744338034,-5.742732066731402e6,-5.684965840706644e6
2.86,38558.12495409828,-5.7315768228642e6,-5.673875473386018e6
2.87,43225.71416385746,-5.720421578997001e6,-5.6627851060653925e6
2.88,47893.30337361863,-5.7092663351298e6,-5.6516947387447655e6
2.89,52560.8925833779,-5.6981110912626e6,-5.640604371424141e6
2.9,57228.48179313818,-5.686955847395401e6,-5.629514004103516e6
2.91,61896.07100289861,-5.675800603528201e6,-5.618423636782889e6
2.92,66563.66021265772,-5.664645359661002e6,-5.607333269462265e6
2.93,71231.2494224186,-5.653490115793799e6,-5.596242902141637e6
2.94,75898.8386321775,-5.642334871926601e6,-5.585152534821013e6
2.95,80566.42784193814,-5.631179628059402e6,-5.574062167500389e6
2.96,85234.01705169758,-5.6200243841922e6,-5.562971800179762e6
2.97,89901.6062614574,-5.608869140324999e6,-5.551881432859134e6
2.98,94569.19547121819,-5.5977138964578e6,-5.540791065538509e6
2.99,99236.78468097813,-5.586558652590602e6,-5.5297006982178865e6
3.0,103904.37389073816,-5.575403408723401e6,-5.5186103308972595e6
3.01,108571.96310049806,-5.5642481648562e6,-5.507519963576633e6
3.02,113239.55231025774,-5.553092920989001e6,-5.496429596256008e6
3.03,117907.14152001876,-5.541937677121798e6,-5.48533922893538e6
3.04,122574.73072977846,-5.5307824332546005e6,-5.474248861614756e6
3.05,127242.31993953799,-5.519627189387398e6,-5.463158494294128e6
3.06,131909.9091492987,-5.5084719455202e6,-5.452068126973505e6
3.07,136577.49835905773,-5.497316701653001e6,-5.44097775965288e6
3.08,141245.0875688184,-5.4861614577858e6,-5.429887392332254e6
3.09,145912.6767785775,-5.475006213918602e6,-5.41879702501163e6
3.1,150580.2659883381,-5.4638509700514e6,-5.407706657691003e6
3.11,155247.85519809823,-5.4526957261842005e6,-5.396616290370378e6
3.12,159915.4444078574,-5.441540482317001e6,-5.385525923049752e6
3.13,164583.03361761864,-5.430385238449802e6,-5.3744355557291275e6
3.14,169250.622827378,-5.419229994582605e6,-5.363345188408505e6
3.15,173918.2120371379,-5.408074750715401e6,-5.352254821087875e6
3.16,178585.80124689883,-5.396919506848198e6,-5.3411644537672475e6
3.17,183253.39045665765,-5.385764262981002e6,-5.330074086446626e6
3.18,187920.9796664186,-5.3746090191138005e6,-5.318983719125998e6
3.19,192588.56887617748,-5.363453775246601e6,-5.307893351805372e6
3.2,197256.15808593822,-5.352298531379404e6,-5.296802984484751e6
3.21,201923.74729569769,-5.341143287512202e6,-5.285712617164123e6
3.22,206591.33650545756,-5.329988043645e6,-5.274622249843495e6
3.23,211258.92571521841,-5.3188327997778e6,-5.263531882522871e6
3.24,215926.51492497817,-5.307677555910601e6,-5.252441515202246e6
3.25,220594.10413473815,-5.296524909053502e6,-5.2413537189216195e6
3.26,225261.6933444979,-5.2853792048023e6,-5.230272795820831e6
3.27,229929.28255425786,-5.274233500551098e6,-5.219191872720045e6
3.28,234596.87176401878,-5.2630877962999e6,-5.208110949619261e6
3.29,239264.4609737785,-5.251942092048701e6,-5.197030026518475e6
3.3,243932.05018353803,-5.240796387797497e6,-5.185949103417687e6
3.31,248599.63939329842,-5.229652477046433e6,-5.174869955882035e6
3.32,253267.2286030575,-5.218511221003237e6,-5.163793436507174e6
3.33,257934.81781281848,-5.207369964960038e6,-5.15271691713231e6
3.34,262602.40702257754,-5.196228708916837e6,-5.141640397757444e6
3.35,267269.996232338,-5.185087452873634e6,-5.130563878382574e6
3.36,271937.5854420981,-5.1739461968304375e6,-5.1194873590077115e6
3.37,276605.1746518573,-5.162804940787234e6,-5.108410839632844e6
3.38,281272.7638616186,-5.151663684744033e6,-5.097334320257977e6
3.39,285940.3530713781,-5.14052242870084e6,-5.086257800883117e6
3.4,290607.94228113804,-5.129381172657637e6,-5.075181281508249e6
3.41,295275.53149089875,-5.1182399166144375e6,-5.064104762133384e6
3.42,299943.1207006576,-5.107098660571236e6,-5.053028242758517e6
3.43,304610.70991041855,-5.095957404528036e6,-5.041951723383652e6
3.44,309278.29912017746,-5.084816148484837e6,-5.030875204008787e6
3.45,313945.8883299382,-5.073674892441635e6,-5.019798684633919e6
3.46,318613.4775396978,-5.06253363639844e6,-5.008722165259059e6
3.47,323281.0667494574,-5.051392380355239e6,-4.997645645884193e6
3.48,327948.6559592182,-5.040251124312038e6,-4.986569126509325e6
3.49,332616.24516897823,-5.029109868268835e6,-4.975492607134457e6
3.5,337283.8343787381,-5.017979198213742e6,-4.9644265678878175e6
3.51,341951.42358849803,-5.006852145737747e6,-4.953364110044484e6
3.52,346619.0127982579,-4.995725093261747e6,-4.942301652201147e6
3.53,351286.6020080189,-4.984598040785746e6,-4.931239194357808e6
3.54,355954.19121777837,-4.973470988309745e6,-4.92017673651447e6
3.55,360621.78042753815,-4.962343935833745e6,-4.9091142786711315e6
3.56,365289.36963729875,-4.951216883357745e6,-4.898051820827794e6
3.57,369956.95884705754,-4.940089830881744e6,-4.886989362984456e6
3.58,374624.54805681837,-4.928962778405746e6,-4.875926905141121e6
3.59,379292.13726657734,-4.917835725929745e6,-4.864864447297781e6
3.6,383959.72647633817,-4.906708673453743e6,-4.853801989454443e6
3.61,388627.3156860981,-4.895581620977746e6,-4.842739531611108e6
3.62,393294.90489585727,-4.884454568501744e6,-4.831677073767768e6
3.63,397962.4941056188,-4.873327516025744e6,-4.82061461592443e6
3.64,402630.08331537794,-4.862200463549742e6,-4.809552158081091e6
3.65,407297.6725251379,-4.851073411073745e6,-4.798489700237757e6
3.66,411965.26173489774,-4.839946358597745e6,-4.787427242394418e6
3.67,416632.8509446576,-4.828819306121742e6,-4.776364784551078e6
3.68,421300.4401544186,-4.817692253645745e6,-4.765302326707743e6
3.69,425968.0293641784,-4.806565201169746e6,-4.754239868864407e6
3.7,430635.6185739381,-4.795438148693746e6,-4.74317741102107e6
3.71,435303.2077836976,-4.78431109621775e6,-4.732114953177735e6
3.72,439970.7969934583,-4.773184043741748e6,-4.721052495334395e6
3.73,444638.3862032184,-4.762056991265747e6,-4.709990037491057e6
3.74,449305.97541297803,-4.750929938789749e6,-4.698927579647722e6
3.75,453973.5646227381,-4.739802886313749e6,-4.687865121804384e6
3.76,458641.153832498,-4.728675833837747e6,-4.676802663961044e6
3.77,463308.74304225773,-4.717548781361745e6,-4.665740206117705e6
3.78,467976.332252018,-4.706421728885749e6,-4.654677748274372e6
3.79,472643.9214617785,-4.695294676409746e6,-4.64361529043103e6
3.8,477311.51067153795,-4.684167623933746e6,-4.632552832587692e6
3.81,481979.0998812978,-4.673040571457747e6,-4.621490374744358e6
3.82,486646.6890910575,-4.661913518981745e6,-4.610427916901017e6
3.83,491314.2783008186,-4.650786466505746e6,-4.59936545905768e6
3.84,495981.86751057854,-4.639659414029745e6,-4.588303001214342e6
3.85,500649.4567203382,-4.628532361553746e6,-4.577240543371005e6
3.86,505317.04593009804,-4.617405309077747e6,-4.566178085527669e6
3.87,509984.63513985835,-4.606278256601747e6,-4.5551156276843315e6
3.88,514652.22434961784,-4.595151204125747e6,-4.544053169840993e6
3.89,519319.81355937815,-4.584024151649745e6,-4.532990711997653e6
3.9,523987.402769138,-4.572897099173745e6,-4.521928254154316e6
3.91,528654.9919788977,-4.561770046697746e6,-4.51086579631098e6
3.92,533322.5811886578,-4.550642994221749e6,-4.4998033384676445e6
3.93,537990.1703984187,-4.539515941745748e6,-4.488740880624305e6
3.94,542657.7596081785,-4.528388889269747e6,-4.477678422780968e6
3.95,547325.3488179381,-4.517261836793748e6,-4.466615964937631e6
3.96,551992.9380276978,-4.506136853682026e6,-4.455555555764928e6
3.97,556660.5272374584,-4.495012083054029e6,-4.444495356951114e6
3.98,561328.1164472183,-4.48388731242603e6,-4.433435158137297e6
3.99,565995.7056569782,-4.472762541798022e6,-4.422374959323471e6
4.0,570663.294866738,-4.46163777117003e6,-4.411314760509662e6
4.01,575330.884076498,-4.4505171678552e6,-4.400258687335883e6
4.02,579998.4732862578,-4.439406307970403e6,-4.389212260157836e6
4.03,584666.0624960181,-4.4282954480856e6,-4.378165832979783e6
4.04,589333.6517057784,-4.417184588200803e6,-4.367119405801738e6
4.05,594001.240915538,-4.406073728316002e6,-4.356072978623686e6
4.06,598668.8301252982,-4.394964589172438e6,-4.3450282549794605e6
4.07,603336.4193350584,-4.3838555910732355e6,-4.333983670969152e6
4.08,608004.0085448185,-4.372746592974038e6,-4.32293908695885e6
4.09,612671.5977545785,-4.361637594874836e6,-4.311894502948541e6
4.1,617339.1869643384,-4.350528596775632e6,-4.300849918938233e6
4.11,622006.7761740987,-4.339419598676435e6,-4.28980533492793e6
4.12,626674.3653838583,-4.328310600577235e6,-4.278760750917625e6
4.13,631341.9545936177,-4.317201602478036e6,-4.267716166907319e6
4.14,636009.5438033774,-4.306092604378838e6,-4.256671582897017e6
4.15,640677.133013138,-4.294983606279635e6,-4.245626998886707e6
4.16,645344.7222228978,-4.283874608180435e6,-4.234582414876401e6
4.17,650012.3114326576,-4.272765610081235e6,-4.223537830866096e6
4.18,654679.9006424178,-4.2616566119820345e6,-4.21249324685579e6
4.19,659347.4898521778,-4.250547613882833e6,-4.201448662845483e6
4.2,664015.0790619382,-4.239438615783635e6,-4.1904040788351786e6
4.21,668682.6682716977,-4.228329617684438e6,-4.1793594948248765e6
4.22,673350.257481458,-4.217220619585234e6,-4.168314910814567e6
4.23,678017.8466912183,-4.206111621486035e6,-4.1572703268042626e6
4.24,682685.435900978,-4.195002623386836e6,-4.1462257427939577e6
4.25,687353.0251107379,-4.1838936252876353e6,-4.135181158783652e6
4.26,692020.6143204978,-4.1727846271884344e6,-4.124136574773345e6
4.27,696688.2035302578,-4.161675629089237e6,-4.113091990763042e6
4.28,701355.792740018,-4.150566630990035e6,-4.102047406752734e6
4.29,706023.3819497784,-4.139457632890835e6,-4.0910028227424286e6
4.3,710690.971159538,-4.128348634791637e6,-4.079958238732125e6
4.31,715358.5603692983,-4.117239636692436e6,-4.0689136547218184e6
4.32,720026.1495790583,-4.1061306385932313e6,-4.0578690707115084e6
4.33,724693.7387888186,-4.0950216404940346e6,-4.046824486701206e6
4.34,729361.3279985783,-4.083912642394835e6,-4.035779902690901e6
4.35,734028.9172083385,-4.0728036442956356e6,-4.0247353186805956e6
4.36,738696.5064180987,-4.0616946461964333e6,-4.013690734670288e6
4.37,743364.0956278583,-4.0505856480972357e6,-4.002646150659985e6
4.38,748031.6848376179,-4.0394766499980357e6,-3.991601566649679e6
4.39,752699.2740473775,-4.028367651898835e6,-3.980556982639373e6
4.4,757366.8632571381,-4.0172592292199214e6,-3.9695129682951504e6
4.41,762034.4524668979,-4.0061510722007216e6,-3.9584692169540455e6
4.42,766702.0416766576,-3.995042915181521e6,-3.947425465612939e6
4.43,771369.6308864177,-3.9839347581623215e6,-3.936381714271834e6
4.44,776037.2200961779,-3.97282660114312e6,-3.925337962930727e6
4.45,780704.809305938,-3.9617184441239205e6,-3.914294211589622e6
4.46,785372.3985156977,-3.950610287104721e6,-3.903250460248517e6
4.47,790039.9877254579,-3.9395021300855195e6,-3.89220670890741e6
4.48,794707.5769352183,-3.928393973066323e6,-3.8811629575663074e6
4.49,799375.1661449779,-3.9172858160471204e6,-3.8701192062251996e6
4.5,804042.7553547381,-3.9061776590279215e6,-3.8590754548840947e6
4.51,808710.3445644979,-3.8950695020087194e6,-3.8480317035429874e6
4.52,813377.9337742581,-3.8839613449895214e6,-3.836987952201884e6
4.53,818045.5229840177,-3.8728531879703184e6,-3.825944200860775e6
4.54,822713.1121937785,-3.86174503095112e6,-3.814900449519671e6
4.55,827380.7014035378,-3.8506368739319206e6,-3.803856698178566e6
4.56,832048.2906132982,-3.8395287169127204e6,-3.79281294683746e6
4.57,836715.8798230586,-3.8284205598935205e6,-3.7817691954963547e6
4.58,841383.4690328186,-3.8173124028743193e6,-3.770725444155248e6
4.59,846051.0582425785,-3.8062042458551186e6,-3.759681692814142e6
4.6,850718.6474523385,-3.795096088835919e6,-3.748637941473036e6
4.61,855386.2366620984,-3.783987931816722e6,-3.7375941901319334e6
4.62,860053.8258718586,-3.7728797747975215e6,-3.7265504387908275e6
4.63,864721.4150816179,-3.761774562825209e6,-3.7155096030461406e6
4.64,869389.0042913773,-3.7506807877964084e6,-3.7044800898755305e6
4.65,874056.5935011379,-3.7395870127676055e6,-3.693450576704918e6
4.66,878724.1827108976,-3.728493237738807e6,-3.68242106353431e6
4.67,883391.7719206576,-3.7173994627100085e6,-3.671391550363702e6
4.68,888059.3611304178,-3.7063056876812065e6,-3.66036203719309e6
4.69,892726.9503401775,-3.695211912652408e6,-3.649332524022482e6
4.7,897394.539549938,-3.684118137623607e6,-3.6383030108518717e6
4.71,902062.1287596977,-3.6730243625948066e6,-3.6272734976812615e6
4.72,906729.7179694581,-3.66193058756601e6,-3.6162439845106555e6
4.73,911397.3071792183,-3.6508368125372073e6,-3.605214471340043e6
4.74,916064.896388978,-3.6397430375084076e6,-3.5941849581694338e6
4.75,920732.485598738,-3.6286492624796056e6,-3.583155444998822e6
4.76,925400.074808498,-3.6175554874508083e6,-3.5721259318282153e6
4.77,930067.6640182576,-3.606461712422008e6,-3.5610964186576055e6
4.78,934735.2532280181,-3.595367937393206e6,-3.550066905486994e6
4.79,939402.8424377785,-3.584274162364405e6,-3.539037392316383e6
4.8,944070.431647538,-3.573180387335606e6,-3.5280078791457745e6
4.81,948738.0208572984,-3.5620866123068067e6,-3.5169783659751657e6
4.82,953405.6100670586,-3.5509928372780066e6,-3.5059488528045556e6
4.83,958073.1992768184,-3.5398991661570566e6,-3.494919442502718e6
4.84,962740.7884865785,-3.528805806280257e6,-3.4838903403325886e6
4.85,967408.3776963383,-3.517712446403455e6,-3.472861238162457e6
4.86,972075.9669060989,-3.5066190865266575e6,-3.46183213599233e6
4.87,976743.5561158585,-3.4955257266498557e6,-3.4508030338221984e6
4.88,981411.1453256177,-3.4844323667730573e6,-3.4397739316520705e6
4.89,986078.7345353775,-3.473342444418604e6,-3.428748232629064e6
4.9,990746.3237451378,-3.462253990245002e6,-3.4177239871051004e6
4.91,995413.9129548977,-3.4511655360714025e6,-3.4066997415811396e6
4.92,1.0000815021646576e6,-3.440077081897801e6,-3.395675496057176e6
4.93,1.0047490913744175e6,-3.429014455725683e6,-3.384676820254682e6
4.94,1.0094166805841777e6,-3.4179672792128045e6,-3.3736934396148343e6
4.95,1.0140842697939381e6,-3.406930482144806e6,-3.3627203346254188e6
4.96,1.0187518590036979e6,-3.3958936850768058e6,-3.351747229636001e6
4.97,1.023419448213458e6,-3.3848568880088064e6,-3.3407741246465836e6
4.98,1.0280870374232183e6,-3.373820090940806e6,-3.3298010196571657e6
4.99,1.0327546266329781e6,-3.36278421610757e6,-3.3188288276801645e6
5.0,1.037422215842738e6,-3.351750070326769e6,-3.3078583474650737e6
5.01,1.0420898050524979e6,-3.3407159245459684e6,-3.296887867249984e6
5.02,1.0467573942622582e6,-3.329681778765168e6,-3.2859173870348935e6
5.03,1.051424983472018e6,-3.31864763298437e6,-3.2749469068198064e6
5.04,1.0560925726817786e6,-3.3076134872035705e6,-3.263976426604717e6
5.05,1.0607601618915382e6,-3.2965793414227692e6,-3.2530059463896262e6
5.06,1.0654277511012983e6,-3.2855451956419703e6,-3.2420354661745373e6
5.07,1.0700953403110583e6,-3.274511049861168e6,-3.2310649859594456e6
5.08,1.0747629295208184e6,-3.263476904080369e6,-3.220094505744357e6
5.09,1.0794305187305785e6,-3.2524427582995696e6,-3.209124025529268e6
5.1,1.0840981079403386e6,-3.2414086125187697e6,-3.198153545314179e6
5.11,1.0887656971500989e6,-3.23037446673797e6,-3.187183065099089e6
5.12,1.0934332863598585e6,-3.219340320957167e6,-3.1762125848839968e6
5.13,1.0981008755696178e6,-3.2083061751763714e6,-3.1652421046689115e6
5.14,1.1027684647793772e6,-3.1972720293955714e6,-3.1542716244538217e6
5.15,1.107436053989138e6,-3.1862378836147664e6,-3.1433011442387276e6
5.16,1.1121036431988976e6,-3.175203737833972e6,-3.1323306640236434e6
5.17,1.116771232408658e6,-3.1641695920531694e6,-3.121360183808551e6
5.18,1.1214388216184177e6,-3.15313544627237e6,-3.1103897035934622e6
5.19,1.1261064108281778e6,-3.1421025906576226e6,-3.0994205006427644e6
5.2,1.1307740000379381e6,-3.131073470292024e6,-3.0884549955887245e6
5.21,1.1354415892476977e6,-3.120044349926423e6,-3.0774894905346814e6
5.22,1.140109178457458e6,-3.1090152295608246e6,-3.066523985480642e6
5.23,1.1447767676672179e6,-3.097986109195222e6,-3.055558480426598e6
5.24,1.1494443568769784e6,-3.0869569888296216e6,-3.0445929753725557e6
5.25,1.154111946086738e6,-3.075927868464024e6,-3.0336274703185163e6
5.26,1.1587795352964979e6,-3.0648987480984232e6,-3.022661965264474e6
5.27,1.163447124506258e6,-3.053869627732824e6,-3.011696460210433e6
5.28,1.1681147137160182e6,-3.0428405073672235e6,-3.000730955156391e6
5.29,1.1727823029257783e6,-3.031811387001623e6,-2.989765450102349e6
5.3,1.1774498921355382e6,-3.0207822666360238e6,-2.9787999450483085e6
5.31,1.1821174813452982e6,-3.0097531462704213e6,-2.967834439994264e6
5.32,1.1867850705550585e6,-2.998724025904823e6,-2.9568689349402245e6
5.33,1.1914526597648184e6,-2.987694905539223e6,-2.9459034298861823e6
5.34,1.1961202489745785e6,-2.9766657851736224e6,-2.9349379248321406e6
5.35,1.2007878381843385e6,-2.9656788478613636e6,-2.9240141810009065e6
5.36,1.2054554273940988e6,-2.9547096214877623e6,-2.913107970998944e6
5.37,1.2101230166038584e6,-2.943740395114165e6,-2.902201760996985e6
5.38,1.2147906058136178e6,-2.9327711687405664e6,-2.8912955509950244e6
5.39,1.2194581950233777e6,-2.921801942366966e6,-2.8803893409930626e6
5.4,1.2241257842331377e6,-2.910832715993365e6,-2.8694831309911e6
5.41,1.2287933734428983e6,-2.8998634896197654e6,-2.8585769209891385e6
5.42,1.2334609626526576e6,-2.8888942632461637e6,-2.847670710987176e6
5.43,1.2381285518624177e6,-2.877925036872564e6,-2.836764500985214e6
5.44,1.2427961410721776e6,-2.8669558104989636e6,-2.825858290983252e6
5.45,1.247463730281938e6,-2.8559865841253647e6,-2.814952080981292e6
5.46,1.2521313194916975e6,-2.845017357751765e6,-2.80404587097933e6
5.47,1.2567989087014582e6,-2.8340481313781636e6,-2.7931396609773673e6
5.48,1.261466497911218e6,-2.8230789050045637e6,-2.7822334509754055e6
5.49,1.2661340871209784e6,-2.8121096786309644e6,-2.771327240973445e6
5.5,1.270801676330738e6,-2.8011404522573636e6,-2.7604210309714824e6
5.51,1.2754692655404978e6,-2.7901721885116594e6,-2.7495157739711376e6
5.52,1.280136854750258e6,-2.7792041014252584e6,-2.7386106918635033e6
5.53,1.2848044439600182e6,-2.768236014338859e6,-2.72770560975587e6
5.54,1.2894720331697788e6,-2.757267927252459e6,-2.7168005276482366e6
5.55,1.2941396223795381e6,-2.746311325784414e6,-2.7059068163027745e6
5.56,1.2988072115892984e6,-2.7353577551628174e6,-2.6950161054952964e6
5.57,1.3034748007990583e6,-2.7244041845412143e6,-2.684125394687812e6
5.58,1.3081423900088184e6,-2.713450613919616e6,-2.673234683880332e6
5.59,1.3128099792185787e6,-2.7025283367272248e6,-2.6623749535677666e6
5.6,1.3174775684283385e6,-2.6918017008992247e6,-2.651708908205949e6
5.61,1.3221451576380988e6,-2.681075065071223e6,-2.6410428628441296e6
5.62,1.326812746847859e6,-2.6703495507106697e6,-2.6303779277350847e6
5.63,1.3314803360576176e6,-2.659630761449873e6,-2.619719650474798e6
5.64,1.3361479252673774e6,-2.648911972189075e6,-2.6090613732145103e6
5.65,1.3408155144771375e6,-2.638193182928274e6,-2.59840309595422e6
5.66,1.3454831036868978e6,-2.6274743936674735e6,-2.58774481869393e6
5.67,1.3501506928966576e6,-2.616805796286083e6,-2.5771362313942555e6
5.68,1.3548182821064177e6,-2.606138352152483e6,-2.566528785809894e6
5.69,1.3594858713161778e6,-2.5954709080188805e6,-2.55592134022553e6
5.7,1.364153460525938e6,-2.584803463885281e6,-2.5453138946411684e6
5.71,1.3688210497356977e6,-2.5741360197516796e6,-2.534706449056806e6
5.72,1.373488638945458e6,-2.5634685756180817e6,-2.5240990034724465e6
5.73,1.378156228155218e6,-2.5528077712509125e6,-2.513498131256851e6
5.74,1.3828238173649784e6,-2.542148858325313e6,-2.50289913156841e6
5.75,1.3874914065747382e6,-2.5314899453997146e6,-2.49230013187997e6
5.76,1.3921589957844983e6,-2.520831032474113e6,-2.481701132191527e6
5.77,1.3968265849942581e6,-2.510172119548514e6,-2.4711021325030862e6
5.78,1.4014941742040182e6,-2.4995136431380566e6,-2.4605035649646358e6
5.79,1.4061617634137787e6,-2.48885565481246e6,-2.4499054806301976e6
5.8,1.410829352623538e6,-2.47819766648686e6,-2.4393073962957556e6
5.81,1.4154969418332982e6,-2.4675396781612593e6,-2.4287093119613137e6
5.82,1.4201645310430585e6,-2.4568816898356588e6,-2.4181112276268713e6
5.83,1.4248321202528186e6,-2.446223701510056e6,-2.407513143292427e6
5.84,1.4294997094625784e6,-2.435568468971135e6,-2.396917787186798e6
5.85,1.4341672986723385e6,-2.4249352694607335e6,-2.3863442437794027e6
5.86,1.4388348878820988e6,-2.4143020699503343e6,-2.37577070037201e6
5.87,1.4435024770918584e6,-2.403668870439935e6,-2.365197156964617e6
5.88,1.4481700663016178e6,-2.393035670929535e6,-2.354623613557223e6
5.89,1.4528376555113774e6,-2.3824024714191356e6,-2.3440500701498305e6
5.9,1.457505244721138e6,-2.3717692719087345e6,-2.3334765267424355e6
5.91,1.462172833930898e6,-2.3611360723983343e6,-2.322902983335042e6
5.92,1.4668404231406578e6,-2.350502872887935e6,-2.3123294399276488e6
5.93,1.471508012350418e6,-2.3398696733775362e6,-2.3017558965202565e6
5.94,1.4761756015601777e6,-2.329236473867134e6,-2.291182353112861e6
5.95,1.480843190769938e6,-2.3186032743567354e6,-2.2806088097054684e6
5.96,1.485510779979698e6,-2.307970074846336e6,-2.270035266298076e6
5.97,1.4901783691894582e6,-2.2973388501798753e6,-2.259463677986182e6
5.98,1.494845958399218e6,-2.2867094075406753e6,-2.248893853881276e6
5.99,1.4995135476089783e6,-2.2760799649014743e6,-2.2383240297763697e6
6.0,1.504181136818738e6,-2.2654505222622748e6,-2.2277542056714646e6
6.01,1.5088487260284983e6,-2.254821079623075e6,-2.2171843815665594e6
6.02,1.5135163152382579e6,-2.244191636983875e6,-2.206614557461654e6
6.03,1.5181839044480182e6,-2.233771657625142e6,-2.1962521020044102e6
6.04,1.5228514936577783e6,-2.223369714660158e6,-2.1859075025769784e6
6.05,1.5275190828675383e6,-2.2129867540169344e6,-2.1755816956480895e6
6.06,1.5321866720772982e6,-2.202603950840934e6,-2.165256044611752e6
6.07,1.5368542612870582e6,-2.1922211476649344e6,-2.1549303935754145e6
6.08,1.5415218504968185e6,-2.1818383444889328e6,-2.144604742539075e6
6.09,1.5461894397065786e6,-2.171455541312935e6,-2.1342790915027396e6
6.1,1.5508570289163385e6,-2.161072738136935e6,-2.123953440466402e6
6.11,1.5555246181260985e6,-2.1506987922922163e6,-2.1136365581880333e6
6.12,1.5601922073358584e6,-2.140339908884216e6,-2.103334587722015e6
6.13,1.5648597965456175e6,-2.129981025476217e6,-2.0930326172559983e6
6.14,1.5695273857553776e6,-2.119642465300508e6,-2.0827507667899488e6
6.15,1.574194974965138e6,-2.109343842381308e6,-2.0725084542078434e6
6.16,1.5788625641748982e6,-2.0990652332719183e6,-2.06228595529745e6
6.17,1.583530153384658e6,-2.088840993562319e6,-2.0521172820928493e6
6.18,1.5881977425944177e6,-2.0786167538527192e6,-2.0419486088882477e6
6.19,1.5928653318041777e6,-2.0684155097969188e6,-2.031802701380908e6
6.2,1.597532921013938e6,-2.0582310504209197e6,-2.021673410706571e6
6.21,1.6022005102236974e6,-2.0480626615615343e6,-2.011560029843682e6
6.22,1.6068680994334582e6,-2.0378973052975344e6,-2.0014496512502246e6
6.23,1.6115356886432183e6,-2.0277319490335325e6,-1.9913392726567648e6
6.24,1.616203277852978e6,-2.0175665927695343e6,-1.9812288940633093e6
6.25,1.6208708670627377e6,-2.0074012365055336e6,-1.971118515469851e6
6.26,1.6255384562724975e6,-1.997235880241533e6,-1.9610081368763926e6
6.27,1.6302060454822578e6,-1.987070523977534e6,-1.950897758282936e6
6.28,1.634873634692018e6,-1.9769051677135336e6,-1.940787379689478e6
6.29,1.6395412239017787e6,-1.9667398114495333e6,-1.93067700109602e6
6.3,1.6442088131115378e6,-1.9565744551855328e6,-1.9205666225025621e6
6.31,1.6488764023212984e6,-1.9464679617674665e6,-1.9105145181265788e6
6.32,1.6535439915310582e6,-1.9363857025610667e6,-1.9004864056201454e6
6.33,1.6582115807408185e6,-1.9263034433546655e6,-1.8904582931137106e6
6.34,1.6628791699505781e6,-1.9162211841482653e6,-1.8804301806072767e6
6.35,1.6675467591603384e6,-1.9061389249418662e6,-1.8704020681008443e6
6.36,1.6722143483700985e6,-1.8960723953950976e6,-1.8603895279574457e6
6.37,1.6768819375798583e6,-1.8860118918502973e6,-1.8503829535559958e6
6.38,1.6815495267896175e6,-1.8759513883054976e6,-1.8403763791545464e6
6.39,1.6862171159993778e6,-1.8658962878168963e6,-1.8303751537787335e6
6.4,1.6908847052091383e6,-1.8558412015280966e6,-1.8203739424607242e6
6.41,1.6955522944188977e6,-1.8457861152392956e6,-1.8103727311427137e6
6.42,1.700219883628658e6,-1.8357310289504966e6,-1.800371519824705e6
6.43,1.7048874728384176e6,-1.8256759426616966e6,-1.7903703085066953e6
6.44,1.7095550620481777e6,-1.8156208563728957e6,-1.7803690971886849e6
6.45,1.7142226512579382e6,-1.8055657700840957e6,-1.770367885870675e6
6.46,1.7188902404676976e6,-1.795510683795295e6,-1.760366674552665e6
6.47,1.7235578296774582e6,-1.7854555975064966e6,-1.7503654632346572e6
6.48,1.728225418887218e6,-1.7754005112176964e6,-1.7403642519166472e6
6.49,1.7328930080969783e6,-1.7653454249288964e6,-1.7303630405986377e6
6.5,1.7375605973067374e6,-1.7552903386400968e6,-1.7203618292806284e6
6.51,1.742228186516498e6,-1.7452352523512973e6,-1.7103606179626193e6
6.52,1.746895775726258e6,-1.7351801660624966e6,-1.700359406644609e6
6.53,1.751563364936018e6,-1.7251250797736952e6,-1.6903581953265981e6
6.54,1.7562309541457787e6,-1.715075515495167e6,-1.6803624507987576e6
6.55,1.7608985433555387e6,-1.7050338949823685e6,-1.6703745705989893e6
6.56,1.7655661325652981e6,-1.694992274469568e6,-1.660386690399219e6
6.57,1.7702337217750587e6,-1.6849579023238216e6,-1.6504059860828328e6
6.58,1.7749013109848185e6,-1.6749373890910211e6,-1.6404390020902627e6
6.59,1.7795689001945786e6,-1.6649230162975893e6,-1.6304780971326677e6
6.6,1.7842364894043384e6,-1.6549231319455914e6,-1.620531535732092e6
6.61,1.788904078614099e6,-1.6449574153557066e6,-1.6106188004160083e6
6.62,1.7935716678238588e6,-1.6349971026525062e6,-1.6007114149477424e6
6.63,1.798239257033618e6,-1.6250379052666244e6,-1.590805133643622e6
6.64,1.8029068462433773e6,-1.615085390331424e6,-1.580905467965676e6
6.65,1.8075744354531378e6,-1.6051328753962254e6,-1.5710058022877318e6
6.66,1.8122420246628982e6,-1.595185914382646e6,-1.5611116349921906e6
6.67,1.8169096138726578e6,-1.585243804484245e6,-1.5512222703006756e6
6.68,1.8215772030824178e6,-1.5753016945858463e6,-1.5413329056091637e6
6.69,1.8262447922921781e6,-1.5653595846874465e6,-1.5314435409176503e6
6.7,1.8309123815019378e6,-1.555421509592959e6,-1.52155817068201e6
6.71,1.835579970711698e6,-1.5454961584481595e6,-1.5116853971565608e6
6.72,1.8402475599214577e6,-1.535578299045395e6,-1.5018200404557264e6
6.73,1.8449151491312182e6,-1.525663844109393e6,-1.4919580541769867e6
6.74,1.849582738340978e6,-1.5157493891733938e6,-1.4820960678982502e6
6.75,1.8542503275507381e6,-1.5058349342373938e6,-1.4722340816195125e6
6.76,1.858917916760498e6,-1.495920479301393e6,-1.4623720953407742e6
6.77,1.863585505970258e6,-1.486006024365393e6,-1.4525101090620365e6
6.78,1.8682530951800183e6,-1.4760915694293934e6,-1.442648122783299e6
6.79,1.8729206843897786e6,-1.4661771144933938e6,-1.432786136504562e6
6.8,1.8775882735995378e6,-1.4562634411048954e6,-1.422924923957851e6
6.81,1.882255862809298e6,-1.446358195624096e6,-1.413072055039762e6
6.82,1.8869234520190584e6,-1.4364699240285803e6,-1.4032359902681038e6
6.83,1.8915910412288185e6,-1.4266012312437817e6,-1.3934193085190556e6
6.84,1.8962586304385783e6,-1.416732667580768e6,-1.3836027546005745e6
6.85,1.900926219648338e6,-1.4068780297791667e6,-1.3737999872848918e6
6.86,1.9055938088580985e6,-1.397023391977566e6,-1.3639972199692095e6
6.87,1.9102613980678583e6,-1.3871687541759654e6,-1.3541944526535273e6
6.88,1.914928987277618e6,-1.3773141163743671e6,-1.344391685337847e6
6.89,1.9195965764873778e6,-1.3674594785727663e6,-1.3345889180221648e6
6.9,1.9242641656971378e6,-1.357604840771167e6,-1.324786150706484e6
6.91,1.9289317549068981e6,-1.3477502029695674e6,-1.3149833833908027e6
6.92,1.9335993441166575e6,-1.3378955651679668e6,-1.3051806160751204e6
6.93,1.9382669333264178e6,-1.3280409273663673e6,-1.2953778487594393e6
6.94,1.9429345225361777e6,-1.3181862895647674e6,-1.2855750814437578e6
6.95,1.9476021117459377e6,-1.308331651763168e6,-1.275772314128077e6
6.96,1.952269700955698e6,-1.298477013961567e6,-1.2659695468123944e6
6.97,1.956937290165458e6,-1.2889560624480525e6,-1.2564971289219174e6
6.98,1.9616048793752184e6,-1.2794740884624526e6,-1.247063298784076e6
6.99,1.966272468584978e6,-1.2699965672351504e6,-1.237633876876949e6
7.0,1.9709400577947379e6,-1.2605226639383498e6,-1.2282080367210188e6
7.01,1.975607647004498e6,-1.2510492820763867e6,-1.2187827127855779e6
7.02,1.9802752362142578e6,-1.2415854241122727e6,-1.2093668175090074e6
7.03,1.9849428254240183e6,-1.2321224585034708e6,-1.199951805664196e6
7.04,1.9896104146337782e6,-1.2226650314854942e6,-1.1905422770243015e6
7.05,1.9942780038435378e6,-1.2132122715994327e6,-1.181137368845003e6
7.06,1.998945593053298e6,-1.203764268164232e6,-1.1717371695520566e6
7.07,2.0036131822630584e6,-1.1943162647290325e6,-1.1623369702591116e6
7.08,2.008280771472818e6,-1.1848682612938322e6,-1.1529367709661657e6
7.09,2.0129483606825785e6,-1.1754299151672476e6,-1.1435461324087493e6
7.1,2.0176159498923384e6,-1.1660024546208475e6,-1.1341662705757155e6
7.11,2.0222835391020991e6,-1.1565749940744468e6,-1.1247864087426814e6
7.12,2.0269511283118583e6,-1.1471475335280474e6,-1.1154065469096485e6
7.13,2.031618717521618e6,-1.137720072981648e6,-1.1060266850766153e6
7.14,2.0362863067313775e6,-1.1282926124352487e6,-1.0966468232435824e6
7.15,2.040953895941138e6,-1.1188725631760336e6,-1.0872742985848617e6
7.16,2.0456214851508979e6,-1.1094622954376345e6,-1.077911457631749e6
7.17,2.0502890743606577e6,-1.1000520276992337e6,-1.068548616678635e6
7.18,2.0549566635704178e6,-1.0906417599608344e6,-1.0591857757255218e6
7.19,2.059624252780178e6,-1.0812314922224337e6,-1.0498229347724076e6
7.2,2.0642918419899384e6,-1.0718212244840336e6,-1.0404600938192939e6
7.21,2.0689594311996978e6,-1.062410956745634e6,-1.0310972528661807e6
7.22,2.073627020409458e6,-1.053102963527301e6,-1.0218356636879335e6
7.23,2.0782946096192184e6,-1.0438068027497001e6,-1.0125857886260109e6
7.24,2.0829621988289785e6,-1.0345106419721007e6,-1.0033359135640899e6
7.25,2.0876297880387383e6,-1.0252144811945002e6,-994086.0385021678
7.26,2.092297377248498e6,-1.0159183204169006e6,-984836.1634402465
7.27,2.0969649664582582e6,-1.0066320612019087e6,-975596.0909253071
7.28,2.1016325556680174e6,-997384.2179467075,-966394.0502105602
7.29,2.1063001448777784e6,-988183.2558427696,-957238.4218355641
7.3,2.110967734087538e6,-978988.5471235698,-948088.9843114587
7.31,2.115635323297298e6,-969793.8384043699,-938939.5467873531
7.32,2.120302912507057e6,-960599.1296851698,-929790.1092632476
7.33,2.124970501716818e6,-951464.2061137286,-920699.8590354231
7.34,2.129638090926578e6,-942333.1032673301,-911613.3913253909
7.35,2.1343056801363383e6,-933272.642274047,-902596.8590499432
7.36,2.1389732693460984e6,-924298.409866846,-893665.6930747166
7.37,2.1436408585558576e6,-915324.1774596471,-884734.5270994919
7.38,2.1483084477656195e6,-906349.9450524466,-875803.3611242659
7.39,2.1529760369753772e6,-897375.7126452477,-866872.1951490414
7.4,2.157643626185138e6,-888410.3935404135,-857949.853343158
7.41,2.162311215394899e6,-879449.6333964127,-849032.0249084996
7.42,2.166978804604658e6,-870488.8732524136,-840114.1964738428
7.43,2.171646393814419e6,-861528.1131084127,-831196.3680391845
7.44,2.176313983024179e6,-852567.3529644124,-822278.5396045265
7.45,2.180981572233938e6,-843606.5928204133,-813360.7111698698
7.46,2.1856491614436987e6,-834657.277545169,-804454.2131552803
7.47,2.190316750653458e6,-825733.660017171,-795573.1559104646
7.48,2.1949843398632184e6,-816829.0827014869,-786710.9484758398
7.49,2.1996519290729794e6,-807944.9279286367,-777868.9593586206
7.5,2.204319518282738e6,-799070.2404174376,-769036.3428304358
7.51,2.208987107492497e6,-790195.5529062393,-760203.7263022519
7.52,2.213654696702258e6,-781320.8653950377,-751371.1097740647
7.53,2.218322285912018e6,-772627.4543992205,-742717.956996108
7.54,2.2229898751217774e6,-763977.4475032217,-734107.7742769717
7.55,2.227657464331538e6,-755341.7591412464,-725511.7669065186
7.56,2.232325053541297e6,-746728.6215084471,-716938.0847579496
7.57,2.236992642751057e6,-738144.7987207611,-708393.424306043
7.58,2.241660231960818e6,-729591.6585991601,-699879.1396935603
7.59,2.246327821170577e6,-721075.3863254957,-691401.354250535
7.6,2.2509954103803383e6,-712573.0210214944,-682937.3367074761
7.61,2.255662999590099e6,-704070.6557174944,-674473.3191644185
7.62,2.260330588799857e6,-695568.2904134954,-666009.3016213619
7.63,2.2649981780096185e6,-687065.9251094938,-657545.2840783027
7.64,2.2696657672193777e6,-678564.9065038274,-649082.5997665953
7.65,2.2743333564291373e6,-670167.4905714411,-640722.4821014353
7.66,2.279000945638899e6,-661793.124577311,-632385.1838751489
7.67,2.2836685348486574e6,-653420.9993845123,-624050.1040421806
7.68,2.2883361240584184e6,-645058.4778162203,-615724.5317974739
7.69,2.2930037132681785e6,-636771.3146648126,-607473.5643854827
7.7,2.297671302477938e6,-628567.057179214,-599304.6735826423
7.71,2.3023388916876987e6,-620362.799693613,-591135.7827797999
7.72,2.3070064808974583e6,-612206.0139147767,-583013.8889666543
7.73,2.3116740701072183e6,-604186.2208806124,-575027.6179707341
7.74,2.3163416593169793e6,-596375.4985848012,-567248.3270057834
7.75,2.3210092485267385e6,-588576.1081284824,-559480.2545619301
7.76,2.3256768377364967e6,-580826.1107419974,-551761.0812572124
7.77,2.3303444269462577e6,-573152.8980403962,-544117.9247905295
7.78,2.3350120161560182e6,-565479.6853387961,-536474.7683238479
7.79,2.339679605365778e6,-557806.4726371972,-528831.6118571674
7.8,2.344347194575539e6,-550133.2599355963,-521188.4553904849
7.81,2.3490147837852975e6,-542460.0472339976,-513545.2989238046
7.82,2.353682372995058e6,-534786.8345323969,-505902.14245712233
7.83,2.3583499622048177e6,-527113.6218307961,-498258.98599044
7.84,2.3630175514145773e6,-519440.40912919684,-490615.8295237591
7.85,2.3676851406243383e6,-511848.9916237258,-483053.65030124516
7.86,2.3723527298340993e6,-504264.3076189249,-475498.1372443946
7.87,2.3770203190438575e6,-496679.6236141265,-467942.62418754667
7.88,2.381687908253618e6,-489094.9396093253,-460387.11113069585
7.89,2.386355497463377e6,-481510.2556045265,-452831.5980738474
7.9,2.3910230866731373e6,-473926.6267285961,-445277.12959457876
7.91,2.395690675882899e6,-466343.0981557951,-437722.7604154081
7.92,2.400358265092658e6,-458855.42376149184,-430263.2868729503
7.93,2.405025854302419e6,-451478.79020549107,-422913.743760412
7.94,2.409693443512179e6,-444141.3397583956,-415602.99192568986
7.95,2.414361032721938e6,-436889.497130397,-408376.9918318736
7.96,2.419028621931698e6,-429637.6545023962,-401150.9917380552
7.97,2.4236962111414587e6,-422385.811874397,-393924.9916442384
7.98,2.4283638003512174e6,-415133.9692463966,-386698.99155042047
7.99,2.4330313895609793e6,-407882.1266183959,-379472.9914566021
8.0,2.4376989787707385e6,-400630.28399039677,-372246.9913627854
8.01,2.442366567980497e6,-393378.441362398,-365020.991268969
8.02,2.447034157190258e6,-386126.5987343969,-357794.9911751503
8.03,2.4517017464000173e6,-378874.75610639795,-350568.9910813338
8.04,2.4563693356097783e6,-371930.3244892415,-343647.32788825134
8.05,2.461036924819537e6,-365014.21738124173,-336753.7059592339
8.06,2.4657045140292984e6,-358098.11027324083,-329860.0840302154
8.07,2.4703721032390576e6,-351626.55456422456,-323406.5679861917
8.08,2.4750396924488186e6,-345184.5200322237,-316982.2779074133
8.09,2.479707281658577e6,-338756.5580202079,-310571.91962342005
8.1,2.4843748708683387e6,-332336.02363140706,-304168.9146864096
8.11,2.4890424600780974e6,-325915.4892426082,-297765.9097494011
8.12,2.4937100492878584e6,-319494.9548538072,-291362.90481239057
8.13,2.4983776384976176e6,-313077.5034467561,-284962.95202731236
8.14,2.5030452277073786e6,-306682.24199635524,-278584.9672993179
8.15,2.5077128169171377e6,-300286.9805459561,-272206.98257132515
8.16,2.5123804061268987e6,-293891.71909555525,-265828.9978433307
8.17,2.517047995336658e6,-287678.6632175622,-259631.39663201998
8.18,2.521715584546419e6,-281535.2169431613,-253502.70892826543
8.19,2.526383173756178e6,-275391.77066876227,-247374.02122451284
8.2,2.531050762965939e6,-269328.506164059,-241324.71347275897
8.21,2.535718352175699e6,-263355.87600885914,-235365.1337270135
8.22,2.540385941385459e6,-257383.24585365813,-229405.55398126694
8.23,2.5450535305952183e6,-251426.75417618037,-223461.95132846636
8.24,2.5497211198049793e6,-245593.27434817946,-217640.13040664786
8.25,2.554388709014738e6,-239759.79452018044,-211818.30948483123
8.26,2.559056298224497e6,-233926.3146921816,-205996.48856301478
8.27,2.563723887434258e6,-228092.83486418065,-200174.66764119623
8.28,2.5683914766440173e6,-222259.3550361817,-194352.84671937968
8.29,2.573059065853778e6,-216430.56901113252,-188535.67266248338
8.3,2.577726655063537e6,-210613.12925433286,-182729.73141115412
8.31,2.582394244273298e6,-204798.3091632444,-176926.38362887895
8.32,2.587061833483058e6,-199066.17875098158,-171204.89862864115
8.33,2.591729422692818e6,-193360.3897445806,-165509.4916202066
8.34,2.5963970119025772e6,-187654.60073818185,-159814.08461177425
8.35,2.6010646011123382e6,-181965.30348802215,-154135.00444201851
8.36,2.605732190322098e6,-176370.2321263639,-148549.20790187927
8.37,2.6103997795318584e6,-170974.52500876287,-143160.78196335663
8.38,2.615067368741618e6,-165828.97097350535,-138020.00757635408
8.39,2.619734957951379e6,-160897.19701081718,-133090.8754611952
8.4,2.6244025471611386e6,-156007.42252441836,-128203.32282756278
8.41,2.629070136370899e6,-151127.80851299266,-123325.82906415373
8.42,2.633737725580658e6,-146330.15767483792,-118529.47884228294
8.43,2.638405314790419e6,-141601.30312363696,-113801.23694449638
8.44,2.6430729040001784e6,-136932.25492915706,-109132.20333986368
8.45,2.6477404932099385e6,-132307.68178982573,-104507.20003982807
8.46,2.6524080824196977e6,-127690.20432662599,-99889.22145916271
8.47,2.6570756716294596e6,-123134.9168339129,-95332.81094927914
8.48,2.661743260839219e6,-118595.97616191398,-90792.58379190261
8.49,2.666410850048979e6,-114057.0354899129,-86252.35663452395
8.5,2.6710784392587384e6,-109664.29673069406,-81856.86937079972
8.51,2.675746028468497e6,-105586.35771389502,-77773.03385207106
8.52,2.680413617678259e6,-101508.4186970939,-73689.19833334035
8.53,2.6850812068880172e6,-97446.01031328899,-69620.7381412759
8.54,2.6897487960977773e6,-93452.85564933847,-65620.83913186728
8.55,2.6944163853075374e6,-89699.71354773859,-61858.5525591858
8.56,2.699083974517299e6,-86077.52909874526,-58225.914062584794
8.57,2.703751563727057e6,-82595.55482754663,-54732.083642000565
8.58,2.708419152936818e6,-79113.58055634552,-51238.253221413855
8.59,2.7130867421465777e6,-75631.6062851465,-47744.422800829234
8.6,2.7177543313563387e6,-72158.26241305414,-44259.13647536018
8.61,2.7224219205660974e6,-68693.24556505488,-40782.09390374334
8.62,2.727089509775858e6,-65314.66456134603,-37390.62281797397
8.63,2.7317570989856175e6,-62160.45550925748,-34221.279964308706
8.64,2.7364246881953795e6,-59370.363056378046,-31412.412543860446
8.65,2.741092277405138e6,-56602.82229957873,-28625.871302531534
8.66,2.745759866614899e6,-53835.28154277803,-25839.33006120123
8.67,2.7504274558246583e6,-51067.74078597882,-23052.788819872425
8.68,2.7550950450344193e6,-48300.200029177875,-20266.247578541876
8.69,2.7597626342441775e6,-45589.941433624925,-17536.415676846875
8.7,2.764430223453939e6,-42950.131849357975,-14876.32829632498
8.71,2.769097812663698e6,-40436.190682958135,-12340.85064949155
8.72,2.7737654018734586e6,-37982.69358823752,-9865.212633620533
8.73,2.778432991083218e6,-35549.35436503817,-7409.530910555586
8.74,2.7831005802929793e6,-33116.01514183708,-4953.849187488893
8.75,2.787768169502739e6,-30682.675918638153,-2498.1674644243576
8.76,2.792435758712497e6,-28249.33669543944,-42.48574136005118
8.77,2.7971033479222576e6,-25815.997472238214,2413.195981706769
8.78,2.801770937132018e6,-23448.261002191768,4803.930979150355
8.79,2.8064385263417778e6,-21089.327771790817,7185.950769344894
8.8,2.811106115551538e6,-18825.16203248494,9474.150743355312
8.81,2.8157737047612993e6,-16562.319802883012,11761.040442758833
8.82,2.820441293971057e6,-14443.18743772386,13905.657376363975
8.83,2.825108883180818e6,-12368.393733345047,16006.379035796612
8.84,2.829776472390577e6,-10598.395366458957,17805.35331111143
8.85,2.8344440616003387e6,-8999.760408902623,19434.677811189817
8.86,2.839111650810098e6,-7427.757617352714,21037.636466921816
8.87,2.8437792400198574e6,-5899.636455617226,22597.152309137546
8.88,2.848446829229618e6,-4449.62231401795,24079.342201418436
8.89,2.853114418439379e6,-3280.850545196622,25283.102144649158
8.9,2.8577820076491386e6,-2337.17339639784,26264.01841405755
8.91,2.862449596858899e6,-1393.496247595973,27244.934683469004
8.92,2.867117186068658e6,-449.8190987977051,28225.850952876874
8.93,2.871784775278419e6,493.85805000358687,29206.767222287766
8.94,2.8764523644881784e6,1437.5351988021182,30187.68349169591
8.95,2.881119953697939e6,2320.6713415427766,31108.664165106766
8.96,2.8857875429076985e6,3162.3592255421704,31988.61106236376
8.97,2.890455132117459e6,4004.0471095426124,32868.5579596218
8.98,2.895122721327218e6,4845.734993541779,33748.504856878564
8.99,2.899790310536979e6,5655.500757186081,34596.84885498403
9.0,2.9044578997467384e6,6457.465593184972,35437.46993472053
9.01,2.9091254889564966e6,7190.329741515042,36209.681333664885
9.02,2.913793078166258e6,7825.229053772099,36884.90754489698
9.03,2.918460667376017e6,8371.48679937052,37472.37860513701
9.04,2.9231282565857777e6,8917.744544972165,38059.84966538025
9.05,2.927795845795537e6,9464.002290571523,38647.320725621204
9.06,2.932463435005299e6,10010.260036171721,39234.79178586302
9.07,2.9371310242150575e6,10451.505165133885,39718.300355633146
9.08,2.941798613424818e6,10495.95408511206,39808.98067850915
9.09,2.9464662026345776e6,10521.088663511704,39880.53980322239
9.1,2.9511337918443386e6,10546.223241912132,39952.09892793642
9.11,2.9558013810540983e6,10546.75015181078,39999.29646083368
9.12,2.960468970263858e6,10491.794776426972,39991.5665313013
9.13,2.965136559473618e6,10247.400962026215,39796.29254714216
9.14,2.9698041486833794e6,10003.007147627084,39601.01856298463
9.15,2.974471737893138e6,9758.613333226127,39405.74457882527
9.16,2.979139327102898e6,9392.620833954234,39090.0878966437
9.17,2.983806916312658e6,8879.760098752966,38629.03166089205
9.18,2.988474505522419e6,8338.085293865051,38139.44949615061
9.19,2.9931420947321784e6,7628.695466428027,37483.82945908556
9.2,2.9978096839419375e6,6914.178924028683,36823.1339742078
9.21,3.002477273151698e6,6163.233459957848,36126.373856875274
9.22,3.0071448623614595e6,5402.8295343585705,35420.24986262961
9.23,3.011812451571218e6,4642.425608757908,34714.125868382536
9.24,3.016480040780979e6,3870.116223160383,33996.2154687386
9.25,3.021147629990738e6,2779.506439365262,32963.18767487902
9.26,3.0258152192004975e6,1664.2304833634234,31905.740370534793
9.27,3.030482808410258e6,548.9545273653093,30848.293066194263
9.28,3.0351503976200167e6,-566.3214286360408,29790.845761850513
9.29,3.0398179868297777e6,-1681.597384634846,28733.398457509305
9.3,3.044485576039538e6,-2796.8733406358924,27675.951153165868
9.31,3.0491531652492983e6,-3912.149296635229,26618.503848824133
9.32,3.053820754459058e6,-5100.083749150037,25489.124632932067
9.33,3.0584883436688175e6,-6335.862313148647,24312.379746671042
9.34,3.063155932878577e6,-7571.6408771495035,23135.63486040779
9.35,3.0678235220883377e6,-8807.419441148886,21958.889974146008
9.36,3.0724911112980978e6,-10043.198005150341,20782.145087882167
9.37,3.0771587005078583e6,-11278.976569148363,19605.40020162173
9.38,3.0818262897176184e6,-12514.755133150127,18428.655315357584
9.39,3.086493878927379e6,-13750.533697149502,17251.91042909581
9.4,3.0911614681371385e6,-14986.312261149884,16075.165542833027
9.41,3.095829057346899e6,-16222.090825148945,14898.420656571561
9.42,3.1004966465566577e6,-17457.869389149895,13721.675770308211
9.43,3.105164235766419e6,-18693.647953148567,12544.930884047139
9.44,3.1098318249761774e6,-19929.42651714957,11368.185997783727
9.45,3.114499414185938e6,-21188.80717975008,10168.075033906825
9.46,3.1191670033956985e6,-22563.724279750855,8853.582997003665
9.47,3.123834592605459e6,-23938.641379749984,7539.090960102134
9.48,3.128502181815219e6,-25346.827438293993,6191.662654241165
9.49,3.133169771024978e6,-27043.848528692994,4558.287666843742
9.5,3.1378373602347374e6,-28740.8696190942,2924.9126794441436
9.51,3.142504949444497e6,-30437.890709494695,1291.5376920452472
9.52,3.147172538654259e6,-32134.91179989386,-341.83729535230304
9.53,3.1518401278640167e6,-34102.824505561584,-2243.394981865771
9.54,3.1565077170737786e6,-36480.17233356064,-4550.293439487214
9.55,3.1611753062835373e6,-38857.52016156168,-6857.191897110664
9.56,3.1658428954932983e6,-41240.31215458574,-9169.480078106873
9.57,3.1705104847030574e6,-43976.07072943551,-11831.20517511055
9.58,3.175178073912819e6,-46869.52759313032,-14649.051578070794
9.59,3.1798456631225776e6,-50043.35470372828,-17744.46452546519
9.6,3.184513252332338e6,-53316.95080132737,-20938.648769990687
9.61,3.1891808415420973e6,-56590.54689892753,-24132.83301451726
9.62,3.1938484307518587e6,-59908.228029562306,-27370.661441748067
9.63,3.198516019961618e6,-63345.896791164865,-30727.277623637012
9.64,3.203183609171378e6,-66783.56555276236,-34083.89380552093
9.65,3.207851198381138e6,-70221.2343143644,-37440.50998740934
9.66,3.2125187875908995e6,-73658.90307596227,-40797.12616929362
9.67,3.217186376800658e6,-77097.04494142461,-44154.21072400375
9.68,3.2218539660104187e6,-80547.58874302423,-47523.573195489764
9.69,3.226521555220178e6,-83998.13254462447,-50892.93566697642
9.7,3.2311891444299393e6,-87448.67634622406,-54262.29813846241
9.71,3.235856733639698e6,-90899.2201478258,-57631.66060995053
9.72,3.240524322849459e6,-94349.76394942425,-61001.02308143538
9.73,3.2451919120592186e6,-97800.3077510255,-64370.385552923035
9.74,3.249859501268979e6,-101250.85155262392,-67739.74802440786
9.75,3.254527090478738e6,-104775.96457047686,-71182.93401998468
9.76,3.2591946796884974e6,-108400.23630228995,-74724.28714238205
9.77,3.263862268898257e6,-112063.27737588994,-78304.02191314843
9.78,3.2685298581080176e6,-115726.31844948936,-81883.75668391427
9.79,3.2731974473177777e6,-119389.35952308858,-85463.4914546799
9.8,3.2778650365275373e6,-123052.40059669036,-89043.22622544806
9.81,3.282532625737298e6,-126787.67086425511,-92694.46789823956
9.82,3.287200214947058e6,-130604.53329246042,-96426.4858100652
9.83,3.2918678041568184e6,-134459.64848525965,-100196.37395883883
9.84,3.296535393366578e6,-138314.76367806064,-103966.26210761422
9.85,3.3012029825763376e6,-142169.8788708586,-107736.15025638661
9.86,3.3058705717860977e6,-146421.1751796614,-111898.25771000376
9.87,3.3105381609958573e6,-150824.97384605993,-116211.34249764073
9.88,3.315205750205618e6,-155244.84423155812,-120540.33828718631
9.89,3.319873339415378e6,-159921.46568525786,-125123.51763425146
9.9,3.3245409286251385e6,-164621.47700285888,-129729.85294657887
9.91,3.3292085178348986e6,-169321.4883204579,-134336.1882589043
9.92,3.3338761070446577e6,-174118.63598566785,-139038.68855536456
9.93,3.3385436962544187e6,-179022.22225606666,-143846.56307096177
9.94,3.343211285464178e6,-183925.80852646776,-148654.43758656128
9.95,3.3478788746739393e6,-188829.39479686634,-153462.31210215826
9.96,3.352546463883698e6,-193732.98106726888,-158270.18661775917
9.97,3.357214053093459e6,-198922.7801569841,-163361.41182447964
9.98,3.3618816423032177e6,-204192.83910738502,-168532.09429327896
9.99,3.3665492315129796e6,-209462.89805778395,-173702.7767620763
10.0,3.3712168207227383e6,-214828.37629203883,-178967.92432189104
10.01,3.375884409932496e6,-220339.10783633945,-184376.87265865106
10.02,3.380551999142258e6,-225981.3192731385,-189915.98608898453
10.03,3.3852195883520166e6,-231623.53070993975,-195455.09951932012
10.04,3.389887177561778e6,-237265.7421467387,-200994.2129496535
10.05,3.3945547667715377e6,-242907.9535835404,-206533.3263799896
10.06,3.399222355981299e6,-248557.83659846973,-212080.03467267202
10.07,3.4038899451910574e6,-254249.32879527123,-217667.93605540792
10.08,3.408557534400818e6,-259940.8209920692,-223255.8374381403
10.09,3.4132251236105766e6,-265632.31318887,-228843.73882087547
10.1,3.417892712820338e6,-271323.80538566905,-234431.64020360893
10.11,3.4225603020300977e6,-277015.29758247,-240019.54158634428
10.12,3.4272278912398587e6,-282706.78977926844,-245607.44296907715
10.13,3.4318954804496183e6,-288491.11427628616,-251287.2483290271
10.14,3.436563069659379e6,-294363.9276418847,-257054.65766887207
10.15,3.441230658869138e6,-300236.74100748496,-262822.0670087187
10.16,3.4458982480788985e6,-306351.6241306794,-268829.1254085836
10.17,3.450565837288658e6,-312683.36443308025,-275050.87241586286
10.18,3.455233426498419e6,-319015.1047354787,-281272.61942313967
10.19,3.4599010157081774e6,-325346.8450378788,-287494.36643041816
10.2,3.4645686049179393e6,-331678.585340278,-293716.1134376958
10.21,3.469236194127698e6,-338010.32564268017,-299937.86044497637
10.22,3.4739037833374594e6,-344803.57493224565,-306616.5013495486
10.23,3.4785713725472176e6,-351654.84172264696,-313352.5795799483
10.24,3.48323896175698e6,-358506.10851304576,-320088.6578103455
10.25,3.4879065509667387e6,-365357.37530344684,-326824.73604074493
10.26,3.4925741401764965e6,-372208.64209384704,-333560.8142711436
10.27,3.497241729386258e6,-379059.9088842448,-340296.8925015397
10.28,3.501909318596018e6,-385911.1756746472,-347032.9707319405
10.29,3.506576907805778e6,-392762.4424650457,-353769.04896233743
10.3,3.511244497015538e6,-400374.1741752653,-361257.9874633572
10.31,3.515912086225298e6,-408084.59026326344,-368844.6234983778
10.32,3.520579675435058e6,-415795.0063512649,-376431.25953340164
10.33,3.525247264644818e6,-423603.39413815684,-384114.8875503271
10.34,3.529914853854577e6,-431517.99123415735,-391903.66278326995
10.35,3.534582443064338e6,-439432.5883301559,-399692.4380162109
10.36,3.5392500322740977e6,-447347.1854261571,-407481.2132491545
10.37,3.543917621483858e6,-455261.78252215555,-415269.98848209536
10.38,3.5485852106936174e6,-463311.0355265632,-423192.07306436135
10.39,3.5532527999033774e6,-471587.8342145613,-431339.4278733819
10.4,3.5579203891131384e6,-479864.63290256297,-439486.7826824059
10.41,3.5625879783229e6,-488141.43159056094,-447634.1374914263
10.42,3.567255567532658e6,-496429.60803570336,-455792.7562800197
10.43,3.5719231567424196e6,-504883.11547650275,-464115.05275431345
10.44,3.576590745952178e6,-513336.6229173034,-472437.34922860854
10.45,3.581258335161939e6,-521790.1303581022,-480759.64570290176
10.46,3.5859259243716984e6,-530559.0490852509,-489394.19935068145
10.47,3.590593513581459e6,-539831.9022652495,-498527.64810678246
10.48,3.5952611027912176e6,-549104.7554452511,-507661.09686288633
10.49,3.5999286920009796e6,-558377.6086252484,-516794.54561898607
10.5,3.6045962812107382e6,-567650.4618052498,-525927.9943750899
10.51,3.609263870420497e6,-576923.3149852504,-535061.4431311928
10.52,3.6139314596302575e6,-586196.1681652492,-544194.8918872941
10.53,3.618599048840017e6,-595772.7922900986,-553629.0738787974
10.54,3.623266638049778e6,-605547.0768220981,-563258.9396733793
10.55,3.6279342272595367e6,-615321.3613541009,-572888.8054679645
10.56,3.6326018164692987e6,-625095.6458860992,-582518.6712625452
10.57,3.6372694056790583e6,-635024.5906400644,-592301.6506768733
10.58,3.6419369948888184e6,-644970.7425968645,-602101.6652220077
10.59,3.6466045840985775e6,-654916.8945536644,-611901.6797671419
10.6,3.6512721733083385e6,-664863.0465104631,-621701.6943122752
10.61,3.6559397625180967e6,-674809.1984672641,-631501.7088574104
10.62,3.6606073517278587e6,-684755.3504240632,-641301.7234025439
10.63,3.665274940937618e6,-694701.5023808654,-651101.7379476805
10.64,3.669942530147379e6,-704647.6543376633,-660901.7524928128
10.65,3.6746101193571375e6,-714593.8062944645,-670701.7670379484
10.66,3.6792777085668985e6,-724723.308472462,-680683.2983020684
10.67,3.683945297776658e6,-734860.8588836635,-690672.7973170603
10.68,3.6886128869864186e6,-744998.4092948621,-700662.2963320492
10.69,3.693280476196178e6,-755135.9597060627,-710651.7953470403
10.7,3.6979480654059383e6,-765273.5101172614,-720641.2943620294
10.71,3.702615654615698e6,-775585.4497003972,-730803.4386572363
10.72,3.7072832438254594e6,-786137.9286307961,-741203.7169062336
10.73,3.7119508330352185e6,-796690.4075611973,-751603.9951552331
10.74,3.716618422244979e6,-807242.886491596,-762004.2734042302
10.75,3.7212860114547387e6,-817795.3654219959,-772404.5516532285
10.76,3.7259536006644974e6,-828347.8443523962,-782804.8299022273
10.77,3.730621189874258e6,-838900.3232827957,-793205.1081512251
10.78,3.7352887790840166e6,-849498.9877096683,-803651.1100417314
10.79,3.7399563682937776e6,-860291.2581496676,-814288.7818852332
10.8,3.744623957503537e6,-871083.52858967,-824926.4537287379
10.81,3.7492915467132977e6,-881875.7990296686,-835564.1255722388
10.82,3.7539591359230573e6,-892668.0694696697,-846201.7974157424
10.83,3.7586267251328183e6,-903460.3399096684,-856839.4692592436
10.84,3.7632943143425775e6,-914252.6103496689,-867477.1411027464
10.85,3.7679619035523375e6,-925209.8803135752,-878278.162474916
10.86,3.772629492762097e6,-936252.099343272,-889163.2834222183
10.87,3.777297081971858e6,-947497.2587628639,-900249.3153555167
10.88,3.7819646711816187e6,-958928.5004916674,-911519.5687749345
10.89,3.786632260391379e6,-970776.1312920334,-923202.0473751992
10.9,3.791299849601137e6,-982731.0190243871,-934990.7103381319
10.91,3.7959674388108985e6,-994711.0025851863,-946804.2181712254
10.92,3.8006350280206576e6,-1.0066909861459866e6,-958617.7260043201
10.93,3.805302617230419e6,-1.0186709697067854e6,-970431.2338374134
10.94,3.8099702064401777e6,-1.0306509532675862e6,-982244.7416705085
10.95,3.8146377956499388e6,-1.0426309368283849e6,-994058.2495036016
10.96,3.8193053848596984e6,-1.0546109203891882e6,-1.0058717573366993e6
10.97,3.823972974069459e6,-1.0668602665300102e6,-1.0179519341240155e6
10.98,3.8286405632792185e6,-1.0791241130116114e6,-1.030046466248703e6
10.99,3.8333081524889795e6,-1.0913879594932096e6,-1.0421409983733877e6
11.0,3.837975741698738e6,-1.1036518059748104e6,-1.0542355304980748e6
11.01,3.842643330908497e6,-1.1159156524564112e6,-1.066330062622762e6
11.02,3.8473109201182583e6,-1.1281889245480218e6,-1.0784339261013588e6
11.03,3.8519785093280165e6,-1.1408625013415418e6,-1.090934091234846e6
11.04,3.8566460985377785e6,-1.1536359562659776e6,-1.1035331357179398e6
11.05,3.8613136877475376e6,-1.166591220725181e6,-1.1163121716404539e6
11.06,3.865981276957298e6,-1.1797366272971798e6,-1.129279448254635e6
11.07,3.870648866167057e6,-1.193393887536892e6,-1.1427534599998523e6
11.08,3.875316455376819e6,-1.2072814993952909e6,-1.1564555198475698e6
11.09,3.8799840445865775e6,-1.221169111253691e6,-1.170157579695288e6
11.1,3.884651633796338e6,-1.2350567231120898e6,-1.1838596395430053e6
11.11,3.889319223006097e6,-1.24894433497049e6,-1.1975616993907243e6
11.12,3.8939868122158586e6,-1.2628319468288892e6,-1.2112637592384417e6
11.13,3.8986544014256177e6,-1.276719558687292e6,-1.2249658190861628e6
11.14,3.9033219906353788e6,-1.2909189765666984e6,-1.2389765668946775e6
11.15,3.9079895798451374e6,-1.3051584135618985e6,-1.253026933627828e6
11.16,3.9126571690548994e6,-1.3195901223487696e6,-1.2672676494347327e6
11.17,3.917324758264658e6,-1.33417946821517e6,-1.281664425950372e6
11.18,3.9219923474744186e6,-1.348768814081569e6,-1.2960612024660092e6
11.19,3.9266599366841773e6,-1.36335815994797e6,-1.3104579789816483e6
11.2,3.931327525893939e6,-1.3779475058143681e6,-1.324854755497285e6
11.21,3.935995115103698e6,-1.3925368516807712e6,-1.3392515320129264e6
11.22,3.9406627043134593e6,-1.4071261975471708e6,-1.3536483085285646e6
11.23,3.945330293523218e6,-1.4217155434135706e6,-1.3680450850442026e6
11.24,3.94999788273298e6,-1.4364050850741672e6,-1.3825410553960956e6
11.25,3.9546654719427377e6,-1.4512060591005685e6,-1.3971473437901353e6
11.26,3.9593330611524964e6,-1.4660986160330009e6,-1.4118442992611458e6
11.27,3.964000650362258e6,-1.4811518126113983e6,-1.4267002879816617e6
11.28,3.9686682395720165e6,-1.496205009189799e6,-1.4415562767021807e6
11.29,3.973335828781778e6,-1.5112582057681982e6,-1.4564122654226983e6
11.3,3.978003417991538e6,-1.526311402346601e6,-1.4712682541432194e6
11.31,3.982671007201298e6,-1.5418212522804553e6,-1.4865763296856377e6
11.32,3.9873385964110573e6,-1.5574012618260556e6,-1.5019538632436846e6
11.33,3.9920061856208183e6,-1.5729812713716552e6,-1.5173313968017304e6
11.34,3.996673774830578e6,-1.5885612809172557e6,-1.5327089303597773e6
11.35,4.0013413640403384e6,-1.604141290462854e6,-1.548086463917822e6
11.36,4.006008953250097e6,-1.6199419406595572e6,-1.5636824317204605e6
11.37,4.0106765424598577e6,-1.635816298915555e6,-1.5793513705018007e6
11.38,4.015344131669618e6,-1.6516906571715586e6,-1.5950203092831469e6
11.39,4.0200117208793787e6,-1.6675650154275568e6,-1.6106892480644875e6
11.4,4.0246793100891383e6,-1.6834393736835578e6,-1.6263581868458309e6
11.41,4.0293468992988993e6,-1.6993265672817188e6,-1.6420398326159127e6
11.42,4.0340144885086576e6,-1.7155289519289196e6,-1.6580335175245437e6
11.43,4.038682077718419e6,-1.731731336576118e6,-1.6740272024331724e6
11.44,4.0433496669281777e6,-1.7479337212233183e6,-1.6900208873418034e6
11.45,4.0480172561379382e6,-1.764136105870517e6,-1.7060145722504323e6
11.46,4.0526848453476983e6,-1.7803397166604598e6,-1.722009471040378e6
11.47,4.057352434557459e6,-1.796552599116458e6,-1.7380135487797188e6
11.48,4.0620200237672185e6,-1.8127654815724585e6,-1.7540176265190616e6
11.49,4.0666876129769795e6,-1.82942891936985e6,-1.770467754046382e6
11.5,4.0713552021867386e6,-1.8461223054730508e6,-1.7869475303964529e6
11.51,4.0760227913964973e6,-1.862815691576252e6,-1.8034273067465245e6
11.52,4.0806903806062583e6,-1.8795090776794488e6,-1.8199070830965915e6
11.53,4.085357969816016e6,-1.8962088753203864e6,-1.8363932068690222e6
11.54,4.090025559025778e6,-1.9129266078635838e6,-1.8528970861946903e6
11.55,4.0946931482355366e6,-1.9298337827345836e6,-1.8695885134248824e6
11.56,4.099360737445298e6,-1.9469752278689821e6,-1.8865118682158394e6
11.57,4.104028326655057e6,-1.9641166730033827e6,-1.9034352230067982e6
11.58,4.1086959158648187e6,-1.9812581181377815e6,-1.9203585777977554e6
11.59,4.1133635050745774e6,-1.998399563272182e6,-1.9372819325887142e6
11.6,4.118031094284339e6,-2.0156469830606962e6,-1.9543102022872458e6
11.61,4.122698683494097e6,-2.0333057867318976e6,-1.9717457420296376e6
11.62,4.1273662727038586e6,-2.0509645904030956e6,-1.989181281772026e6
11.63,4.132033861913618e6,-2.0686233940743e6,-2.006616821514421e6
11.64,4.1367014511233782e6,-2.0862821977454985e6,-2.0240523612568097e6
11.65,4.141369040333138e6,-2.1039410014166986e6,-2.0414879009992003e6
11.66,4.1460366295428984e6,-2.1215998050878975e6,-2.0589234407415893e6
11.67,4.1507042187526585e6,-2.139258608759098e6,-2.0763589804839806e6
11.68,4.1553718079624185e6,-2.1569335303319655e6,-2.0938104769490217e6
11.69,4.160039397172177e6,-2.175094252274365e6,-2.1117429157799e6
11.7,4.164706986381939e6,-2.1932549742167643e6,-2.129675354610777e6
11.71,4.1693745755916988e6,-2.2114731370646036e6,-2.1476646599380407e6
11.72,4.1740421648014593e6,-2.229865190667947e6,-2.1658261171132526e6
11.73,4.178709754011218e6,-2.2482642123783473e6,-2.1839944727144516e6
11.74,4.18337734322098e6,-2.266663234088746e6,-2.2021628283156487e6
11.75,4.1880449324307386e6,-2.285062255799146e6,-2.2203311839168468e6
11.76,4.1927125216404963e6,-2.303461277509548e6,-2.2384995395180476e6
11.77,4.197380110850258e6,-2.321860299219945e6,-2.256667895119243e6
11.78,4.202047700060017e6,-2.3402593209303445e6,-2.274836250720441e6
11.79,4.206715289269778e6,-2.358658342640744e6,-2.293004606321639e6
11.8,4.211382878479538e6,-2.3770573643511483e6,-2.311172961922841e6
11.81,4.216050467689299e6,-2.395456386061548e6,-2.329341317524039e6
11.82,4.220718056899058e6,-2.4138554077719473e6,-2.347509673125237e6
11.83,4.225385646108819e6,-2.4322544294823464e6,-2.365678028726435e6
11.84,4.230053235318577e6,-2.4506534511927464e6,-2.3838463843276333e6
11.85,4.234720824528338e6,-2.4690524729031445e6,-2.4020147399288295e6
11.86,4.239388413738097e6,-2.4874514946135455e6,-2.420183095530029e6
11.87,4.244056002947859e6,-2.505850516323943e6,-2.438351451131225e6
11.88,4.248723592157618e6,-2.5242495380343487e6,-2.456519806732429e6
11.89,4.253391181367379e6,-2.5426485597447464e6,-2.474688162333625e6
11.9,4.258058770577137e6,-2.561186775739985e6,-2.4929943202768136e6
11.91,4.262726359786899e6,-2.5798837038895832e6,-2.5114576032528183e6
11.92,4.2673939489966575e6,-2.5985806320391833e6,-2.5299208862288245e6
11.93,4.272061538206419e6,-2.617281829458622e6,-2.5483883957819715e6
11.94,4.276729127416178e6,-2.6362736306322217e6,-2.5671436030517374e6
11.95,4.281396716625938e6,-2.655265431805821e6,-2.5858988103215033e6
11.96,4.286064305835698e6,-2.6742572329794248e6,-2.604654017591274e6
11.97,4.290731895045458e6,-2.6932490341530223e6,-2.6234092248610375e6
11.98,4.295399484255219e6,-2.712240835326624e6,-2.6421644321308057e6
11.99,4.3000670734649785e6,-2.731244363742629e6,-2.6609312493705526e6
12.0,4.304734662674738e6,-2.7502726385562294e6,-2.67972256554392e6
12.01,4.309402251884497e6,-2.769313234157952e6,-2.6985260792975277e6
12.02,4.314069841094257e6,-2.788576499670719e6,-2.7175500362630687e6
12.03,4.318737430304018e6,-2.8078733942035194e6,-2.7366072859584442e6
12.04,4.3234050195137765e6,-2.8271702887363182e6,-2.755664535653817e6
12.05,4.328072608723537e6,-2.8464671832691226e6,-2.774721785349196e6
12.06,4.3327401979332995e6,-2.865764077801922e6,-2.7937790350445695e6
12.07,4.337407787143058e6,-2.88506097233472e6,-2.8128362847399423e6
12.08,4.342075376352818e6,-2.904357866867521e6,-2.8318935344353174e6
12.09,4.346742965562578e6,-2.9239719924857966e6,-2.851264842905313e6
12.1,4.351410554772339e6,-2.943646760706596e6,-2.8706961875518067e6
12.11,4.3560781439820975e6,-2.9633215289273947e6,-2.8901275321982997e6
12.12,4.360745733191858e6,-2.982996297148193e6,-2.9095588768447926e6
12.13,4.365413322401617e6,-3.0026710653689983e6,-2.928990221491292e6
12.14,4.37008091161138e6,-3.0226731336640087e6,-2.9487455932112546e6
12.15,4.374748500821138e6,-3.0428370941248075e6,-2.968661238175348e6
12.16,4.379416090030899e6,-3.063001054585607e6,-2.9885768831394413e6
12.17,4.384083679240658e6,-3.0831650150464075e6,-3.008492528103537e6
12.18,4.3887512684504185e6,-3.1033289755072063e6,-3.0284081730676303e6
12.19,4.393418857660177e6,-3.1234929359680056e6,-3.0483238180317236e6
12.2,4.398086446869938e6,-3.143656896428806e6,-3.0682394629958184e6
12.21,4.402754036079698e6,-3.1640987392450855e6,-3.0884302114918376e6
12.22,4.407421625289459e6,-3.1847081033938844e6,-3.1087868061070507e6
12.23,4.412089214499218e6,-3.2053555659833355e6,-3.12918111817851e6
12.24,4.416756803708979e6,-3.2262333626921326e6,-3.1498034610281214e6
12.25,4.421424392918738e6,-3.247111159400934e6,-3.1704258038777374e6
12.26,4.426091982128497e6,-3.2679889561097343e6,-3.1910481467273515e6
12.27,4.430759571338259e6,-3.2888667528185328e6,-3.2116704895769646e6
12.28,4.435427160548017e6,-3.3097445495273336e6,-3.23229283242658e6
12.29,4.440094749757777e6,-3.3306223462361307e6,-3.2529151752761914e6
12.3,4.444762338967537e6,-3.351500142944936e6,-3.2735375181258116e6
12.31,4.449429928177298e6,-3.3723779396537356e6,-3.294159860975425e6
12.32,4.454097517387057e6,-3.3934049023314775e6,-3.314929878134292e6
12.33,4.458765106596819e6,-3.4147673501850795e6,-3.33603202561726e6
12.34,4.463432695806578e6,-3.4361297980386787e6,-3.357134173100226e6
12.35,4.46810028501634e6,-3.4578191954615535e6,-3.3785600006567747e6
12.36,4.472767874226097e6,-3.479621466811154e6,-3.4000975734007815e6
12.37,4.477435463435858e6,-3.5014732847646903e6,-3.421684197282685e6
12.38,4.482103052645618e6,-3.523775160432693e6,-3.4437163783019097e6
12.39,4.48677064185538e6,-3.5461636036125994e6,-3.4658342611579197e6
12.4,4.491438231065138e6,-3.5687583781222007e6,-3.4881564120303276e6
12.41,4.496105820274899e6,-3.5913531526317997e6,-3.5104785629027328e6
12.42,4.500773409484657e6,-3.613947927141398e6,-3.5328007137751374e6
12.43,4.50544099869442e6,-3.6365427016509986e6,-3.555122864647544e6
12.44,4.510108587904177e6,-3.659137476160598e6,-3.57744501551995e6
12.45,4.514776177113938e6,-3.681732250670197e6,-3.5997671663923557e6
12.46,4.519443766323698e6,-3.7043270251798024e6,-3.6220893172647674e6
12.47,4.52411135553346e6,-3.726921799689399e6,-3.6444114681371707e6
12.48,4.528778944743219e6,-3.749516574199002e6,-3.6667336190095795e6
12.49,4.533446533952978e6,-3.7721113487085993e6,-3.6890557698819833e6
12.5,4.538114123162739e6,-3.7947061232181983e6,-3.711377920754389e6
12.51,4.542781712372498e6,-3.8173008977277996e6,-3.7337000716267964e6
12.52,4.547449301582258e6,-3.839895672237396e6,-3.756022222499199e6
12.53,4.552116890792016e6,-3.862490446746998e6,-3.7783443733716076e6
12.54,4.556784480001777e6,-3.8850852212565956e6,-3.800666524244012e6
12.55,4.561452069211538e6,-3.9076799957662006e6,-3.8229886751164235e6
12.56,4.566119658421299e6,-3.9306151292426214e6,-3.8456477813659823e6
12.57,4.570787247631058e6,-3.953646257393023e6,-3.8684019223427824e6
12.58,4.5754548368408205e6,-3.9766773855434223e6,-3.8911560633195797e6
12.59,4.580122426050577e6,-3.9997085136938216e6,-3.9139102042963775e6
12.6,4.584790015260339e6,-4.022951631220806e6,-3.9368742147559943e6
12.61,4.589457604470098e6,-4.0462758554112082e6,-3.959918520812395e6
12.62,4.594125193679858e6,-4.0696000796016064e6,-3.9829628268687916e6
12.63,4.598792782889619e6,-4.0929243037920124e6,-4.006007132925196e6
12.64,4.603460372099378e6,-4.1162485279824077e6,-4.02905143898159e6
12.65,4.608127961309138e6,-4.1398365903425845e6,-4.052356944826067e6
12.66,4.612795550518898e6,-4.163547864733783e6,-4.0757844305812563e6
12.67,4.617463139728659e6,-4.187259139124981e6,-4.0992119163364447e6
12.68,4.622130728938419e6,-4.210970413516181e6,-4.1226394020916345e6
12.69,4.626798318148178e6,-4.234681687907382e6,-4.146066887846826e6
12.7,4.631465907357939e6,-4.258392962298583e6,-4.169494373602018e6
12.71,4.636133496567699e6,-4.2821042366897855e6,-4.192921859357211e6
12.72,4.64080108577746e6,-4.305815511080983e6,-4.216349345112398e6
12.73,4.645468674987218e6,-4.329526785472185e6,-4.239776830867591e6
12.74,4.650136264196979e6,-4.35323805986338e6,-4.263204316622777e6
12.75,4.6548038534067385e6,-4.376949334254585e6,-4.286631802377972e6
12.76,4.659471442616496e6,-4.400889935095304e6,-4.310286321318185e6
12.77,4.664139031826258e6,-4.424856393374504e6,-4.333966439122496e6
12.78,4.668806621036018e6,-4.449070922567407e6,-4.357892147131372e6
12.79,4.673474210245778e6,-4.473569375085005e6,-4.382098939231697e6
12.8,4.678141799455537e6,-4.498067827602609e6,-4.406305731332028e6
12.81,4.6828093886653e6,-4.522566280120209e6,-4.4305125234323535e6
12.82,4.687476977875058e6,-4.547064732637809e6,-4.45471931553268e6
12.83,4.692144567084818e6,-4.5715631851554075e6,-4.478926107633006e6
12.84,4.696812156294577e6,-4.596061637673009e6,-4.503132899733334e6
12.85,4.701479745504338e6,-4.620560090190606e6,-4.527339691833656e6
12.86,4.706147334714098e6,-4.64505854270821e6,-4.551546483933986e6
12.87,4.710814923923858e6,-4.669556995225804e6,-4.575753276034308e6
12.88,4.715482513133619e6,-4.694055447743409e6,-4.599960068134639e6
12.89,4.720150102343378e6,-4.718553900261009e6,-4.624166860234965e6
12.9,4.724817691553137e6,-4.743052352778609e6,-4.648373652335292e6
12.91,4.7294852807629e6,-4.767550805296207e6,-4.672580444435616e6
12.92,4.734152869972658e6,-4.792085718721335e6,-4.696823332834395e6
12.93,4.738820459182419e6,-4.816975974766935e6,-4.721418010427441e6
12.94,4.743488048392178e6,-4.8418662308125375e6,-4.74601268802049e6
12.95,4.748155637601938e6,-4.866756486858135e6,-4.770607365613534e6
12.96,4.752823226811699e6,-4.891646742903742e6,-4.795202043206587e6
12.97,4.757490816021459e6,-4.91653699894934e6,-4.819796720799631e6
12.98,4.762158405231219e6,-4.941427254994942e6,-4.84439139839268e6
12.99,4.766825994440979e6,-4.9663175110405395e6,-4.868986075985724e6
13.0,4.771493583650738e6,-4.991289587043154e6,-4.893661755336216e6
13.01,4.776161172860497e6,-5.016579728688759e6,-4.918652319673266e6
13.02,4.780828762070259e6,-5.041869870334357e6,-4.94364288401031e6
13.03,4.785496351280018e6,-5.067267175050373e6,-4.968739539787069e6
13.04,4.790163940489778e6,-5.092932922431974e6,-4.994101953802756e6
13.05,4.794831529699537e6,-5.118598669813577e6,-5.019464367818446e6
13.06,4.7994991189092975e6,-5.144264417195177e6,-5.044826781834131e6
13.07,4.804166708119057e6,-5.169930164576778e6,-5.07018919584982e6
13.08,4.8088342973288195e6,-5.195595911958374e6,-5.095551609865502e6
13.09,4.813501886538577e6,-5.221261659339975e6,-5.120914023881189e6
13.1,4.818169475748339e6,-5.246927406721577e6,-5.146276437896878e6
13.11,4.822837064958097e6,-5.272593154103172e6,-5.171638851912559e6
13.12,4.827504654167858e6,-5.298425720602515e6,-5.197166416854811e6
13.13,4.832172243377618e6,-5.324357150312119e6,-5.222791856375221e6
13.14,4.836839832587379e6,-5.350318306434381e6,-5.248446725044164e6
13.15,4.841507421797139e6,-5.37629506955198e6,-5.274117044638488e6
13.16,4.846175011006899e6,-5.402323470442134e6,-5.299838485627643e6
13.17,4.85084260021666e6,-5.428407181015735e6,-5.325614683203411e6
13.18,4.855510189426418e6,-5.4546158694425495e6,-5.35151460885386e6
13.19,4.860177778636179e6,-5.481022057943345e6,-5.37761005957755e6
13.2,4.8648453678459395e6,-5.507428246444143e6,-5.403705510301242e6
13.21,4.869512957055698e6,-5.533834434944952e6,-5.429800961024946e6
13.22,4.87418054626546e6,-5.560240623445749e6,-5.455896411748637e6
13.23,4.878848135475219e6,-5.586646811946549e6,-5.481991862472331e6
13.24,4.883515724684979e6,-5.61305300044735e6,-5.508087313196027e6
13.25,4.888183313894739e6,-5.639639164074866e6,-5.53436093929517e6
13.26,4.892850903104498e6,-5.666259945047665e6,-5.560668836566144e6
13.27,4.897518492314259e6,-5.692880726020465e6,-5.586976733837117e6
13.28,4.902186081524017e6,-5.719501506993265e6,-5.613284631108092e6
13.29,4.906853670733778e6,-5.746122287966061e6,-5.639592528379063e6
13.3,4.911521259943538e6,-5.772743068938866e6,-5.665900425650042e6
13.31,4.916188849153297e6,-5.799363849911665e6,-5.692208322921015e6
13.32,4.920856438363058e6,-5.826000764573603e6,-5.718532192544236e6
13.33,4.925524027572817e6,-5.853022498251206e6,-5.745237032992966e6
13.34,4.930191616782578e6,-5.880044231928808e6,-5.771941873441694e6
13.35,4.934859205992338e6,-5.907213399840488e6,-5.79879267378216e6
13.36,4.939526795202097e6,-5.93457220351729e6,-5.825831213530095e6
13.37,4.944194384411857e6,-5.961931007194088e6,-5.852869753278028e6
13.38,4.948861973621618e6,-5.989289810870893e6,-5.879908293025969e6
13.39,4.95352956283138e6,-6.016648614547689e6,-5.906946832773899e6
13.4,4.958197152041139e6,-6.044007418224492e6,-5.933985372521835e6
13.41,4.962864741250899e6,-6.07136622190129e6,-5.961023912269768e6
13.42,4.967532330460659e6,-6.09872502557809e6,-5.988062452017702e6
13.43,4.972199919670419e6,-6.126083829254887e6,-6.015100991765633e6
13.44,4.976867508880177e6,-6.153442632931689e6,-6.042139531513571e6
13.45,4.981535098089938e6,-6.180801436608488e6,-6.069178071261504e6
13.46,4.986202687299698e6,-6.208160240285292e6,-6.096216611009442e6
13.47,4.990870276509459e6,-6.235519043962093e6,-6.123255150757377e6
13.48,4.99553786571922e6,-6.262877847638891e6,-6.15029369050531e6
13.49,5.00020545492898e6,-6.290236651315687e6,-6.17733223025324e6
13.5,5.004873044138739e6,-6.317595454992492e6,-6.204370770001179e6
13.51,5.0095406333484985e6,-6.344954258669294e6,-6.231409309749117e6
13.52,5.014208222558258e6,-6.372313062346091e6,-6.258447849497047e6
13.53,5.018875811768018e6,-6.39967186602289e6,-6.285486389244981e6
13.54,5.023543400977777e6,-6.427030669699688e6,-6.312524928992914e6
13.55,5.028210990187538e6,-6.454389473376489e6,-6.339563468740849e6
13.56,5.032878579397298e6,-6.48174827705329e6,-6.366602008488784e6
13.57,5.037546168607058e6,-6.509107080730091e6,-6.393640548236719e6
13.58,5.042213757816819e6,-6.536465884406895e6,-6.420679087984659e6
13.59,5.046881347026577e6,-6.563824688083692e6,-6.44771762773259e6
13.6,5.05154893623634e6,-6.591196599093892e6,-6.474769143740589e6
13.61,5.056216525446098e6,-6.6185850484514935e6,-6.501837032712518e6
13.62,5.060884114655859e6,-6.646042703261481e6,-6.528973435082307e6
13.63,5.0655517038656175e6,-6.673674778978287e6,-6.556282514149848e6
13.64,5.070219293075379e6,-6.701306854695087e6,-6.583591593217382e6
13.65,5.074886882285137e6,-6.7289389304118855e6,-6.610900672284915e6
13.66,5.079554471494898e6,-6.756745868147303e6,-6.638382864750881e6
13.67,5.084222060704658e6,-6.784676787318505e6,-6.665987798838274e6
13.68,5.088889649914418e6,-6.812970621067426e6,-6.693952018357608e6
13.69,5.093557239124179e6,-6.841269973070624e6,-6.721921700948676e6
13.7,5.0982248283339385e6,-6.869569325073821e6,-6.749891383539743e6
13.71,5.102892417543697e6,-6.89786867707703e6,-6.7778610661308225e6
13.72,5.10756000675346e6,-6.926168029080229e6,-6.805830748721892e6
13.73,5.112227595963217e6,-6.954467381083428e6,-6.8338004313129615e6
13.74,5.11689518517298e6,-6.982766733086629e6,-6.861770113904032e6
13.75,5.121562774382738e6,-7.011066085089826e6,-6.8897397964951005e6
13.76,5.126230363592497e6,-7.039365437093029e6,-6.917709479086174e6
13.77,5.1308979528022595e6,-7.067664789096228e6,-6.945679161677242e6
13.78,5.135565542012017e6,-7.09596414109943e6,-6.9736488442683155e6
13.79,5.140233131221777e6,-7.124263493102624e6,-7.00161852685938e6
13.8,5.144900720431538e6,-7.152562845105834e6,-7.02958820945046e6
13.81,5.149568309641298e6,-7.18086219710903e6,-7.057557892041527e6
13.82,5.1542358988510575e6,-7.209161549112224e6,-7.085527574632592e6
13.83,5.15890348806082e6,-7.237460901115432e6,-7.113497257223669e6
13.84,5.163571077270578e6,-7.265760253118624e6,-7.1414669398147315e6
13.85,5.168238666480339e6,-7.294059605121824e6,-7.169436622405803e6
13.86,5.172906255690098e6,-7.322358957125025e6,-7.197406304996873e6
13.87,5.177573844899859e6,-7.350658309128228e6,-7.2253759875879465e6
13.88,5.182241434109618e6,-7.3789576611314295e6,-7.25334567017902e6
13.89,5.186909023319379e6,-7.407257013134625e6,-7.2813153527700845e6
13.9,5.191576612529138e6,-7.435556365137827e6,-7.309285035361157e6
13.91,5.1962442017389e6,-7.463993092484592e6,-7.337390719542357e6
13.92,5.200911790948658e6,-7.492509564951796e6,-7.365575351392792e6
13.93,5.205579380158419e6,-7.521026037418995e6,-7.3937599832432205e6
13.94,5.2102469693681775e6,-7.549542509886196e6,-7.421944615093652e6
13.95,5.214914558577939e6,-7.578058982353392e6,-7.450129246944079e6
13.96,5.2195821477876995e6,-7.606575454820599e6,-7.478313878794516e6
13.97,5.224249736997459e6,-7.635130012836395e6,-7.506536215338056e6
13.98,5.228917326207218e6,-7.663823356783597e6,-7.534895949953689e6
13.99,5.233584915416979e6,-7.69251670073079e6,-7.563255684569313e6
14.0,5.238252504626738e6,-7.721210044677997e6,-7.591615419184949e6
14.01,5.242920093836497e6,-7.749903388625194e6,-7.619975153800577e6
14.02,5.247587683046259e6,-7.778596732572389e6,-7.648334888416203e6
14.03,5.252255272256017e6,-7.80729007651959e6,-7.676694623031833e6
14.04,5.256922861465778e6,-7.8359834204667965e6,-7.70505435764747e6
14.05,5.261590450675537e6,-7.864676764413994e6,-7.733414092263099e6
14.06,5.266258039885297e6,-7.893370108361195e6,-7.76177382687873e6
14.07,5.270925629095059e6,-7.922063452308393e6,-7.790133561494358e6
14.08,5.2755932183048185e6,-7.950756796255596e6,-7.818493296109991e6
14.09,5.280260807514576e6,-7.979450140202793e6,-7.84685303072562e6
14.1,5.2849283967243405e6,-8.008143484149991e6,-7.875212765341247e6
14.11,5.289595985934098e6,-8.036836828097191e6,-7.903572499956877e6
14.12,5.29426357514386e6,-8.065530172044391e6,-7.931932234572508e6
14.13,5.298931164353618e6,-8.094223515991599e6,-7.960291969188147e6
14.14,5.303598753563378e6,-8.122916859938794e6,-7.988651703803772e6
14.15,5.308266342773138e6,-8.151610203885995e6,-8.0170114384194035e6
14.16,5.312933931982899e6,-8.180303547833193e6,-8.045371173035032e6
14.17,5.317601521192658e6,-8.208996891780394e6,-8.0737309076506635e6
14.18,5.32226911040242e6,-8.237690235727595e6,-8.102090642266295e6
14.19,5.326936699612179e6,-8.2663835796747925e6,-8.130450376881923e6
14.2,5.331604288821939e6,-8.295076923621993e6,-8.158810111497553e6
14.21,5.336271878031698e6,-8.3237702675691955e6,-8.187169846113186e6
14.22,5.340939467241459e6,-8.3524636115163965e6,-8.215529580728818e6
14.23,5.345607056451218e6,-8.381272113143604e6,-8.244003321447656e6
14.24,5.350274645660981e6,-8.410218757098801e6,-8.272613823071203e6
14.25,5.354942234870737e6,-8.439165401054004e6,-8.301224324694757e6
14.26,5.359609824080497e6,-8.468112045009203e6,-8.329834826318306e6
14.27,5.364277413290258e6,-8.4970586889644e6,-8.3584453279418545e6
14.28,5.368945002500017e6,-8.5260053329196e6,-8.387055829565403e6
14.29,5.373612591709778e6,-8.554951976874802e6,-8.415666331188956e6
14.3,5.378280180919538e6,-8.583898620830009e6,-8.444276832812512e6
14.31,5.382947770129299e6,-8.612845264785204e6,-8.472887334436059e6
14.32,5.3876153593390575e6,-8.64179190874041e6,-8.501497836059615e6
14.33,5.392282948548819e6,-8.6707385526956e6,-8.530108337683154e6
14.34,5.396950537758579e6,-8.699685196650805e6,-8.558718839306712e6
14.35,5.401618126968339e6,-8.728631840606004e6,-8.58732934093026e6
14.36,5.406285716178099e6,-8.757578484561201e6,-8.615939842553807e6
14.37,5.410953305387858e6,-8.786525128516402e6,-8.64455034417736e6
14.38,5.415620894597618e6,-8.815471772471603e6,-8.67316084580091e6
14.39,5.42028848380738e6,-8.844418416426806e6,-8.701771347424462e6
14.4,5.424956073017137e6,-8.873365060382003e6,-8.730381849048011e6
14.41,5.429623662226899e6,-8.902311704337204e6,-8.758992350671563e6
14.42,5.434291251436659e6,-8.931258348292403e6,-8.787602852295112e6
14.43,5.43895884064642e6,-8.960204992247602e6,-8.816213353918662e6
14.44,5.443626429856178e6,-8.989151636202803e6,-8.844823855542213e6
14.45,5.448294019065938e6,-9.018098280158004e6,-8.873434357165763e6
14.46,5.452961608275699e6,-9.047044924113203e6,-8.902044858789314e6
14.47,5.45762919748546e6,-9.075991568068402e6,-8.930655360412864e6
14.48,5.462296786695217e6,-9.10493821202361e6,-8.959265862036422e6
14.49,5.466964375904979e6,-9.133884855978802e6,-8.987876363659965e6
14.5,5.471631965114739e6,-9.162831499934005e6,-9.016486865283517e6
14.51,5.4762995543244975e6,-9.191778143889207e6,-9.04509736690707e6
14.52,5.480967143534258e6,-9.2207247878444e6,-9.073707868530614e6
14.53,5.485634732744016e6,-9.249671431799602e6,-9.102318370154165e6
14.54,5.490302321953778e6,-9.278686427908245e6,-9.130996540409626e6
14.55,5.494969911163538e6,-9.308010554526657e6,-9.159980749869755e6
14.56,5.499637500373298e6,-9.337334681145055e6,-9.188964959329871e6
14.57,5.504305089583057e6,-9.366658807763455e6,-9.21794916878999e6
14.58,5.508972678792818e6,-9.395982934381854e6,-9.246933378250107e6
14.59,5.513640268002577e6,-9.42540871465691e6,-9.276018224830315e6
14.6,5.5183078572123395e6,-9.454908054955311e6,-9.305175895833634e6
14.61,5.522975446422096e6,-9.484407395253709e6,-9.334333566836951e6
14.62,5.527643035631858e6,-9.51390673555211e6,-9.36349123784027e6
14.63,5.532310624841618e6,-9.543406075850511e6,-9.39264890884359e6
14.64,5.536978214051378e6,-9.572905416148923e6,-9.42180657984692e6
14.65,5.541645803261137e6,-9.602404756447315e6,-9.45096425085023e6
14.66,5.5463133924709e6,-9.631904096745716e6,-9.48012192185355e6
14.67,5.550980981680661e6,-9.661403437044116e6,-9.509279592856867e6
14.68,5.555648570890417e6,-9.690902777342508e6,-9.53843726386018e6
14.69,5.560316160100178e6,-9.720402117640909e6,-9.567594934863498e6
14.7,5.564983749309938e6,-9.749901457939312e6,-9.59675260586682e6
14.71,5.569651338519697e6,-9.779400798237713e6,-9.625910276870139e6
14.72,5.5743189277294595e6,-9.808900138536118e6,-9.655067947873462e6
14.73,5.578986516939219e6,-9.838399478834514e6,-9.684225618876776e6
14.74,5.583654106148976e6,-9.867898819132913e6,-9.713383289880095e6
14.75,5.588321695358738e6,-9.897398159431316e6,-9.742540960883416e6
14.76,5.592989284568499e6,-9.926897499729715e6,-9.771698631886734e6
14.77,5.597656873778257e6,-9.95639684002811e6,-9.800856302890047e6
14.78,5.602324462988017e6,-9.98589618032651e6,-9.830013973893365e6
14.79,5.606992052197779e6,-1.001539552062491e7,-9.859171644896682e6
14.8,5.611659641407537e6,-1.004489486092332e7,-9.888329315900011e6
14.81,5.616327230617298e6,-1.007439420122172e7,-9.91748698690333e6
14.82,5.620994819827059e6,-1.010389354152011e7,-9.946644657906638e6
14.83,5.625662409036817e6,-1.013339288181851e7,-9.975802328909958e6
14.84,5.630329998246578e6,-1.0162892222116914e7,-1.0004959999913279e7
14.85,5.63499758745634e6,-1.0192391562415313e7,-1.0034117670916596e7
14.86,5.6396651766661e6,-1.0221890902713714e7,-1.0063275341919916e7
14.87,5.644332765875856e6,-1.025139024301212e7,-1.0092433012923239e7
14.88,5.649000355085619e6,-1.0280889583310515e7,-1.0121590683926554e7
14.89,5.6536679442953775e6,-1.0310678049575387e7,-1.015103458963668e7
14.9,5.658335533505138e6,-1.0340543143434577e7,-1.018055435666518e7
14.91,5.6630031227148995e6,-1.0370408237293778e7,-1.0210074123693692e7
14.92,5.66767071192466e6,-1.0400273331152972e7,-1.0239593890722195e7
14.93,5.672338301134417e6,-1.0430138425012184e7,-1.0269113657750718e7
14.94,5.677005890344179e6,-1.0460018493791578e7,-1.0298648249950219e7
14.95,5.68167347955394e6,-1.0490195780154783e7,-1.0328477087557696e7
14.96,5.686341068763697e6,-1.0520373066517986e7,-1.0358305925165169e7
14.97,5.691008657973459e6,-1.0550550352881186e7,-1.038813476277264e7
14.98,5.69567624718322e6,-1.0580727639244387e7,-1.0417963600380111e7
14.99,5.700343836392976e6,-1.061090492560759e7,-1.0447792437987585e7
15.0,5.705011425602738e6,-1.064108221197078e7,-1.0477621275595045e7
