Iteration,LowerBound,UpperBound,OracleValue,Gap
1,-1.0e7,1.6487212707001282,1.6487212707001282,1.000000164872127e7
2,-2.4730819060501923,1.6487212707001282,4.0,4.121803176750321
3,-0.5837502654811568,0.8540624336297109,0.8540624336297109,1.4378126991108677
4,0.31122966560092735,0.7325456160192126,0.7325456160192126,0.4213159504182853
5,0.5544070726041106,0.5744127452985204,0.5744127452985204,0.020005672694409782
6,0.5671138248545293,0.5671600018479493,0.5671600018479493,4.6176993420021795e-5
