Iteration,x1
1,-0.5
2,2.0
3,0.8540624336297109
4,0.31122966560092724
5,0.5544070726041107
6,0.5671138248545293
