Index,Value
1,0.00390625
2,0.00390625
