Index,Value
1,-0.014437255486435109
2,-0.014437255486435109
