Index,Value
1,7.118918457068503
2,244.6922627113449
3,168.25096219754818
