Index,Value
1,3.017109656352858
2,230.14972743518123
3,188.28301076787992
