Index,Value
1,0.8534126586464318
2,191.22248395772016
3,228.30232407228308
