Index,Value
1,48824.76760551446
2,47649.53021102887
3,49059.815084411544
