Index,Value
1,0.0
2,231.6380098298192
3,188.2509551842425
