Index,Value
1,8.445469104754453
2,243.4363599634662
3,168.2609149105818
