Generator,Capacity,Capex,Opex
1,7.085592346974892,60,40
2,244.42134581781724,325,30
3,168.25095518424246,55,45
