Generator,Capacity,Capex,Opex
1,90.21117181210195,100,30
2,285.5831213464547,200,20
3,8.725963603243429,80,40
