Generator,Capacity,Capex,Opex
1,0.0,100,30
2,231.92636372081995,200,20
3,188.25095518424246,80,40
