Generator,Capacity,Capex,Opex
1,8.159401056847685,100,30
2,397.7190692974315,200,20
3,3.9943925588709703,80,40
