Generator,Capacity,Capex,Opex
1,0.0,100,30
2,191.92636372081995,200,20
3,228.25095518424246,80,40
