Iteration,x1
1,-10.0
2,10.0
3,-0.36989864774906117
4,0.2533947620614559
5,-0.2506603433016803
