Iteration,LowerBound,UpperBound,OracleValue,Gap
1,-1.0e6,17.460430229969674,17.460430229969674,1.00001746043023e6
2,-18.086949217818997,13.021841908626927,13.021841908626927,31.108791126445922
3,0.41983093140684163,2.0832291298588363,2.0832291298588363,1.6633981984519948
4,1.395230447266741,2.0832291298588363,2.3641500935093314,0.6879986825920954
5,1.837405597324572,1.8374055973245718,1.8374055973245718,-2.220446049250313e-16
