Generator,HiGHS,Kelley,Subgradient,AbsDiff_Kelley,AbsDiff_Subgradient
1,0.0,0.0,3.017109656352858,0.0,3.017109656352858
2,231.92636372081995,231.6380098298192,230.14972743518123,0.28835389100075304,1.7766362856387161
3,188.25095518424246,188.2509551842425,188.28301076787992,5.684341886080802e-14,0.032055583637458085
