Generator,HiGHS,Kelley,Subgradient,AbsDiff_Kelley,AbsDiff_Subgradient
1,7.085592346974892,7.118918457068503,8.445469104754453,0.033326110093611305,1.3598767577795616
2,244.42134581781724,244.6922627113449,243.4363599634662,0.27091689352766934,0.9849858543510379
3,168.25095518424246,168.25096219754818,168.2609149105818,7.01330571928338e-6,0.009959726339332065
