Generator,HiGHS,Kelley,AbsDiff
1,8.159401056847685,7.961476260423661,0.19792479642402405
2,397.7190692974315,397.91699409484863,0.19792479741715852
3,3.9943925588709703,3.994390578550696,1.9803202744306247e-6
