Generator,HiGHS,Kelley,AbsDiff
1,90.21117181210195,78.98288690745831,11.228284904643644
2,285.5831213464547,285.58312134444714,2.0075390239071567e-9
3,8.725963603243429,19.954248509894654,11.228284906651226
