Iteration,LowerBound,UpperBound,OracleValue,Gap
1,-1.0e6,24000.0,24000.0,1.024e6
2,4.4425787266484517e8,24000.0,4.4425787266484517e8,-4.4423387266484517e8
