Index,Value
1,-0.009774915400008587
2,-0.009774915400008587
3,-0.009774915400008587
4,-0.009774915400008587
5,-0.009774915400008587
