Index,Value
1,0.0019316371028826533
2,-0.0028682871807656253
3,0.0020647728459071814
4,0.0022405953488284216
5,-0.0020843310772408557
