Iteration,x1
1,-0.5
2,1.0
3,0.25
4,-0.125
5,0.0625
6,-0.03125
7,0.015625
8,-0.0078125
9,0.00390625
10,-0.001953125
