Index,Value
1,78.98288690745831
2,285.58312134444714
3,19.954248509894654
