Index,Value
1,7.961476260423661
2,397.91699409484863
3,3.994390578550696
