Index,Value
1,99399.06098015963
2,98798.12196031887
3,99519.24878412753
