datetime_utc,lmp_usd_mwh
2024-01-01 06:00:00+00:00,14.045
2024-01-01 07:00:00+00:00,15.97
2024-01-01 08:00:00+00:00,16.9675
2024-01-01 09:00:00+00:00,17.9525
2024-01-01 10:00:00+00:00,20.525
2024-01-01 11:00:00+00:00,22.3275
2024-01-01 12:00:00+00:00,26.1675
2024-01-01 13:00:00+00:00,31.0875
2024-01-01 14:00:00+00:00,40.095
2024-01-01 15:00:00+00:00,22.3275
2024-01-01 16:00:00+00:00,22.2275
2024-01-01 17:00:00+00:00,21.1525
2024-01-01 18:00:00+00:00,20.3125
2024-01-01 19:00:00+00:00,18.3825
2024-01-01 20:00:00+00:00,16.6075
2024-01-01 21:00:00+00:00,16.060000000000002
2024-01-01 22:00:00+00:00,33.0
2024-01-01 23:00:00+00:00,57.425
2024-01-02 00:00:00+00:00,47.95
2024-01-02 01:00:00+00:00,36.9225
2024-01-02 02:00:00+00:00,44.7725
2024-01-02 03:00:00+00:00,40.8575
2024-01-02 04:00:00+00:00,26.2775
2024-01-02 05:00:00+00:00,22.69
2024-01-02 06:00:00+00:00,21.68
2024-01-02 07:00:00+00:00,21.5
2024-01-02 08:00:00+00:00,21.29
2024-01-02 09:00:00+00:00,19.7075
2024-01-02 10:00:00+00:00,18.57
2024-01-02 11:00:00+00:00,21.119999999999997
2024-01-02 12:00:00+00:00,36.5075
2024-01-02 13:00:00+00:00,48.9125
2024-01-02 14:00:00+00:00,42.4425
2024-01-02 15:00:00+00:00,50.825
2024-01-02 16:00:00+00:00,33.5475
2024-01-02 17:00:00+00:00,23.2875
2024-01-02 18:00:00+00:00,22.22
2024-01-02 19:00:00+00:00,24.5175
2024-01-02 20:00:00+00:00,25.38
2024-01-02 21:00:00+00:00,26.315
2024-01-02 22:00:00+00:00,32.2625
2024-01-02 23:00:00+00:00,56.335
2024-01-03 00:00:00+00:00,73.2025
2024-01-03 01:00:00+00:00,53.167500000000004
2024-01-03 02:00:00+00:00,52.26
2024-01-03 03:00:00+00:00,46.0275
2024-01-03 04:00:00+00:00,29.0275
2024-01-03 05:00:00+00:00,27.509999999999998
2024-01-03 06:00:00+00:00,25.175
2024-01-03 07:00:00+00:00,24.16
2024-01-03 08:00:00+00:00,23.3975
2024-01-03 09:00:00+00:00,20.994999999999997
2024-01-03 10:00:00+00:00,22.9725
2024-01-03 11:00:00+00:00,23.61
2024-01-03 12:00:00+00:00,27.3525
2024-01-03 13:00:00+00:00,31.494999999999997
2024-01-03 14:00:00+00:00,60.807500000000005
2024-01-03 15:00:00+00:00,21.5875
2024-01-03 16:00:00+00:00,19.479999999999997
2024-01-03 17:00:00+00:00,17.8075
2024-01-03 18:00:00+00:00,17.5075
2024-01-03 19:00:00+00:00,16.345
2024-01-03 20:00:00+00:00,15.82
2024-01-03 21:00:00+00:00,16.02
2024-01-03 22:00:00+00:00,18.5975
2024-01-03 23:00:00+00:00,27.655
2024-01-04 00:00:00+00:00,25.1675
2024-01-04 01:00:00+00:00,21.235
2024-01-04 02:00:00+00:00,19.127499999999998
2024-01-04 03:00:00+00:00,17.925
2024-01-04 04:00:00+00:00,19.93
2024-01-04 05:00:00+00:00,18.9125
2024-01-04 06:00:00+00:00,19.6625
2024-01-04 07:00:00+00:00,20.0
2024-01-04 08:00:00+00:00,20.9625
2024-01-04 09:00:00+00:00,21.45
2024-01-04 10:00:00+00:00,22.0625
2024-01-04 11:00:00+00:00,22.825
2024-01-04 12:00:00+00:00,24.575
2024-01-04 13:00:00+00:00,21.5375
2024-01-04 14:00:00+00:00,15.3675
2024-01-04 15:00:00+00:00,13.18
2024-01-04 16:00:00+00:00,12.0075
2024-01-04 17:00:00+00:00,10.34
2024-01-04 18:00:00+00:00,8.1625
2024-01-04 19:00:00+00:00,7.01
2024-01-04 20:00:00+00:00,9.575
2024-01-04 21:00:00+00:00,18.4425
2024-01-04 22:00:00+00:00,29.8575
2024-01-04 23:00:00+00:00,48.465
2024-01-05 00:00:00+00:00,26.6775
2024-01-05 01:00:00+00:00,24.2075
2024-01-05 02:00:00+00:00,24.745
2024-01-05 03:00:00+00:00,22.245
2024-01-05 04:00:00+00:00,19.805
2024-01-05 05:00:00+00:00,21.2325
2024-01-05 06:00:00+00:00,20.7225
2024-01-05 07:00:00+00:00,19.1825
2024-01-05 08:00:00+00:00,18.1625
2024-01-05 09:00:00+00:00,17.465
2024-01-05 10:00:00+00:00,17.1725
2024-01-05 11:00:00+00:00,16.5375
2024-01-05 12:00:00+00:00,19.5425
2024-01-05 13:00:00+00:00,21.33
2024-01-05 14:00:00+00:00,19.015
2024-01-05 15:00:00+00:00,17.905
2024-01-05 16:00:00+00:00,16.495
2024-01-05 17:00:00+00:00,15.705000000000002
2024-01-05 18:00:00+00:00,3.49
2024-01-05 19:00:00+00:00,-0.035
2024-01-05 20:00:00+00:00,-0.1125
2024-01-05 21:00:00+00:00,-0.02
2024-01-05 22:00:00+00:00,10.7775
2024-01-05 23:00:00+00:00,35.6375
2024-01-06 00:00:00+00:00,27.19
2024-01-06 01:00:00+00:00,28.02
2024-01-06 02:00:00+00:00,30.52
2024-01-06 03:00:00+00:00,27.4425
2024-01-06 04:00:00+00:00,27.25
2024-01-06 05:00:00+00:00,27.27
2024-01-06 06:00:00+00:00,24.7725
2024-01-06 07:00:00+00:00,24.0425
2024-01-06 08:00:00+00:00,28.6925
2024-01-06 09:00:00+00:00,28.14
2024-01-06 10:00:00+00:00,31.9925
2024-01-06 11:00:00+00:00,39.557500000000005
2024-01-06 12:00:00+00:00,51.32
2024-01-06 13:00:00+00:00,79.75500000000001
2024-01-06 14:00:00+00:00,35.39
2024-01-06 15:00:00+00:00,22.3
2024-01-06 16:00:00+00:00,21.4925
2024-01-06 17:00:00+00:00,23.1875
2024-01-06 18:00:00+00:00,18.505
2024-01-06 19:00:00+00:00,15.344999999999999
2024-01-06 20:00:00+00:00,12.9825
2024-01-06 21:00:00+00:00,11.1475
2024-01-06 22:00:00+00:00,15.9025
2024-01-06 23:00:00+00:00,38.4875
2024-01-07 00:00:00+00:00,45.055
2024-01-07 01:00:00+00:00,61.6725
2024-01-07 02:00:00+00:00,38.019999999999996
2024-01-07 03:00:00+00:00,34.075
2024-01-07 04:00:00+00:00,38.635
2024-01-07 05:00:00+00:00,37.427499999999995
2024-01-07 06:00:00+00:00,68.33
2024-01-07 07:00:00+00:00,70.8125
2024-01-07 08:00:00+00:00,54.7625
2024-01-07 09:00:00+00:00,90.8675
2024-01-07 10:00:00+00:00,57.8725
2024-01-07 11:00:00+00:00,82.6775
2024-01-07 12:00:00+00:00,33.96
2024-01-07 13:00:00+00:00,25.9875
2024-01-07 14:00:00+00:00,13.1125
2024-01-07 15:00:00+00:00,14.51
2024-01-07 16:00:00+00:00,13.645
2024-01-07 17:00:00+00:00,5.1925
2024-01-07 18:00:00+00:00,-0.485
2024-01-07 19:00:00+00:00,-1.2825
2024-01-07 20:00:00+00:00,-4.53
2024-01-07 21:00:00+00:00,-2.9425
2024-01-07 22:00:00+00:00,9.945
2024-01-07 23:00:00+00:00,18.9075
2024-01-08 00:00:00+00:00,20.365
2024-01-08 01:00:00+00:00,20.8275
2024-01-08 02:00:00+00:00,20.56
2024-01-08 03:00:00+00:00,20.07
2024-01-08 04:00:00+00:00,17.7575
2024-01-08 05:00:00+00:00,14.004999999999999
2024-01-08 06:00:00+00:00,11.595
2024-01-08 07:00:00+00:00,5.7475
2024-01-08 08:00:00+00:00,0.9224999999999999
2024-01-08 09:00:00+00:00,5.965
2024-01-08 10:00:00+00:00,11.780000000000001
2024-01-08 11:00:00+00:00,17.005
2024-01-08 12:00:00+00:00,22.56
2024-01-08 13:00:00+00:00,19.182499999999997
2024-01-08 14:00:00+00:00,19.1625
2024-01-08 15:00:00+00:00,18.502499999999998
2024-01-08 16:00:00+00:00,17.677500000000002
2024-01-08 17:00:00+00:00,17.985
2024-01-08 18:00:00+00:00,18.4675
2024-01-08 19:00:00+00:00,17.857499999999998
2024-01-08 20:00:00+00:00,17.4775
2024-01-08 21:00:00+00:00,17.68
2024-01-08 22:00:00+00:00,18.5875
2024-01-08 23:00:00+00:00,26.7
2024-01-09 00:00:00+00:00,26.6525
2024-01-09 01:00:00+00:00,27.31
2024-01-09 02:00:00+00:00,36.332499999999996
2024-01-09 03:00:00+00:00,29.5125
2024-01-09 04:00:00+00:00,20.395
2024-01-09 05:00:00+00:00,20.78
2024-01-09 06:00:00+00:00,19.1675
2024-01-09 07:00:00+00:00,20.73
2024-01-09 08:00:00+00:00,18.5475
2024-01-09 09:00:00+00:00,15.442499999999999
2024-01-09 10:00:00+00:00,17.4525
2024-01-09 11:00:00+00:00,23.275
2024-01-09 12:00:00+00:00,26.5425
2024-01-09 13:00:00+00:00,23.61
2024-01-09 14:00:00+00:00,14.95
2024-01-09 15:00:00+00:00,10.92
2024-01-09 16:00:00+00:00,10.87
2024-01-09 17:00:00+00:00,10.3625
2024-01-09 18:00:00+00:00,9.405000000000001
2024-01-09 19:00:00+00:00,0.48
2024-01-09 20:00:00+00:00,-0.035
2024-01-09 21:00:00+00:00,0.0
2024-01-09 22:00:00+00:00,9.274999999999999
2024-01-09 23:00:00+00:00,78.04249999999999
2024-01-10 00:00:00+00:00,76.0
2024-01-10 01:00:00+00:00,50.5
2024-01-10 02:00:00+00:00,32.28
2024-01-10 03:00:00+00:00,24.9925
2024-01-10 04:00:00+00:00,18.4825
2024-01-10 05:00:00+00:00,15.9225
2024-01-10 06:00:00+00:00,16.7375
2024-01-10 07:00:00+00:00,16.2825
2024-01-10 08:00:00+00:00,16.17
2024-01-10 09:00:00+00:00,16.615000000000002
2024-01-10 10:00:00+00:00,17.97
2024-01-10 11:00:00+00:00,20.205
2024-01-10 12:00:00+00:00,27.4125
2024-01-10 13:00:00+00:00,24.2825
2024-01-10 14:00:00+00:00,20.7675
2024-01-10 15:00:00+00:00,16.5425
2024-01-10 16:00:00+00:00,9.5975
2024-01-10 17:00:00+00:00,0.21250000000000002
2024-01-10 18:00:00+00:00,-0.5125
2024-01-10 19:00:00+00:00,-0.28
2024-01-10 20:00:00+00:00,-0.0425
2024-01-10 21:00:00+00:00,-0.3075
2024-01-10 22:00:00+00:00,9.629999999999999
2024-01-10 23:00:00+00:00,26.604999999999997
2024-01-11 00:00:00+00:00,26.2675
2024-01-11 01:00:00+00:00,23.91
2024-01-11 02:00:00+00:00,22.045
2024-01-11 03:00:00+00:00,19.95
2024-01-11 04:00:00+00:00,19.7775
2024-01-11 05:00:00+00:00,23.88
2024-01-11 06:00:00+00:00,22.935
2024-01-11 07:00:00+00:00,21.3625
2024-01-11 08:00:00+00:00,19.9925
2024-01-11 09:00:00+00:00,17.875
2024-01-11 10:00:00+00:00,18.677500000000002
2024-01-11 11:00:00+00:00,21.385
2024-01-11 12:00:00+00:00,22.8275
2024-01-11 13:00:00+00:00,20.805
2024-01-11 14:00:00+00:00,15.6975
2024-01-11 15:00:00+00:00,12.585
2024-01-11 16:00:00+00:00,6.99
2024-01-11 17:00:00+00:00,-0.2375
2024-01-11 18:00:00+00:00,-1.9900000000000002
2024-01-11 19:00:00+00:00,-4.3075
2024-01-11 20:00:00+00:00,-6.6275
2024-01-11 21:00:00+00:00,-12.41
2024-01-11 22:00:00+00:00,-2.205
2024-01-11 23:00:00+00:00,16.655
2024-01-12 00:00:00+00:00,21.805
2024-01-12 01:00:00+00:00,17.822499999999998
2024-01-12 02:00:00+00:00,11.6275
2024-01-12 03:00:00+00:00,14.4075
2024-01-12 04:00:00+00:00,3.73
2024-01-12 05:00:00+00:00,-18.3975
2024-01-12 06:00:00+00:00,-31.39
2024-01-12 07:00:00+00:00,-31.7875
2024-01-12 08:00:00+00:00,-31.8275
2024-01-12 09:00:00+00:00,-31.7175
2024-01-12 10:00:00+00:00,-19.8125
2024-01-12 11:00:00+00:00,4.75
2024-01-12 12:00:00+00:00,22.0125
2024-01-12 13:00:00+00:00,78.2925
2024-01-12 14:00:00+00:00,21.7275
2024-01-12 15:00:00+00:00,13.615
2024-01-12 16:00:00+00:00,10.74
2024-01-12 17:00:00+00:00,0.9075
2024-01-12 18:00:00+00:00,0.49750000000000005
2024-01-12 19:00:00+00:00,-0.75
2024-01-12 20:00:00+00:00,-0.8049999999999999
2024-01-12 21:00:00+00:00,-0.7925
2024-01-12 22:00:00+00:00,5.130000000000001
2024-01-12 23:00:00+00:00,37.1925
2024-01-13 00:00:00+00:00,44.3275
2024-01-13 01:00:00+00:00,52.21
2024-01-13 02:00:00+00:00,44.335
2024-01-13 03:00:00+00:00,37.0525
2024-01-13 04:00:00+00:00,30.7625
2024-01-13 05:00:00+00:00,25.735
2024-01-13 06:00:00+00:00,24.380000000000003
2024-01-13 07:00:00+00:00,22.295
2024-01-13 08:00:00+00:00,20.955
2024-01-13 09:00:00+00:00,20.955
2024-01-13 10:00:00+00:00,21.46
2024-01-13 11:00:00+00:00,21.23
2024-01-13 12:00:00+00:00,21.8725
2024-01-13 13:00:00+00:00,21.322499999999998
2024-01-13 14:00:00+00:00,6.9125
2024-01-13 15:00:00+00:00,-0.03
2024-01-13 16:00:00+00:00,-1.555
2024-01-13 17:00:00+00:00,-4.6725
2024-01-13 18:00:00+00:00,-27.1025
2024-01-13 19:00:00+00:00,-30.485
2024-01-13 20:00:00+00:00,-27.835
2024-01-13 21:00:00+00:00,-28.192500000000003
2024-01-13 22:00:00+00:00,-26.3525
2024-01-13 23:00:00+00:00,-6.415000000000001
2024-01-14 00:00:00+00:00,5.1325
2024-01-14 01:00:00+00:00,5.365
2024-01-14 02:00:00+00:00,7.790000000000001
2024-01-14 03:00:00+00:00,12.5
2024-01-14 04:00:00+00:00,8.8825
2024-01-14 05:00:00+00:00,10.9025
2024-01-14 06:00:00+00:00,10.4775
2024-01-14 07:00:00+00:00,17.95
2024-01-14 08:00:00+00:00,22.4475
2024-01-14 09:00:00+00:00,33.6375
2024-01-14 10:00:00+00:00,48.7275
2024-01-14 11:00:00+00:00,55.6775
2024-01-14 12:00:00+00:00,68.76
2024-01-14 13:00:00+00:00,74.5425
2024-01-14 14:00:00+00:00,80.07
2024-01-14 15:00:00+00:00,91.4575
2024-01-14 16:00:00+00:00,100.1775
2024-01-14 17:00:00+00:00,101.6125
2024-01-14 18:00:00+00:00,109.0325
2024-01-14 19:00:00+00:00,81.015
2024-01-14 20:00:00+00:00,73.725
2024-01-14 21:00:00+00:00,67.315
2024-01-14 22:00:00+00:00,76.1725
2024-01-14 23:00:00+00:00,96.815
2024-01-15 00:00:00+00:00,90.655
2024-01-15 01:00:00+00:00,87.4525
2024-01-15 02:00:00+00:00,90.5775
2024-01-15 03:00:00+00:00,96.2575
2024-01-15 04:00:00+00:00,99.6575
2024-01-15 05:00:00+00:00,103.315
2024-01-15 06:00:00+00:00,108.2925
2024-01-15 07:00:00+00:00,133.42000000000002
2024-01-15 08:00:00+00:00,127.44749999999999
2024-01-15 09:00:00+00:00,152.73000000000002
2024-01-15 10:00:00+00:00,175.575
2024-01-15 11:00:00+00:00,259.225
2024-01-15 12:00:00+00:00,223.4325
2024-01-15 13:00:00+00:00,266.055
2024-01-15 14:00:00+00:00,207.6625
2024-01-15 15:00:00+00:00,126.6875
2024-01-15 16:00:00+00:00,140.3825
2024-01-15 17:00:00+00:00,131.145
2024-01-15 18:00:00+00:00,114.19
2024-01-15 19:00:00+00:00,91.4975
2024-01-15 20:00:00+00:00,67.83500000000001
2024-01-15 21:00:00+00:00,42.46
2024-01-15 22:00:00+00:00,38.045
2024-01-15 23:00:00+00:00,53.4775
2024-01-16 00:00:00+00:00,63.3125
2024-01-16 01:00:00+00:00,57.915
2024-01-16 02:00:00+00:00,52.707499999999996
2024-01-16 03:00:00+00:00,36.0975
2024-01-16 04:00:00+00:00,26.880000000000003
2024-01-16 05:00:00+00:00,42.5075
2024-01-16 06:00:00+00:00,55.4725
2024-01-16 07:00:00+00:00,73.72
2024-01-16 08:00:00+00:00,86.2425
2024-01-16 09:00:00+00:00,92.81
2024-01-16 10:00:00+00:00,106.3175
2024-01-16 11:00:00+00:00,151.595
2024-01-16 12:00:00+00:00,238.65
2024-01-16 13:00:00+00:00,379.275
2024-01-16 14:00:00+00:00,122.6575
2024-01-16 15:00:00+00:00,68.86250000000001
2024-01-16 16:00:00+00:00,70.505
2024-01-16 17:00:00+00:00,66.515
2024-01-16 18:00:00+00:00,51.83
2024-01-16 19:00:00+00:00,36.065
2024-01-16 20:00:00+00:00,24.455
2024-01-16 21:00:00+00:00,21.195
2024-01-16 22:00:00+00:00,52.822500000000005
2024-01-16 23:00:00+00:00,483.875
2024-01-17 00:00:00+00:00,677.3975
2024-01-17 01:00:00+00:00,266.605
2024-01-17 02:00:00+00:00,168.78
2024-01-17 03:00:00+00:00,122.255
2024-01-17 04:00:00+00:00,84.495
2024-01-17 05:00:00+00:00,69.365
2024-01-17 06:00:00+00:00,36.07
2024-01-17 07:00:00+00:00,26.365000000000002
2024-01-17 08:00:00+00:00,24.375
2024-01-17 09:00:00+00:00,25.1675
2024-01-17 10:00:00+00:00,25.560000000000002
2024-01-17 11:00:00+00:00,28.342499999999998
2024-01-17 12:00:00+00:00,48.485
2024-01-17 13:00:00+00:00,43.7625
2024-01-17 14:00:00+00:00,34.957499999999996
2024-01-17 15:00:00+00:00,22.58
2024-01-17 16:00:00+00:00,17.3125
2024-01-17 17:00:00+00:00,16.2675
2024-01-17 18:00:00+00:00,14.345
2024-01-17 19:00:00+00:00,11.57
2024-01-17 20:00:00+00:00,6.04
2024-01-17 21:00:00+00:00,5.175
2024-01-17 22:00:00+00:00,14.395
2024-01-17 23:00:00+00:00,21.52
2024-01-18 00:00:00+00:00,28.6375
2024-01-18 01:00:00+00:00,31.32
2024-01-18 02:00:00+00:00,30.715
2024-01-18 03:00:00+00:00,27.1575
2024-01-18 04:00:00+00:00,19.8475
2024-01-18 05:00:00+00:00,16.4525
2024-01-18 06:00:00+00:00,12.7875
2024-01-18 07:00:00+00:00,12.615
2024-01-18 08:00:00+00:00,13.1025
2024-01-18 09:00:00+00:00,15.2225
2024-01-18 10:00:00+00:00,19.225
2024-01-18 11:00:00+00:00,23.4775
2024-01-18 12:00:00+00:00,30.7875
2024-01-18 13:00:00+00:00,34.9375
2024-01-18 14:00:00+00:00,21.415
2024-01-18 15:00:00+00:00,12.9525
2024-01-18 16:00:00+00:00,14.2475
2024-01-18 17:00:00+00:00,16.8125
2024-01-18 18:00:00+00:00,12.415
2024-01-18 19:00:00+00:00,7.7325
2024-01-18 20:00:00+00:00,0.005
2024-01-18 21:00:00+00:00,0.0
2024-01-18 22:00:00+00:00,8.594999999999999
2024-01-18 23:00:00+00:00,24.995
2024-01-19 00:00:00+00:00,27.5625
2024-01-19 01:00:00+00:00,23.6825
2024-01-19 02:00:00+00:00,22.25
2024-01-19 03:00:00+00:00,19.2025
2024-01-19 04:00:00+00:00,13.5175
2024-01-19 05:00:00+00:00,6.2975
2024-01-19 06:00:00+00:00,14.535
2024-01-19 07:00:00+00:00,16.515
2024-01-19 08:00:00+00:00,13.73
2024-01-19 09:00:00+00:00,12.465
2024-01-19 10:00:00+00:00,14.5
2024-01-19 11:00:00+00:00,17.465
2024-01-19 12:00:00+00:00,22.5575
2024-01-19 13:00:00+00:00,24.09
2024-01-19 14:00:00+00:00,18.0575
2024-01-19 15:00:00+00:00,0.715
2024-01-19 16:00:00+00:00,4.3975
2024-01-19 17:00:00+00:00,10.1325
2024-01-19 18:00:00+00:00,11.365
2024-01-19 19:00:00+00:00,11.1725
2024-01-19 20:00:00+00:00,10.5725
2024-01-19 21:00:00+00:00,9.6425
2024-01-19 22:00:00+00:00,15.1025
2024-01-19 23:00:00+00:00,41.615
2024-01-20 00:00:00+00:00,45.2625
2024-01-20 01:00:00+00:00,28.94
2024-01-20 02:00:00+00:00,42.075
2024-01-20 03:00:00+00:00,51.005
2024-01-20 04:00:00+00:00,27.4225
2024-01-20 05:00:00+00:00,27.8325
2024-01-20 06:00:00+00:00,26.4525
2024-01-20 07:00:00+00:00,32.8025
2024-01-20 08:00:00+00:00,37.4625
2024-01-20 09:00:00+00:00,31.4175
2024-01-20 10:00:00+00:00,35.33
2024-01-20 11:00:00+00:00,37.5075
2024-01-20 12:00:00+00:00,73.4375
2024-01-20 13:00:00+00:00,82.325
2024-01-20 14:00:00+00:00,38.0225
2024-01-20 15:00:00+00:00,21.8875
2024-01-20 16:00:00+00:00,22.24
2024-01-20 17:00:00+00:00,22.1525
2024-01-20 18:00:00+00:00,21.192500000000003
2024-01-20 19:00:00+00:00,18.3
2024-01-20 20:00:00+00:00,17.3125
2024-01-20 21:00:00+00:00,17.58
2024-01-20 22:00:00+00:00,22.955
2024-01-20 23:00:00+00:00,77.5325
2024-01-21 00:00:00+00:00,94.97999999999999
2024-01-21 01:00:00+00:00,34.207499999999996
2024-01-21 02:00:00+00:00,29.415
2024-01-21 03:00:00+00:00,24.3875
2024-01-21 04:00:00+00:00,23.822499999999998
2024-01-21 05:00:00+00:00,23.814999999999998
2024-01-21 06:00:00+00:00,22.835
2024-01-21 07:00:00+00:00,22.2725
2024-01-21 08:00:00+00:00,22.3525
2024-01-21 09:00:00+00:00,22.6975
2024-01-21 10:00:00+00:00,22.4575
2024-01-21 11:00:00+00:00,22.3925
2024-01-21 12:00:00+00:00,22.585
2024-01-21 13:00:00+00:00,22.565
2024-01-21 14:00:00+00:00,22.3275
2024-01-21 15:00:00+00:00,19.9675
2024-01-21 16:00:00+00:00,19.9125
2024-01-21 17:00:00+00:00,19.045
2024-01-21 18:00:00+00:00,19.12
2024-01-21 19:00:00+00:00,20.82
2024-01-21 20:00:00+00:00,22.545
2024-01-21 21:00:00+00:00,22.48
2024-01-21 22:00:00+00:00,23.795
2024-01-21 23:00:00+00:00,42.4075
2024-01-22 00:00:00+00:00,69.175
2024-01-22 01:00:00+00:00,105.515
2024-01-22 02:00:00+00:00,196.13
2024-01-22 03:00:00+00:00,142.1025
2024-01-22 04:00:00+00:00,35.4825
2024-01-22 05:00:00+00:00,31.325000000000003
2024-01-22 06:00:00+00:00,49.1575
2024-01-22 07:00:00+00:00,54.4625
2024-01-22 08:00:00+00:00,87.5875
2024-01-22 09:00:00+00:00,91.465
2024-01-22 10:00:00+00:00,86.1725
2024-01-22 11:00:00+00:00,161.71
2024-01-22 12:00:00+00:00,235.9475
2024-01-22 13:00:00+00:00,150.8425
2024-01-22 14:00:00+00:00,245.585
2024-01-22 15:00:00+00:00,170.975
2024-01-22 16:00:00+00:00,112.38
2024-01-22 17:00:00+00:00,62.4475
2024-01-22 18:00:00+00:00,28.1725
2024-01-22 19:00:00+00:00,25.72
2024-01-22 20:00:00+00:00,23.502499999999998
2024-01-22 21:00:00+00:00,23.060000000000002
2024-01-22 22:00:00+00:00,31.5825
2024-01-22 23:00:00+00:00,57.715
2024-01-23 00:00:00+00:00,51.52
2024-01-23 01:00:00+00:00,29.08
2024-01-23 02:00:00+00:00,25.745
2024-01-23 03:00:00+00:00,23.002499999999998
2024-01-23 04:00:00+00:00,30.655
2024-01-23 05:00:00+00:00,24.9925
2024-01-23 06:00:00+00:00,22.4
2024-01-23 07:00:00+00:00,23.19
2024-01-23 08:00:00+00:00,23.8975
2024-01-23 09:00:00+00:00,43.120000000000005
2024-01-23 10:00:00+00:00,26.2875
2024-01-23 11:00:00+00:00,25.5325
2024-01-23 12:00:00+00:00,47.11
2024-01-23 13:00:00+00:00,68.9425
2024-01-23 14:00:00+00:00,82.81
2024-01-23 15:00:00+00:00,58.6625
2024-01-23 16:00:00+00:00,31.9
2024-01-23 17:00:00+00:00,28.067500000000003
2024-01-23 18:00:00+00:00,27.8525
2024-01-23 19:00:00+00:00,39.0725
2024-01-23 20:00:00+00:00,23.7675
2024-01-23 21:00:00+00:00,31.54
2024-01-23 22:00:00+00:00,28.9675
2024-01-23 23:00:00+00:00,38.18
2024-01-24 00:00:00+00:00,26.87
2024-01-24 01:00:00+00:00,25.025
2024-01-24 02:00:00+00:00,25.7525
2024-01-24 03:00:00+00:00,26.7325
2024-01-24 04:00:00+00:00,23.515
2024-01-24 05:00:00+00:00,23.05
2024-01-24 06:00:00+00:00,19.9525
2024-01-24 07:00:00+00:00,20.322499999999998
2024-01-24 08:00:00+00:00,20.8925
2024-01-24 09:00:00+00:00,20.475
2024-01-24 10:00:00+00:00,21.8725
2024-01-24 11:00:00+00:00,34.32
2024-01-24 12:00:00+00:00,46.9375
2024-01-24 13:00:00+00:00,37.26
2024-01-24 14:00:00+00:00,40.72
2024-01-24 15:00:00+00:00,27.405
2024-01-24 16:00:00+00:00,25.332500000000003
2024-01-24 17:00:00+00:00,24.355
2024-01-24 18:00:00+00:00,21.3275
2024-01-24 19:00:00+00:00,21.0625
2024-01-24 20:00:00+00:00,21.939999999999998
2024-01-24 21:00:00+00:00,22.395
2024-01-24 22:00:00+00:00,28.3825
2024-01-24 23:00:00+00:00,48.175
2024-01-25 00:00:00+00:00,37.3075
2024-01-25 01:00:00+00:00,29.314999999999998
2024-01-25 02:00:00+00:00,25.4775
2024-01-25 03:00:00+00:00,24.9225
2024-01-25 04:00:00+00:00,23.2575
2024-01-25 05:00:00+00:00,20.535
2024-01-25 06:00:00+00:00,19.395
2024-01-25 07:00:00+00:00,16.825
2024-01-25 08:00:00+00:00,17.0
2024-01-25 09:00:00+00:00,16.385
2024-01-25 10:00:00+00:00,17.92
2024-01-25 11:00:00+00:00,19.495
2024-01-25 12:00:00+00:00,27.275000000000002
2024-01-25 13:00:00+00:00,28.012500000000003
2024-01-25 14:00:00+00:00,21.560000000000002
2024-01-25 15:00:00+00:00,19.5075
2024-01-25 16:00:00+00:00,18.2875
2024-01-25 17:00:00+00:00,17.21
2024-01-25 18:00:00+00:00,15.0425
2024-01-25 19:00:00+00:00,13.51
2024-01-25 20:00:00+00:00,12.7375
2024-01-25 21:00:00+00:00,13.92
2024-01-25 22:00:00+00:00,18.3
2024-01-25 23:00:00+00:00,39.435
2024-01-26 00:00:00+00:00,28.0675
2024-01-26 01:00:00+00:00,24.8925
2024-01-26 02:00:00+00:00,23.1525
2024-01-26 03:00:00+00:00,20.442500000000003
2024-01-26 04:00:00+00:00,20.0125
2024-01-26 05:00:00+00:00,19.259999999999998
2024-01-26 06:00:00+00:00,20.075
2024-01-26 07:00:00+00:00,18.92
2024-01-26 08:00:00+00:00,19.0875
2024-01-26 09:00:00+00:00,19.175
2024-01-26 10:00:00+00:00,19.802500000000002
2024-01-26 11:00:00+00:00,21.795
2024-01-26 12:00:00+00:00,31.9925
2024-01-26 13:00:00+00:00,39.2225
2024-01-26 14:00:00+00:00,57.22
2024-01-26 15:00:00+00:00,39.5875
2024-01-26 16:00:00+00:00,27.862499999999997
2024-01-26 17:00:00+00:00,26.535
2024-01-26 18:00:00+00:00,23.377499999999998
2024-01-26 19:00:00+00:00,23.55
2024-01-26 20:00:00+00:00,22.6625
2024-01-26 21:00:00+00:00,21.825
2024-01-26 22:00:00+00:00,22.725
2024-01-26 23:00:00+00:00,44.3725
2024-01-27 00:00:00+00:00,45.2325
2024-01-27 01:00:00+00:00,30.345
2024-01-27 02:00:00+00:00,26.8625
2024-01-27 03:00:00+00:00,21.455
2024-01-27 04:00:00+00:00,22.015
2024-01-27 05:00:00+00:00,22.177500000000002
2024-01-27 06:00:00+00:00,20.8675
2024-01-27 07:00:00+00:00,20.2875
2024-01-27 08:00:00+00:00,16.395
2024-01-27 09:00:00+00:00,17.5975
2024-01-27 10:00:00+00:00,18.455
2024-01-27 11:00:00+00:00,18.4
2024-01-27 12:00:00+00:00,20.9375
2024-01-27 13:00:00+00:00,21.4175
2024-01-27 14:00:00+00:00,19.7025
2024-01-27 15:00:00+00:00,17.1725
2024-01-27 16:00:00+00:00,16.51
2024-01-27 17:00:00+00:00,14.79
2024-01-27 18:00:00+00:00,12.07
2024-01-27 19:00:00+00:00,2.3925
2024-01-27 20:00:00+00:00,0.2425
2024-01-27 21:00:00+00:00,0.075
2024-01-27 22:00:00+00:00,0.115
2024-01-27 23:00:00+00:00,21.3325
2024-01-28 00:00:00+00:00,27.052500000000002
2024-01-28 01:00:00+00:00,35.0
2024-01-28 02:00:00+00:00,51.64
2024-01-28 03:00:00+00:00,36.400000000000006
2024-01-28 04:00:00+00:00,37.755
2024-01-28 05:00:00+00:00,35.455
2024-01-28 06:00:00+00:00,33.84
2024-01-28 07:00:00+00:00,32.9475
2024-01-28 08:00:00+00:00,30.3375
2024-01-28 09:00:00+00:00,27.9575
2024-01-28 10:00:00+00:00,26.4025
2024-01-28 11:00:00+00:00,25.9675
2024-01-28 12:00:00+00:00,27.1
2024-01-28 13:00:00+00:00,38.3575
2024-01-28 14:00:00+00:00,16.92
2024-01-28 15:00:00+00:00,11.469999999999999
2024-01-28 16:00:00+00:00,11.192499999999999
2024-01-28 17:00:00+00:00,11.1725
2024-01-28 18:00:00+00:00,8.1075
2024-01-28 19:00:00+00:00,2.9875
2024-01-28 20:00:00+00:00,0.1625
2024-01-28 21:00:00+00:00,-0.29500000000000004
2024-01-28 22:00:00+00:00,5.5525
2024-01-28 23:00:00+00:00,27.845
2024-01-29 00:00:00+00:00,24.41
2024-01-29 01:00:00+00:00,22.5125
2024-01-29 02:00:00+00:00,21.355
2024-01-29 03:00:00+00:00,20.465
2024-01-29 04:00:00+00:00,18.365000000000002
2024-01-29 05:00:00+00:00,14.9175
2024-01-29 06:00:00+00:00,12.27
2024-01-29 07:00:00+00:00,11.785
2024-01-29 08:00:00+00:00,11.7525
2024-01-29 09:00:00+00:00,12.8375
2024-01-29 10:00:00+00:00,13.8725
2024-01-29 11:00:00+00:00,18.9
2024-01-29 12:00:00+00:00,23.13
2024-01-29 13:00:00+00:00,25.55
2024-01-29 14:00:00+00:00,14.1475
2024-01-29 15:00:00+00:00,11.0375
2024-01-29 16:00:00+00:00,11.41
2024-01-29 17:00:00+00:00,13.1425
2024-01-29 18:00:00+00:00,13.365
2024-01-29 19:00:00+00:00,13.375
2024-01-29 20:00:00+00:00,12.115
2024-01-29 21:00:00+00:00,11.307500000000001
2024-01-29 22:00:00+00:00,15.04
2024-01-29 23:00:00+00:00,40.6575
2024-01-30 00:00:00+00:00,28.7425
2024-01-30 01:00:00+00:00,23.585
2024-01-30 02:00:00+00:00,23.765
2024-01-30 03:00:00+00:00,21.5875
2024-01-30 04:00:00+00:00,18.785
2024-01-30 05:00:00+00:00,16.2775
2024-01-30 06:00:00+00:00,17.2275
2024-01-30 07:00:00+00:00,16.355
2024-01-30 08:00:00+00:00,16.5225
2024-01-30 09:00:00+00:00,17.7925
2024-01-30 10:00:00+00:00,19.252499999999998
2024-01-30 11:00:00+00:00,21.85
2024-01-30 12:00:00+00:00,37.4725
2024-01-30 13:00:00+00:00,47.5475
2024-01-30 14:00:00+00:00,18.355
2024-01-30 15:00:00+00:00,15.094999999999999
2024-01-30 16:00:00+00:00,14.2175
2024-01-30 17:00:00+00:00,15.53
2024-01-30 18:00:00+00:00,15.93
2024-01-30 19:00:00+00:00,15.055
2024-01-30 20:00:00+00:00,15.22
2024-01-30 21:00:00+00:00,17.0925
2024-01-30 22:00:00+00:00,17.822499999999998
2024-01-30 23:00:00+00:00,41.5975
2024-01-31 00:00:00+00:00,35.0325
2024-01-31 01:00:00+00:00,28.9
2024-01-31 02:00:00+00:00,26.1675
2024-01-31 03:00:00+00:00,22.02
2024-01-31 04:00:00+00:00,19.32
2024-01-31 05:00:00+00:00,16.9325
2024-01-31 06:00:00+00:00,15.075
2024-01-31 07:00:00+00:00,14.74
2024-01-31 08:00:00+00:00,15.305
2024-01-31 09:00:00+00:00,15.86
2024-01-31 10:00:00+00:00,17.439999999999998
2024-01-31 11:00:00+00:00,20.0125
2024-01-31 12:00:00+00:00,28.29
2024-01-31 13:00:00+00:00,25.43
2024-01-31 14:00:00+00:00,16.09
2024-01-31 15:00:00+00:00,13.8225
2024-01-31 16:00:00+00:00,13.834999999999999
2024-01-31 17:00:00+00:00,14.345
2024-01-31 18:00:00+00:00,12.657499999999999
2024-01-31 19:00:00+00:00,10.8125
2024-01-31 20:00:00+00:00,10.26
2024-01-31 21:00:00+00:00,11.915
2024-01-31 22:00:00+00:00,30.9475
2024-01-31 23:00:00+00:00,21.4575
2024-02-01 00:00:00+00:00,19.77
2024-02-01 01:00:00+00:00,16.884999999999998
2024-02-01 02:00:00+00:00,13.2875
2024-02-01 03:00:00+00:00,11.26
2024-02-01 04:00:00+00:00,12.725
2024-02-01 05:00:00+00:00,12.7225
2024-02-01 06:00:00+00:00,10.485
2024-02-01 07:00:00+00:00,10.557500000000001
2024-02-01 08:00:00+00:00,8.565
2024-02-01 09:00:00+00:00,9.6525
2024-02-01 10:00:00+00:00,13.135
2024-02-01 11:00:00+00:00,16.4525
2024-02-01 12:00:00+00:00,24.455
2024-02-01 13:00:00+00:00,29.055
2024-02-01 14:00:00+00:00,16.9625
2024-02-01 15:00:00+00:00,22.8275
2024-02-01 16:00:00+00:00,8.95
2024-02-01 17:00:00+00:00,7.2299999999999995
2024-02-01 18:00:00+00:00,11.0375
2024-02-01 19:00:00+00:00,11.69
2024-02-01 20:00:00+00:00,3.6025
2024-02-01 21:00:00+00:00,0.10500000000000001
2024-02-01 22:00:00+00:00,9.0325
2024-02-01 23:00:00+00:00,49.0575
2024-02-02 00:00:00+00:00,42.735
2024-02-02 01:00:00+00:00,20.0325
2024-02-02 02:00:00+00:00,17.615000000000002
2024-02-02 03:00:00+00:00,15.045
2024-02-02 04:00:00+00:00,9.85
2024-02-02 05:00:00+00:00,1.3900000000000001
2024-02-02 06:00:00+00:00,-1.9474999999999998
2024-02-02 07:00:00+00:00,-3.1
2024-02-02 08:00:00+00:00,-4.4675
2024-02-02 09:00:00+00:00,-3.41
2024-02-02 10:00:00+00:00,-1.5925
2024-02-02 11:00:00+00:00,7.435
2024-02-02 12:00:00+00:00,12.627500000000001
2024-02-02 13:00:00+00:00,14.145
2024-02-02 14:00:00+00:00,6.8675
2024-02-02 15:00:00+00:00,3.005
2024-02-02 16:00:00+00:00,4.65
2024-02-02 17:00:00+00:00,3.6525
2024-02-02 18:00:00+00:00,2.465
2024-02-02 19:00:00+00:00,2.0025
2024-02-02 20:00:00+00:00,2.5175
2024-02-02 21:00:00+00:00,5.1225
2024-02-02 22:00:00+00:00,-0.4325
2024-02-02 23:00:00+00:00,6.99
2024-02-03 00:00:00+00:00,17.8125
2024-02-03 01:00:00+00:00,16.380000000000003
2024-02-03 02:00:00+00:00,20.3475
2024-02-03 03:00:00+00:00,19.9375
2024-02-03 04:00:00+00:00,44.955
2024-02-03 05:00:00+00:00,20.9725
2024-02-03 06:00:00+00:00,38.66
2024-02-03 07:00:00+00:00,15.1975
2024-02-03 08:00:00+00:00,12.605
2024-02-03 09:00:00+00:00,9.7675
2024-02-03 10:00:00+00:00,10.07
2024-02-03 11:00:00+00:00,12.075
2024-02-03 12:00:00+00:00,19.9825
2024-02-03 13:00:00+00:00,25.6875
2024-02-03 14:00:00+00:00,18.7875
2024-02-03 15:00:00+00:00,17.4575
2024-02-03 16:00:00+00:00,11.76
2024-02-03 17:00:00+00:00,8.567499999999999
2024-02-03 18:00:00+00:00,0.3
2024-02-03 19:00:00+00:00,0.1175
2024-02-03 20:00:00+00:00,1.2025000000000001
2024-02-03 21:00:00+00:00,3.2474999999999996
2024-02-03 22:00:00+00:00,7.23
2024-02-03 23:00:00+00:00,33.3975
2024-02-04 00:00:00+00:00,31.677500000000002
2024-02-04 01:00:00+00:00,17.384999999999998
2024-02-04 02:00:00+00:00,15.4
2024-02-04 03:00:00+00:00,11.870000000000001
2024-02-04 04:00:00+00:00,11.7225
2024-02-04 05:00:00+00:00,16.41
2024-02-04 06:00:00+00:00,10.54
2024-02-04 07:00:00+00:00,10.34
2024-02-04 08:00:00+00:00,8.68
2024-02-04 09:00:00+00:00,2.99
2024-02-04 10:00:00+00:00,2.69
2024-02-04 11:00:00+00:00,2.69
2024-02-04 12:00:00+00:00,5.0575
2024-02-04 13:00:00+00:00,6.9575
2024-02-04 14:00:00+00:00,2.94
2024-02-04 15:00:00+00:00,0.1825
2024-02-04 16:00:00+00:00,-0.5475
2024-02-04 17:00:00+00:00,-0.8325
2024-02-04 18:00:00+00:00,-1.21
2024-02-04 19:00:00+00:00,-1.6949999999999998
2024-02-04 20:00:00+00:00,-2.635
2024-02-04 21:00:00+00:00,-2.0324999999999998
2024-02-04 22:00:00+00:00,1.5075
2024-02-04 23:00:00+00:00,8.12
2024-02-05 00:00:00+00:00,14.5125
2024-02-05 01:00:00+00:00,14.379999999999999
2024-02-05 02:00:00+00:00,12.51
2024-02-05 03:00:00+00:00,10.594999999999999
2024-02-05 04:00:00+00:00,8.2325
2024-02-05 05:00:00+00:00,5.605
2024-02-05 06:00:00+00:00,0.1125
2024-02-05 07:00:00+00:00,0.3475
2024-02-05 08:00:00+00:00,3.24
2024-02-05 09:00:00+00:00,4.6049999999999995
2024-02-05 10:00:00+00:00,4.51
2024-02-05 11:00:00+00:00,10.2575
2024-02-05 12:00:00+00:00,19.9825
2024-02-05 13:00:00+00:00,22.314999999999998
2024-02-05 14:00:00+00:00,16.3975
2024-02-05 15:00:00+00:00,10.407499999999999
2024-02-05 16:00:00+00:00,9.8975
2024-02-05 17:00:00+00:00,9.4
2024-02-05 18:00:00+00:00,6.9575
2024-02-05 19:00:00+00:00,4.5325
2024-02-05 20:00:00+00:00,3.635
2024-02-05 21:00:00+00:00,2.2125
2024-02-05 22:00:00+00:00,4.6275
2024-02-05 23:00:00+00:00,48.2275
2024-02-06 00:00:00+00:00,65.185
2024-02-06 01:00:00+00:00,33.9425
2024-02-06 02:00:00+00:00,26.8075
2024-02-06 03:00:00+00:00,25.099999999999998
2024-02-06 04:00:00+00:00,21.8575
2024-02-06 05:00:00+00:00,21.2575
2024-02-06 06:00:00+00:00,20.7775
2024-02-06 07:00:00+00:00,20.1675
2024-02-06 08:00:00+00:00,19.825000000000003
2024-02-06 09:00:00+00:00,20.7475
2024-02-06 10:00:00+00:00,21.8225
2024-02-06 11:00:00+00:00,29.1725
2024-02-06 12:00:00+00:00,77.975
2024-02-06 13:00:00+00:00,46.3275
2024-02-06 14:00:00+00:00,14.1775
2024-02-06 15:00:00+00:00,11.74
2024-02-06 16:00:00+00:00,8.9025
2024-02-06 17:00:00+00:00,7.065
2024-02-06 18:00:00+00:00,11.8525
2024-02-06 19:00:00+00:00,10.605
2024-02-06 20:00:00+00:00,10.344999999999999
2024-02-06 21:00:00+00:00,10.71
2024-02-06 22:00:00+00:00,12.935
2024-02-06 23:00:00+00:00,20.747500000000002
2024-02-07 00:00:00+00:00,20.9225
2024-02-07 01:00:00+00:00,18.285
2024-02-07 02:00:00+00:00,15.174999999999999
2024-02-07 03:00:00+00:00,9.274999999999999
2024-02-07 04:00:00+00:00,9.855
2024-02-07 05:00:00+00:00,9.955
2024-02-07 06:00:00+00:00,2.3975
2024-02-07 07:00:00+00:00,1.4849999999999999
2024-02-07 08:00:00+00:00,4.279999999999999
2024-02-07 09:00:00+00:00,7.3575
2024-02-07 10:00:00+00:00,10.6925
2024-02-07 11:00:00+00:00,17.17
2024-02-07 12:00:00+00:00,21.105
2024-02-07 13:00:00+00:00,17.655
2024-02-07 14:00:00+00:00,8.955
2024-02-07 15:00:00+00:00,4.69
2024-02-07 16:00:00+00:00,1.7025
2024-02-07 17:00:00+00:00,-0.39
2024-02-07 18:00:00+00:00,-0.435
2024-02-07 19:00:00+00:00,-0.9
2024-02-07 20:00:00+00:00,-0.07500000000000001
2024-02-07 21:00:00+00:00,1.075
2024-02-07 22:00:00+00:00,6.6275
2024-02-07 23:00:00+00:00,8.68
2024-02-08 00:00:00+00:00,39.8425
2024-02-08 01:00:00+00:00,37.7325
2024-02-08 02:00:00+00:00,74.9825
2024-02-08 03:00:00+00:00,49.1325
2024-02-08 04:00:00+00:00,31.464999999999996
2024-02-08 05:00:00+00:00,20.759999999999998
2024-02-08 06:00:00+00:00,16.9925
2024-02-08 07:00:00+00:00,12.415
2024-02-08 08:00:00+00:00,5.3225
2024-02-08 09:00:00+00:00,6.54
2024-02-08 10:00:00+00:00,6.9575000000000005
2024-02-08 11:00:00+00:00,12.807500000000001
2024-02-08 12:00:00+00:00,22.3625
2024-02-08 13:00:00+00:00,20.0
2024-02-08 14:00:00+00:00,14.13
2024-02-08 15:00:00+00:00,16.23
2024-02-08 16:00:00+00:00,18.8075
2024-02-08 17:00:00+00:00,20.7825
2024-02-08 18:00:00+00:00,31.092499999999998
2024-02-08 19:00:00+00:00,27.415
2024-02-08 20:00:00+00:00,16.877499999999998
2024-02-08 21:00:00+00:00,14.355
2024-02-08 22:00:00+00:00,12.6125
2024-02-08 23:00:00+00:00,15.535
2024-02-09 00:00:00+00:00,20.7275
2024-02-09 01:00:00+00:00,14.98
2024-02-09 02:00:00+00:00,12.82
2024-02-09 03:00:00+00:00,10.002500000000001
2024-02-09 04:00:00+00:00,8.01
2024-02-09 05:00:00+00:00,7.1775
2024-02-09 06:00:00+00:00,4.4725
2024-02-09 07:00:00+00:00,5.6425
2024-02-09 08:00:00+00:00,3.9275
2024-02-09 09:00:00+00:00,5.59
2024-02-09 10:00:00+00:00,5.625
2024-02-09 11:00:00+00:00,8.129999999999999
2024-02-09 12:00:00+00:00,13.8675
2024-02-09 13:00:00+00:00,17.27
2024-02-09 14:00:00+00:00,15.7575
2024-02-09 15:00:00+00:00,11.655
2024-02-09 16:00:00+00:00,12.76
2024-02-09 17:00:00+00:00,10.692499999999999
2024-02-09 18:00:00+00:00,8.975
2024-02-09 19:00:00+00:00,12.315
2024-02-09 20:00:00+00:00,18.215
2024-02-09 21:00:00+00:00,22.865000000000002
2024-02-09 22:00:00+00:00,37.144999999999996
2024-02-09 23:00:00+00:00,37.86
2024-02-10 00:00:00+00:00,33.125
2024-02-10 01:00:00+00:00,26.615
2024-02-10 02:00:00+00:00,26.1
2024-02-10 03:00:00+00:00,33.8425
2024-02-10 04:00:00+00:00,31.4375
2024-02-10 05:00:00+00:00,24.755
2024-02-10 06:00:00+00:00,25.627499999999998
2024-02-10 07:00:00+00:00,21.9675
2024-02-10 08:00:00+00:00,21.915
2024-02-10 09:00:00+00:00,19.392500000000002
2024-02-10 10:00:00+00:00,18.985
2024-02-10 11:00:00+00:00,12.6025
2024-02-10 12:00:00+00:00,9.555
2024-02-10 13:00:00+00:00,10.9925
2024-02-10 14:00:00+00:00,16.462500000000002
2024-02-10 15:00:00+00:00,17.0125
2024-02-10 16:00:00+00:00,16.7975
2024-02-10 17:00:00+00:00,14.3825
2024-02-10 18:00:00+00:00,11.11
2024-02-10 19:00:00+00:00,10.0775
2024-02-10 20:00:00+00:00,11.475
2024-02-10 21:00:00+00:00,14.620000000000001
2024-02-10 22:00:00+00:00,27.995
2024-02-10 23:00:00+00:00,27.4075
2024-02-11 00:00:00+00:00,23.122500000000002
2024-02-11 01:00:00+00:00,17.122500000000002
2024-02-11 02:00:00+00:00,15.38
2024-02-11 03:00:00+00:00,13.100000000000001
2024-02-11 04:00:00+00:00,5.115
2024-02-11 05:00:00+00:00,-0.7424999999999999
2024-02-11 06:00:00+00:00,-0.7025
2024-02-11 07:00:00+00:00,2.025
2024-02-11 08:00:00+00:00,-2.5925
2024-02-11 09:00:00+00:00,-1.15
2024-02-11 10:00:00+00:00,7.922499999999999
2024-02-11 11:00:00+00:00,10.9825
2024-02-11 12:00:00+00:00,15.375
2024-02-11 13:00:00+00:00,20.09
2024-02-11 14:00:00+00:00,17.125
2024-02-11 15:00:00+00:00,20.705
2024-02-11 16:00:00+00:00,16.369999999999997
2024-02-11 17:00:00+00:00,12.0075
2024-02-11 18:00:00+00:00,8.4175
2024-02-11 19:00:00+00:00,3.095
2024-02-11 20:00:00+00:00,3.9275
2024-02-11 21:00:00+00:00,2.9274999999999998
2024-02-11 22:00:00+00:00,3.46
2024-02-11 23:00:00+00:00,8.1175
2024-02-12 00:00:00+00:00,10.2875
2024-02-12 01:00:00+00:00,10.7525
2024-02-12 02:00:00+00:00,10.155000000000001
2024-02-12 03:00:00+00:00,7.255
2024-02-12 04:00:00+00:00,7.5225
2024-02-12 05:00:00+00:00,7.255
2024-02-12 06:00:00+00:00,6.575
2024-02-12 07:00:00+00:00,9.6875
2024-02-12 08:00:00+00:00,11.335
2024-02-12 09:00:00+00:00,10.6475
2024-02-12 10:00:00+00:00,10.8825
2024-02-12 11:00:00+00:00,11.235
2024-02-12 12:00:00+00:00,17.56
2024-02-12 13:00:00+00:00,18.62
2024-02-12 14:00:00+00:00,9.68
2024-02-12 15:00:00+00:00,7.2524999999999995
2024-02-12 16:00:00+00:00,6.1175
2024-02-12 17:00:00+00:00,6.345
2024-02-12 18:00:00+00:00,2.68
2024-02-12 19:00:00+00:00,0.18
2024-02-12 20:00:00+00:00,0.095
2024-02-12 21:00:00+00:00,0.0425
2024-02-12 22:00:00+00:00,0.08
2024-02-12 23:00:00+00:00,30.799999999999997
2024-02-13 00:00:00+00:00,38.6375
2024-02-13 01:00:00+00:00,27.817500000000003
2024-02-13 02:00:00+00:00,31.0975
2024-02-13 03:00:00+00:00,30.0125
2024-02-13 04:00:00+00:00,25.32
2024-02-13 05:00:00+00:00,22.9825
2024-02-13 06:00:00+00:00,21.695
2024-02-13 07:00:00+00:00,18.96
2024-02-13 08:00:00+00:00,17.442500000000003
2024-02-13 09:00:00+00:00,17.9125
2024-02-13 10:00:00+00:00,16.785
2024-02-13 11:00:00+00:00,20.127499999999998
2024-02-13 12:00:00+00:00,27.1475
2024-02-13 13:00:00+00:00,23.6425
2024-02-13 14:00:00+00:00,4.285
2024-02-13 15:00:00+00:00,6.725
2024-02-13 16:00:00+00:00,2.48
2024-02-13 17:00:00+00:00,0.01
2024-02-13 18:00:00+00:00,0.0
2024-02-13 19:00:00+00:00,0.0
2024-02-13 20:00:00+00:00,0.0
2024-02-13 21:00:00+00:00,0.0
2024-02-13 22:00:00+00:00,3.0675
2024-02-13 23:00:00+00:00,109.21249999999999
2024-02-14 00:00:00+00:00,64.6925
2024-02-14 01:00:00+00:00,20.69
2024-02-14 02:00:00+00:00,13.34
2024-02-14 03:00:00+00:00,9.6
2024-02-14 04:00:00+00:00,6.702500000000001
2024-02-14 05:00:00+00:00,9.075
2024-02-14 06:00:00+00:00,5.7725
2024-02-14 07:00:00+00:00,6.2425
2024-02-14 08:00:00+00:00,6.35
2024-02-14 09:00:00+00:00,6.7125
2024-02-14 10:00:00+00:00,6.8725
2024-02-14 11:00:00+00:00,12.27
2024-02-14 12:00:00+00:00,32.730000000000004
2024-02-14 13:00:00+00:00,20.3275
2024-02-14 14:00:00+00:00,3.625
2024-02-14 15:00:00+00:00,2.2725
2024-02-14 16:00:00+00:00,0.0025
2024-02-14 17:00:00+00:00,0.0
2024-02-14 18:00:00+00:00,0.0
2024-02-14 19:00:00+00:00,0.0
2024-02-14 20:00:00+00:00,0.0
2024-02-14 21:00:00+00:00,0.0
2024-02-14 22:00:00+00:00,2.1574999999999998
2024-02-14 23:00:00+00:00,14.175
2024-02-15 00:00:00+00:00,23.2925
2024-02-15 01:00:00+00:00,13.5
2024-02-15 02:00:00+00:00,14.842500000000001
2024-02-15 03:00:00+00:00,13.405000000000001
2024-02-15 04:00:00+00:00,10.835
2024-02-15 05:00:00+00:00,10.9225
2024-02-15 06:00:00+00:00,10.5375
2024-02-15 07:00:00+00:00,8.6775
2024-02-15 08:00:00+00:00,8.3525
2024-02-15 09:00:00+00:00,7.805
2024-02-15 10:00:00+00:00,5.6175
2024-02-15 11:00:00+00:00,10.9225
2024-02-15 12:00:00+00:00,16.2775
2024-02-15 13:00:00+00:00,18.017500000000002
2024-02-15 14:00:00+00:00,16.4875
2024-02-15 15:00:00+00:00,13.645
2024-02-15 16:00:00+00:00,11.5125
2024-02-15 17:00:00+00:00,10.9275
2024-02-15 18:00:00+00:00,9.0875
2024-02-15 19:00:00+00:00,9.5325
2024-02-15 20:00:00+00:00,10.575
2024-02-15 21:00:00+00:00,12.615
2024-02-15 22:00:00+00:00,16.7425
2024-02-15 23:00:00+00:00,19.2325
2024-02-16 00:00:00+00:00,15.95
2024-02-16 01:00:00+00:00,10.7675
2024-02-16 02:00:00+00:00,7.1375
2024-02-16 03:00:00+00:00,5.9025
2024-02-16 04:00:00+00:00,8.0125
2024-02-16 05:00:00+00:00,9.085
2024-02-16 06:00:00+00:00,8.68
2024-02-16 07:00:00+00:00,7.2575
2024-02-16 08:00:00+00:00,6.29
2024-02-16 09:00:00+00:00,7.01
2024-02-16 10:00:00+00:00,6.7625
2024-02-16 11:00:00+00:00,5.4175
2024-02-16 12:00:00+00:00,8.8475
2024-02-16 13:00:00+00:00,9.942499999999999
2024-02-16 14:00:00+00:00,10.6875
2024-02-16 15:00:00+00:00,8.3075
2024-02-16 16:00:00+00:00,5.01
2024-02-16 17:00:00+00:00,6.4875
2024-02-16 18:00:00+00:00,6.125
2024-02-16 19:00:00+00:00,7.4525
2024-02-16 20:00:00+00:00,8.215
2024-02-16 21:00:00+00:00,8.935
2024-02-16 22:00:00+00:00,7.245
2024-02-16 23:00:00+00:00,12.22
2024-02-17 00:00:00+00:00,48.4225
2024-02-17 01:00:00+00:00,17.855
2024-02-17 02:00:00+00:00,13.345
2024-02-17 03:00:00+00:00,10.8275
2024-02-17 04:00:00+00:00,10.932500000000001
2024-02-17 05:00:00+00:00,12.2725
2024-02-17 06:00:00+00:00,11.5825
2024-02-17 07:00:00+00:00,9.629999999999999
2024-02-17 08:00:00+00:00,6.970000000000001
2024-02-17 09:00:00+00:00,5.6525
2024-02-17 10:00:00+00:00,2.355
2024-02-17 11:00:00+00:00,2.0425
2024-02-17 12:00:00+00:00,4.87
2024-02-17 13:00:00+00:00,7.9025
2024-02-17 14:00:00+00:00,7.975
2024-02-17 15:00:00+00:00,7.58
2024-02-17 16:00:00+00:00,7.34
2024-02-17 17:00:00+00:00,5.525
2024-02-17 18:00:00+00:00,2.705
2024-02-17 19:00:00+00:00,-0.0475
2024-02-17 20:00:00+00:00,-0.0625
2024-02-17 21:00:00+00:00,-0.175
2024-02-17 22:00:00+00:00,-0.035
2024-02-17 23:00:00+00:00,7.8825
2024-02-18 00:00:00+00:00,32.1
2024-02-18 01:00:00+00:00,27.625
2024-02-18 02:00:00+00:00,30.357499999999998
2024-02-18 03:00:00+00:00,24.8575
2024-02-18 04:00:00+00:00,37.2
2024-02-18 05:00:00+00:00,36.5075
2024-02-18 06:00:00+00:00,24.805
2024-02-18 07:00:00+00:00,24.8325
2024-02-18 08:00:00+00:00,21.8125
2024-02-18 09:00:00+00:00,20.7075
2024-02-18 10:00:00+00:00,25.2775
2024-02-18 11:00:00+00:00,29.5075
2024-02-18 12:00:00+00:00,40.942499999999995
2024-02-18 13:00:00+00:00,43.3775
2024-02-18 14:00:00+00:00,11.7725
2024-02-18 15:00:00+00:00,12.825
2024-02-18 16:00:00+00:00,13.307500000000001
2024-02-18 17:00:00+00:00,12.5025
2024-02-18 18:00:00+00:00,8.35
2024-02-18 19:00:00+00:00,6.85
2024-02-18 20:00:00+00:00,3.585
2024-02-18 21:00:00+00:00,3.7350000000000003
2024-02-18 22:00:00+00:00,3.375
2024-02-18 23:00:00+00:00,21.9825
2024-02-19 00:00:00+00:00,44.515
2024-02-19 01:00:00+00:00,19.9125
2024-02-19 02:00:00+00:00,15.655
2024-02-19 03:00:00+00:00,11.9775
2024-02-19 04:00:00+00:00,7.485
2024-02-19 05:00:00+00:00,7.5425
2024-02-19 06:00:00+00:00,7.325
2024-02-19 07:00:00+00:00,7.36
2024-02-19 08:00:00+00:00,7.6975
2024-02-19 09:00:00+00:00,9.4925
2024-02-19 10:00:00+00:00,12.96
2024-02-19 11:00:00+00:00,23.6025
2024-02-19 12:00:00+00:00,60.8
2024-02-19 13:00:00+00:00,58.667500000000004
2024-02-19 14:00:00+00:00,7.96
2024-02-19 15:00:00+00:00,8.7725
2024-02-19 16:00:00+00:00,10.83
2024-02-19 17:00:00+00:00,9.120000000000001
2024-02-19 18:00:00+00:00,8.592500000000001
2024-02-19 19:00:00+00:00,8.93
2024-02-19 20:00:00+00:00,8.345
2024-02-19 21:00:00+00:00,5.745
2024-02-19 22:00:00+00:00,6.23
2024-02-19 23:00:00+00:00,88.52000000000001
2024-02-20 00:00:00+00:00,92.005
2024-02-20 01:00:00+00:00,47.555
2024-02-20 02:00:00+00:00,23.41
2024-02-20 03:00:00+00:00,17.82
2024-02-20 04:00:00+00:00,11.004999999999999
2024-02-20 05:00:00+00:00,8.805
2024-02-20 06:00:00+00:00,6.7825
2024-02-20 07:00:00+00:00,6.2
2024-02-20 08:00:00+00:00,4.09
2024-02-20 09:00:00+00:00,4.955
2024-02-20 10:00:00+00:00,6.3075
2024-02-20 11:00:00+00:00,10.835
2024-02-20 12:00:00+00:00,27.465
2024-02-20 13:00:00+00:00,20.34
2024-02-20 14:00:00+00:00,4.615
2024-02-20 15:00:00+00:00,4.12
2024-02-20 16:00:00+00:00,4.592499999999999
2024-02-20 17:00:00+00:00,5.205
2024-02-20 18:00:00+00:00,2.78
2024-02-20 19:00:00+00:00,0.03249999999999997
2024-02-20 20:00:00+00:00,-0.575
2024-02-20 21:00:00+00:00,-0.6525
2024-02-20 22:00:00+00:00,-0.65
2024-02-20 23:00:00+00:00,7.8425
2024-02-21 00:00:00+00:00,20.1975
2024-02-21 01:00:00+00:00,12.6125
2024-02-21 02:00:00+00:00,9.379999999999999
2024-02-21 03:00:00+00:00,4.945
2024-02-21 04:00:00+00:00,6.3975
2024-02-21 05:00:00+00:00,1.4674999999999998
2024-02-21 06:00:00+00:00,-3.795
2024-02-21 07:00:00+00:00,-5.5575
2024-02-21 08:00:00+00:00,-4.585
2024-02-21 09:00:00+00:00,-3.1225
2024-02-21 10:00:00+00:00,2.2800000000000002
2024-02-21 11:00:00+00:00,10.6975
2024-02-21 12:00:00+00:00,24.0625
2024-02-21 13:00:00+00:00,18.035
2024-02-21 14:00:00+00:00,3.6925
2024-02-21 15:00:00+00:00,7.215
2024-02-21 16:00:00+00:00,10.43
2024-02-21 17:00:00+00:00,6.5125
2024-02-21 18:00:00+00:00,0.8875
2024-02-21 19:00:00+00:00,-0.7925
2024-02-21 20:00:00+00:00,-1.2
2024-02-21 21:00:00+00:00,-1.2775
2024-02-21 22:00:00+00:00,0.7025
2024-02-21 23:00:00+00:00,20.995
2024-02-22 00:00:00+00:00,25.3975
2024-02-22 01:00:00+00:00,17.6825
2024-02-22 02:00:00+00:00,14.42
2024-02-22 03:00:00+00:00,13.125
2024-02-22 04:00:00+00:00,11.76
2024-02-22 05:00:00+00:00,9.33
2024-02-22 06:00:00+00:00,13.5625
2024-02-22 07:00:00+00:00,11.125
2024-02-22 08:00:00+00:00,17.31
2024-02-22 09:00:00+00:00,12.877500000000001
2024-02-22 10:00:00+00:00,10.6725
2024-02-22 11:00:00+00:00,18.875
2024-02-22 12:00:00+00:00,32.815
2024-02-22 13:00:00+00:00,15.834999999999999
2024-02-22 14:00:00+00:00,69.34
2024-02-22 15:00:00+00:00,7.4925
2024-02-22 16:00:00+00:00,7.8325
2024-02-22 17:00:00+00:00,7.960000000000001
2024-02-22 18:00:00+00:00,8.095
2024-02-22 19:00:00+00:00,5.2725
2024-02-22 20:00:00+00:00,5.805
2024-02-22 21:00:00+00:00,5.005
2024-02-22 22:00:00+00:00,5.01
2024-02-22 23:00:00+00:00,23.93
2024-02-23 00:00:00+00:00,64.135
2024-02-23 01:00:00+00:00,27.3275
2024-02-23 02:00:00+00:00,23.42
2024-02-23 03:00:00+00:00,18.197499999999998
2024-02-23 04:00:00+00:00,11.135
2024-02-23 05:00:00+00:00,10.3125
2024-02-23 06:00:00+00:00,10.002500000000001
2024-02-23 07:00:00+00:00,10.9875
2024-02-23 08:00:00+00:00,10.4875
2024-02-23 09:00:00+00:00,9.6325
2024-02-23 10:00:00+00:00,9.935
2024-02-23 11:00:00+00:00,12.245000000000001
2024-02-23 12:00:00+00:00,20.91
2024-02-23 13:00:00+00:00,16.485
2024-02-23 14:00:00+00:00,3.6725000000000003
2024-02-23 15:00:00+00:00,4.359999999999999
2024-02-23 16:00:00+00:00,5.325
2024-02-23 17:00:00+00:00,6.6899999999999995
2024-02-23 18:00:00+00:00,8.7075
2024-02-23 19:00:00+00:00,9.57
2024-02-23 20:00:00+00:00,9.79
2024-02-23 21:00:00+00:00,9.932500000000001
2024-02-23 22:00:00+00:00,15.68
2024-02-23 23:00:00+00:00,49.4975
2024-02-24 00:00:00+00:00,48.6975
2024-02-24 01:00:00+00:00,30.145
2024-02-24 02:00:00+00:00,30.3275
2024-02-24 03:00:00+00:00,26.1025
2024-02-24 04:00:00+00:00,23.795
2024-02-24 05:00:00+00:00,23.37
2024-02-24 06:00:00+00:00,43.2975
2024-02-24 07:00:00+00:00,25.72
2024-02-24 08:00:00+00:00,23.6975
2024-02-24 09:00:00+00:00,21.1125
2024-02-24 10:00:00+00:00,17.83
2024-02-24 11:00:00+00:00,17.5625
2024-02-24 12:00:00+00:00,18.6175
2024-02-24 13:00:00+00:00,12.175
2024-02-24 14:00:00+00:00,2.3525
2024-02-24 15:00:00+00:00,4.14
2024-02-24 16:00:00+00:00,0.0025
2024-02-24 17:00:00+00:00,-0.02
2024-02-24 18:00:00+00:00,0.0
2024-02-24 19:00:00+00:00,0.0
2024-02-24 20:00:00+00:00,-0.0425
2024-02-24 21:00:00+00:00,-0.08
2024-02-24 22:00:00+00:00,-0.115
2024-02-24 23:00:00+00:00,3.9450000000000003
2024-02-25 00:00:00+00:00,16.9225
2024-02-25 01:00:00+00:00,8.2425
2024-02-25 02:00:00+00:00,3.94
2024-02-25 03:00:00+00:00,-0.745
2024-02-25 04:00:00+00:00,-8.6625
2024-02-25 05:00:00+00:00,4.705
2024-02-25 06:00:00+00:00,-2.0949999999999998
2024-02-25 07:00:00+00:00,-9.0875
2024-02-25 08:00:00+00:00,-12.24
2024-02-25 09:00:00+00:00,-8.665
2024-02-25 10:00:00+00:00,-3.3049999999999997
2024-02-25 11:00:00+00:00,1.665
2024-02-25 12:00:00+00:00,6.4425
2024-02-25 13:00:00+00:00,6.1425
2024-02-25 14:00:00+00:00,-0.0075
2024-02-25 15:00:00+00:00,-0.03
2024-02-25 16:00:00+00:00,-0.265
2024-02-25 17:00:00+00:00,-0.0725
2024-02-25 18:00:00+00:00,-0.1875
2024-02-25 19:00:00+00:00,1.0075
2024-02-25 20:00:00+00:00,9.94
2024-02-25 21:00:00+00:00,10.875
2024-02-25 22:00:00+00:00,18.700000000000003
2024-02-25 23:00:00+00:00,52.885000000000005
2024-02-26 00:00:00+00:00,70.84
2024-02-26 01:00:00+00:00,38.965
2024-02-26 02:00:00+00:00,32.5925
2024-02-26 03:00:00+00:00,26.875
2024-02-26 04:00:00+00:00,16.955
2024-02-26 05:00:00+00:00,10.26
2024-02-26 06:00:00+00:00,9.030000000000001
2024-02-26 07:00:00+00:00,8.3575
2024-02-26 08:00:00+00:00,9.235
2024-02-26 09:00:00+00:00,8.254999999999999
2024-02-26 10:00:00+00:00,9.0525
2024-02-26 11:00:00+00:00,10.73
2024-02-26 12:00:00+00:00,27.335
2024-02-26 13:00:00+00:00,12.52
2024-02-26 14:00:00+00:00,7.0625
2024-02-26 15:00:00+00:00,8.03
2024-02-26 16:00:00+00:00,8.9575
2024-02-26 17:00:00+00:00,6.33
2024-02-26 18:00:00+00:00,3.5599999999999996
2024-02-26 19:00:00+00:00,4.655
2024-02-26 20:00:00+00:00,3.9699999999999998
2024-02-26 21:00:00+00:00,6.859999999999999
2024-02-26 22:00:00+00:00,14.557500000000001
2024-02-26 23:00:00+00:00,29.6025
2024-02-27 00:00:00+00:00,24.740000000000002
2024-02-27 01:00:00+00:00,19.82
2024-02-27 02:00:00+00:00,17.0375
2024-02-27 03:00:00+00:00,12.725
2024-02-27 04:00:00+00:00,8.535
2024-02-27 05:00:00+00:00,10.967500000000001
2024-02-27 06:00:00+00:00,21.5625
2024-02-27 07:00:00+00:00,17.4175
2024-02-27 08:00:00+00:00,14.9475
2024-02-27 09:00:00+00:00,12.715
2024-02-27 10:00:00+00:00,10.935
2024-02-27 11:00:00+00:00,15.92
2024-02-27 12:00:00+00:00,16.5375
2024-02-27 13:00:00+00:00,14.192499999999999
2024-02-27 14:00:00+00:00,14.3325
2024-02-27 15:00:00+00:00,51.6525
2024-02-27 16:00:00+00:00,14.385
2024-02-27 17:00:00+00:00,18.5075
2024-02-27 18:00:00+00:00,14.69
2024-02-27 19:00:00+00:00,16.3775
2024-02-27 20:00:00+00:00,9.725
2024-02-27 21:00:00+00:00,9.6375
2024-02-27 22:00:00+00:00,13.912500000000001
2024-02-27 23:00:00+00:00,15.185
2024-02-28 00:00:00+00:00,16.6875
2024-02-28 01:00:00+00:00,15.695
2024-02-28 02:00:00+00:00,13.785
2024-02-28 03:00:00+00:00,12.9475
2024-02-28 04:00:00+00:00,8.01
2024-02-28 05:00:00+00:00,15.2575
2024-02-28 06:00:00+00:00,8.3625
2024-02-28 07:00:00+00:00,0.35749999999999993
2024-02-28 08:00:00+00:00,-20.2925
2024-02-28 09:00:00+00:00,-25.2275
2024-02-28 10:00:00+00:00,-2.3674999999999997
2024-02-28 11:00:00+00:00,5.237500000000001
2024-02-28 12:00:00+00:00,12.78
2024-02-28 13:00:00+00:00,13.2975
2024-02-28 14:00:00+00:00,14.025
2024-02-28 15:00:00+00:00,11.535
2024-02-28 16:00:00+00:00,10.035
2024-02-28 17:00:00+00:00,9.6125
2024-02-28 18:00:00+00:00,9.735
2024-02-28 19:00:00+00:00,11.545
2024-02-28 20:00:00+00:00,17.744999999999997
2024-02-28 21:00:00+00:00,42.785
2024-02-28 22:00:00+00:00,26.7775
2024-02-28 23:00:00+00:00,59.337500000000006
2024-02-29 00:00:00+00:00,91.9675
2024-02-29 01:00:00+00:00,70.74
2024-02-29 02:00:00+00:00,54.17
2024-02-29 03:00:00+00:00,37.695
2024-02-29 04:00:00+00:00,23.0875
2024-02-29 05:00:00+00:00,21.9875
2024-02-29 06:00:00+00:00,21.24
2024-02-29 07:00:00+00:00,21.285
2024-02-29 08:00:00+00:00,16.345
2024-02-29 09:00:00+00:00,22.009999999999998
2024-02-29 10:00:00+00:00,31.22
2024-02-29 11:00:00+00:00,46.4075
2024-02-29 12:00:00+00:00,49.345
2024-02-29 13:00:00+00:00,50.7825
2024-02-29 14:00:00+00:00,32.09
2024-02-29 15:00:00+00:00,24.275
2024-02-29 16:00:00+00:00,29.195
2024-02-29 17:00:00+00:00,21.0725
2024-02-29 18:00:00+00:00,17.185000000000002
2024-02-29 19:00:00+00:00,16.427500000000002
2024-02-29 20:00:00+00:00,15.685
2024-02-29 21:00:00+00:00,16.7175
2024-02-29 22:00:00+00:00,17.197499999999998
2024-02-29 23:00:00+00:00,37.260000000000005
2024-03-01 00:00:00+00:00,61.225
2024-03-01 01:00:00+00:00,31.5925
2024-03-01 02:00:00+00:00,20.47
2024-03-01 03:00:00+00:00,19.5475
2024-03-01 04:00:00+00:00,16.5375
2024-03-01 05:00:00+00:00,13.135
2024-03-01 06:00:00+00:00,10.045
2024-03-01 07:00:00+00:00,9.55
2024-03-01 08:00:00+00:00,8.6275
2024-03-01 09:00:00+00:00,6.8775
2024-03-01 10:00:00+00:00,6.9275
2024-03-01 11:00:00+00:00,9.99
2024-03-01 12:00:00+00:00,14.2625
2024-03-01 13:00:00+00:00,14.3175
2024-03-01 14:00:00+00:00,9.23
2024-03-01 15:00:00+00:00,10.6675
2024-03-01 16:00:00+00:00,9.295
2024-03-01 17:00:00+00:00,6.335
2024-03-01 18:00:00+00:00,3.6275
2024-03-01 19:00:00+00:00,0.32499999999999996
2024-03-01 20:00:00+00:00,0.0075
2024-03-01 21:00:00+00:00,0.0
2024-03-01 22:00:00+00:00,1.6875
2024-03-01 23:00:00+00:00,9.82
2024-03-02 00:00:00+00:00,22.545
2024-03-02 01:00:00+00:00,13.5825
2024-03-02 02:00:00+00:00,11.285
2024-03-02 03:00:00+00:00,10.0325
2024-03-02 04:00:00+00:00,8.8775
2024-03-02 05:00:00+00:00,7.6325
2024-03-02 06:00:00+00:00,11.975
2024-03-02 07:00:00+00:00,10.7625
2024-03-02 08:00:00+00:00,10.19
2024-03-02 09:00:00+00:00,10.9225
2024-03-02 10:00:00+00:00,14.377500000000001
2024-03-02 11:00:00+00:00,17.7625
2024-03-02 12:00:00+00:00,21.2225
2024-03-02 13:00:00+00:00,16.06
2024-03-02 14:00:00+00:00,5.3825
2024-03-02 15:00:00+00:00,8.120000000000001
2024-03-02 16:00:00+00:00,7.734999999999999
2024-03-02 17:00:00+00:00,7.4675
2024-03-02 18:00:00+00:00,5.375
2024-03-02 19:00:00+00:00,5.0775
2024-03-02 20:00:00+00:00,4.8774999999999995
2024-03-02 21:00:00+00:00,6.7524999999999995
2024-03-02 22:00:00+00:00,7.4399999999999995
2024-03-02 23:00:00+00:00,8.967500000000001
2024-03-03 00:00:00+00:00,19.3475
2024-03-03 01:00:00+00:00,13.9025
2024-03-03 02:00:00+00:00,8.27
2024-03-03 03:00:00+00:00,7.615
2024-03-03 04:00:00+00:00,5.9175
2024-03-03 05:00:00+00:00,7.255
2024-03-03 06:00:00+00:00,10.14
2024-03-03 07:00:00+00:00,6.3675
2024-03-03 08:00:00+00:00,0.9949999999999999
2024-03-03 09:00:00+00:00,-0.895
2024-03-03 10:00:00+00:00,0.835
2024-03-03 11:00:00+00:00,4.7925
2024-03-03 12:00:00+00:00,7.465
2024-03-03 13:00:00+00:00,8.1525
2024-03-03 14:00:00+00:00,9.6025
2024-03-03 15:00:00+00:00,9.65
2024-03-03 16:00:00+00:00,3.4899999999999998
2024-03-03 17:00:00+00:00,3.1375
2024-03-03 18:00:00+00:00,7.3325
2024-03-03 19:00:00+00:00,8.46
2024-03-03 20:00:00+00:00,10.99
2024-03-03 21:00:00+00:00,12.217500000000001
2024-03-03 22:00:00+00:00,13.9475
2024-03-03 23:00:00+00:00,45.0075
2024-03-04 00:00:00+00:00,58.1025
2024-03-04 01:00:00+00:00,21.5225
2024-03-04 02:00:00+00:00,16.4375
2024-03-04 03:00:00+00:00,14.0775
2024-03-04 04:00:00+00:00,9.5775
2024-03-04 05:00:00+00:00,9.780000000000001
2024-03-04 06:00:00+00:00,9.2125
2024-03-04 07:00:00+00:00,6.4399999999999995
2024-03-04 08:00:00+00:00,7.1475
2024-03-04 09:00:00+00:00,5.915
2024-03-04 10:00:00+00:00,4.7675
2024-03-04 11:00:00+00:00,6.7425
2024-03-04 12:00:00+00:00,10.6475
2024-03-04 13:00:00+00:00,10.7
2024-03-04 14:00:00+00:00,8.705
2024-03-04 15:00:00+00:00,9.755
2024-03-04 16:00:00+00:00,13.3825
2024-03-04 17:00:00+00:00,14.045
2024-03-04 18:00:00+00:00,18.505
2024-03-04 19:00:00+00:00,22.7675
2024-03-04 20:00:00+00:00,35.0
2024-03-04 21:00:00+00:00,48.497499999999995
2024-03-04 22:00:00+00:00,63.4225
2024-03-04 23:00:00+00:00,232.145
2024-03-05 00:00:00+00:00,721.31
2024-03-05 01:00:00+00:00,204.85
2024-03-05 02:00:00+00:00,66.6175
2024-03-05 03:00:00+00:00,42.195
2024-03-05 04:00:00+00:00,34.26
2024-03-05 05:00:00+00:00,19.192500000000003
2024-03-05 06:00:00+00:00,20.072499999999998
2024-03-05 07:00:00+00:00,20.9
2024-03-05 08:00:00+00:00,23.177500000000002
2024-03-05 09:00:00+00:00,21.84
2024-03-05 10:00:00+00:00,17.784999999999997
2024-03-05 11:00:00+00:00,24.88
2024-03-05 12:00:00+00:00,38.05
2024-03-05 13:00:00+00:00,22.225
2024-03-05 14:00:00+00:00,13.955
2024-03-05 15:00:00+00:00,11.8575
2024-03-05 16:00:00+00:00,10.98
2024-03-05 17:00:00+00:00,12.2325
2024-03-05 18:00:00+00:00,16.435
2024-03-05 19:00:00+00:00,17.17
2024-03-05 20:00:00+00:00,15.725
2024-03-05 21:00:00+00:00,14.78
2024-03-05 22:00:00+00:00,16.622500000000002
2024-03-05 23:00:00+00:00,41.0525
2024-03-06 00:00:00+00:00,34.7625
2024-03-06 01:00:00+00:00,28.4875
2024-03-06 02:00:00+00:00,27.365000000000002
2024-03-06 03:00:00+00:00,23.265
2024-03-06 04:00:00+00:00,21.0775
2024-03-06 05:00:00+00:00,17.06
2024-03-06 06:00:00+00:00,14.225
2024-03-06 07:00:00+00:00,13.237499999999999
2024-03-06 08:00:00+00:00,14.76
2024-03-06 09:00:00+00:00,16.0875
2024-03-06 10:00:00+00:00,18.3275
2024-03-06 11:00:00+00:00,22.82
2024-03-06 12:00:00+00:00,30.74
2024-03-06 13:00:00+00:00,20.9525
2024-03-06 14:00:00+00:00,19.0775
2024-03-06 15:00:00+00:00,19.2875
2024-03-06 16:00:00+00:00,17.1175
2024-03-06 17:00:00+00:00,16.155
2024-03-06 18:00:00+00:00,15.2925
2024-03-06 19:00:00+00:00,15.2875
2024-03-06 20:00:00+00:00,16.7125
2024-03-06 21:00:00+00:00,20.355
2024-03-06 22:00:00+00:00,28.4175
2024-03-06 23:00:00+00:00,59.3125
2024-03-07 00:00:00+00:00,42.9025
2024-03-07 01:00:00+00:00,50.4075
2024-03-07 02:00:00+00:00,28.3175
2024-03-07 03:00:00+00:00,26.2425
2024-03-07 04:00:00+00:00,19.877499999999998
2024-03-07 05:00:00+00:00,21.865
2024-03-07 06:00:00+00:00,21.63
2024-03-07 07:00:00+00:00,18.8275
2024-03-07 08:00:00+00:00,24.6925
2024-03-07 09:00:00+00:00,22.3875
2024-03-07 10:00:00+00:00,19.0775
2024-03-07 11:00:00+00:00,15.4875
2024-03-07 12:00:00+00:00,18.85
2024-03-07 13:00:00+00:00,20.395
2024-03-07 14:00:00+00:00,71.4675
2024-03-07 15:00:00+00:00,18.1075
2024-03-07 16:00:00+00:00,19.7275
2024-03-07 17:00:00+00:00,15.625
2024-03-07 18:00:00+00:00,16.745
2024-03-07 19:00:00+00:00,18.615000000000002
2024-03-07 20:00:00+00:00,19.7725
2024-03-07 21:00:00+00:00,19.9325
2024-03-07 22:00:00+00:00,25.785
2024-03-07 23:00:00+00:00,55.7825
2024-03-08 00:00:00+00:00,51.8925
2024-03-08 01:00:00+00:00,110.3675
2024-03-08 02:00:00+00:00,134.2725
2024-03-08 03:00:00+00:00,54.2425
2024-03-08 04:00:00+00:00,34.8075
2024-03-08 05:00:00+00:00,28.97
2024-03-08 06:00:00+00:00,29.62
2024-03-08 07:00:00+00:00,25.4525
2024-03-08 08:00:00+00:00,21.28
2024-03-08 09:00:00+00:00,19.895
2024-03-08 10:00:00+00:00,20.77
2024-03-08 11:00:00+00:00,20.134999999999998
2024-03-08 12:00:00+00:00,25.4125
2024-03-08 13:00:00+00:00,17.8575
2024-03-08 14:00:00+00:00,17.125
2024-03-08 15:00:00+00:00,10.89
2024-03-08 16:00:00+00:00,9.475
2024-03-08 17:00:00+00:00,6.195
2024-03-08 18:00:00+00:00,1.6949999999999998
2024-03-08 19:00:00+00:00,8.74
2024-03-08 20:00:00+00:00,12.8975
2024-03-08 21:00:00+00:00,13.1325
2024-03-08 22:00:00+00:00,17.8525
2024-03-08 23:00:00+00:00,15.2875
2024-03-09 00:00:00+00:00,18.88
2024-03-09 01:00:00+00:00,16.6325
2024-03-09 02:00:00+00:00,11.975
2024-03-09 03:00:00+00:00,10.1325
2024-03-09 04:00:00+00:00,6.82
2024-03-09 05:00:00+00:00,6.325
2024-03-09 06:00:00+00:00,4.4575
2024-03-09 07:00:00+00:00,-0.47
2024-03-09 08:00:00+00:00,-0.75
2024-03-09 09:00:00+00:00,3.3525
2024-03-09 10:00:00+00:00,7.5649999999999995
2024-03-09 11:00:00+00:00,12.9225
2024-03-09 12:00:00+00:00,19.7425
2024-03-09 13:00:00+00:00,20.64
2024-03-09 14:00:00+00:00,19.59
2024-03-09 15:00:00+00:00,17.985
2024-03-09 16:00:00+00:00,12.7475
2024-03-09 17:00:00+00:00,7.4125000000000005
2024-03-09 18:00:00+00:00,4.285
2024-03-09 19:00:00+00:00,0.6074999999999999
2024-03-09 20:00:00+00:00,-0.3425
2024-03-09 21:00:00+00:00,-0.04
2024-03-09 22:00:00+00:00,-0.565
2024-03-09 23:00:00+00:00,18.8975
2024-03-10 00:00:00+00:00,51.465
2024-03-10 01:00:00+00:00,29.325
2024-03-10 02:00:00+00:00,35.504999999999995
2024-03-10 03:00:00+00:00,39.6625
2024-03-10 04:00:00+00:00,32.315
2024-03-10 05:00:00+00:00,33.3625
2024-03-10 06:00:00+00:00,37.56
2024-03-10 07:00:00+00:00,38.6575
2024-03-10 08:00:00+00:00,31.0625
2024-03-10 09:00:00+00:00,31.61
2024-03-10 10:00:00+00:00,28.8
2024-03-10 11:00:00+00:00,29.0575
2024-03-10 12:00:00+00:00,30.1175
2024-03-10 13:00:00+00:00,21.21
2024-03-10 14:00:00+00:00,10.305
2024-03-10 15:00:00+00:00,6.4175
2024-03-10 16:00:00+00:00,4.53
2024-03-10 17:00:00+00:00,1.1675
2024-03-10 18:00:00+00:00,0.4275
2024-03-10 19:00:00+00:00,0.01
2024-03-10 20:00:00+00:00,1.0075
2024-03-10 21:00:00+00:00,4.0600000000000005
2024-03-10 22:00:00+00:00,8.6375
2024-03-10 23:00:00+00:00,17.4775
2024-03-11 00:00:00+00:00,28.905
2024-03-11 01:00:00+00:00,18.915
2024-03-11 02:00:00+00:00,14.5475
2024-03-11 03:00:00+00:00,13.3875
2024-03-11 04:00:00+00:00,11.1375
2024-03-11 05:00:00+00:00,10.067499999999999
2024-03-11 06:00:00+00:00,8.434999999999999
2024-03-11 07:00:00+00:00,1.7075
2024-03-11 08:00:00+00:00,-0.4975
2024-03-11 09:00:00+00:00,0.52
2024-03-11 10:00:00+00:00,8.64
2024-03-11 11:00:00+00:00,12.695
2024-03-11 12:00:00+00:00,16.2025
2024-03-11 13:00:00+00:00,13.8575
2024-03-11 14:00:00+00:00,9.235
2024-03-11 15:00:00+00:00,1.185
2024-03-11 16:00:00+00:00,0.2475
2024-03-11 17:00:00+00:00,0.01
2024-03-11 18:00:00+00:00,0.1975
2024-03-11 19:00:00+00:00,0.12000000000000001
2024-03-11 20:00:00+00:00,0.12
2024-03-11 21:00:00+00:00,0.13
2024-03-11 22:00:00+00:00,0.2875
2024-03-11 23:00:00+00:00,11.232500000000002
2024-03-12 00:00:00+00:00,36.5825
2024-03-12 01:00:00+00:00,16.9075
2024-03-12 02:00:00+00:00,10.6625
2024-03-12 03:00:00+00:00,9.5325
2024-03-12 04:00:00+00:00,5.9425
2024-03-12 05:00:00+00:00,0.7725000000000002
2024-03-12 06:00:00+00:00,-7.0275
2024-03-12 07:00:00+00:00,-23.995
2024-03-12 08:00:00+00:00,-26.142500000000002
2024-03-12 09:00:00+00:00,-10.454999999999998
2024-03-12 10:00:00+00:00,3.945
2024-03-12 11:00:00+00:00,9.9075
2024-03-12 12:00:00+00:00,13.785
2024-03-12 13:00:00+00:00,13.055
2024-03-12 14:00:00+00:00,10.0
2024-03-12 15:00:00+00:00,2.4625
2024-03-12 16:00:00+00:00,0.7749999999999999
2024-03-12 17:00:00+00:00,3.7199999999999998
2024-03-12 18:00:00+00:00,14.8725
2024-03-12 19:00:00+00:00,17.145
2024-03-12 20:00:00+00:00,16.1075
2024-03-12 21:00:00+00:00,9.83
2024-03-12 22:00:00+00:00,6.9975000000000005
2024-03-12 23:00:00+00:00,23.65
2024-03-13 00:00:00+00:00,34.58
2024-03-13 01:00:00+00:00,18.125
2024-03-13 02:00:00+00:00,12.455
2024-03-13 03:00:00+00:00,8.629999999999999
2024-03-13 04:00:00+00:00,8.3475
2024-03-13 05:00:00+00:00,7.749999999999999
2024-03-13 06:00:00+00:00,3.27
2024-03-13 07:00:00+00:00,0.28500000000000003
2024-03-13 08:00:00+00:00,-1.42
2024-03-13 09:00:00+00:00,-0.2425
2024-03-13 10:00:00+00:00,3.13
2024-03-13 11:00:00+00:00,6.9025
2024-03-13 12:00:00+00:00,11.852500000000001
2024-03-13 13:00:00+00:00,14.1325
2024-03-13 14:00:00+00:00,12.065
2024-03-13 15:00:00+00:00,11.9475
2024-03-13 16:00:00+00:00,8.695
2024-03-13 17:00:00+00:00,9.235
2024-03-13 18:00:00+00:00,7.452500000000001
2024-03-13 19:00:00+00:00,7.3125
2024-03-13 20:00:00+00:00,6.8725000000000005
2024-03-13 21:00:00+00:00,6.5625
2024-03-13 22:00:00+00:00,8.385
2024-03-13 23:00:00+00:00,17.73
2024-03-14 00:00:00+00:00,27.67
2024-03-14 01:00:00+00:00,25.009999999999998
2024-03-14 02:00:00+00:00,22.175
2024-03-14 03:00:00+00:00,23.2425
2024-03-14 04:00:00+00:00,24.419999999999998
2024-03-14 05:00:00+00:00,24.7225
2024-03-14 06:00:00+00:00,26.8875
2024-03-14 07:00:00+00:00,25.325
2024-03-14 08:00:00+00:00,34.615
2024-03-14 09:00:00+00:00,24.87
2024-03-14 10:00:00+00:00,26.072499999999998
2024-03-14 11:00:00+00:00,32.839999999999996
2024-03-14 12:00:00+00:00,27.2075
2024-03-14 13:00:00+00:00,19.08
2024-03-14 14:00:00+00:00,13.26
2024-03-14 15:00:00+00:00,14.18
2024-03-14 16:00:00+00:00,13.53
2024-03-14 17:00:00+00:00,18.4425
2024-03-14 18:00:00+00:00,15.035
2024-03-14 19:00:00+00:00,13.6775
2024-03-14 20:00:00+00:00,21.9575
2024-03-14 21:00:00+00:00,20.7125
2024-03-14 22:00:00+00:00,22.2525
2024-03-14 23:00:00+00:00,21.7125
2024-03-15 00:00:00+00:00,27.0625
2024-03-15 01:00:00+00:00,18.7525
2024-03-15 02:00:00+00:00,13.899999999999999
2024-03-15 03:00:00+00:00,12.817499999999999
2024-03-15 04:00:00+00:00,11.7375
2024-03-15 05:00:00+00:00,18.32
2024-03-15 06:00:00+00:00,10.2725
2024-03-15 07:00:00+00:00,8.7125
2024-03-15 08:00:00+00:00,8.605
2024-03-15 09:00:00+00:00,9.24
2024-03-15 10:00:00+00:00,9.280000000000001
2024-03-15 11:00:00+00:00,10.065
2024-03-15 12:00:00+00:00,10.8575
2024-03-15 13:00:00+00:00,9.36
2024-03-15 14:00:00+00:00,7.1275
2024-03-15 15:00:00+00:00,6.535
2024-03-15 16:00:00+00:00,5.6175
2024-03-15 17:00:00+00:00,6.57
2024-03-15 18:00:00+00:00,7.36
2024-03-15 19:00:00+00:00,7.0325
2024-03-15 20:00:00+00:00,7.4275
2024-03-15 21:00:00+00:00,8.475
2024-03-15 22:00:00+00:00,7.984999999999999
2024-03-15 23:00:00+00:00,17.86
2024-03-16 00:00:00+00:00,39.5575
2024-03-16 01:00:00+00:00,26.6325
2024-03-16 02:00:00+00:00,22.495
2024-03-16 03:00:00+00:00,22.5325
2024-03-16 04:00:00+00:00,24.5925
2024-03-16 05:00:00+00:00,22.2925
2024-03-16 06:00:00+00:00,20.6525
2024-03-16 07:00:00+00:00,21.9075
2024-03-16 08:00:00+00:00,22.08
2024-03-16 09:00:00+00:00,19.1425
2024-03-16 10:00:00+00:00,23.8425
2024-03-16 11:00:00+00:00,25.0475
2024-03-16 12:00:00+00:00,30.384999999999998
2024-03-16 13:00:00+00:00,35.4
2024-03-16 14:00:00+00:00,64.0475
2024-03-16 15:00:00+00:00,42.25
2024-03-16 16:00:00+00:00,40.685
2024-03-16 17:00:00+00:00,26.165
2024-03-16 18:00:00+00:00,23.3675
2024-03-16 19:00:00+00:00,23.895
2024-03-16 20:00:00+00:00,25.945
2024-03-16 21:00:00+00:00,27.5125
2024-03-16 22:00:00+00:00,28.035
2024-03-16 23:00:00+00:00,36.28
2024-03-17 00:00:00+00:00,51.207499999999996
2024-03-17 01:00:00+00:00,53.19
2024-03-17 02:00:00+00:00,74.42
2024-03-17 03:00:00+00:00,33.625
2024-03-17 04:00:00+00:00,30.6025
2024-03-17 05:00:00+00:00,30.8225
2024-03-17 06:00:00+00:00,29.8875
2024-03-17 07:00:00+00:00,20.4075
2024-03-17 08:00:00+00:00,19.35
2024-03-17 09:00:00+00:00,21.835
2024-03-17 10:00:00+00:00,17.5875
2024-03-17 11:00:00+00:00,19.235
2024-03-17 12:00:00+00:00,20.432499999999997
2024-03-17 13:00:00+00:00,21.3875
2024-03-17 14:00:00+00:00,22.61
2024-03-17 15:00:00+00:00,18.3475
2024-03-17 16:00:00+00:00,18.9175
2024-03-17 17:00:00+00:00,19.1875
2024-03-17 18:00:00+00:00,17.05
2024-03-17 19:00:00+00:00,16.7975
2024-03-17 20:00:00+00:00,22.05
2024-03-17 21:00:00+00:00,26.2925
2024-03-17 22:00:00+00:00,28.075
2024-03-17 23:00:00+00:00,24.865000000000002
2024-03-18 00:00:00+00:00,34.6525
2024-03-18 01:00:00+00:00,54.465
2024-03-18 02:00:00+00:00,21.2125
2024-03-18 03:00:00+00:00,19.215
2024-03-18 04:00:00+00:00,16.5
2024-03-18 05:00:00+00:00,15.1225
2024-03-18 06:00:00+00:00,14.865
2024-03-18 07:00:00+00:00,16.8925
2024-03-18 08:00:00+00:00,18.925
2024-03-18 09:00:00+00:00,21.155
2024-03-18 10:00:00+00:00,29.2
2024-03-18 11:00:00+00:00,81.155
2024-03-18 12:00:00+00:00,85.65
2024-03-18 13:00:00+00:00,26.4825
2024-03-18 14:00:00+00:00,15.275
2024-03-18 15:00:00+00:00,10.5825
2024-03-18 16:00:00+00:00,8.645
2024-03-18 17:00:00+00:00,9.754999999999999
2024-03-18 18:00:00+00:00,8.6375
2024-03-18 19:00:00+00:00,8.8075
2024-03-18 20:00:00+00:00,10.575
2024-03-18 21:00:00+00:00,13.795
2024-03-18 22:00:00+00:00,13.3525
2024-03-18 23:00:00+00:00,51.715
2024-03-19 00:00:00+00:00,193.53
2024-03-19 01:00:00+00:00,94.1825
2024-03-19 02:00:00+00:00,42.8225
2024-03-19 03:00:00+00:00,24.275
2024-03-19 04:00:00+00:00,22.09
2024-03-19 05:00:00+00:00,22.965
2024-03-19 06:00:00+00:00,20.9825
2024-03-19 07:00:00+00:00,21.0775
2024-03-19 08:00:00+00:00,21.1325
2024-03-19 09:00:00+00:00,20.5775
2024-03-19 10:00:00+00:00,28.0025
2024-03-19 11:00:00+00:00,77.89
2024-03-19 12:00:00+00:00,100.6525
2024-03-19 13:00:00+00:00,22.9425
2024-03-19 14:00:00+00:00,12.7225
2024-03-19 15:00:00+00:00,5.3475
2024-03-19 16:00:00+00:00,2.165
2024-03-19 17:00:00+00:00,2.2225
2024-03-19 18:00:00+00:00,1.5275
2024-03-19 19:00:00+00:00,2.325
2024-03-19 20:00:00+00:00,2.49
2024-03-19 21:00:00+00:00,5.0649999999999995
2024-03-19 22:00:00+00:00,6.1225
2024-03-19 23:00:00+00:00,11.99
2024-03-20 00:00:00+00:00,53.3775
2024-03-20 01:00:00+00:00,23.6175
2024-03-20 02:00:00+00:00,19.11
2024-03-20 03:00:00+00:00,37.3425
2024-03-20 04:00:00+00:00,33.114999999999995
2024-03-20 05:00:00+00:00,21.68
2024-03-20 06:00:00+00:00,6.425
2024-03-20 07:00:00+00:00,6.415
2024-03-20 08:00:00+00:00,5.9675
2024-03-20 09:00:00+00:00,10.6425
2024-03-20 10:00:00+00:00,16.59
2024-03-20 11:00:00+00:00,31.384999999999998
2024-03-20 12:00:00+00:00,52.7575
2024-03-20 13:00:00+00:00,52.985
2024-03-20 14:00:00+00:00,20.5225
2024-03-20 15:00:00+00:00,18.377499999999998
2024-03-20 16:00:00+00:00,16.67
2024-03-20 17:00:00+00:00,15.9525
2024-03-20 18:00:00+00:00,12.895
2024-03-20 19:00:00+00:00,15.275
2024-03-20 20:00:00+00:00,17.235
2024-03-20 21:00:00+00:00,15.774999999999999
2024-03-20 22:00:00+00:00,19.84
2024-03-20 23:00:00+00:00,25.19
2024-03-21 00:00:00+00:00,33.095
2024-03-21 01:00:00+00:00,26.73
2024-03-21 02:00:00+00:00,21.325000000000003
2024-03-21 03:00:00+00:00,16.0125
2024-03-21 04:00:00+00:00,13.8375
2024-03-21 05:00:00+00:00,10.59
2024-03-21 06:00:00+00:00,13.2875
2024-03-21 07:00:00+00:00,16.6075
2024-03-21 08:00:00+00:00,18.0325
2024-03-21 09:00:00+00:00,23.1625
2024-03-21 10:00:00+00:00,36.515
2024-03-21 11:00:00+00:00,81.555
2024-03-21 12:00:00+00:00,72.6275
2024-03-21 13:00:00+00:00,40.77
2024-03-21 14:00:00+00:00,36.105
2024-03-21 15:00:00+00:00,21.9725
2024-03-21 16:00:00+00:00,20.235
2024-03-21 17:00:00+00:00,21.3575
2024-03-21 18:00:00+00:00,19.845
2024-03-21 19:00:00+00:00,19.259999999999998
2024-03-21 20:00:00+00:00,20.4925
2024-03-21 21:00:00+00:00,17.072499999999998
2024-03-21 22:00:00+00:00,15.355
2024-03-21 23:00:00+00:00,30.9425
2024-03-22 00:00:00+00:00,66.4025
2024-03-22 01:00:00+00:00,51.515
2024-03-22 02:00:00+00:00,49.2675
2024-03-22 03:00:00+00:00,40.56
2024-03-22 04:00:00+00:00,33.0325
2024-03-22 05:00:00+00:00,33.425
2024-03-22 06:00:00+00:00,35.2425
2024-03-22 07:00:00+00:00,29.0925
2024-03-22 08:00:00+00:00,25.855
2024-03-22 09:00:00+00:00,37.76
2024-03-22 10:00:00+00:00,29.942500000000003
2024-03-22 11:00:00+00:00,51.6125
2024-03-22 12:00:00+00:00,116.62
2024-03-22 13:00:00+00:00,20.3275
2024-03-22 14:00:00+00:00,14.2
2024-03-22 15:00:00+00:00,11.765
2024-03-22 16:00:00+00:00,9.7075
2024-03-22 17:00:00+00:00,6.85
2024-03-22 18:00:00+00:00,0.27
2024-03-22 19:00:00+00:00,0.45
2024-03-22 20:00:00+00:00,1.1
2024-03-22 21:00:00+00:00,0.95
2024-03-22 22:00:00+00:00,1.7850000000000001
2024-03-22 23:00:00+00:00,12.1675
2024-03-23 00:00:00+00:00,27.145
2024-03-23 01:00:00+00:00,20.3825
2024-03-23 02:00:00+00:00,14.907499999999999
2024-03-23 03:00:00+00:00,13.3325
2024-03-23 04:00:00+00:00,12.0625
2024-03-23 05:00:00+00:00,12.02
2024-03-23 06:00:00+00:00,8.955
2024-03-23 07:00:00+00:00,9.9475
2024-03-23 08:00:00+00:00,13.209999999999999
2024-03-23 09:00:00+00:00,18.225
2024-03-23 10:00:00+00:00,21.935000000000002
2024-03-23 11:00:00+00:00,31.8675
2024-03-23 12:00:00+00:00,45.472500000000004
2024-03-23 13:00:00+00:00,20.2575
2024-03-23 14:00:00+00:00,17.7675
2024-03-23 15:00:00+00:00,14.565
2024-03-23 16:00:00+00:00,12.17
2024-03-23 17:00:00+00:00,11.157499999999999
2024-03-23 18:00:00+00:00,9.155000000000001
2024-03-23 19:00:00+00:00,7.975
2024-03-23 20:00:00+00:00,6.6625
2024-03-23 21:00:00+00:00,6.09
2024-03-23 22:00:00+00:00,9.9025
2024-03-23 23:00:00+00:00,20.375
2024-03-24 00:00:00+00:00,21.1175
2024-03-24 01:00:00+00:00,15.682500000000001
2024-03-24 02:00:00+00:00,12.475
2024-03-24 03:00:00+00:00,12.1575
2024-03-24 04:00:00+00:00,7.86
2024-03-24 05:00:00+00:00,5.3975
2024-03-24 06:00:00+00:00,-2.275
2024-03-24 07:00:00+00:00,-16.2925
2024-03-24 08:00:00+00:00,-29.07
2024-03-24 09:00:00+00:00,-30.31
2024-03-24 10:00:00+00:00,-29.96
2024-03-24 11:00:00+00:00,-19.2775
2024-03-24 12:00:00+00:00,1.005
2024-03-24 13:00:00+00:00,3.025
2024-03-24 14:00:00+00:00,3.59
2024-03-24 15:00:00+00:00,3.065
2024-03-24 16:00:00+00:00,3.09
2024-03-24 17:00:00+00:00,1.0425
2024-03-24 18:00:00+00:00,-1.8675000000000002
2024-03-24 19:00:00+00:00,4.18
2024-03-24 20:00:00+00:00,6.955
2024-03-24 21:00:00+00:00,10.3925
2024-03-24 22:00:00+00:00,8.6675
2024-03-24 23:00:00+00:00,10.26
2024-03-25 00:00:00+00:00,20.85
2024-03-25 01:00:00+00:00,32.1025
2024-03-25 02:00:00+00:00,36.8425
2024-03-25 03:00:00+00:00,17.0725
2024-03-25 04:00:00+00:00,14.42
2024-03-25 05:00:00+00:00,13.18
2024-03-25 06:00:00+00:00,12.57
2024-03-25 07:00:00+00:00,14.19
2024-03-25 08:00:00+00:00,13.5175
2024-03-25 09:00:00+00:00,12.1825
2024-03-25 10:00:00+00:00,12.83
2024-03-25 11:00:00+00:00,22.335
2024-03-25 12:00:00+00:00,16.4925
2024-03-25 13:00:00+00:00,19.58
2024-03-25 14:00:00+00:00,16.78
2024-03-25 15:00:00+00:00,10.995000000000001
2024-03-25 16:00:00+00:00,12.4
2024-03-25 17:00:00+00:00,7.4875
2024-03-25 18:00:00+00:00,3.865
2024-03-25 19:00:00+00:00,1.1075
2024-03-25 20:00:00+00:00,0.1225
2024-03-25 21:00:00+00:00,1.6575
2024-03-25 22:00:00+00:00,1.7275
2024-03-25 23:00:00+00:00,8.7125
2024-03-26 00:00:00+00:00,42.9675
2024-03-26 01:00:00+00:00,26.465
2024-03-26 02:00:00+00:00,24.465
2024-03-26 03:00:00+00:00,21.155
2024-03-26 04:00:00+00:00,17.009999999999998
2024-03-26 05:00:00+00:00,16.525
2024-03-26 06:00:00+00:00,17.595
2024-03-26 07:00:00+00:00,25.3275
2024-03-26 08:00:00+00:00,38.8
2024-03-26 09:00:00+00:00,34.57
2024-03-26 10:00:00+00:00,32.735
2024-03-26 11:00:00+00:00,72.595
2024-03-26 12:00:00+00:00,44.402499999999996
2024-03-26 13:00:00+00:00,17.25
2024-03-26 14:00:00+00:00,7.245
2024-03-26 15:00:00+00:00,6.2475000000000005
2024-03-26 16:00:00+00:00,5.3075
2024-03-26 17:00:00+00:00,5.9675
2024-03-26 18:00:00+00:00,6.1125
2024-03-26 19:00:00+00:00,6.69
2024-03-26 20:00:00+00:00,7.3575
2024-03-26 21:00:00+00:00,8.015
2024-03-26 22:00:00+00:00,11.7125
2024-03-26 23:00:00+00:00,37.7375
2024-03-27 00:00:00+00:00,86.915
2024-03-27 01:00:00+00:00,55.95
2024-03-27 02:00:00+00:00,29.95
2024-03-27 03:00:00+00:00,22.095
2024-03-27 04:00:00+00:00,14.7375
2024-03-27 05:00:00+00:00,11.0125
2024-03-27 06:00:00+00:00,8.655000000000001
2024-03-27 07:00:00+00:00,9.305
2024-03-27 08:00:00+00:00,12.307500000000001
2024-03-27 09:00:00+00:00,20.48
2024-03-27 10:00:00+00:00,24.1475
2024-03-27 11:00:00+00:00,39.1525
2024-03-27 12:00:00+00:00,42.1
2024-03-27 13:00:00+00:00,16.5375
2024-03-27 14:00:00+00:00,9.745000000000001
2024-03-27 15:00:00+00:00,7.2825
2024-03-27 16:00:00+00:00,7.02
2024-03-27 17:00:00+00:00,6.1825
2024-03-27 18:00:00+00:00,5.15
2024-03-27 19:00:00+00:00,2.8375
2024-03-27 20:00:00+00:00,4.325
2024-03-27 21:00:00+00:00,6.7775
2024-03-27 22:00:00+00:00,6.81
2024-03-27 23:00:00+00:00,9.43
2024-03-28 00:00:00+00:00,51.474999999999994
2024-03-28 01:00:00+00:00,20.9525
2024-03-28 02:00:00+00:00,19.36
2024-03-28 03:00:00+00:00,17.715
2024-03-28 04:00:00+00:00,13.95
2024-03-28 05:00:00+00:00,13.815
2024-03-28 06:00:00+00:00,14.895
2024-03-28 07:00:00+00:00,20.005
2024-03-28 08:00:00+00:00,24.165
2024-03-28 09:00:00+00:00,26.14
2024-03-28 10:00:00+00:00,32.2375
2024-03-28 11:00:00+00:00,71.5775
2024-03-28 12:00:00+00:00,64.715
2024-03-28 13:00:00+00:00,12.3
2024-03-28 14:00:00+00:00,4.925
2024-03-28 15:00:00+00:00,6.4975000000000005
2024-03-28 16:00:00+00:00,4.63
2024-03-28 17:00:00+00:00,5.385
2024-03-28 18:00:00+00:00,4.8625
2024-03-28 19:00:00+00:00,4.657500000000001
2024-03-28 20:00:00+00:00,3.3875
2024-03-28 21:00:00+00:00,1.3475
2024-03-28 22:00:00+00:00,0.8374999999999999
2024-03-28 23:00:00+00:00,5.1625
2024-03-29 00:00:00+00:00,13.445
2024-03-29 01:00:00+00:00,8.7675
2024-03-29 02:00:00+00:00,2.3025
2024-03-29 03:00:00+00:00,3.91
2024-03-29 04:00:00+00:00,8.8775
2024-03-29 05:00:00+00:00,4.48
2024-03-29 06:00:00+00:00,1.4900000000000002
2024-03-29 07:00:00+00:00,-8.440000000000001
2024-03-29 08:00:00+00:00,-6.1925
2024-03-29 09:00:00+00:00,0.9550000000000001
2024-03-29 10:00:00+00:00,5.705
2024-03-29 11:00:00+00:00,9.8625
2024-03-29 12:00:00+00:00,11.62
2024-03-29 13:00:00+00:00,-0.007499999999999951
2024-03-29 14:00:00+00:00,-1.5375
2024-03-29 15:00:00+00:00,-1.0999999999999999
2024-03-29 16:00:00+00:00,-0.985
2024-03-29 17:00:00+00:00,-1.2175
2024-03-29 18:00:00+00:00,-0.9450000000000001
2024-03-29 19:00:00+00:00,-0.435
2024-03-29 20:00:00+00:00,-0.38
2024-03-29 21:00:00+00:00,-0.35750000000000004
2024-03-29 22:00:00+00:00,2.545
2024-03-29 23:00:00+00:00,5.827500000000001
2024-03-30 00:00:00+00:00,9.755
2024-03-30 01:00:00+00:00,9.094999999999999
2024-03-30 02:00:00+00:00,6.865
2024-03-30 03:00:00+00:00,5.475
2024-03-30 04:00:00+00:00,7.0024999999999995
2024-03-30 05:00:00+00:00,7.7775
2024-03-30 06:00:00+00:00,4.73
2024-03-30 07:00:00+00:00,1.5150000000000001
2024-03-30 08:00:00+00:00,-0.54
2024-03-30 09:00:00+00:00,0.235
2024-03-30 10:00:00+00:00,4.735
2024-03-30 11:00:00+00:00,10.5425
2024-03-30 12:00:00+00:00,12.940000000000001
2024-03-30 13:00:00+00:00,9.375
2024-03-30 14:00:00+00:00,7.4475
2024-03-30 15:00:00+00:00,10.5125
2024-03-30 16:00:00+00:00,18.65
2024-03-30 17:00:00+00:00,26.1525
2024-03-30 18:00:00+00:00,28.085
2024-03-30 19:00:00+00:00,32.12
2024-03-30 20:00:00+00:00,32.9175
2024-03-30 21:00:00+00:00,34.4275
2024-03-30 22:00:00+00:00,65.5625
2024-03-30 23:00:00+00:00,36.4775
2024-03-31 00:00:00+00:00,23.16
2024-03-31 01:00:00+00:00,16.0575
2024-03-31 02:00:00+00:00,12.605
2024-03-31 03:00:00+00:00,17.665
2024-03-31 04:00:00+00:00,14.107499999999998
2024-03-31 05:00:00+00:00,10.415
2024-03-31 06:00:00+00:00,8.6125
2024-03-31 07:00:00+00:00,7.9350000000000005
2024-03-31 08:00:00+00:00,6.7375
2024-03-31 09:00:00+00:00,8.342500000000001
2024-03-31 10:00:00+00:00,10.462499999999999
2024-03-31 11:00:00+00:00,11.525
2024-03-31 12:00:00+00:00,20.925
2024-03-31 13:00:00+00:00,21.145
2024-03-31 14:00:00+00:00,19.2125
2024-03-31 15:00:00+00:00,18.5225
2024-03-31 16:00:00+00:00,19.25
2024-03-31 17:00:00+00:00,22.7825
2024-03-31 18:00:00+00:00,18.22
2024-03-31 19:00:00+00:00,14.2375
2024-03-31 20:00:00+00:00,14.780000000000001
2024-03-31 21:00:00+00:00,21.9425
2024-03-31 22:00:00+00:00,21.415
2024-03-31 23:00:00+00:00,25.38
2024-04-01 00:00:00+00:00,21.0725
2024-04-01 01:00:00+00:00,17.0175
2024-04-01 02:00:00+00:00,14.215
2024-04-01 03:00:00+00:00,10.004999999999999
2024-04-01 04:00:00+00:00,9.8475
2024-04-01 05:00:00+00:00,6.25
2024-04-01 06:00:00+00:00,5.07
2024-04-01 07:00:00+00:00,4.13
2024-04-01 08:00:00+00:00,4.1675
2024-04-01 09:00:00+00:00,6.57
2024-04-01 10:00:00+00:00,11.5175
2024-04-01 11:00:00+00:00,14.2375
2024-04-01 12:00:00+00:00,16.845
2024-04-01 13:00:00+00:00,21.085
2024-04-01 14:00:00+00:00,20.115
2024-04-01 15:00:00+00:00,18.985
2024-04-01 16:00:00+00:00,17.5
2024-04-01 17:00:00+00:00,16.7
2024-04-01 18:00:00+00:00,15.1775
2024-04-01 19:00:00+00:00,11.535
2024-04-01 20:00:00+00:00,8.515
2024-04-01 21:00:00+00:00,9.9875
2024-04-01 22:00:00+00:00,10.2675
2024-04-01 23:00:00+00:00,17.235
2024-04-02 00:00:00+00:00,16.205
2024-04-02 01:00:00+00:00,16.89
2024-04-02 02:00:00+00:00,17.85
2024-04-02 03:00:00+00:00,13.105
2024-04-02 04:00:00+00:00,12.36
2024-04-02 05:00:00+00:00,11.5225
2024-04-02 06:00:00+00:00,7.8175
2024-04-02 07:00:00+00:00,6.827500000000001
2024-04-02 08:00:00+00:00,1.825
2024-04-02 09:00:00+00:00,-2.45
2024-04-02 10:00:00+00:00,3.87
2024-04-02 11:00:00+00:00,6.6175
2024-04-02 12:00:00+00:00,6.24
2024-04-02 13:00:00+00:00,2.5275
2024-04-02 14:00:00+00:00,-1.665
2024-04-02 15:00:00+00:00,-3.5475
2024-04-02 16:00:00+00:00,-2.83
2024-04-02 17:00:00+00:00,-0.8175
2024-04-02 18:00:00+00:00,-0.245
2024-04-02 19:00:00+00:00,0.07250000000000001
2024-04-02 20:00:00+00:00,0.8775
2024-04-02 21:00:00+00:00,-0.40499999999999997
2024-04-02 22:00:00+00:00,-0.3525
2024-04-02 23:00:00+00:00,3.0175
2024-04-03 00:00:00+00:00,29.3825
2024-04-03 01:00:00+00:00,62.18
2024-04-03 02:00:00+00:00,56.045
2024-04-03 03:00:00+00:00,29.455
2024-04-03 04:00:00+00:00,30.4325
2024-04-03 05:00:00+00:00,31.2575
2024-04-03 06:00:00+00:00,23.89
2024-04-03 07:00:00+00:00,17.79
2024-04-03 08:00:00+00:00,13.7575
2024-04-03 09:00:00+00:00,13.1775
2024-04-03 10:00:00+00:00,13.3875
2024-04-03 11:00:00+00:00,15.01
2024-04-03 12:00:00+00:00,14.942499999999999
2024-04-03 13:00:00+00:00,1.2075
2024-04-03 14:00:00+00:00,2.1125
2024-04-03 15:00:00+00:00,0.69
2024-04-03 16:00:00+00:00,0.01
2024-04-03 17:00:00+00:00,0.01
2024-04-03 18:00:00+00:00,0.01
2024-04-03 19:00:00+00:00,0.01
2024-04-03 20:00:00+00:00,2.0300000000000002
2024-04-03 21:00:00+00:00,4.7825
2024-04-03 22:00:00+00:00,6.0625
2024-04-03 23:00:00+00:00,21.085
2024-04-04 00:00:00+00:00,216.76749999999998
2024-04-04 01:00:00+00:00,107.94500000000001
2024-04-04 02:00:00+00:00,47.185
2024-04-04 03:00:00+00:00,30.5625
2024-04-04 04:00:00+00:00,21.7075
2024-04-04 05:00:00+00:00,15.805
2024-04-04 06:00:00+00:00,11.805
2024-04-04 07:00:00+00:00,6.5875
2024-04-04 08:00:00+00:00,4.234999999999999
2024-04-04 09:00:00+00:00,7.135
2024-04-04 10:00:00+00:00,12.53
2024-04-04 11:00:00+00:00,28.195
2024-04-04 12:00:00+00:00,18.3875
2024-04-04 13:00:00+00:00,6.1
2024-04-04 14:00:00+00:00,6.9799999999999995
2024-04-04 15:00:00+00:00,9.615
2024-04-04 16:00:00+00:00,10.215
2024-04-04 17:00:00+00:00,12.2425
2024-04-04 18:00:00+00:00,14.7975
2024-04-04 19:00:00+00:00,16.275
2024-04-04 20:00:00+00:00,16.7275
2024-04-04 21:00:00+00:00,16.94
2024-04-04 22:00:00+00:00,17.8
2024-04-04 23:00:00+00:00,44.49
2024-04-05 00:00:00+00:00,192.04
2024-04-05 01:00:00+00:00,57.772499999999994
2024-04-05 02:00:00+00:00,20.22
2024-04-05 03:00:00+00:00,16.4375
2024-04-05 04:00:00+00:00,14.02
2024-04-05 05:00:00+00:00,10.120000000000001
2024-04-05 06:00:00+00:00,7.02
2024-04-05 07:00:00+00:00,1.6124999999999998
2024-04-05 08:00:00+00:00,0.2925
2024-04-05 09:00:00+00:00,3.4574999999999996
2024-04-05 10:00:00+00:00,7.6225000000000005
2024-04-05 11:00:00+00:00,14.785
2024-04-05 12:00:00+00:00,11.78
2024-04-05 13:00:00+00:00,-0.1375
2024-04-05 14:00:00+00:00,-0.035
2024-04-05 15:00:00+00:00,-0.1075
2024-04-05 16:00:00+00:00,-0.2775
2024-04-05 17:00:00+00:00,0.09499999999999997
2024-04-05 18:00:00+00:00,3.065
2024-04-05 19:00:00+00:00,12.06
2024-04-05 20:00:00+00:00,15.155
2024-04-05 21:00:00+00:00,13.067499999999999
2024-04-05 22:00:00+00:00,12.4125
2024-04-05 23:00:00+00:00,39.815
2024-04-06 00:00:00+00:00,59.410000000000004
2024-04-06 01:00:00+00:00,21.3325
2024-04-06 02:00:00+00:00,17.7325
2024-04-06 03:00:00+00:00,13.535
2024-04-06 04:00:00+00:00,15.0475
2024-04-06 05:00:00+00:00,12.3975
2024-04-06 06:00:00+00:00,8.4975
2024-04-06 07:00:00+00:00,5.6075
2024-04-06 08:00:00+00:00,4.5225
2024-04-06 09:00:00+00:00,4.0775
2024-04-06 10:00:00+00:00,3.9425
2024-04-06 11:00:00+00:00,5.84
2024-04-06 12:00:00+00:00,6.48
2024-04-06 13:00:00+00:00,5.325
2024-04-06 14:00:00+00:00,4.6925
2024-04-06 15:00:00+00:00,7.655
2024-04-06 16:00:00+00:00,4.1375
2024-04-06 17:00:00+00:00,5.2700000000000005
2024-04-06 18:00:00+00:00,10.32
2024-04-06 19:00:00+00:00,18.3
2024-04-06 20:00:00+00:00,15.975
2024-04-06 21:00:00+00:00,12.815000000000001
2024-04-06 22:00:00+00:00,7.6025
2024-04-06 23:00:00+00:00,9.7975
2024-04-07 00:00:00+00:00,22.48
2024-04-07 01:00:00+00:00,20.5525
2024-04-07 02:00:00+00:00,18.8
2024-04-07 03:00:00+00:00,16.669999999999998
2024-04-07 04:00:00+00:00,14.565000000000001
2024-04-07 05:00:00+00:00,19.02
2024-04-07 06:00:00+00:00,24.45
2024-04-07 07:00:00+00:00,18.35
2024-04-07 08:00:00+00:00,21.03
2024-04-07 09:00:00+00:00,30.1425
2024-04-07 10:00:00+00:00,24.552500000000002
2024-04-07 11:00:00+00:00,24.3975
2024-04-07 12:00:00+00:00,24.8
2024-04-07 13:00:00+00:00,9.795
2024-04-07 14:00:00+00:00,13.76
2024-04-07 15:00:00+00:00,8.11
2024-04-07 16:00:00+00:00,17.267500000000002
2024-04-07 17:00:00+00:00,21.072499999999998
2024-04-07 18:00:00+00:00,11.622499999999999
2024-04-07 19:00:00+00:00,12.3925
2024-04-07 20:00:00+00:00,20.1375
2024-04-07 21:00:00+00:00,12.4175
2024-04-07 22:00:00+00:00,13.389999999999999
2024-04-07 23:00:00+00:00,24.915
2024-04-08 00:00:00+00:00,186.415
2024-04-08 01:00:00+00:00,185.26
2024-04-08 02:00:00+00:00,58.7675
2024-04-08 03:00:00+00:00,29.7125
2024-04-08 04:00:00+00:00,18.2625
2024-04-08 05:00:00+00:00,12.6275
2024-04-08 06:00:00+00:00,9.625
2024-04-08 07:00:00+00:00,8.6475
2024-04-08 08:00:00+00:00,9.8125
2024-04-08 09:00:00+00:00,11.85
2024-04-08 10:00:00+00:00,17.240000000000002
2024-04-08 11:00:00+00:00,24.555
2024-04-08 12:00:00+00:00,34.6075
2024-04-08 13:00:00+00:00,21.275
2024-04-08 14:00:00+00:00,19.792499999999997
2024-04-08 15:00:00+00:00,15.69
2024-04-08 16:00:00+00:00,11.5975
2024-04-08 17:00:00+00:00,43.1125
2024-04-08 18:00:00+00:00,265.6025
2024-04-08 19:00:00+00:00,15.435
2024-04-08 20:00:00+00:00,20.0875
2024-04-08 21:00:00+00:00,24.53
2024-04-08 22:00:00+00:00,27.237499999999997
2024-04-08 23:00:00+00:00,22.4125
2024-04-09 00:00:00+00:00,64.265
2024-04-09 01:00:00+00:00,65.5075
2024-04-09 02:00:00+00:00,21.817500000000003
2024-04-09 03:00:00+00:00,21.865000000000002
2024-04-09 04:00:00+00:00,19.8375
2024-04-09 05:00:00+00:00,16.05
2024-04-09 06:00:00+00:00,14.895
2024-04-09 07:00:00+00:00,16.4625
2024-04-09 08:00:00+00:00,16.56
2024-04-09 09:00:00+00:00,17.7075
2024-04-09 10:00:00+00:00,20.0075
2024-04-09 11:00:00+00:00,50.330000000000005
2024-04-09 12:00:00+00:00,33.2325
2024-04-09 13:00:00+00:00,19.5675
2024-04-09 14:00:00+00:00,17.064999999999998
2024-04-09 15:00:00+00:00,14.9975
2024-04-09 16:00:00+00:00,15.51
2024-04-09 17:00:00+00:00,14.6675
2024-04-09 18:00:00+00:00,18.4725
2024-04-09 19:00:00+00:00,21.555
2024-04-09 20:00:00+00:00,28.09
2024-04-09 21:00:00+00:00,26.0425
2024-04-09 22:00:00+00:00,17.3925
2024-04-09 23:00:00+00:00,14.7925
2024-04-10 00:00:00+00:00,20.192500000000003
2024-04-10 01:00:00+00:00,17.68
2024-04-10 02:00:00+00:00,15.745
2024-04-10 03:00:00+00:00,13.01
2024-04-10 04:00:00+00:00,9.305
2024-04-10 05:00:00+00:00,12.055
2024-04-10 06:00:00+00:00,15.355
2024-04-10 07:00:00+00:00,16.4925
2024-04-10 08:00:00+00:00,25.8375
2024-04-10 09:00:00+00:00,17.4975
2024-04-10 10:00:00+00:00,13.5475
2024-04-10 11:00:00+00:00,21.9125
2024-04-10 12:00:00+00:00,13.2125
2024-04-10 13:00:00+00:00,16.5075
2024-04-10 14:00:00+00:00,11.345
2024-04-10 15:00:00+00:00,10.5025
2024-04-10 16:00:00+00:00,6.8
2024-04-10 17:00:00+00:00,3.435
2024-04-10 18:00:00+00:00,2.2425
2024-04-10 19:00:00+00:00,4.2299999999999995
2024-04-10 20:00:00+00:00,2.3225
2024-04-10 21:00:00+00:00,2.48
2024-04-10 22:00:00+00:00,2.6575
2024-04-10 23:00:00+00:00,5.23
2024-04-11 00:00:00+00:00,21.192500000000003
2024-04-11 01:00:00+00:00,27.6475
2024-04-11 02:00:00+00:00,21.05
2024-04-11 03:00:00+00:00,17.634999999999998
2024-04-11 04:00:00+00:00,17.5725
2024-04-11 05:00:00+00:00,16.755
2024-04-11 06:00:00+00:00,13.4675
2024-04-11 07:00:00+00:00,12.7875
2024-04-11 08:00:00+00:00,16.97
2024-04-11 09:00:00+00:00,16.59
2024-04-11 10:00:00+00:00,21.82
2024-04-11 11:00:00+00:00,32.415
2024-04-11 12:00:00+00:00,38.9975
2024-04-11 13:00:00+00:00,6.9025
2024-04-11 14:00:00+00:00,0.705
2024-04-11 15:00:00+00:00,0.9175
2024-04-11 16:00:00+00:00,2.9699999999999998
2024-04-11 17:00:00+00:00,5.907500000000001
2024-04-11 18:00:00+00:00,8.6075
2024-04-11 19:00:00+00:00,12.0275
2024-04-11 20:00:00+00:00,12.9625
2024-04-11 21:00:00+00:00,14.1775
2024-04-11 22:00:00+00:00,14.285
2024-04-11 23:00:00+00:00,52.755
2024-04-12 00:00:00+00:00,276.3125
2024-04-12 01:00:00+00:00,79.19500000000001
2024-04-12 02:00:00+00:00,29.12
2024-04-12 03:00:00+00:00,18.2775
2024-04-12 04:00:00+00:00,14.7425
2024-04-12 05:00:00+00:00,17.16
2024-04-12 06:00:00+00:00,9.44
2024-04-12 07:00:00+00:00,7.2775
2024-04-12 08:00:00+00:00,6.3825
2024-04-12 09:00:00+00:00,5.915
2024-04-12 10:00:00+00:00,8.6175
2024-04-12 11:00:00+00:00,14.665
2024-04-12 12:00:00+00:00,11.86
2024-04-12 13:00:00+00:00,3.0949999999999998
2024-04-12 14:00:00+00:00,0.685
2024-04-12 15:00:00+00:00,-0.3325
2024-04-12 16:00:00+00:00,-1.1175000000000002
2024-04-12 17:00:00+00:00,-1.285
2024-04-12 18:00:00+00:00,0.5575
2024-04-12 19:00:00+00:00,1.21
2024-04-12 20:00:00+00:00,2.4375
2024-04-12 21:00:00+00:00,3.7775
2024-04-12 22:00:00+00:00,5.19
2024-04-12 23:00:00+00:00,15.280000000000001
2024-04-13 00:00:00+00:00,13.11
2024-04-13 01:00:00+00:00,15.475
2024-04-13 02:00:00+00:00,13.21
2024-04-13 03:00:00+00:00,12.6225
2024-04-13 04:00:00+00:00,9.25
2024-04-13 05:00:00+00:00,3.8049999999999997
2024-04-13 06:00:00+00:00,0.5925
2024-04-13 07:00:00+00:00,-15.7775
2024-04-13 08:00:00+00:00,-27.8725
2024-04-13 09:00:00+00:00,-30.15
2024-04-13 10:00:00+00:00,-18.845
2024-04-13 11:00:00+00:00,-3.4375
2024-04-13 12:00:00+00:00,-3.5425
2024-04-13 13:00:00+00:00,-4.07
2024-04-13 14:00:00+00:00,-4.225
2024-04-13 15:00:00+00:00,-4.375
2024-04-13 16:00:00+00:00,-2.54
2024-04-13 17:00:00+00:00,-0.87
2024-04-13 18:00:00+00:00,-0.1625
2024-04-13 19:00:00+00:00,0.027500000000000004
2024-04-13 20:00:00+00:00,0.10750000000000001
2024-04-13 21:00:00+00:00,1.125
2024-04-13 22:00:00+00:00,0.9775
2024-04-13 23:00:00+00:00,4.4425
2024-04-14 00:00:00+00:00,16.365
2024-04-14 01:00:00+00:00,15.682500000000001
2024-04-14 02:00:00+00:00,7.9350000000000005
2024-04-14 03:00:00+00:00,4.970000000000001
2024-04-14 04:00:00+00:00,4.6525
2024-04-14 05:00:00+00:00,5.3425
2024-04-14 06:00:00+00:00,5.155
2024-04-14 07:00:00+00:00,2.59
2024-04-14 08:00:00+00:00,-1.1425
2024-04-14 09:00:00+00:00,0.08
2024-04-14 10:00:00+00:00,1.605
2024-04-14 11:00:00+00:00,5.1525
2024-04-14 12:00:00+00:00,4.7825
2024-04-14 13:00:00+00:00,0.0075
2024-04-14 14:00:00+00:00,0.5025000000000001
2024-04-14 15:00:00+00:00,8.6075
2024-04-14 16:00:00+00:00,9.567499999999999
2024-04-14 17:00:00+00:00,8.36
2024-04-14 18:00:00+00:00,10.2625
2024-04-14 19:00:00+00:00,12.807500000000001
2024-04-14 20:00:00+00:00,11.625
2024-04-14 21:00:00+00:00,12.8475
2024-04-14 22:00:00+00:00,24.8125
2024-04-14 23:00:00+00:00,49.894999999999996
2024-04-15 00:00:00+00:00,99.85249999999999
2024-04-15 01:00:00+00:00,30.265
2024-04-15 02:00:00+00:00,14.067499999999999
2024-04-15 03:00:00+00:00,7.6075
2024-04-15 04:00:00+00:00,5.7825
2024-04-15 05:00:00+00:00,5.67
2024-04-15 06:00:00+00:00,4.745
2024-04-15 07:00:00+00:00,3.185
2024-04-15 08:00:00+00:00,2.875
2024-04-15 09:00:00+00:00,5.1575
2024-04-15 10:00:00+00:00,5.86
2024-04-15 11:00:00+00:00,9.885
2024-04-15 12:00:00+00:00,13.275
2024-04-15 13:00:00+00:00,10.344999999999999
2024-04-15 14:00:00+00:00,7.75
2024-04-15 15:00:00+00:00,8.8
2024-04-15 16:00:00+00:00,7.525
2024-04-15 17:00:00+00:00,5.9425
2024-04-15 18:00:00+00:00,6.0675
2024-04-15 19:00:00+00:00,5.935
2024-04-15 20:00:00+00:00,6.6525
2024-04-15 21:00:00+00:00,11.4275
2024-04-15 22:00:00+00:00,8.7375
2024-04-15 23:00:00+00:00,9.25
2024-04-16 00:00:00+00:00,11.035
2024-04-16 01:00:00+00:00,11.502500000000001
2024-04-16 02:00:00+00:00,9.3075
2024-04-16 03:00:00+00:00,5.115
2024-04-16 04:00:00+00:00,3.7824999999999998
2024-04-16 05:00:00+00:00,8.4175
2024-04-16 06:00:00+00:00,8.004999999999999
2024-04-16 07:00:00+00:00,8.14
2024-04-16 08:00:00+00:00,6.7875
2024-04-16 09:00:00+00:00,6.76
2024-04-16 10:00:00+00:00,8.4275
2024-04-16 11:00:00+00:00,13.3025
2024-04-16 12:00:00+00:00,14.265
2024-04-16 13:00:00+00:00,14.440000000000001
2024-04-16 14:00:00+00:00,12.1725
2024-04-16 15:00:00+00:00,10.2675
2024-04-16 16:00:00+00:00,10.82
2024-04-16 17:00:00+00:00,13.0675
2024-04-16 18:00:00+00:00,14.1875
2024-04-16 19:00:00+00:00,12.8275
2024-04-16 20:00:00+00:00,10.85
2024-04-16 21:00:00+00:00,14.7
2024-04-16 22:00:00+00:00,24.72
2024-04-16 23:00:00+00:00,73.9225
2024-04-17 00:00:00+00:00,959.5975000000001
2024-04-17 01:00:00+00:00,694.185
2024-04-17 02:00:00+00:00,124.745
2024-04-17 03:00:00+00:00,79.1575
2024-04-17 04:00:00+00:00,31.7175
2024-04-17 05:00:00+00:00,20.895
2024-04-17 06:00:00+00:00,15.1175
2024-04-17 07:00:00+00:00,13.3975
2024-04-17 08:00:00+00:00,12.3
2024-04-17 09:00:00+00:00,12.6525
2024-04-17 10:00:00+00:00,13.2575
2024-04-17 11:00:00+00:00,19.0925
2024-04-17 12:00:00+00:00,17.3475
2024-04-17 13:00:00+00:00,16.4175
2024-04-17 14:00:00+00:00,17.4825
2024-04-17 15:00:00+00:00,17.29
2024-04-17 16:00:00+00:00,18.3825
2024-04-17 17:00:00+00:00,19.085
2024-04-17 18:00:00+00:00,18.6775
2024-04-17 19:00:00+00:00,16.7325
2024-04-17 20:00:00+00:00,16.1475
2024-04-17 21:00:00+00:00,15.145
2024-04-17 22:00:00+00:00,15.28
2024-04-17 23:00:00+00:00,8.532499999999999
2024-04-18 00:00:00+00:00,25.45
2024-04-18 01:00:00+00:00,33.885
2024-04-18 02:00:00+00:00,18.565
2024-04-18 03:00:00+00:00,14.035
2024-04-18 04:00:00+00:00,7.69
2024-04-18 05:00:00+00:00,8.6525
2024-04-18 06:00:00+00:00,6.26
2024-04-18 07:00:00+00:00,7.3075
2024-04-18 08:00:00+00:00,7.3025
2024-04-18 09:00:00+00:00,5.5075
2024-04-18 10:00:00+00:00,6.58
2024-04-18 11:00:00+00:00,12.817499999999999
2024-04-18 12:00:00+00:00,12.1775
2024-04-18 13:00:00+00:00,8.095
2024-04-18 14:00:00+00:00,8.43
2024-04-18 15:00:00+00:00,7.9925
2024-04-18 16:00:00+00:00,8.6775
2024-04-18 17:00:00+00:00,8.905
2024-04-18 18:00:00+00:00,12.3275
2024-04-18 19:00:00+00:00,16.2525
2024-04-18 20:00:00+00:00,10.59
2024-04-18 21:00:00+00:00,13.095
2024-04-18 22:00:00+00:00,13.875
2024-04-18 23:00:00+00:00,15.2075
2024-04-19 00:00:00+00:00,14.975
2024-04-19 01:00:00+00:00,17.3325
2024-04-19 02:00:00+00:00,13.41
2024-04-19 03:00:00+00:00,10.43
2024-04-19 04:00:00+00:00,11.2625
2024-04-19 05:00:00+00:00,15.1375
2024-04-19 06:00:00+00:00,11.807500000000001
2024-04-19 07:00:00+00:00,10.9625
2024-04-19 08:00:00+00:00,7.635
2024-04-19 09:00:00+00:00,6.355
2024-04-19 10:00:00+00:00,8.33
2024-04-19 11:00:00+00:00,13.555
2024-04-19 12:00:00+00:00,14.4525
2024-04-19 13:00:00+00:00,15.09
2024-04-19 14:00:00+00:00,15.129999999999999
2024-04-19 15:00:00+00:00,16.627499999999998
2024-04-19 16:00:00+00:00,24.82
2024-04-19 17:00:00+00:00,30.39
2024-04-19 18:00:00+00:00,24.207500000000003
2024-04-19 19:00:00+00:00,15.682500000000001
2024-04-19 20:00:00+00:00,19.87
2024-04-19 21:00:00+00:00,21.5825
2024-04-19 22:00:00+00:00,25.16
2024-04-19 23:00:00+00:00,23.5675
2024-04-20 00:00:00+00:00,31.48
2024-04-20 01:00:00+00:00,43.64
2024-04-20 02:00:00+00:00,36.17
2024-04-20 03:00:00+00:00,30.6475
2024-04-20 04:00:00+00:00,21.6625
2024-04-20 05:00:00+00:00,22.13
2024-04-20 06:00:00+00:00,22.1625
2024-04-20 07:00:00+00:00,21.5575
2024-04-20 08:00:00+00:00,19.945
2024-04-20 09:00:00+00:00,16.810000000000002
2024-04-20 10:00:00+00:00,14.3375
2024-04-20 11:00:00+00:00,8.74
2024-04-20 12:00:00+00:00,5.9175
2024-04-20 13:00:00+00:00,5.8875
2024-04-20 14:00:00+00:00,5.0925
2024-04-20 15:00:00+00:00,6.2125
2024-04-20 16:00:00+00:00,9.5825
2024-04-20 17:00:00+00:00,8.3525
2024-04-20 18:00:00+00:00,16.002499999999998
2024-04-20 19:00:00+00:00,13.762500000000001
2024-04-20 20:00:00+00:00,28.134999999999998
2024-04-20 21:00:00+00:00,20.77
2024-04-20 22:00:00+00:00,16.525
2024-04-20 23:00:00+00:00,19.8675
2024-04-21 00:00:00+00:00,22.805
2024-04-21 01:00:00+00:00,22.455
2024-04-21 02:00:00+00:00,23.0875
2024-04-21 03:00:00+00:00,16.4225
2024-04-21 04:00:00+00:00,12.805
2024-04-21 05:00:00+00:00,10.85
2024-04-21 06:00:00+00:00,10.3825
2024-04-21 07:00:00+00:00,12.405
2024-04-21 08:00:00+00:00,14.36
2024-04-21 09:00:00+00:00,16.665
2024-04-21 10:00:00+00:00,16.3275
2024-04-21 11:00:00+00:00,15.217500000000001
2024-04-21 12:00:00+00:00,14.475
2024-04-21 13:00:00+00:00,8.51
2024-04-21 14:00:00+00:00,4.82
2024-04-21 15:00:00+00:00,1.4275
2024-04-21 16:00:00+00:00,0.9299999999999999
2024-04-21 17:00:00+00:00,-0.065
2024-04-21 18:00:00+00:00,-0.0625
2024-04-21 19:00:00+00:00,0.0
2024-04-21 20:00:00+00:00,0.0
2024-04-21 21:00:00+00:00,0.0075
2024-04-21 22:00:00+00:00,3.33
2024-04-21 23:00:00+00:00,15.7775
2024-04-22 00:00:00+00:00,84.97749999999999
2024-04-22 01:00:00+00:00,66.5
2024-04-22 02:00:00+00:00,29.0325
2024-04-22 03:00:00+00:00,20.314999999999998
2024-04-22 04:00:00+00:00,18.1575
2024-04-22 05:00:00+00:00,17.675
2024-04-22 06:00:00+00:00,15.495
2024-04-22 07:00:00+00:00,14.4825
2024-04-22 08:00:00+00:00,14.675
2024-04-22 09:00:00+00:00,14.965
2024-04-22 10:00:00+00:00,17.009999999999998
2024-04-22 11:00:00+00:00,18.37
2024-04-22 12:00:00+00:00,12.39
2024-04-22 13:00:00+00:00,3.76
2024-04-22 14:00:00+00:00,3.7
2024-04-22 15:00:00+00:00,0.1325
2024-04-22 16:00:00+00:00,0.10500000000000001
2024-04-22 17:00:00+00:00,1.085
2024-04-22 18:00:00+00:00,1.2974999999999999
2024-04-22 19:00:00+00:00,0.6175
2024-04-22 20:00:00+00:00,0.615
2024-04-22 21:00:00+00:00,2.185
2024-04-22 22:00:00+00:00,1.0875
2024-04-22 23:00:00+00:00,3.87
2024-04-23 00:00:00+00:00,17.58
2024-04-23 01:00:00+00:00,16.62
2024-04-23 02:00:00+00:00,9.805
2024-04-23 03:00:00+00:00,6.9575
2024-04-23 04:00:00+00:00,5.0125
2024-04-23 05:00:00+00:00,3.97
2024-04-23 06:00:00+00:00,3.3925
2024-04-23 07:00:00+00:00,2.9875
2024-04-23 08:00:00+00:00,3.31
2024-04-23 09:00:00+00:00,4.7975
2024-04-23 10:00:00+00:00,10.5125
2024-04-23 11:00:00+00:00,12.504999999999999
2024-04-23 12:00:00+00:00,7.5975
2024-04-23 13:00:00+00:00,5.415
2024-04-23 14:00:00+00:00,5.1625
2024-04-23 15:00:00+00:00,4.4350000000000005
2024-04-23 16:00:00+00:00,6.2875
2024-04-23 17:00:00+00:00,8.415000000000001
2024-04-23 18:00:00+00:00,10.4025
2024-04-23 19:00:00+00:00,12.77
2024-04-23 20:00:00+00:00,19.4725
2024-04-23 21:00:00+00:00,12.4375
2024-04-23 22:00:00+00:00,22.067500000000003
2024-04-23 23:00:00+00:00,15.9925
2024-04-24 00:00:00+00:00,31.2375
2024-04-24 01:00:00+00:00,31.49
2024-04-24 02:00:00+00:00,18.7875
2024-04-24 03:00:00+00:00,17.745
2024-04-24 04:00:00+00:00,13.695
2024-04-24 05:00:00+00:00,11.705
2024-04-24 06:00:00+00:00,12.69
2024-04-24 07:00:00+00:00,15.8525
2024-04-24 08:00:00+00:00,14.782499999999999
2024-04-24 09:00:00+00:00,16.24
2024-04-24 10:00:00+00:00,48.955
2024-04-24 11:00:00+00:00,180.3125
2024-04-24 12:00:00+00:00,121.5375
2024-04-24 13:00:00+00:00,143.535
2024-04-24 14:00:00+00:00,40.3975
2024-04-24 15:00:00+00:00,30.2675
2024-04-24 16:00:00+00:00,22.495
2024-04-24 17:00:00+00:00,17.48
2024-04-24 18:00:00+00:00,16.107499999999998
2024-04-24 19:00:00+00:00,18.285
2024-04-24 20:00:00+00:00,22.8825
2024-04-24 21:00:00+00:00,17.32
2024-04-24 22:00:00+00:00,17.9375
2024-04-24 23:00:00+00:00,62.29
2024-04-25 00:00:00+00:00,218.10500000000002
2024-04-25 01:00:00+00:00,240.9475
2024-04-25 02:00:00+00:00,29.8975
2024-04-25 03:00:00+00:00,20.025
2024-04-25 04:00:00+00:00,15.035
2024-04-25 05:00:00+00:00,17.23
2024-04-25 06:00:00+00:00,12.942499999999999
2024-04-25 07:00:00+00:00,10.129999999999999
2024-04-25 08:00:00+00:00,11.6075
2024-04-25 09:00:00+00:00,10.4725
2024-04-25 10:00:00+00:00,15.407499999999999
2024-04-25 11:00:00+00:00,27.375
2024-04-25 12:00:00+00:00,20.8
2024-04-25 13:00:00+00:00,22.2375
2024-04-25 14:00:00+00:00,33.47
2024-04-25 15:00:00+00:00,17.0975
2024-04-25 16:00:00+00:00,14.8925
2024-04-25 17:00:00+00:00,15.787500000000001
2024-04-25 18:00:00+00:00,18.134999999999998
2024-04-25 19:00:00+00:00,14.9175
2024-04-25 20:00:00+00:00,31.627499999999998
2024-04-25 21:00:00+00:00,16.6875
2024-04-25 22:00:00+00:00,14.99
2024-04-25 23:00:00+00:00,11.995000000000001
2024-04-26 00:00:00+00:00,17.115000000000002
2024-04-26 01:00:00+00:00,22.75
2024-04-26 02:00:00+00:00,16.802500000000002
2024-04-26 03:00:00+00:00,15.615
2024-04-26 04:00:00+00:00,22.365
2024-04-26 05:00:00+00:00,15.147499999999999
2024-04-26 06:00:00+00:00,13.745000000000001
2024-04-26 07:00:00+00:00,16.3825
2024-04-26 08:00:00+00:00,18.39
2024-04-26 09:00:00+00:00,16.445
2024-04-26 10:00:00+00:00,20.14
2024-04-26 11:00:00+00:00,22.33
2024-04-26 12:00:00+00:00,19.7025
2024-04-26 13:00:00+00:00,17.0075
2024-04-26 14:00:00+00:00,15.56
2024-04-26 15:00:00+00:00,15.262500000000001
2024-04-26 16:00:00+00:00,16.384999999999998
2024-04-26 17:00:00+00:00,17.1925
2024-04-26 18:00:00+00:00,21.7175
2024-04-26 19:00:00+00:00,11.21
2024-04-26 20:00:00+00:00,10.78
2024-04-26 21:00:00+00:00,8.7925
2024-04-26 22:00:00+00:00,12.0075
2024-04-26 23:00:00+00:00,12.1125
2024-04-27 00:00:00+00:00,88.825
2024-04-27 01:00:00+00:00,341.8425
2024-04-27 02:00:00+00:00,51.71
2024-04-27 03:00:00+00:00,17.35
2024-04-27 04:00:00+00:00,12.162500000000001
2024-04-27 05:00:00+00:00,11.3775
2024-04-27 06:00:00+00:00,9.8375
2024-04-27 07:00:00+00:00,7.7225
2024-04-27 08:00:00+00:00,6.515
2024-04-27 09:00:00+00:00,6.2875
2024-04-27 10:00:00+00:00,6.475
2024-04-27 11:00:00+00:00,9.219999999999999
2024-04-27 12:00:00+00:00,10.6875
2024-04-27 13:00:00+00:00,10.3575
2024-04-27 14:00:00+00:00,10.83
2024-04-27 15:00:00+00:00,12.379999999999999
2024-04-27 16:00:00+00:00,8.81
2024-04-27 17:00:00+00:00,6.2225
2024-04-27 18:00:00+00:00,7.630000000000001
2024-04-27 19:00:00+00:00,8.0925
2024-04-27 20:00:00+00:00,6.9925
2024-04-27 21:00:00+00:00,8.84
2024-04-27 22:00:00+00:00,11.3725
2024-04-27 23:00:00+00:00,11.895
2024-04-28 00:00:00+00:00,17.322499999999998
2024-04-28 01:00:00+00:00,20.095
2024-04-28 02:00:00+00:00,15.8425
2024-04-28 03:00:00+00:00,19.6375
2024-04-28 04:00:00+00:00,39.45
2024-04-28 05:00:00+00:00,49.8725
2024-04-28 06:00:00+00:00,56.155
2024-04-28 07:00:00+00:00,46.7375
2024-04-28 08:00:00+00:00,20.947499999999998
2024-04-28 09:00:00+00:00,19.6875
2024-04-28 10:00:00+00:00,14.24
2024-04-28 11:00:00+00:00,13.73
2024-04-28 12:00:00+00:00,13.31
2024-04-28 13:00:00+00:00,10.55
2024-04-28 14:00:00+00:00,11.870000000000001
2024-04-28 15:00:00+00:00,16.3125
2024-04-28 16:00:00+00:00,16.69
2024-04-28 17:00:00+00:00,13.9975
2024-04-28 18:00:00+00:00,19.8725
2024-04-28 19:00:00+00:00,27.1725
2024-04-28 20:00:00+00:00,22.79
2024-04-28 21:00:00+00:00,35.4825
2024-04-28 22:00:00+00:00,45.33
2024-04-28 23:00:00+00:00,62.379999999999995
2024-04-29 00:00:00+00:00,912.1075
2024-04-29 01:00:00+00:00,1261.725
2024-04-29 02:00:00+00:00,238.445
2024-04-29 03:00:00+00:00,81.485
2024-04-29 04:00:00+00:00,38.4625
2024-04-29 05:00:00+00:00,28.0575
2024-04-29 06:00:00+00:00,22.97
2024-04-29 07:00:00+00:00,18.5325
2024-04-29 08:00:00+00:00,20.3125
2024-04-29 09:00:00+00:00,23.6825
2024-04-29 10:00:00+00:00,34.9725
2024-04-29 11:00:00+00:00,38.75
2024-04-29 12:00:00+00:00,28.935
2024-04-29 13:00:00+00:00,14.7075
2024-04-29 14:00:00+00:00,14.7175
2024-04-29 15:00:00+00:00,15.2525
2024-04-29 16:00:00+00:00,14.9
2024-04-29 17:00:00+00:00,18.1025
2024-04-29 18:00:00+00:00,30.0725
2024-04-29 19:00:00+00:00,26.79
2024-04-29 20:00:00+00:00,31.947499999999998
2024-04-29 21:00:00+00:00,29.700000000000003
2024-04-29 22:00:00+00:00,15.0075
2024-04-29 23:00:00+00:00,21.177500000000002
2024-04-30 00:00:00+00:00,119.595
2024-04-30 01:00:00+00:00,65.8725
2024-04-30 02:00:00+00:00,20.36
2024-04-30 03:00:00+00:00,12.835
2024-04-30 04:00:00+00:00,6.984999999999999
2024-04-30 05:00:00+00:00,4.5875
2024-04-30 06:00:00+00:00,1.5
2024-04-30 07:00:00+00:00,0.37250000000000005
2024-04-30 08:00:00+00:00,-0.6925
2024-04-30 09:00:00+00:00,-0.2675
2024-04-30 10:00:00+00:00,3.7225
2024-04-30 11:00:00+00:00,7.6325
2024-04-30 12:00:00+00:00,6.9775
2024-04-30 13:00:00+00:00,5.8825
2024-04-30 14:00:00+00:00,5.4375
2024-04-30 15:00:00+00:00,5.6925
2024-04-30 16:00:00+00:00,6.2675
2024-04-30 17:00:00+00:00,5.7925
2024-04-30 18:00:00+00:00,7.275
2024-04-30 19:00:00+00:00,7.415
2024-04-30 20:00:00+00:00,8.48
2024-04-30 21:00:00+00:00,10.415000000000001
2024-04-30 22:00:00+00:00,11.37
2024-04-30 23:00:00+00:00,12.1675
2024-05-01 00:00:00+00:00,14.1725
2024-05-01 01:00:00+00:00,16.380000000000003
2024-05-01 02:00:00+00:00,14.06
2024-05-01 03:00:00+00:00,8.415
2024-05-01 04:00:00+00:00,7.4975000000000005
2024-05-01 05:00:00+00:00,6.775
2024-05-01 06:00:00+00:00,5.905
2024-05-01 07:00:00+00:00,6.9975000000000005
2024-05-01 08:00:00+00:00,8.8375
2024-05-01 09:00:00+00:00,7.0325
2024-05-01 10:00:00+00:00,8.635
2024-05-01 11:00:00+00:00,11.8475
2024-05-01 12:00:00+00:00,13.375
2024-05-01 13:00:00+00:00,10.36
2024-05-01 14:00:00+00:00,6.0225
2024-05-01 15:00:00+00:00,6.0649999999999995
2024-05-01 16:00:00+00:00,7.3775
2024-05-01 17:00:00+00:00,7.845
2024-05-01 18:00:00+00:00,8.695
2024-05-01 19:00:00+00:00,9.1475
2024-05-01 20:00:00+00:00,8.92
2024-05-01 21:00:00+00:00,8.9
2024-05-01 22:00:00+00:00,10.2425
2024-05-01 23:00:00+00:00,11.675
2024-05-02 00:00:00+00:00,11.955
2024-05-02 01:00:00+00:00,23.947499999999998
2024-05-02 02:00:00+00:00,22.92
2024-05-02 03:00:00+00:00,21.7275
2024-05-02 04:00:00+00:00,13.6875
2024-05-02 05:00:00+00:00,11.84
2024-05-02 06:00:00+00:00,13.955
2024-05-02 07:00:00+00:00,17.0075
2024-05-02 08:00:00+00:00,14.55
2024-05-02 09:00:00+00:00,17.369999999999997
2024-05-02 10:00:00+00:00,20.91
2024-05-02 11:00:00+00:00,29.4675
2024-05-02 12:00:00+00:00,34.68
2024-05-02 13:00:00+00:00,20.2825
2024-05-02 14:00:00+00:00,10.6475
2024-05-02 15:00:00+00:00,10.2375
2024-05-02 16:00:00+00:00,12.795
2024-05-02 17:00:00+00:00,17.9475
2024-05-02 18:00:00+00:00,17.27
2024-05-02 19:00:00+00:00,16.655
2024-05-02 20:00:00+00:00,18.1825
2024-05-02 21:00:00+00:00,19.1525
2024-05-02 22:00:00+00:00,21.41
2024-05-02 23:00:00+00:00,25.325
2024-05-03 00:00:00+00:00,46.69
2024-05-03 01:00:00+00:00,58.08
2024-05-03 02:00:00+00:00,40.1625
2024-05-03 03:00:00+00:00,23.105
2024-05-03 04:00:00+00:00,16.69
2024-05-03 05:00:00+00:00,17.177500000000002
2024-05-03 06:00:00+00:00,15.76
2024-05-03 07:00:00+00:00,17.5675
2024-05-03 08:00:00+00:00,17.502499999999998
2024-05-03 09:00:00+00:00,20.23
2024-05-03 10:00:00+00:00,33.445
2024-05-03 11:00:00+00:00,64.2475
2024-05-03 12:00:00+00:00,47.332499999999996
2024-05-03 13:00:00+00:00,25.0875
2024-05-03 14:00:00+00:00,18.2575
2024-05-03 15:00:00+00:00,19.06
2024-05-03 16:00:00+00:00,17.945
2024-05-03 17:00:00+00:00,15.120000000000001
2024-05-03 18:00:00+00:00,13.94
2024-05-03 19:00:00+00:00,9.8625
2024-05-03 20:00:00+00:00,6.46
2024-05-03 21:00:00+00:00,6.675
2024-05-03 22:00:00+00:00,6.955
2024-05-03 23:00:00+00:00,7.9275
2024-05-04 00:00:00+00:00,9.34
2024-05-04 01:00:00+00:00,9.805
2024-05-04 02:00:00+00:00,7.94
2024-05-04 03:00:00+00:00,6.9325
2024-05-04 04:00:00+00:00,5.8625
2024-05-04 05:00:00+00:00,4.5875
2024-05-04 06:00:00+00:00,2.0025
2024-05-04 07:00:00+00:00,3.7675
2024-05-04 08:00:00+00:00,5.77
2024-05-04 09:00:00+00:00,6.55
2024-05-04 10:00:00+00:00,8.1075
2024-05-04 11:00:00+00:00,11.0725
2024-05-04 12:00:00+00:00,12.1
2024-05-04 13:00:00+00:00,10.945
2024-05-04 14:00:00+00:00,11.5775
2024-05-04 15:00:00+00:00,9.29
2024-05-04 16:00:00+00:00,10.9275
2024-05-04 17:00:00+00:00,10.4
2024-05-04 18:00:00+00:00,10.7525
2024-05-04 19:00:00+00:00,13.515
2024-05-04 20:00:00+00:00,17.615000000000002
2024-05-04 21:00:00+00:00,16.067500000000003
2024-05-04 22:00:00+00:00,21.2375
2024-05-04 23:00:00+00:00,20.205
2024-05-05 00:00:00+00:00,34.665
2024-05-05 01:00:00+00:00,30.982499999999998
2024-05-05 02:00:00+00:00,24.6025
2024-05-05 03:00:00+00:00,17.5075
2024-05-05 04:00:00+00:00,14.5525
2024-05-05 05:00:00+00:00,14.3925
2024-05-05 06:00:00+00:00,16.2975
2024-05-05 07:00:00+00:00,18.2325
2024-05-05 08:00:00+00:00,28.76
2024-05-05 09:00:00+00:00,41.2125
2024-05-05 10:00:00+00:00,37.43
2024-05-05 11:00:00+00:00,52.0575
2024-05-05 12:00:00+00:00,47.42
2024-05-05 13:00:00+00:00,32.792500000000004
2024-05-05 14:00:00+00:00,41.36
2024-05-05 15:00:00+00:00,44.252500000000005
2024-05-05 16:00:00+00:00,25.93
2024-05-05 17:00:00+00:00,33.94
2024-05-05 18:00:00+00:00,21.5825
2024-05-05 19:00:00+00:00,24.55
2024-05-05 20:00:00+00:00,21.0225
2024-05-05 21:00:00+00:00,20.6075
2024-05-05 22:00:00+00:00,18.375
2024-05-05 23:00:00+00:00,14.91
2024-05-06 00:00:00+00:00,18.175
2024-05-06 01:00:00+00:00,18.48
2024-05-06 02:00:00+00:00,13.1625
2024-05-06 03:00:00+00:00,9.15
2024-05-06 04:00:00+00:00,6.76
2024-05-06 05:00:00+00:00,9.2
2024-05-06 06:00:00+00:00,6.96
2024-05-06 07:00:00+00:00,4.3925
2024-05-06 08:00:00+00:00,5.475
2024-05-06 09:00:00+00:00,7.195
2024-05-06 10:00:00+00:00,9.2975
2024-05-06 11:00:00+00:00,11.7925
2024-05-06 12:00:00+00:00,13.55
2024-05-06 13:00:00+00:00,10.41
2024-05-06 14:00:00+00:00,9.504999999999999
2024-05-06 15:00:00+00:00,9.495000000000001
2024-05-06 16:00:00+00:00,9.4675
2024-05-06 17:00:00+00:00,9.8825
2024-05-06 18:00:00+00:00,10.08
2024-05-06 19:00:00+00:00,11.8925
2024-05-06 20:00:00+00:00,9.7775
2024-05-06 21:00:00+00:00,10.0375
2024-05-06 22:00:00+00:00,12.5425
2024-05-06 23:00:00+00:00,11.43
2024-05-07 00:00:00+00:00,18.5175
2024-05-07 01:00:00+00:00,31.055
2024-05-07 02:00:00+00:00,20.3575
2024-05-07 03:00:00+00:00,15.7875
2024-05-07 04:00:00+00:00,11.9125
2024-05-07 05:00:00+00:00,10.0725
2024-05-07 06:00:00+00:00,9.24
2024-05-07 07:00:00+00:00,9.837499999999999
2024-05-07 08:00:00+00:00,11.4875
2024-05-07 09:00:00+00:00,14.9475
2024-05-07 10:00:00+00:00,30.3625
2024-05-07 11:00:00+00:00,75.075
2024-05-07 12:00:00+00:00,60.0025
2024-05-07 13:00:00+00:00,21.740000000000002
2024-05-07 14:00:00+00:00,25.3675
2024-05-07 15:00:00+00:00,51.4225
2024-05-07 16:00:00+00:00,62.870000000000005
2024-05-07 17:00:00+00:00,58.04
2024-05-07 18:00:00+00:00,58.302499999999995
2024-05-07 19:00:00+00:00,43.565
2024-05-07 20:00:00+00:00,47.2475
2024-05-07 21:00:00+00:00,35.01
2024-05-07 22:00:00+00:00,29.314999999999998
2024-05-07 23:00:00+00:00,28.7025
2024-05-08 00:00:00+00:00,49.5725
2024-05-08 01:00:00+00:00,36.375
2024-05-08 02:00:00+00:00,15.2025
2024-05-08 03:00:00+00:00,13.455
2024-05-08 04:00:00+00:00,12.96
2024-05-08 05:00:00+00:00,9.97
2024-05-08 06:00:00+00:00,9.04
2024-05-08 07:00:00+00:00,7.54
2024-05-08 08:00:00+00:00,7.4575
2024-05-08 09:00:00+00:00,10.3325
2024-05-08 10:00:00+00:00,13.865
2024-05-08 11:00:00+00:00,18.585
2024-05-08 12:00:00+00:00,17.5475
2024-05-08 13:00:00+00:00,17.475
2024-05-08 14:00:00+00:00,14.8875
2024-05-08 15:00:00+00:00,15.2025
2024-05-08 16:00:00+00:00,27.8575
2024-05-08 17:00:00+00:00,28.095
2024-05-08 18:00:00+00:00,57.625
2024-05-08 19:00:00+00:00,61.6925
2024-05-08 20:00:00+00:00,108.25999999999999
2024-05-08 21:00:00+00:00,260.02750000000003
2024-05-08 22:00:00+00:00,983.085
2024-05-08 23:00:00+00:00,1008.6825
2024-05-09 00:00:00+00:00,2450.955
2024-05-09 01:00:00+00:00,3049.4475
2024-05-09 02:00:00+00:00,108.405
2024-05-09 03:00:00+00:00,25.2025
2024-05-09 04:00:00+00:00,17.9075
2024-05-09 05:00:00+00:00,15.065
2024-05-09 06:00:00+00:00,15.4225
2024-05-09 07:00:00+00:00,15.555
2024-05-09 08:00:00+00:00,16.9725
2024-05-09 09:00:00+00:00,18.795
2024-05-09 10:00:00+00:00,33.88
2024-05-09 11:00:00+00:00,57.8425
2024-05-09 12:00:00+00:00,41.87
2024-05-09 13:00:00+00:00,23.4875
2024-05-09 14:00:00+00:00,21.4275
2024-05-09 15:00:00+00:00,22.46
2024-05-09 16:00:00+00:00,29.2775
2024-05-09 17:00:00+00:00,176.33499999999998
2024-05-09 18:00:00+00:00,224.02499999999998
2024-05-09 19:00:00+00:00,158.025
2024-05-09 20:00:00+00:00,88.08500000000001
2024-05-09 21:00:00+00:00,97.74
2024-05-09 22:00:00+00:00,52.75
2024-05-09 23:00:00+00:00,20.53
2024-05-10 00:00:00+00:00,21.3725
2024-05-10 01:00:00+00:00,29.765
2024-05-10 02:00:00+00:00,22.127499999999998
2024-05-10 03:00:00+00:00,15.0925
2024-05-10 04:00:00+00:00,14.66
2024-05-10 05:00:00+00:00,14.5075
2024-05-10 06:00:00+00:00,18.11
2024-05-10 07:00:00+00:00,18.845
2024-05-10 08:00:00+00:00,19.0175
2024-05-10 09:00:00+00:00,19.18
2024-05-10 10:00:00+00:00,19.1675
2024-05-10 11:00:00+00:00,22.2425
2024-05-10 12:00:00+00:00,18.3825
2024-05-10 13:00:00+00:00,17.767500000000002
2024-05-10 14:00:00+00:00,10.682500000000001
2024-05-10 15:00:00+00:00,4.904999999999999
2024-05-10 16:00:00+00:00,5.895
2024-05-10 17:00:00+00:00,7.49
2024-05-10 18:00:00+00:00,9.005
2024-05-10 19:00:00+00:00,12.29
2024-05-10 20:00:00+00:00,19.9825
2024-05-10 21:00:00+00:00,47.4375
2024-05-10 22:00:00+00:00,50.56
2024-05-10 23:00:00+00:00,96.85999999999999
2024-05-11 00:00:00+00:00,98.675
2024-05-11 01:00:00+00:00,182.0425
2024-05-11 02:00:00+00:00,93.4625
2024-05-11 03:00:00+00:00,53.6075
2024-05-11 04:00:00+00:00,40.9
2024-05-11 05:00:00+00:00,54.7275
2024-05-11 06:00:00+00:00,26.3075
2024-05-11 07:00:00+00:00,28.815
2024-05-11 08:00:00+00:00,35.4125
2024-05-11 09:00:00+00:00,23.8675
2024-05-11 10:00:00+00:00,20.0475
2024-05-11 11:00:00+00:00,19.61
2024-05-11 12:00:00+00:00,18.125
2024-05-11 13:00:00+00:00,18.855
2024-05-11 14:00:00+00:00,16.4
2024-05-11 15:00:00+00:00,15.2675
2024-05-11 16:00:00+00:00,12.8125
2024-05-11 17:00:00+00:00,14.872499999999999
2024-05-11 18:00:00+00:00,15.32
2024-05-11 19:00:00+00:00,21.3475
2024-05-11 20:00:00+00:00,23.58
2024-05-11 21:00:00+00:00,18.310000000000002
2024-05-11 22:00:00+00:00,42.4825
2024-05-11 23:00:00+00:00,24.14
2024-05-12 00:00:00+00:00,39.33
2024-05-12 01:00:00+00:00,45.705
2024-05-12 02:00:00+00:00,28.574999999999996
2024-05-12 03:00:00+00:00,20.0925
2024-05-12 04:00:00+00:00,17.1475
2024-05-12 05:00:00+00:00,18.2
2024-05-12 06:00:00+00:00,17.9575
2024-05-12 07:00:00+00:00,18.064999999999998
2024-05-12 08:00:00+00:00,18.22
2024-05-12 09:00:00+00:00,21.8875
2024-05-12 10:00:00+00:00,30.0125
2024-05-12 11:00:00+00:00,44.945
2024-05-12 12:00:00+00:00,56.322500000000005
2024-05-12 13:00:00+00:00,67.0425
2024-05-12 14:00:00+00:00,45.13
2024-05-12 15:00:00+00:00,56.5075
2024-05-12 16:00:00+00:00,62.3275
2024-05-12 17:00:00+00:00,64.715
2024-05-12 18:00:00+00:00,33.5825
2024-05-12 19:00:00+00:00,22.085
2024-05-12 20:00:00+00:00,21.0975
2024-05-12 21:00:00+00:00,37.94
2024-05-12 22:00:00+00:00,38.045
2024-05-12 23:00:00+00:00,26.865000000000002
2024-05-13 00:00:00+00:00,38.0325
2024-05-13 01:00:00+00:00,54.175000000000004
2024-05-13 02:00:00+00:00,55.394999999999996
2024-05-13 03:00:00+00:00,56.817499999999995
2024-05-13 04:00:00+00:00,74.5775
2024-05-13 05:00:00+00:00,58.99
2024-05-13 06:00:00+00:00,39.7
2024-05-13 07:00:00+00:00,52.9275
2024-05-13 08:00:00+00:00,85.2475
2024-05-13 09:00:00+00:00,178.93
2024-05-13 10:00:00+00:00,128.485
2024-05-13 11:00:00+00:00,113.585
2024-05-13 12:00:00+00:00,59.3975
2024-05-13 13:00:00+00:00,23.9375
2024-05-13 14:00:00+00:00,19.0675
2024-05-13 15:00:00+00:00,15.629999999999999
2024-05-13 16:00:00+00:00,15.2725
2024-05-13 17:00:00+00:00,22.715
2024-05-13 18:00:00+00:00,23.755000000000003
2024-05-13 19:00:00+00:00,17.2
2024-05-13 20:00:00+00:00,15.5675
2024-05-13 21:00:00+00:00,13.715
2024-05-13 22:00:00+00:00,12.475
2024-05-13 23:00:00+00:00,15.1875
2024-05-14 00:00:00+00:00,43.235
2024-05-14 01:00:00+00:00,76.7675
2024-05-14 02:00:00+00:00,75.035
2024-05-14 03:00:00+00:00,42.980000000000004
2024-05-14 04:00:00+00:00,28.6925
2024-05-14 05:00:00+00:00,22.1125
2024-05-14 06:00:00+00:00,20.2125
2024-05-14 07:00:00+00:00,20.1375
2024-05-14 08:00:00+00:00,20.845
2024-05-14 09:00:00+00:00,20.872500000000002
2024-05-14 10:00:00+00:00,21.8975
2024-05-14 11:00:00+00:00,25.57
2024-05-14 12:00:00+00:00,16.985
2024-05-14 13:00:00+00:00,9.6075
2024-05-14 14:00:00+00:00,10.22
2024-05-14 15:00:00+00:00,11.305
2024-05-14 16:00:00+00:00,12.182500000000001
2024-05-14 17:00:00+00:00,14.2275
2024-05-14 18:00:00+00:00,16.71
2024-05-14 19:00:00+00:00,18.335
2024-05-14 20:00:00+00:00,20.585
2024-05-14 21:00:00+00:00,35.45
2024-05-14 22:00:00+00:00,29.225
2024-05-14 23:00:00+00:00,46.1475
2024-05-15 00:00:00+00:00,86.45250000000001
2024-05-15 01:00:00+00:00,43.17
2024-05-15 02:00:00+00:00,18.2825
2024-05-15 03:00:00+00:00,15.4525
2024-05-15 04:00:00+00:00,13.3225
2024-05-15 05:00:00+00:00,14.129999999999999
2024-05-15 06:00:00+00:00,11.752500000000001
2024-05-15 07:00:00+00:00,9.56
2024-05-15 08:00:00+00:00,8.557500000000001
2024-05-15 09:00:00+00:00,8.879999999999999
2024-05-15 10:00:00+00:00,10.36
2024-05-15 11:00:00+00:00,12.775
2024-05-15 12:00:00+00:00,8.82
2024-05-15 13:00:00+00:00,3.6625
2024-05-15 14:00:00+00:00,4.2125
2024-05-15 15:00:00+00:00,8.1825
2024-05-15 16:00:00+00:00,11.125
2024-05-15 17:00:00+00:00,15.265
2024-05-15 18:00:00+00:00,17.345
2024-05-15 19:00:00+00:00,18.7875
2024-05-15 20:00:00+00:00,25.942500000000003
2024-05-15 21:00:00+00:00,31.845
2024-05-15 22:00:00+00:00,47.6225
2024-05-15 23:00:00+00:00,18.8125
2024-05-16 00:00:00+00:00,23.1575
2024-05-16 01:00:00+00:00,28.2425
2024-05-16 02:00:00+00:00,21.865000000000002
2024-05-16 03:00:00+00:00,18.5775
2024-05-16 04:00:00+00:00,19.035
2024-05-16 05:00:00+00:00,18.16
2024-05-16 06:00:00+00:00,18.54
2024-05-16 07:00:00+00:00,18.4025
2024-05-16 08:00:00+00:00,18.2175
2024-05-16 09:00:00+00:00,16.6125
2024-05-16 10:00:00+00:00,18.37
2024-05-16 11:00:00+00:00,21.03
2024-05-16 12:00:00+00:00,19.572499999999998
2024-05-16 13:00:00+00:00,19.4525
2024-05-16 14:00:00+00:00,18.595
2024-05-16 15:00:00+00:00,20.14
2024-05-16 16:00:00+00:00,21.73
2024-05-16 17:00:00+00:00,44.605000000000004
2024-05-16 18:00:00+00:00,63.504999999999995
2024-05-16 19:00:00+00:00,36.3375
2024-05-16 20:00:00+00:00,26.165
2024-05-16 21:00:00+00:00,21.155
2024-05-16 22:00:00+00:00,23.6
2024-05-16 23:00:00+00:00,21.4525
2024-05-17 00:00:00+00:00,17.5425
2024-05-17 01:00:00+00:00,16.8825
2024-05-17 02:00:00+00:00,18.435000000000002
2024-05-17 03:00:00+00:00,18.447499999999998
2024-05-17 04:00:00+00:00,21.055
2024-05-17 05:00:00+00:00,20.189999999999998
2024-05-17 06:00:00+00:00,21.057499999999997
2024-05-17 07:00:00+00:00,20.125
2024-05-17 08:00:00+00:00,19.1925
2024-05-17 09:00:00+00:00,18.665
2024-05-17 10:00:00+00:00,19.765
2024-05-17 11:00:00+00:00,19.2025
2024-05-17 12:00:00+00:00,15.8075
2024-05-17 13:00:00+00:00,13.385
2024-05-17 14:00:00+00:00,11.5175
2024-05-17 15:00:00+00:00,12.0825
2024-05-17 16:00:00+00:00,13.57
2024-05-17 17:00:00+00:00,13.9025
2024-05-17 18:00:00+00:00,16.805
2024-05-17 19:00:00+00:00,17.96
2024-05-17 20:00:00+00:00,18.23
2024-05-17 21:00:00+00:00,26.6
2024-05-17 22:00:00+00:00,22.689999999999998
2024-05-17 23:00:00+00:00,28.91
2024-05-18 00:00:00+00:00,69.3475
2024-05-18 01:00:00+00:00,101.2475
2024-05-18 02:00:00+00:00,64.375
2024-05-18 03:00:00+00:00,25.057499999999997
2024-05-18 04:00:00+00:00,19.33
2024-05-18 05:00:00+00:00,16.1175
2024-05-18 06:00:00+00:00,15.022499999999999
2024-05-18 07:00:00+00:00,11.655000000000001
2024-05-18 08:00:00+00:00,9.4525
2024-05-18 09:00:00+00:00,8.7575
2024-05-18 10:00:00+00:00,10.42
2024-05-18 11:00:00+00:00,11.71
2024-05-18 12:00:00+00:00,5.8075
2024-05-18 13:00:00+00:00,0.005
2024-05-18 14:00:00+00:00,1.975
2024-05-18 15:00:00+00:00,8.02
2024-05-18 16:00:00+00:00,12.535
2024-05-18 17:00:00+00:00,17.9075
2024-05-18 18:00:00+00:00,21.475
2024-05-18 19:00:00+00:00,28.56
2024-05-18 20:00:00+00:00,28.975
2024-05-18 21:00:00+00:00,31.104999999999997
2024-05-18 22:00:00+00:00,35.41
2024-05-18 23:00:00+00:00,33.3625
2024-05-19 00:00:00+00:00,110.2625
2024-05-19 01:00:00+00:00,56.2175
2024-05-19 02:00:00+00:00,20.927500000000002
2024-05-19 03:00:00+00:00,19.1925
2024-05-19 04:00:00+00:00,16.545
2024-05-19 05:00:00+00:00,15.445
2024-05-19 06:00:00+00:00,13.5825
2024-05-19 07:00:00+00:00,11.135
2024-05-19 08:00:00+00:00,9.8375
2024-05-19 09:00:00+00:00,7.635
2024-05-19 10:00:00+00:00,7.8925
2024-05-19 11:00:00+00:00,5.3825
2024-05-19 12:00:00+00:00,0.39499999999999996
2024-05-19 13:00:00+00:00,0.9450000000000001
2024-05-19 14:00:00+00:00,1.945
2024-05-19 15:00:00+00:00,9.8425
2024-05-19 16:00:00+00:00,14.1375
2024-05-19 17:00:00+00:00,15.7975
2024-05-19 18:00:00+00:00,16.2975
2024-05-19 19:00:00+00:00,13.754999999999999
2024-05-19 20:00:00+00:00,14.01
2024-05-19 21:00:00+00:00,15.515
2024-05-19 22:00:00+00:00,16.9425
2024-05-19 23:00:00+00:00,18.6525
2024-05-20 00:00:00+00:00,22.095
2024-05-20 01:00:00+00:00,19.17
2024-05-20 02:00:00+00:00,17.322499999999998
2024-05-20 03:00:00+00:00,14.335
2024-05-20 04:00:00+00:00,13.775
2024-05-20 05:00:00+00:00,13.675
2024-05-20 06:00:00+00:00,11.305
2024-05-20 07:00:00+00:00,10.275
2024-05-20 08:00:00+00:00,5.365
2024-05-20 09:00:00+00:00,4.955
2024-05-20 10:00:00+00:00,9.855
2024-05-20 11:00:00+00:00,11.76
2024-05-20 12:00:00+00:00,10.95
2024-05-20 13:00:00+00:00,7.072500000000001
2024-05-20 14:00:00+00:00,5.74
2024-05-20 15:00:00+00:00,8.5275
2024-05-20 16:00:00+00:00,11.7125
2024-05-20 17:00:00+00:00,15.2675
2024-05-20 18:00:00+00:00,19.0375
2024-05-20 19:00:00+00:00,21.055
2024-05-20 20:00:00+00:00,26.27
2024-05-20 21:00:00+00:00,22.762500000000003
2024-05-20 22:00:00+00:00,23.0475
2024-05-20 23:00:00+00:00,21.9225
2024-05-21 00:00:00+00:00,24.765
2024-05-21 01:00:00+00:00,21.1075
2024-05-21 02:00:00+00:00,15.3725
2024-05-21 03:00:00+00:00,13.1975
2024-05-21 04:00:00+00:00,12.27
2024-05-21 05:00:00+00:00,15.55
2024-05-21 06:00:00+00:00,14.025
2024-05-21 07:00:00+00:00,12.595
2024-05-21 08:00:00+00:00,12.6625
2024-05-21 09:00:00+00:00,13.067499999999999
2024-05-21 10:00:00+00:00,15.55
2024-05-21 11:00:00+00:00,19.075
2024-05-21 12:00:00+00:00,20.71
2024-05-21 13:00:00+00:00,20.5775
2024-05-21 14:00:00+00:00,19.04
2024-05-21 15:00:00+00:00,16.875
2024-05-21 16:00:00+00:00,17.765
2024-05-21 17:00:00+00:00,24.700000000000003
2024-05-21 18:00:00+00:00,46.605000000000004
2024-05-21 19:00:00+00:00,50.04
2024-05-21 20:00:00+00:00,41.7425
2024-05-21 21:00:00+00:00,86.295
2024-05-21 22:00:00+00:00,86.22749999999999
2024-05-21 23:00:00+00:00,96.495
2024-05-22 00:00:00+00:00,153.4025
2024-05-22 01:00:00+00:00,275.3
2024-05-22 02:00:00+00:00,112.5825
2024-05-22 03:00:00+00:00,34.7475
2024-05-22 04:00:00+00:00,22.9425
2024-05-22 05:00:00+00:00,20.295
2024-05-22 06:00:00+00:00,18.6025
2024-05-22 07:00:00+00:00,13.985
2024-05-22 08:00:00+00:00,12.0225
2024-05-22 09:00:00+00:00,13.7025
2024-05-22 10:00:00+00:00,15.4125
2024-05-22 11:00:00+00:00,17.5125
2024-05-22 12:00:00+00:00,20.2075
2024-05-22 13:00:00+00:00,21.7825
2024-05-22 14:00:00+00:00,17.36
2024-05-22 15:00:00+00:00,18.09
2024-05-22 16:00:00+00:00,19.1175
2024-05-22 17:00:00+00:00,16.155
2024-05-22 18:00:00+00:00,20.247500000000002
2024-05-22 19:00:00+00:00,15.95
2024-05-22 20:00:00+00:00,21.4
2024-05-22 21:00:00+00:00,30.695
2024-05-22 22:00:00+00:00,22.2625
2024-05-22 23:00:00+00:00,20.6075
2024-05-23 00:00:00+00:00,46.5575
2024-05-23 01:00:00+00:00,75.7725
2024-05-23 02:00:00+00:00,46.02
2024-05-23 03:00:00+00:00,27.1625
2024-05-23 04:00:00+00:00,21.52
2024-05-23 05:00:00+00:00,21.0975
2024-05-23 06:00:00+00:00,23.1625
2024-05-23 07:00:00+00:00,21.2025
2024-05-23 08:00:00+00:00,18.9425
2024-05-23 09:00:00+00:00,19.125
2024-05-23 10:00:00+00:00,28.3375
2024-05-23 11:00:00+00:00,39.0225
2024-05-23 12:00:00+00:00,25.810000000000002
2024-05-23 13:00:00+00:00,21.435000000000002
2024-05-23 14:00:00+00:00,18.455
2024-05-23 15:00:00+00:00,17.7775
2024-05-23 16:00:00+00:00,19.745
2024-05-23 17:00:00+00:00,35.4825
2024-05-23 18:00:00+00:00,37.38
2024-05-23 19:00:00+00:00,20.7175
2024-05-23 20:00:00+00:00,15.645
2024-05-23 21:00:00+00:00,17.5775
2024-05-23 22:00:00+00:00,13.4925
2024-05-23 23:00:00+00:00,13.1875
2024-05-24 00:00:00+00:00,16.509999999999998
2024-05-24 01:00:00+00:00,25.695
2024-05-24 02:00:00+00:00,23.74
2024-05-24 03:00:00+00:00,18.96
2024-05-24 04:00:00+00:00,15.67
2024-05-24 05:00:00+00:00,16.0975
2024-05-24 06:00:00+00:00,14.22
2024-05-24 07:00:00+00:00,13.35
2024-05-24 08:00:00+00:00,13.26
2024-05-24 09:00:00+00:00,12.3325
2024-05-24 10:00:00+00:00,13.7275
2024-05-24 11:00:00+00:00,14.7925
2024-05-24 12:00:00+00:00,14.9125
2024-05-24 13:00:00+00:00,15.432500000000001
2024-05-24 14:00:00+00:00,15.54
2024-05-24 15:00:00+00:00,12.415
2024-05-24 16:00:00+00:00,12.9225
2024-05-24 17:00:00+00:00,18.1275
2024-05-24 18:00:00+00:00,26.445
2024-05-24 19:00:00+00:00,42.92
2024-05-24 20:00:00+00:00,71.4925
2024-05-24 21:00:00+00:00,87.72999999999999
2024-05-24 22:00:00+00:00,68.3125
2024-05-24 23:00:00+00:00,45.7975
2024-05-25 00:00:00+00:00,69.155
2024-05-25 01:00:00+00:00,62.1425
2024-05-25 02:00:00+00:00,25.369999999999997
2024-05-25 03:00:00+00:00,21.17
2024-05-25 04:00:00+00:00,13.4925
2024-05-25 05:00:00+00:00,11.795
2024-05-25 06:00:00+00:00,11.33
2024-05-25 07:00:00+00:00,10.785
2024-05-25 08:00:00+00:00,10.1
2024-05-25 09:00:00+00:00,10.665
2024-05-25 10:00:00+00:00,14.225
2024-05-25 11:00:00+00:00,17.1725
2024-05-25 12:00:00+00:00,16.85
2024-05-25 13:00:00+00:00,14.572500000000002
2024-05-25 14:00:00+00:00,9.3425
2024-05-25 15:00:00+00:00,7.195
2024-05-25 16:00:00+00:00,4.4925
2024-05-25 17:00:00+00:00,5.3625
2024-05-25 18:00:00+00:00,9.565
2024-05-25 19:00:00+00:00,13.51
2024-05-25 20:00:00+00:00,16.0025
2024-05-25 21:00:00+00:00,18.497500000000002
2024-05-25 22:00:00+00:00,18.47
2024-05-25 23:00:00+00:00,15.8475
2024-05-26 00:00:00+00:00,24.7225
2024-05-26 01:00:00+00:00,26.8925
2024-05-26 02:00:00+00:00,20.3
2024-05-26 03:00:00+00:00,19.517500000000002
2024-05-26 04:00:00+00:00,17.13
2024-05-26 05:00:00+00:00,10.9825
2024-05-26 06:00:00+00:00,5.95
2024-05-26 07:00:00+00:00,3.7824999999999998
2024-05-26 08:00:00+00:00,3.7399999999999998
2024-05-26 09:00:00+00:00,5.3675
2024-05-26 10:00:00+00:00,7.797499999999999
2024-05-26 11:00:00+00:00,7.0600000000000005
2024-05-26 12:00:00+00:00,3.775
2024-05-26 13:00:00+00:00,3.4725
2024-05-26 14:00:00+00:00,4.2
2024-05-26 15:00:00+00:00,5.3125
2024-05-26 16:00:00+00:00,9.3025
2024-05-26 17:00:00+00:00,11.85
2024-05-26 18:00:00+00:00,12.6525
2024-05-26 19:00:00+00:00,13.6625
2024-05-26 20:00:00+00:00,21.725
2024-05-26 21:00:00+00:00,25.4275
2024-05-26 22:00:00+00:00,27.66
2024-05-26 23:00:00+00:00,37.0225
2024-05-27 00:00:00+00:00,80.3325
2024-05-27 01:00:00+00:00,101.4725
2024-05-27 02:00:00+00:00,53.8175
2024-05-27 03:00:00+00:00,35.595
2024-05-27 04:00:00+00:00,34.88
2024-05-27 05:00:00+00:00,26.7275
2024-05-27 06:00:00+00:00,22.055
2024-05-27 07:00:00+00:00,18.055
2024-05-27 08:00:00+00:00,18.6075
2024-05-27 09:00:00+00:00,19.865000000000002
2024-05-27 10:00:00+00:00,21.5825
2024-05-27 11:00:00+00:00,22.2
2024-05-27 12:00:00+00:00,19.9875
2024-05-27 13:00:00+00:00,19.3675
2024-05-27 14:00:00+00:00,21.9625
2024-05-27 15:00:00+00:00,26.2925
2024-05-27 16:00:00+00:00,35.0375
2024-05-27 17:00:00+00:00,53.52
2024-05-27 18:00:00+00:00,54.0625
2024-05-27 19:00:00+00:00,64.455
2024-05-27 20:00:00+00:00,77.755
2024-05-27 21:00:00+00:00,123.17
2024-05-27 22:00:00+00:00,130.7525
2024-05-27 23:00:00+00:00,97.19749999999999
2024-05-28 00:00:00+00:00,108.5325
2024-05-28 01:00:00+00:00,101.76
2024-05-28 02:00:00+00:00,43.6675
2024-05-28 03:00:00+00:00,21.61
2024-05-28 04:00:00+00:00,16.13
2024-05-28 05:00:00+00:00,15.6525
2024-05-28 06:00:00+00:00,15.43
2024-05-28 07:00:00+00:00,14.9875
2024-05-28 08:00:00+00:00,15.912500000000001
2024-05-28 09:00:00+00:00,16.9325
2024-05-28 10:00:00+00:00,18.380000000000003
2024-05-28 11:00:00+00:00,16.8975
2024-05-28 12:00:00+00:00,13.342500000000001
2024-05-28 13:00:00+00:00,6.4975000000000005
2024-05-28 14:00:00+00:00,4.4350000000000005
2024-05-28 15:00:00+00:00,4.279999999999999
2024-05-28 16:00:00+00:00,4.6899999999999995
2024-05-28 17:00:00+00:00,8.35
2024-05-28 18:00:00+00:00,4.9925
2024-05-28 19:00:00+00:00,5.8975
2024-05-28 20:00:00+00:00,4.4475
2024-05-28 21:00:00+00:00,3.5549999999999997
2024-05-28 22:00:00+00:00,4.782500000000001
2024-05-28 23:00:00+00:00,9.834999999999999
2024-05-29 00:00:00+00:00,16.395
2024-05-29 01:00:00+00:00,18.5875
2024-05-29 02:00:00+00:00,15.355
2024-05-29 03:00:00+00:00,11.34
2024-05-29 04:00:00+00:00,12.3675
2024-05-29 05:00:00+00:00,10.815
2024-05-29 06:00:00+00:00,12.8725
2024-05-29 07:00:00+00:00,13.985
2024-05-29 08:00:00+00:00,13.435
2024-05-29 09:00:00+00:00,14.719999999999999
2024-05-29 10:00:00+00:00,14.455
2024-05-29 11:00:00+00:00,13.0175
2024-05-29 12:00:00+00:00,13.6325
2024-05-29 13:00:00+00:00,14.93
2024-05-29 14:00:00+00:00,17.2575
2024-05-29 15:00:00+00:00,17.877499999999998
2024-05-29 16:00:00+00:00,22.275
2024-05-29 17:00:00+00:00,40.7525
2024-05-29 18:00:00+00:00,59.35
2024-05-29 19:00:00+00:00,144.005
2024-05-29 20:00:00+00:00,99.6625
2024-05-29 21:00:00+00:00,150.38
2024-05-29 22:00:00+00:00,42.145
2024-05-29 23:00:00+00:00,33.345
2024-05-30 00:00:00+00:00,42.7
2024-05-30 01:00:00+00:00,60.9125
2024-05-30 02:00:00+00:00,43.22
2024-05-30 03:00:00+00:00,21.515
2024-05-30 04:00:00+00:00,19.3425
2024-05-30 05:00:00+00:00,19.252499999999998
2024-05-30 06:00:00+00:00,18.19
2024-05-30 07:00:00+00:00,15.842500000000001
2024-05-30 08:00:00+00:00,14.5925
2024-05-30 09:00:00+00:00,15.795
2024-05-30 10:00:00+00:00,21.41
2024-05-30 11:00:00+00:00,35.39
2024-05-30 12:00:00+00:00,27.7825
2024-05-30 13:00:00+00:00,25.635
2024-05-30 14:00:00+00:00,23.27
2024-05-30 15:00:00+00:00,20.81
2024-05-30 16:00:00+00:00,20.365000000000002
2024-05-30 17:00:00+00:00,19.3275
2024-05-30 18:00:00+00:00,78.75750000000001
2024-05-30 19:00:00+00:00,24.9475
2024-05-30 20:00:00+00:00,159.49
2024-05-30 21:00:00+00:00,75.2925
2024-05-30 22:00:00+00:00,55.977500000000006
2024-05-30 23:00:00+00:00,43.225
2024-05-31 00:00:00+00:00,37.019999999999996
2024-05-31 01:00:00+00:00,65.505
2024-05-31 02:00:00+00:00,33.0225
2024-05-31 03:00:00+00:00,38.115
2024-05-31 04:00:00+00:00,20.259999999999998
2024-05-31 05:00:00+00:00,16.9725
2024-05-31 06:00:00+00:00,19.635
2024-05-31 07:00:00+00:00,19.905
2024-05-31 08:00:00+00:00,19.565
2024-05-31 09:00:00+00:00,17.4725
2024-05-31 10:00:00+00:00,19.2675
2024-05-31 11:00:00+00:00,27.9825
2024-05-31 12:00:00+00:00,21.697499999999998
2024-05-31 13:00:00+00:00,15.545
2024-05-31 14:00:00+00:00,13.2475
2024-05-31 15:00:00+00:00,12.4175
2024-05-31 16:00:00+00:00,8.675
2024-05-31 17:00:00+00:00,8.4225
2024-05-31 18:00:00+00:00,14.1
2024-05-31 19:00:00+00:00,20.05
2024-05-31 20:00:00+00:00,21.71
2024-05-31 21:00:00+00:00,34.3725
2024-05-31 22:00:00+00:00,25.0875
2024-05-31 23:00:00+00:00,34.114999999999995
2024-06-01 00:00:00+00:00,30.7975
2024-06-01 01:00:00+00:00,37.0325
2024-06-01 02:00:00+00:00,22.765
2024-06-01 03:00:00+00:00,19.884999999999998
2024-06-01 04:00:00+00:00,17.825
2024-06-01 05:00:00+00:00,17.97
2024-06-01 06:00:00+00:00,14.344999999999999
2024-06-01 07:00:00+00:00,7.9825
2024-06-01 08:00:00+00:00,4.86
2024-06-01 09:00:00+00:00,8.2875
2024-06-01 10:00:00+00:00,15.65
2024-06-01 11:00:00+00:00,16.335
2024-06-01 12:00:00+00:00,14.2425
2024-06-01 13:00:00+00:00,14.615
2024-06-01 14:00:00+00:00,14.0625
2024-06-01 15:00:00+00:00,20.08
2024-06-01 16:00:00+00:00,27.137500000000003
2024-06-01 17:00:00+00:00,19.875
2024-06-01 18:00:00+00:00,16.8975
2024-06-01 19:00:00+00:00,17.009999999999998
2024-06-01 20:00:00+00:00,20.6325
2024-06-01 21:00:00+00:00,29.490000000000002
2024-06-01 22:00:00+00:00,20.595
2024-06-01 23:00:00+00:00,22.747500000000002
2024-06-02 00:00:00+00:00,32.83
2024-06-02 01:00:00+00:00,23.66
2024-06-02 02:00:00+00:00,18.45
2024-06-02 03:00:00+00:00,18.7275
2024-06-02 04:00:00+00:00,18.59
2024-06-02 05:00:00+00:00,15.754999999999999
2024-06-02 06:00:00+00:00,12.8025
2024-06-02 07:00:00+00:00,10.782499999999999
2024-06-02 08:00:00+00:00,13.9925
2024-06-02 09:00:00+00:00,15.0075
2024-06-02 10:00:00+00:00,14.9525
2024-06-02 11:00:00+00:00,14.040000000000001
2024-06-02 12:00:00+00:00,12.8625
2024-06-02 13:00:00+00:00,8.6525
2024-06-02 14:00:00+00:00,4.18
2024-06-02 15:00:00+00:00,1.4475
2024-06-02 16:00:00+00:00,1.8375
2024-06-02 17:00:00+00:00,6.0275
2024-06-02 18:00:00+00:00,9.75
2024-06-02 19:00:00+00:00,16.64
2024-06-02 20:00:00+00:00,29.6075
2024-06-02 21:00:00+00:00,46.35
2024-06-02 22:00:00+00:00,18.5175
2024-06-02 23:00:00+00:00,15.5525
2024-06-03 00:00:00+00:00,18.0
2024-06-03 01:00:00+00:00,15.735
2024-06-03 02:00:00+00:00,14.465
2024-06-03 03:00:00+00:00,16.26
2024-06-03 04:00:00+00:00,16.0
2024-06-03 05:00:00+00:00,15.855
2024-06-03 06:00:00+00:00,12.705
2024-06-03 07:00:00+00:00,9.385
2024-06-03 08:00:00+00:00,6.485
2024-06-03 09:00:00+00:00,3.94
2024-06-03 10:00:00+00:00,6.9125
2024-06-03 11:00:00+00:00,10.565
2024-06-03 12:00:00+00:00,9.6875
2024-06-03 13:00:00+00:00,10.325
2024-06-03 14:00:00+00:00,11.0825
2024-06-03 15:00:00+00:00,27.08
2024-06-03 16:00:00+00:00,9.4475
2024-06-03 17:00:00+00:00,20.2925
2024-06-03 18:00:00+00:00,26.060000000000002
2024-06-03 19:00:00+00:00,26.355
2024-06-03 20:00:00+00:00,32.65
2024-06-03 21:00:00+00:00,22.34
2024-06-03 22:00:00+00:00,21.715
2024-06-03 23:00:00+00:00,21.197499999999998
2024-06-04 00:00:00+00:00,54.885
2024-06-04 01:00:00+00:00,111.6775
2024-06-04 02:00:00+00:00,29.335
2024-06-04 03:00:00+00:00,25.8125
2024-06-04 04:00:00+00:00,20.275
2024-06-04 05:00:00+00:00,18.1125
2024-06-04 06:00:00+00:00,15.11
2024-06-04 07:00:00+00:00,13.795
2024-06-04 08:00:00+00:00,13.557500000000001
2024-06-04 09:00:00+00:00,14.8675
2024-06-04 10:00:00+00:00,18.580000000000002
2024-06-04 11:00:00+00:00,20.0375
2024-06-04 12:00:00+00:00,16.6625
2024-06-04 13:00:00+00:00,13.575
2024-06-04 14:00:00+00:00,12.2
2024-06-04 15:00:00+00:00,11.965
2024-06-04 16:00:00+00:00,14.815
2024-06-04 17:00:00+00:00,13.7325
2024-06-04 18:00:00+00:00,10.9925
2024-06-04 19:00:00+00:00,11.98
2024-06-04 20:00:00+00:00,18.75
2024-06-04 21:00:00+00:00,18.67
2024-06-04 22:00:00+00:00,23.325
2024-06-04 23:00:00+00:00,54.7625
2024-06-05 00:00:00+00:00,344.62
2024-06-05 01:00:00+00:00,272.02250000000004
2024-06-05 02:00:00+00:00,54.6975
2024-06-05 03:00:00+00:00,27.6375
2024-06-05 04:00:00+00:00,21.0275
2024-06-05 05:00:00+00:00,20.075
2024-06-05 06:00:00+00:00,20.1375
2024-06-05 07:00:00+00:00,17.8375
2024-06-05 08:00:00+00:00,18.185000000000002
2024-06-05 09:00:00+00:00,16.255000000000003
2024-06-05 10:00:00+00:00,18.6425
2024-06-05 11:00:00+00:00,22.2775
2024-06-05 12:00:00+00:00,22.48
2024-06-05 13:00:00+00:00,18.875
2024-06-05 14:00:00+00:00,16.822499999999998
2024-06-05 15:00:00+00:00,15.1
2024-06-05 16:00:00+00:00,13.8
2024-06-05 17:00:00+00:00,15.055
2024-06-05 18:00:00+00:00,14.565
2024-06-05 19:00:00+00:00,17.1875
2024-06-05 20:00:00+00:00,18.29
2024-06-05 21:00:00+00:00,20.9725
2024-06-05 22:00:00+00:00,20.349999999999998
2024-06-05 23:00:00+00:00,21.400000000000002
2024-06-06 00:00:00+00:00,32.4375
2024-06-06 01:00:00+00:00,32.05
2024-06-06 02:00:00+00:00,20.775
2024-06-06 03:00:00+00:00,21.7675
2024-06-06 04:00:00+00:00,19.3425
2024-06-06 05:00:00+00:00,15.985
2024-06-06 06:00:00+00:00,12.69
2024-06-06 07:00:00+00:00,9.97
2024-06-06 08:00:00+00:00,8.522499999999999
2024-06-06 09:00:00+00:00,8.32
2024-06-06 10:00:00+00:00,10.285
2024-06-06 11:00:00+00:00,14.1
2024-06-06 12:00:00+00:00,12.515
2024-06-06 13:00:00+00:00,11.3275
2024-06-06 14:00:00+00:00,13.1325
2024-06-06 15:00:00+00:00,16.025
2024-06-06 16:00:00+00:00,19.7975
2024-06-06 17:00:00+00:00,24.9975
2024-06-06 18:00:00+00:00,33.412499999999994
2024-06-06 19:00:00+00:00,31.145000000000003
2024-06-06 20:00:00+00:00,28.235
2024-06-06 21:00:00+00:00,24.7625
2024-06-06 22:00:00+00:00,32.277499999999996
2024-06-06 23:00:00+00:00,17.7975
2024-06-07 00:00:00+00:00,25.93
2024-06-07 01:00:00+00:00,24.2975
2024-06-07 02:00:00+00:00,19.035
2024-06-07 03:00:00+00:00,20.9125
2024-06-07 04:00:00+00:00,17.4975
2024-06-07 05:00:00+00:00,14.675
2024-06-07 06:00:00+00:00,13.8725
2024-06-07 07:00:00+00:00,14.8275
2024-06-07 08:00:00+00:00,16.435
2024-06-07 09:00:00+00:00,19.2475
2024-06-07 10:00:00+00:00,19.8625
2024-06-07 11:00:00+00:00,17.310000000000002
2024-06-07 12:00:00+00:00,13.94
2024-06-07 13:00:00+00:00,13.3125
2024-06-07 14:00:00+00:00,12.5525
2024-06-07 15:00:00+00:00,16.442500000000003
2024-06-07 16:00:00+00:00,27.75
2024-06-07 17:00:00+00:00,28.8725
2024-06-07 18:00:00+00:00,35.7425
2024-06-07 19:00:00+00:00,32.7725
2024-06-07 20:00:00+00:00,21.7875
2024-06-07 21:00:00+00:00,21.064999999999998
2024-06-07 22:00:00+00:00,19.1725
2024-06-07 23:00:00+00:00,22.16
2024-06-08 00:00:00+00:00,29.085
2024-06-08 01:00:00+00:00,24.735
2024-06-08 02:00:00+00:00,21.9775
2024-06-08 03:00:00+00:00,22.445
2024-06-08 04:00:00+00:00,22.77
2024-06-08 05:00:00+00:00,21.6225
2024-06-08 06:00:00+00:00,20.655
2024-06-08 07:00:00+00:00,19.2525
2024-06-08 08:00:00+00:00,16.895
2024-06-08 09:00:00+00:00,15.8375
2024-06-08 10:00:00+00:00,17.35
2024-06-08 11:00:00+00:00,16.865000000000002
2024-06-08 12:00:00+00:00,8.5775
2024-06-08 13:00:00+00:00,4.575
2024-06-08 14:00:00+00:00,6.7775
2024-06-08 15:00:00+00:00,11.8225
2024-06-08 16:00:00+00:00,15.8125
2024-06-08 17:00:00+00:00,26.225
2024-06-08 18:00:00+00:00,28.5675
2024-06-08 19:00:00+00:00,25.765
2024-06-08 20:00:00+00:00,30.245
2024-06-08 21:00:00+00:00,33.885000000000005
2024-06-08 22:00:00+00:00,23.305
2024-06-08 23:00:00+00:00,25.075000000000003
2024-06-09 00:00:00+00:00,48.885000000000005
2024-06-09 01:00:00+00:00,47.2125
2024-06-09 02:00:00+00:00,21.95
2024-06-09 03:00:00+00:00,28.2
2024-06-09 04:00:00+00:00,21.0625
2024-06-09 05:00:00+00:00,20.54
2024-06-09 06:00:00+00:00,20.075
2024-06-09 07:00:00+00:00,17.915
2024-06-09 08:00:00+00:00,16.745
2024-06-09 09:00:00+00:00,16.525
2024-06-09 10:00:00+00:00,18.3575
2024-06-09 11:00:00+00:00,18.7625
2024-06-09 12:00:00+00:00,18.25
2024-06-09 13:00:00+00:00,17.9175
2024-06-09 14:00:00+00:00,24.395
2024-06-09 15:00:00+00:00,37.12
2024-06-09 16:00:00+00:00,26.2575
2024-06-09 17:00:00+00:00,38.8275
2024-06-09 18:00:00+00:00,36.5875
2024-06-09 19:00:00+00:00,39.207499999999996
2024-06-09 20:00:00+00:00,50.21
2024-06-09 21:00:00+00:00,38.425000000000004
2024-06-09 22:00:00+00:00,21.1325
2024-06-09 23:00:00+00:00,25.3975
2024-06-10 00:00:00+00:00,66.1425
2024-06-10 01:00:00+00:00,60.565
2024-06-10 02:00:00+00:00,61.215
2024-06-10 03:00:00+00:00,52.287499999999994
2024-06-10 04:00:00+00:00,37.862500000000004
2024-06-10 05:00:00+00:00,36.3275
2024-06-10 06:00:00+00:00,44.4825
2024-06-10 07:00:00+00:00,22.47
2024-06-10 08:00:00+00:00,19.990000000000002
2024-06-10 09:00:00+00:00,21.7425
2024-06-10 10:00:00+00:00,21.82
2024-06-10 11:00:00+00:00,38.9625
2024-06-10 12:00:00+00:00,37.155
2024-06-10 13:00:00+00:00,22.85
2024-06-10 14:00:00+00:00,23.1
2024-06-10 15:00:00+00:00,27.310000000000002
2024-06-10 16:00:00+00:00,26.4775
2024-06-10 17:00:00+00:00,64.565
2024-06-10 18:00:00+00:00,57.305
2024-06-10 19:00:00+00:00,95.4025
2024-06-10 20:00:00+00:00,117.9975
2024-06-10 21:00:00+00:00,116.265
2024-06-10 22:00:00+00:00,91.9125
2024-06-10 23:00:00+00:00,83.97
2024-06-11 00:00:00+00:00,106.875
2024-06-11 01:00:00+00:00,74.1875
2024-06-11 02:00:00+00:00,46.405
2024-06-11 03:00:00+00:00,33.375
2024-06-11 04:00:00+00:00,32.0475
2024-06-11 05:00:00+00:00,34.5025
2024-06-11 06:00:00+00:00,29.2425
2024-06-11 07:00:00+00:00,27.8625
2024-06-11 08:00:00+00:00,24.68
2024-06-11 09:00:00+00:00,25.425
2024-06-11 10:00:00+00:00,24.62
2024-06-11 11:00:00+00:00,27.07
2024-06-11 12:00:00+00:00,27.3825
2024-06-11 13:00:00+00:00,22.8525
2024-06-11 14:00:00+00:00,25.9375
2024-06-11 15:00:00+00:00,43.3425
2024-06-11 16:00:00+00:00,56.9475
2024-06-11 17:00:00+00:00,68.75999999999999
2024-06-11 18:00:00+00:00,90.91749999999999
2024-06-11 19:00:00+00:00,102.58500000000001
2024-06-11 20:00:00+00:00,63.64
2024-06-11 21:00:00+00:00,43.0725
2024-06-11 22:00:00+00:00,27.94
2024-06-11 23:00:00+00:00,27.3425
2024-06-12 00:00:00+00:00,31.39
2024-06-12 01:00:00+00:00,53.1825
2024-06-12 02:00:00+00:00,45.04
2024-06-12 03:00:00+00:00,38.8825
2024-06-12 04:00:00+00:00,31.0325
2024-06-12 05:00:00+00:00,43.0775
2024-06-12 06:00:00+00:00,30.52
2024-06-12 07:00:00+00:00,28.715
2024-06-12 08:00:00+00:00,27.7675
2024-06-12 09:00:00+00:00,34.815
2024-06-12 10:00:00+00:00,52.7725
2024-06-12 11:00:00+00:00,48.14
2024-06-12 12:00:00+00:00,26.945
2024-06-12 13:00:00+00:00,23.7775
2024-06-12 14:00:00+00:00,24.8525
2024-06-12 15:00:00+00:00,43.845
2024-06-12 16:00:00+00:00,44.1175
2024-06-12 17:00:00+00:00,61.9225
2024-06-12 18:00:00+00:00,66.12
2024-06-12 19:00:00+00:00,78.8875
2024-06-12 20:00:00+00:00,58.7175
2024-06-12 21:00:00+00:00,50.4275
2024-06-12 22:00:00+00:00,37.3825
2024-06-12 23:00:00+00:00,36.8175
2024-06-13 00:00:00+00:00,93.60249999999999
2024-06-13 01:00:00+00:00,95.6825
2024-06-13 02:00:00+00:00,40.5775
2024-06-13 03:00:00+00:00,28.3125
2024-06-13 04:00:00+00:00,24.855
2024-06-13 05:00:00+00:00,20.0025
2024-06-13 06:00:00+00:00,17.1525
2024-06-13 07:00:00+00:00,16.4025
2024-06-13 08:00:00+00:00,16.4825
2024-06-13 09:00:00+00:00,16.9875
2024-06-13 10:00:00+00:00,18.7
2024-06-13 11:00:00+00:00,20.59
2024-06-13 12:00:00+00:00,18.205
2024-06-13 13:00:00+00:00,12.6825
2024-06-13 14:00:00+00:00,11.8225
2024-06-13 15:00:00+00:00,21.924999999999997
2024-06-13 16:00:00+00:00,38.72
2024-06-13 17:00:00+00:00,53.7575
2024-06-13 18:00:00+00:00,60.9275
2024-06-13 19:00:00+00:00,60.785
2024-06-13 20:00:00+00:00,53.9475
2024-06-13 21:00:00+00:00,57.932500000000005
2024-06-13 22:00:00+00:00,52.69
2024-06-13 23:00:00+00:00,51.6125
2024-06-14 00:00:00+00:00,68.14750000000001
2024-06-14 01:00:00+00:00,75.9
2024-06-14 02:00:00+00:00,36.965
2024-06-14 03:00:00+00:00,35.1525
2024-06-14 04:00:00+00:00,27.445
2024-06-14 05:00:00+00:00,25.5925
2024-06-14 06:00:00+00:00,23.625
2024-06-14 07:00:00+00:00,22.939999999999998
2024-06-14 08:00:00+00:00,20.2975
2024-06-14 09:00:00+00:00,21.205
2024-06-14 10:00:00+00:00,21.9
2024-06-14 11:00:00+00:00,24.2025
2024-06-14 12:00:00+00:00,19.56
2024-06-14 13:00:00+00:00,16.2175
2024-06-14 14:00:00+00:00,18.8475
2024-06-14 15:00:00+00:00,40.3225
2024-06-14 16:00:00+00:00,42.965
2024-06-14 17:00:00+00:00,51.84
2024-06-14 18:00:00+00:00,57.515
2024-06-14 19:00:00+00:00,56.3875
2024-06-14 20:00:00+00:00,41.205
2024-06-14 21:00:00+00:00,25.1075
2024-06-14 22:00:00+00:00,24.072499999999998
2024-06-14 23:00:00+00:00,25.182499999999997
2024-06-15 00:00:00+00:00,58.705
2024-06-15 01:00:00+00:00,70.3025
2024-06-15 02:00:00+00:00,41.685
2024-06-15 03:00:00+00:00,30.7325
2024-06-15 04:00:00+00:00,28.98
2024-06-15 05:00:00+00:00,27.565
2024-06-15 06:00:00+00:00,25.2025
2024-06-15 07:00:00+00:00,22.27
2024-06-15 08:00:00+00:00,21.150000000000002
2024-06-15 09:00:00+00:00,21.46
2024-06-15 10:00:00+00:00,25.95
2024-06-15 11:00:00+00:00,26.46
2024-06-15 12:00:00+00:00,21.0825
2024-06-15 13:00:00+00:00,16.7725
2024-06-15 14:00:00+00:00,14.6975
2024-06-15 15:00:00+00:00,13.275
2024-06-15 16:00:00+00:00,18.9025
2024-06-15 17:00:00+00:00,24.915
2024-06-15 18:00:00+00:00,25.3075
2024-06-15 19:00:00+00:00,27.935
2024-06-15 20:00:00+00:00,34.785
2024-06-15 21:00:00+00:00,30.247500000000002
2024-06-15 22:00:00+00:00,24.08
2024-06-15 23:00:00+00:00,24.9125
2024-06-16 00:00:00+00:00,35.057500000000005
2024-06-16 01:00:00+00:00,34.4725
2024-06-16 02:00:00+00:00,24.4775
2024-06-16 03:00:00+00:00,20.4975
2024-06-16 04:00:00+00:00,17.552500000000002
2024-06-16 05:00:00+00:00,19.255
2024-06-16 06:00:00+00:00,17.622500000000002
2024-06-16 07:00:00+00:00,16.835
2024-06-16 08:00:00+00:00,15.325
2024-06-16 09:00:00+00:00,16.7425
2024-06-16 10:00:00+00:00,19.3875
2024-06-16 11:00:00+00:00,16.315
2024-06-16 12:00:00+00:00,10.5675
2024-06-16 13:00:00+00:00,8.71
2024-06-16 14:00:00+00:00,13.215
2024-06-16 15:00:00+00:00,16.6875
2024-06-16 16:00:00+00:00,17.715
2024-06-16 17:00:00+00:00,19.485
2024-06-16 18:00:00+00:00,22.765
2024-06-16 19:00:00+00:00,22.005000000000003
2024-06-16 20:00:00+00:00,23.48
2024-06-16 21:00:00+00:00,27.3425
2024-06-16 22:00:00+00:00,25.4125
2024-06-16 23:00:00+00:00,22.265
2024-06-17 00:00:00+00:00,42.975
2024-06-17 01:00:00+00:00,40.5625
2024-06-17 02:00:00+00:00,24.6625
2024-06-17 03:00:00+00:00,21.3275
2024-06-17 04:00:00+00:00,19.740000000000002
2024-06-17 05:00:00+00:00,20.5325
2024-06-17 06:00:00+00:00,19.58
2024-06-17 07:00:00+00:00,19.35
2024-06-17 08:00:00+00:00,19.509999999999998
2024-06-17 09:00:00+00:00,19.0075
2024-06-17 10:00:00+00:00,19.6425
2024-06-17 11:00:00+00:00,21.115000000000002
2024-06-17 12:00:00+00:00,18.990000000000002
2024-06-17 13:00:00+00:00,17.8375
2024-06-17 14:00:00+00:00,19.2025
2024-06-17 15:00:00+00:00,27.8275
2024-06-17 16:00:00+00:00,55.81
2024-06-17 17:00:00+00:00,99.80250000000001
2024-06-17 18:00:00+00:00,76.4
2024-06-17 19:00:00+00:00,24.7225
2024-06-17 20:00:00+00:00,28.345
2024-06-17 21:00:00+00:00,24.89
2024-06-17 22:00:00+00:00,34.807500000000005
2024-06-17 23:00:00+00:00,30.47
2024-06-18 00:00:00+00:00,49.2725
2024-06-18 01:00:00+00:00,24.7325
2024-06-18 02:00:00+00:00,24.1375
2024-06-18 03:00:00+00:00,19.9925
2024-06-18 04:00:00+00:00,19.384999999999998
2024-06-18 05:00:00+00:00,19.575
2024-06-18 06:00:00+00:00,18.5225
2024-06-18 07:00:00+00:00,17.0375
2024-06-18 08:00:00+00:00,16.6775
2024-06-18 09:00:00+00:00,16.4225
2024-06-18 10:00:00+00:00,19.5325
2024-06-18 11:00:00+00:00,24.175
2024-06-18 12:00:00+00:00,14.95
2024-06-18 13:00:00+00:00,11.434999999999999
2024-06-18 14:00:00+00:00,13.8125
2024-06-18 15:00:00+00:00,22.545
2024-06-18 16:00:00+00:00,18.634999999999998
2024-06-18 17:00:00+00:00,22.6825
2024-06-18 18:00:00+00:00,18.72
2024-06-18 19:00:00+00:00,20.7525
2024-06-18 20:00:00+00:00,18.8675
2024-06-18 21:00:00+00:00,21.815
2024-06-18 22:00:00+00:00,41.8
2024-06-18 23:00:00+00:00,22.3975
2024-06-19 00:00:00+00:00,34.955
2024-06-19 01:00:00+00:00,30.575
2024-06-19 02:00:00+00:00,26.765
2024-06-19 03:00:00+00:00,19.81
2024-06-19 04:00:00+00:00,18.885
2024-06-19 05:00:00+00:00,19.96
2024-06-19 06:00:00+00:00,16.9225
2024-06-19 07:00:00+00:00,16.79
2024-06-19 08:00:00+00:00,17.7825
2024-06-19 09:00:00+00:00,18.07
2024-06-19 10:00:00+00:00,21.3375
2024-06-19 11:00:00+00:00,22.93
2024-06-19 12:00:00+00:00,23.4825
2024-06-19 13:00:00+00:00,21.474999999999998
2024-06-19 14:00:00+00:00,22.345
2024-06-19 15:00:00+00:00,21.6875
2024-06-19 16:00:00+00:00,22.6675
2024-06-19 17:00:00+00:00,22.0125
2024-06-19 18:00:00+00:00,25.807499999999997
2024-06-19 19:00:00+00:00,21.7975
2024-06-19 20:00:00+00:00,21.8525
2024-06-19 21:00:00+00:00,20.72
2024-06-19 22:00:00+00:00,17.28
2024-06-19 23:00:00+00:00,15.572500000000002
2024-06-20 00:00:00+00:00,18.0
2024-06-20 01:00:00+00:00,22.075
2024-06-20 02:00:00+00:00,22.625
2024-06-20 03:00:00+00:00,20.712500000000002
2024-06-20 04:00:00+00:00,18.135
2024-06-20 05:00:00+00:00,19.9575
2024-06-20 06:00:00+00:00,21.5775
2024-06-20 07:00:00+00:00,24.1675
2024-06-20 08:00:00+00:00,27.0325
2024-06-20 09:00:00+00:00,29.0675
2024-06-20 10:00:00+00:00,33.58
2024-06-20 11:00:00+00:00,38.32
2024-06-20 12:00:00+00:00,36.1825
2024-06-20 13:00:00+00:00,33.432500000000005
2024-06-20 14:00:00+00:00,30.192500000000003
2024-06-20 15:00:00+00:00,41.38
2024-06-20 16:00:00+00:00,32.3825
2024-06-20 17:00:00+00:00,37.4925
2024-06-20 18:00:00+00:00,23.5875
2024-06-20 19:00:00+00:00,25.2525
2024-06-20 20:00:00+00:00,30.84
2024-06-20 21:00:00+00:00,25.0775
2024-06-20 22:00:00+00:00,25.87
2024-06-20 23:00:00+00:00,30.5725
2024-06-21 00:00:00+00:00,65.4425
2024-06-21 01:00:00+00:00,57.5325
2024-06-21 02:00:00+00:00,39.847500000000004
2024-06-21 03:00:00+00:00,29.0075
2024-06-21 04:00:00+00:00,23.34
2024-06-21 05:00:00+00:00,22.445
2024-06-21 06:00:00+00:00,21.585
2024-06-21 07:00:00+00:00,20.48
2024-06-21 08:00:00+00:00,20.77
2024-06-21 09:00:00+00:00,21.62
2024-06-21 10:00:00+00:00,22.252499999999998
2024-06-21 11:00:00+00:00,22.2825
2024-06-21 12:00:00+00:00,21.5575
2024-06-21 13:00:00+00:00,17.41
2024-06-21 14:00:00+00:00,15.15
2024-06-21 15:00:00+00:00,16.112499999999997
2024-06-21 16:00:00+00:00,19.725
2024-06-21 17:00:00+00:00,21.0175
2024-06-21 18:00:00+00:00,22.865000000000002
2024-06-21 19:00:00+00:00,23.3625
2024-06-21 20:00:00+00:00,22.6575
2024-06-21 21:00:00+00:00,21.7825
2024-06-21 22:00:00+00:00,21.5225
2024-06-21 23:00:00+00:00,23.7625
2024-06-22 00:00:00+00:00,43.985
2024-06-22 01:00:00+00:00,46.78
2024-06-22 02:00:00+00:00,28.060000000000002
2024-06-22 03:00:00+00:00,23.7525
2024-06-22 04:00:00+00:00,22.21
2024-06-22 05:00:00+00:00,19.0325
2024-06-22 06:00:00+00:00,17.314999999999998
2024-06-22 07:00:00+00:00,16.3925
2024-06-22 08:00:00+00:00,16.025
2024-06-22 09:00:00+00:00,16.5575
2024-06-22 10:00:00+00:00,16.6025
2024-06-22 11:00:00+00:00,16.2025
2024-06-22 12:00:00+00:00,12.3
2024-06-22 13:00:00+00:00,4.807499999999999
2024-06-22 14:00:00+00:00,4.0175
2024-06-22 15:00:00+00:00,10.219999999999999
2024-06-22 16:00:00+00:00,16.2825
2024-06-22 17:00:00+00:00,19.87
2024-06-22 18:00:00+00:00,20.6275
2024-06-22 19:00:00+00:00,21.7575
2024-06-22 20:00:00+00:00,23.4625
2024-06-22 21:00:00+00:00,31.4425
2024-06-22 22:00:00+00:00,27.2675
2024-06-22 23:00:00+00:00,30.017500000000002
2024-06-23 00:00:00+00:00,63.042500000000004
2024-06-23 01:00:00+00:00,131.9975
2024-06-23 02:00:00+00:00,34.9525
2024-06-23 03:00:00+00:00,23.675
2024-06-23 04:00:00+00:00,20.1075
2024-06-23 05:00:00+00:00,17.53
2024-06-23 06:00:00+00:00,15.459999999999999
2024-06-23 07:00:00+00:00,12.4475
2024-06-23 08:00:00+00:00,12.1075
2024-06-23 09:00:00+00:00,13.965
2024-06-23 10:00:00+00:00,14.705
2024-06-23 11:00:00+00:00,14.815
2024-06-23 12:00:00+00:00,12.335
2024-06-23 13:00:00+00:00,10.6
2024-06-23 14:00:00+00:00,11.280000000000001
2024-06-23 15:00:00+00:00,16.2725
2024-06-23 16:00:00+00:00,22.46
2024-06-23 17:00:00+00:00,24.605
2024-06-23 18:00:00+00:00,33.025
2024-06-23 19:00:00+00:00,30.325000000000003
2024-06-23 20:00:00+00:00,32.48
2024-06-23 21:00:00+00:00,37.465
2024-06-23 22:00:00+00:00,28.865
2024-06-23 23:00:00+00:00,34.52
2024-06-24 00:00:00+00:00,77.9875
2024-06-24 01:00:00+00:00,96.435
2024-06-24 02:00:00+00:00,37.5475
2024-06-24 03:00:00+00:00,26.23
2024-06-24 04:00:00+00:00,24.060000000000002
2024-06-24 05:00:00+00:00,21.705
2024-06-24 06:00:00+00:00,18.71
2024-06-24 07:00:00+00:00,17.2
2024-06-24 08:00:00+00:00,16.58
2024-06-24 09:00:00+00:00,16.6825
2024-06-24 10:00:00+00:00,17.8075
2024-06-24 11:00:00+00:00,19.3925
2024-06-24 12:00:00+00:00,18.4475
2024-06-24 13:00:00+00:00,17.375
2024-06-24 14:00:00+00:00,17.5075
2024-06-24 15:00:00+00:00,25.215
2024-06-24 16:00:00+00:00,28.5625
2024-06-24 17:00:00+00:00,34.730000000000004
2024-06-24 18:00:00+00:00,32.0625
2024-06-24 19:00:00+00:00,33.2425
2024-06-24 20:00:00+00:00,26.98
2024-06-24 21:00:00+00:00,28.5675
2024-06-24 22:00:00+00:00,24.96
2024-06-24 23:00:00+00:00,24.705
2024-06-25 00:00:00+00:00,48.567499999999995
2024-06-25 01:00:00+00:00,60.3725
2024-06-25 02:00:00+00:00,30.317500000000003
2024-06-25 03:00:00+00:00,22.145
2024-06-25 04:00:00+00:00,19.3725
2024-06-25 05:00:00+00:00,18.3675
2024-06-25 06:00:00+00:00,17.814999999999998
2024-06-25 07:00:00+00:00,17.51
2024-06-25 08:00:00+00:00,17.055
2024-06-25 09:00:00+00:00,16.845
2024-06-25 10:00:00+00:00,17.5075
2024-06-25 11:00:00+00:00,17.97
2024-06-25 12:00:00+00:00,17.6575
2024-06-25 13:00:00+00:00,11.9825
2024-06-25 14:00:00+00:00,12.6525
2024-06-25 15:00:00+00:00,13.785
2024-06-25 16:00:00+00:00,19.1825
2024-06-25 17:00:00+00:00,21.9225
2024-06-25 18:00:00+00:00,26.735
2024-06-25 19:00:00+00:00,33.2175
2024-06-25 20:00:00+00:00,27.8
2024-06-25 21:00:00+00:00,32.4275
2024-06-25 22:00:00+00:00,31.9225
2024-06-25 23:00:00+00:00,34.3375
2024-06-26 00:00:00+00:00,66.8625
2024-06-26 01:00:00+00:00,87.305
2024-06-26 02:00:00+00:00,77.46000000000001
2024-06-26 03:00:00+00:00,24.3625
2024-06-26 04:00:00+00:00,22.072499999999998
2024-06-26 05:00:00+00:00,20.18
2024-06-26 06:00:00+00:00,18.2175
2024-06-26 07:00:00+00:00,13.817499999999999
2024-06-26 08:00:00+00:00,17.0925
2024-06-26 09:00:00+00:00,17.0125
2024-06-26 10:00:00+00:00,18.165
2024-06-26 11:00:00+00:00,20.377499999999998
2024-06-26 12:00:00+00:00,20.55
2024-06-26 13:00:00+00:00,16.5425
2024-06-26 14:00:00+00:00,17.8475
2024-06-26 15:00:00+00:00,24.785
2024-06-26 16:00:00+00:00,38.545
2024-06-26 17:00:00+00:00,57.2325
2024-06-26 18:00:00+00:00,62.114999999999995
2024-06-26 19:00:00+00:00,33.1975
2024-06-26 20:00:00+00:00,30.9075
2024-06-26 21:00:00+00:00,26.27
2024-06-26 22:00:00+00:00,23.5675
2024-06-26 23:00:00+00:00,23.5975
2024-06-27 00:00:00+00:00,33.3875
2024-06-27 01:00:00+00:00,34.915
2024-06-27 02:00:00+00:00,31.3125
2024-06-27 03:00:00+00:00,30.1125
2024-06-27 04:00:00+00:00,27.2025
2024-06-27 05:00:00+00:00,24.42
2024-06-27 06:00:00+00:00,23.4375
2024-06-27 07:00:00+00:00,23.1075
2024-06-27 08:00:00+00:00,24.22
2024-06-27 09:00:00+00:00,24.869999999999997
2024-06-27 10:00:00+00:00,28.5825
2024-06-27 11:00:00+00:00,29.7175
2024-06-27 12:00:00+00:00,26.93
2024-06-27 13:00:00+00:00,24.2225
2024-06-27 14:00:00+00:00,26.43
2024-06-27 15:00:00+00:00,31.67
2024-06-27 16:00:00+00:00,44.324999999999996
2024-06-27 17:00:00+00:00,41.405
2024-06-27 18:00:00+00:00,55.565
2024-06-27 19:00:00+00:00,32.6675
2024-06-27 20:00:00+00:00,29.4725
2024-06-27 21:00:00+00:00,31.805
2024-06-27 22:00:00+00:00,27.9225
2024-06-27 23:00:00+00:00,25.75
2024-06-28 00:00:00+00:00,35.95
2024-06-28 01:00:00+00:00,42.69
2024-06-28 02:00:00+00:00,35.0325
2024-06-28 03:00:00+00:00,28.5325
2024-06-28 04:00:00+00:00,23.03
2024-06-28 05:00:00+00:00,23.18
2024-06-28 06:00:00+00:00,21.78
2024-06-28 07:00:00+00:00,21.6625
2024-06-28 08:00:00+00:00,20.6375
2024-06-28 09:00:00+00:00,20.2
2024-06-28 10:00:00+00:00,20.9625
2024-06-28 11:00:00+00:00,21.017500000000002
2024-06-28 12:00:00+00:00,18.8
2024-06-28 13:00:00+00:00,13.2275
2024-06-28 14:00:00+00:00,15.0225
2024-06-28 15:00:00+00:00,16.4675
2024-06-28 16:00:00+00:00,17.7625
2024-06-28 17:00:00+00:00,20.1975
2024-06-28 18:00:00+00:00,23.3975
2024-06-28 19:00:00+00:00,24.427500000000002
2024-06-28 20:00:00+00:00,27.555
2024-06-28 21:00:00+00:00,37.9875
2024-06-28 22:00:00+00:00,26.26
2024-06-28 23:00:00+00:00,46.3575
2024-06-29 00:00:00+00:00,56.615
2024-06-29 01:00:00+00:00,49.15
2024-06-29 02:00:00+00:00,26.4625
2024-06-29 03:00:00+00:00,21.6125
2024-06-29 04:00:00+00:00,19.1675
2024-06-29 05:00:00+00:00,18.5025
2024-06-29 06:00:00+00:00,16.825
2024-06-29 07:00:00+00:00,14.5925
2024-06-29 08:00:00+00:00,14.3025
2024-06-29 09:00:00+00:00,16.37
2024-06-29 10:00:00+00:00,19.29
2024-06-29 11:00:00+00:00,20.8475
2024-06-29 12:00:00+00:00,20.255000000000003
2024-06-29 13:00:00+00:00,15.1925
2024-06-29 14:00:00+00:00,13.5925
2024-06-29 15:00:00+00:00,18.3275
2024-06-29 16:00:00+00:00,20.9225
2024-06-29 17:00:00+00:00,29.189999999999998
2024-06-29 18:00:00+00:00,39.262499999999996
2024-06-29 19:00:00+00:00,39.614999999999995
2024-06-29 20:00:00+00:00,33.1
2024-06-29 21:00:00+00:00,24.6775
2024-06-29 22:00:00+00:00,22.9325
2024-06-29 23:00:00+00:00,21.8
2024-06-30 00:00:00+00:00,34.285
2024-06-30 01:00:00+00:00,63.9025
2024-06-30 02:00:00+00:00,45.2175
2024-06-30 03:00:00+00:00,26.0875
2024-06-30 04:00:00+00:00,22.85
2024-06-30 05:00:00+00:00,25.052500000000002
2024-06-30 06:00:00+00:00,23.1125
2024-06-30 07:00:00+00:00,22.5675
2024-06-30 08:00:00+00:00,20.96
2024-06-30 09:00:00+00:00,19.6575
2024-06-30 10:00:00+00:00,20.2075
2024-06-30 11:00:00+00:00,20.2475
2024-06-30 12:00:00+00:00,18.68
2024-06-30 13:00:00+00:00,13.5
2024-06-30 14:00:00+00:00,13.4125
2024-06-30 15:00:00+00:00,18.83
2024-06-30 16:00:00+00:00,22.4
2024-06-30 17:00:00+00:00,23.8275
2024-06-30 18:00:00+00:00,25.69
2024-06-30 19:00:00+00:00,26.62
2024-06-30 20:00:00+00:00,24.795
2024-06-30 21:00:00+00:00,25.17
2024-06-30 22:00:00+00:00,26.09
2024-06-30 23:00:00+00:00,25.4225
2024-07-01 00:00:00+00:00,29.455
2024-07-01 01:00:00+00:00,35.6275
2024-07-01 02:00:00+00:00,27.53
2024-07-01 03:00:00+00:00,23.325
2024-07-01 04:00:00+00:00,22.4175
2024-07-01 05:00:00+00:00,21.2825
2024-07-01 06:00:00+00:00,20.7975
2024-07-01 07:00:00+00:00,19.4725
2024-07-01 08:00:00+00:00,19.0575
2024-07-01 09:00:00+00:00,19.5675
2024-07-01 10:00:00+00:00,21.3475
2024-07-01 11:00:00+00:00,21.2675
2024-07-01 12:00:00+00:00,18.88
2024-07-01 13:00:00+00:00,12.645
2024-07-01 14:00:00+00:00,11.7325
2024-07-01 15:00:00+00:00,13.875
2024-07-01 16:00:00+00:00,19.025
2024-07-01 17:00:00+00:00,21.48
2024-07-01 18:00:00+00:00,21.165
2024-07-01 19:00:00+00:00,23.572499999999998
2024-07-01 20:00:00+00:00,21.46
2024-07-01 21:00:00+00:00,22.86
2024-07-01 22:00:00+00:00,24.0325
2024-07-01 23:00:00+00:00,27.494999999999997
2024-07-02 00:00:00+00:00,61.1725
2024-07-02 01:00:00+00:00,26.865
2024-07-02 02:00:00+00:00,24.6575
2024-07-02 03:00:00+00:00,21.267500000000002
2024-07-02 04:00:00+00:00,19.095
2024-07-02 05:00:00+00:00,18.677500000000002
2024-07-02 06:00:00+00:00,16.89
2024-07-02 07:00:00+00:00,16.3325
2024-07-02 08:00:00+00:00,15.57
2024-07-02 09:00:00+00:00,14.04
2024-07-02 10:00:00+00:00,15.725000000000001
2024-07-02 11:00:00+00:00,18.33
2024-07-02 12:00:00+00:00,16.3025
2024-07-02 13:00:00+00:00,11.325
2024-07-02 14:00:00+00:00,10.73
2024-07-02 15:00:00+00:00,14.6425
2024-07-02 16:00:00+00:00,16.53
2024-07-02 17:00:00+00:00,20.205000000000002
2024-07-02 18:00:00+00:00,19.71
2024-07-02 19:00:00+00:00,21.3575
2024-07-02 20:00:00+00:00,20.552500000000002
2024-07-02 21:00:00+00:00,24.0875
2024-07-02 22:00:00+00:00,21.7125
2024-07-02 23:00:00+00:00,28.3925
2024-07-03 00:00:00+00:00,45.942499999999995
2024-07-03 01:00:00+00:00,41.415
2024-07-03 02:00:00+00:00,26.1975
2024-07-03 03:00:00+00:00,21.0425
2024-07-03 04:00:00+00:00,18.7025
2024-07-03 05:00:00+00:00,17.465
2024-07-03 06:00:00+00:00,16.65
2024-07-03 07:00:00+00:00,14.8925
2024-07-03 08:00:00+00:00,14.442499999999999
2024-07-03 09:00:00+00:00,15.215
2024-07-03 10:00:00+00:00,17.815
2024-07-03 11:00:00+00:00,19.475
2024-07-03 12:00:00+00:00,18.520000000000003
2024-07-03 13:00:00+00:00,13.8025
2024-07-03 14:00:00+00:00,14.345
2024-07-03 15:00:00+00:00,18.6225
2024-07-03 16:00:00+00:00,21.872500000000002
2024-07-03 17:00:00+00:00,23.75
2024-07-03 18:00:00+00:00,33.5925
2024-07-03 19:00:00+00:00,26.6925
2024-07-03 20:00:00+00:00,22.435
2024-07-03 21:00:00+00:00,21.787499999999998
2024-07-03 22:00:00+00:00,20.92
2024-07-03 23:00:00+00:00,21.177500000000002
2024-07-04 00:00:00+00:00,29.6825
2024-07-04 01:00:00+00:00,33.655
2024-07-04 02:00:00+00:00,23.8675
2024-07-04 03:00:00+00:00,20.1525
2024-07-04 04:00:00+00:00,18.3825
2024-07-04 05:00:00+00:00,17.8425
2024-07-04 06:00:00+00:00,16.4525
2024-07-04 07:00:00+00:00,14.195
2024-07-04 08:00:00+00:00,13.4225
2024-07-04 09:00:00+00:00,15.5125
2024-07-04 10:00:00+00:00,16.595
2024-07-04 11:00:00+00:00,16.3
2024-07-04 12:00:00+00:00,13.46
2024-07-04 13:00:00+00:00,5.7125
2024-07-04 14:00:00+00:00,2.1925
2024-07-04 15:00:00+00:00,10.325
2024-07-04 16:00:00+00:00,15.3
2024-07-04 17:00:00+00:00,17.2575
2024-07-04 18:00:00+00:00,21.7525
2024-07-04 19:00:00+00:00,35.19
2024-07-04 20:00:00+00:00,41.59
2024-07-04 21:00:00+00:00,47.097500000000004
2024-07-04 22:00:00+00:00,32.875
2024-07-04 23:00:00+00:00,44.1775
2024-07-05 00:00:00+00:00,66.085
2024-07-05 01:00:00+00:00,39.13
2024-07-05 02:00:00+00:00,20.5125
2024-07-05 03:00:00+00:00,17.6825
2024-07-05 04:00:00+00:00,17.4125
2024-07-05 05:00:00+00:00,17.065
2024-07-05 06:00:00+00:00,17.005
2024-07-05 07:00:00+00:00,18.87
2024-07-05 08:00:00+00:00,20.2125
2024-07-05 09:00:00+00:00,18.3125
2024-07-05 10:00:00+00:00,17.5025
2024-07-05 11:00:00+00:00,14.935
2024-07-05 12:00:00+00:00,12.57
2024-07-05 13:00:00+00:00,9.045
2024-07-05 14:00:00+00:00,9.815
2024-07-05 15:00:00+00:00,12.3775
2024-07-05 16:00:00+00:00,10.855
2024-07-05 17:00:00+00:00,11.7325
2024-07-05 18:00:00+00:00,12.842500000000001
2024-07-05 19:00:00+00:00,11.24
2024-07-05 20:00:00+00:00,11.7725
2024-07-05 21:00:00+00:00,14.7775
2024-07-05 22:00:00+00:00,20.2775
2024-07-05 23:00:00+00:00,17.9375
2024-07-06 00:00:00+00:00,22.4625
2024-07-06 01:00:00+00:00,32.3125
2024-07-06 02:00:00+00:00,22.985
2024-07-06 03:00:00+00:00,20.682499999999997
2024-07-06 04:00:00+00:00,21.5175
2024-07-06 05:00:00+00:00,20.29
2024-07-06 06:00:00+00:00,20.64
2024-07-06 07:00:00+00:00,19.6825
2024-07-06 08:00:00+00:00,18.595
2024-07-06 09:00:00+00:00,18.1825
2024-07-06 10:00:00+00:00,17.56
2024-07-06 11:00:00+00:00,17.87
2024-07-06 12:00:00+00:00,16.165
2024-07-06 13:00:00+00:00,14.42
2024-07-06 14:00:00+00:00,14.897499999999999
2024-07-06 15:00:00+00:00,21.9025
2024-07-06 16:00:00+00:00,66.91
2024-07-06 17:00:00+00:00,44.0175
2024-07-06 18:00:00+00:00,39.8925
2024-07-06 19:00:00+00:00,59.865
2024-07-06 20:00:00+00:00,41.2825
2024-07-06 21:00:00+00:00,49.81
2024-07-06 22:00:00+00:00,29.8825
2024-07-06 23:00:00+00:00,18.7275
2024-07-07 00:00:00+00:00,16.765
2024-07-07 01:00:00+00:00,17.5375
2024-07-07 02:00:00+00:00,16.9325
2024-07-07 03:00:00+00:00,16.275
2024-07-07 04:00:00+00:00,16.0
2024-07-07 05:00:00+00:00,16.925
2024-07-07 06:00:00+00:00,15.98
2024-07-07 07:00:00+00:00,15.907499999999999
2024-07-07 08:00:00+00:00,14.66
2024-07-07 09:00:00+00:00,14.2975
2024-07-07 10:00:00+00:00,14.4475
2024-07-07 11:00:00+00:00,13.7575
2024-07-07 12:00:00+00:00,9.55
2024-07-07 13:00:00+00:00,6.42
2024-07-07 14:00:00+00:00,0.005
2024-07-07 15:00:00+00:00,6.3575
2024-07-07 16:00:00+00:00,13.307500000000001
2024-07-07 17:00:00+00:00,16.11
2024-07-07 18:00:00+00:00,16.5825
2024-07-07 19:00:00+00:00,16.75
2024-07-07 20:00:00+00:00,18.177500000000002
2024-07-07 21:00:00+00:00,21.22
2024-07-07 22:00:00+00:00,20.0475
2024-07-07 23:00:00+00:00,19.5325
2024-07-08 00:00:00+00:00,18.1875
2024-07-08 01:00:00+00:00,19.0225
2024-07-08 02:00:00+00:00,17.505
2024-07-08 03:00:00+00:00,14.965
2024-07-08 04:00:00+00:00,13.8925
2024-07-08 05:00:00+00:00,14.2675
2024-07-08 06:00:00+00:00,13.8675
2024-07-08 07:00:00+00:00,10.1325
2024-07-08 08:00:00+00:00,10.0425
2024-07-08 09:00:00+00:00,12.425
2024-07-08 10:00:00+00:00,14.8475
2024-07-08 11:00:00+00:00,14.115
2024-07-08 12:00:00+00:00,11.405
2024-07-08 13:00:00+00:00,6.9475
2024-07-08 14:00:00+00:00,6.9025
2024-07-08 15:00:00+00:00,7.1525
2024-07-08 16:00:00+00:00,9.7175
2024-07-08 17:00:00+00:00,20.16
2024-07-08 18:00:00+00:00,14.837499999999999
2024-07-08 19:00:00+00:00,13.365
2024-07-08 20:00:00+00:00,15.8825
2024-07-08 21:00:00+00:00,14.9025
2024-07-08 22:00:00+00:00,12.6025
2024-07-08 23:00:00+00:00,11.74
2024-07-09 00:00:00+00:00,19.845000000000002
2024-07-09 01:00:00+00:00,31.959999999999997
2024-07-09 02:00:00+00:00,33.2975
2024-07-09 03:00:00+00:00,24.0375
2024-07-09 04:00:00+00:00,20.42
2024-07-09 05:00:00+00:00,18.565
2024-07-09 06:00:00+00:00,17.95
2024-07-09 07:00:00+00:00,16.9725
2024-07-09 08:00:00+00:00,16.259999999999998
2024-07-09 09:00:00+00:00,17.18
2024-07-09 10:00:00+00:00,18.240000000000002
2024-07-09 11:00:00+00:00,17.7925
2024-07-09 12:00:00+00:00,13.5125
2024-07-09 13:00:00+00:00,8.5275
2024-07-09 14:00:00+00:00,9.835
2024-07-09 15:00:00+00:00,11.65
2024-07-09 16:00:00+00:00,15.14
2024-07-09 17:00:00+00:00,20.575
2024-07-09 18:00:00+00:00,22.86
2024-07-09 19:00:00+00:00,23.68
2024-07-09 20:00:00+00:00,21.97
2024-07-09 21:00:00+00:00,21.4525
2024-07-09 22:00:00+00:00,26.03
2024-07-09 23:00:00+00:00,24.9725
2024-07-10 00:00:00+00:00,42.4625
2024-07-10 01:00:00+00:00,48.3375
2024-07-10 02:00:00+00:00,30.495
2024-07-10 03:00:00+00:00,19.365000000000002
2024-07-10 04:00:00+00:00,17.4575
2024-07-10 05:00:00+00:00,17.322499999999998
2024-07-10 06:00:00+00:00,17.095
2024-07-10 07:00:00+00:00,16.7575
2024-07-10 08:00:00+00:00,15.635
2024-07-10 09:00:00+00:00,16.5425
2024-07-10 10:00:00+00:00,17.85
2024-07-10 11:00:00+00:00,19.94
2024-07-10 12:00:00+00:00,17.495
2024-07-10 13:00:00+00:00,14.735
2024-07-10 14:00:00+00:00,18.0425
2024-07-10 15:00:00+00:00,19.6025
2024-07-10 16:00:00+00:00,21.1175
2024-07-10 17:00:00+00:00,25.145
2024-07-10 18:00:00+00:00,26.255
2024-07-10 19:00:00+00:00,31.240000000000002
2024-07-10 20:00:00+00:00,33.427499999999995
2024-07-10 21:00:00+00:00,33.43
2024-07-10 22:00:00+00:00,30.192500000000003
2024-07-10 23:00:00+00:00,43.56
2024-07-11 00:00:00+00:00,36.987500000000004
2024-07-11 01:00:00+00:00,41.8975
2024-07-11 02:00:00+00:00,23.965
2024-07-11 03:00:00+00:00,22.9125
2024-07-11 04:00:00+00:00,19.8975
2024-07-11 05:00:00+00:00,18.5425
2024-07-11 06:00:00+00:00,17.189999999999998
2024-07-11 07:00:00+00:00,16.1475
2024-07-11 08:00:00+00:00,15.2875
2024-07-11 09:00:00+00:00,15.5125
2024-07-11 10:00:00+00:00,17.439999999999998
2024-07-11 11:00:00+00:00,19.4175
2024-07-11 12:00:00+00:00,15.8325
2024-07-11 13:00:00+00:00,14.31
2024-07-11 14:00:00+00:00,16.747500000000002
2024-07-11 15:00:00+00:00,19.2125
2024-07-11 16:00:00+00:00,21.615000000000002
2024-07-11 17:00:00+00:00,21.975
2024-07-11 18:00:00+00:00,24.3
2024-07-11 19:00:00+00:00,23.755000000000003
2024-07-11 20:00:00+00:00,25.5975
2024-07-11 21:00:00+00:00,33.1425
2024-07-11 22:00:00+00:00,25.965
2024-07-11 23:00:00+00:00,32.91
2024-07-12 00:00:00+00:00,28.455
2024-07-12 01:00:00+00:00,28.14
2024-07-12 02:00:00+00:00,22.9925
2024-07-12 03:00:00+00:00,20.814999999999998
2024-07-12 04:00:00+00:00,17.6125
2024-07-12 05:00:00+00:00,14.4625
2024-07-12 06:00:00+00:00,12.46
2024-07-12 07:00:00+00:00,11.855
2024-07-12 08:00:00+00:00,13.2375
2024-07-12 09:00:00+00:00,13.7775
2024-07-12 10:00:00+00:00,15.3575
2024-07-12 11:00:00+00:00,17.9175
2024-07-12 12:00:00+00:00,14.3875
2024-07-12 13:00:00+00:00,15.0
2024-07-12 14:00:00+00:00,13.4975
2024-07-12 15:00:00+00:00,16.74
2024-07-12 16:00:00+00:00,21.53
2024-07-12 17:00:00+00:00,22.42
2024-07-12 18:00:00+00:00,22.6075
2024-07-12 19:00:00+00:00,21.067500000000003
2024-07-12 20:00:00+00:00,21.0775
2024-07-12 21:00:00+00:00,21.8825
2024-07-12 22:00:00+00:00,20.0125
2024-07-12 23:00:00+00:00,19.6075
2024-07-13 00:00:00+00:00,21.535
2024-07-13 01:00:00+00:00,30.095
2024-07-13 02:00:00+00:00,21.16
2024-07-13 03:00:00+00:00,17.9375
2024-07-13 04:00:00+00:00,15.13
2024-07-13 05:00:00+00:00,12.34
2024-07-13 06:00:00+00:00,11.2525
2024-07-13 07:00:00+00:00,10.24
2024-07-13 08:00:00+00:00,10.34
2024-07-13 09:00:00+00:00,11.3575
2024-07-13 10:00:00+00:00,12.64
2024-07-13 11:00:00+00:00,12.825
2024-07-13 12:00:00+00:00,11.2075
2024-07-13 13:00:00+00:00,8.7125
2024-07-13 14:00:00+00:00,9.535
2024-07-13 15:00:00+00:00,12.6175
2024-07-13 16:00:00+00:00,15.795
2024-07-13 17:00:00+00:00,17.565
2024-07-13 18:00:00+00:00,18.4075
2024-07-13 19:00:00+00:00,19.6175
2024-07-13 20:00:00+00:00,23.915
2024-07-13 21:00:00+00:00,23.5925
2024-07-13 22:00:00+00:00,29.915
2024-07-13 23:00:00+00:00,19.78
2024-07-14 00:00:00+00:00,18.8675
2024-07-14 01:00:00+00:00,19.73
2024-07-14 02:00:00+00:00,18.044999999999998
2024-07-14 03:00:00+00:00,16.57
2024-07-14 04:00:00+00:00,15.1575
2024-07-14 05:00:00+00:00,13.4725
2024-07-14 06:00:00+00:00,11.4175
2024-07-14 07:00:00+00:00,9.967500000000001
2024-07-14 08:00:00+00:00,10.055
2024-07-14 09:00:00+00:00,10.0875
2024-07-14 10:00:00+00:00,11.1575
2024-07-14 11:00:00+00:00,12.21
2024-07-14 12:00:00+00:00,11.4025
2024-07-14 13:00:00+00:00,3.44
2024-07-14 14:00:00+00:00,0.0075
2024-07-14 15:00:00+00:00,8.335
2024-07-14 16:00:00+00:00,15.8275
2024-07-14 17:00:00+00:00,18.92
2024-07-14 18:00:00+00:00,20.0925
2024-07-14 19:00:00+00:00,22.8525
2024-07-14 20:00:00+00:00,28.387500000000003
2024-07-14 21:00:00+00:00,36.93
2024-07-14 22:00:00+00:00,45.542500000000004
2024-07-14 23:00:00+00:00,45.03
2024-07-15 00:00:00+00:00,69.58
2024-07-15 01:00:00+00:00,60.955
2024-07-15 02:00:00+00:00,25.572499999999998
2024-07-15 03:00:00+00:00,20.7325
2024-07-15 04:00:00+00:00,17.7725
2024-07-15 05:00:00+00:00,16.6525
2024-07-15 06:00:00+00:00,15.094999999999999
2024-07-15 07:00:00+00:00,13.3475
2024-07-15 08:00:00+00:00,12.24
2024-07-15 09:00:00+00:00,12.5625
2024-07-15 10:00:00+00:00,14.2425
2024-07-15 11:00:00+00:00,15.780000000000001
2024-07-15 12:00:00+00:00,15.537500000000001
2024-07-15 13:00:00+00:00,14.11
2024-07-15 14:00:00+00:00,13.405000000000001
2024-07-15 15:00:00+00:00,18.235
2024-07-15 16:00:00+00:00,23.295
2024-07-15 17:00:00+00:00,23.7875
2024-07-15 18:00:00+00:00,22.5125
2024-07-15 19:00:00+00:00,29.2175
2024-07-15 20:00:00+00:00,39.542500000000004
2024-07-15 21:00:00+00:00,43.587500000000006
2024-07-15 22:00:00+00:00,35.295
2024-07-15 23:00:00+00:00,51.65
2024-07-16 00:00:00+00:00,86.9925
2024-07-16 01:00:00+00:00,70.3325
2024-07-16 02:00:00+00:00,36.394999999999996
2024-07-16 03:00:00+00:00,22.0
2024-07-16 04:00:00+00:00,17.7025
2024-07-16 05:00:00+00:00,13.7425
2024-07-16 06:00:00+00:00,12.0725
2024-07-16 07:00:00+00:00,10.155000000000001
2024-07-16 08:00:00+00:00,9.335
2024-07-16 09:00:00+00:00,9.86
2024-07-16 10:00:00+00:00,10.935
2024-07-16 11:00:00+00:00,13.0825
2024-07-16 12:00:00+00:00,11.5725
2024-07-16 13:00:00+00:00,8.325
2024-07-16 14:00:00+00:00,8.545
2024-07-16 15:00:00+00:00,13.1725
2024-07-16 16:00:00+00:00,19.3575
2024-07-16 17:00:00+00:00,21.3275
2024-07-16 18:00:00+00:00,24.1325
2024-07-16 19:00:00+00:00,23.29
2024-07-16 20:00:00+00:00,31.21
2024-07-16 21:00:00+00:00,29.0
2024-07-16 22:00:00+00:00,35.03
2024-07-16 23:00:00+00:00,49.0525
2024-07-17 00:00:00+00:00,53.4875
2024-07-17 01:00:00+00:00,69.6225
2024-07-17 02:00:00+00:00,34.5525
2024-07-17 03:00:00+00:00,25.735
2024-07-17 04:00:00+00:00,20.695
2024-07-17 05:00:00+00:00,17.665
2024-07-17 06:00:00+00:00,16.685
2024-07-17 07:00:00+00:00,16.145
2024-07-17 08:00:00+00:00,17.39
2024-07-17 09:00:00+00:00,18.6475
2024-07-17 10:00:00+00:00,22.697499999999998
2024-07-17 11:00:00+00:00,24.7725
2024-07-17 12:00:00+00:00,20.23
2024-07-17 13:00:00+00:00,18.4575
2024-07-17 14:00:00+00:00,18.7725
2024-07-17 15:00:00+00:00,20.4625
2024-07-17 16:00:00+00:00,22.2425
2024-07-17 17:00:00+00:00,28.2
2024-07-17 18:00:00+00:00,24.75
2024-07-17 19:00:00+00:00,27.1475
2024-07-17 20:00:00+00:00,22.735
2024-07-17 21:00:00+00:00,21.18
2024-07-17 22:00:00+00:00,34.224999999999994
2024-07-17 23:00:00+00:00,24.8325
2024-07-18 00:00:00+00:00,22.1425
2024-07-18 01:00:00+00:00,24.65
2024-07-18 02:00:00+00:00,28.2225
2024-07-18 03:00:00+00:00,24.935
2024-07-18 04:00:00+00:00,24.35
2024-07-18 05:00:00+00:00,23.485
2024-07-18 06:00:00+00:00,22.785
2024-07-18 07:00:00+00:00,20.645
2024-07-18 08:00:00+00:00,19.22
2024-07-18 09:00:00+00:00,20.8175
2024-07-18 10:00:00+00:00,23.25
2024-07-18 11:00:00+00:00,25.9525
2024-07-18 12:00:00+00:00,21.4725
2024-07-18 13:00:00+00:00,18.025
2024-07-18 14:00:00+00:00,16.2525
2024-07-18 15:00:00+00:00,16.9925
2024-07-18 16:00:00+00:00,14.81
2024-07-18 17:00:00+00:00,15.2425
2024-07-18 18:00:00+00:00,16.46
2024-07-18 19:00:00+00:00,18.39
2024-07-18 20:00:00+00:00,21.735
2024-07-18 21:00:00+00:00,27.885
2024-07-18 22:00:00+00:00,30.235
2024-07-18 23:00:00+00:00,37.285
2024-07-19 00:00:00+00:00,82.9475
2024-07-19 01:00:00+00:00,80.81
2024-07-19 02:00:00+00:00,37.625
2024-07-19 03:00:00+00:00,29.6975
2024-07-19 04:00:00+00:00,22.8075
2024-07-19 05:00:00+00:00,21.1125
2024-07-19 06:00:00+00:00,17.805
2024-07-19 07:00:00+00:00,17.16
2024-07-19 08:00:00+00:00,16.6025
2024-07-19 09:00:00+00:00,17.6275
2024-07-19 10:00:00+00:00,20.9575
2024-07-19 11:00:00+00:00,22.325
2024-07-19 12:00:00+00:00,20.7975
2024-07-19 13:00:00+00:00,17.5
2024-07-19 14:00:00+00:00,17.3475
2024-07-19 15:00:00+00:00,18.035
2024-07-19 16:00:00+00:00,19.4375
2024-07-19 17:00:00+00:00,19.4775
2024-07-19 18:00:00+00:00,23.1325
2024-07-19 19:00:00+00:00,28.1575
2024-07-19 20:00:00+00:00,23.775
2024-07-19 21:00:00+00:00,24.5275
2024-07-19 22:00:00+00:00,33.255
2024-07-19 23:00:00+00:00,36.505
2024-07-20 00:00:00+00:00,61.04
2024-07-20 01:00:00+00:00,50.36
2024-07-20 02:00:00+00:00,24.5225
2024-07-20 03:00:00+00:00,20.2025
2024-07-20 04:00:00+00:00,17.02
2024-07-20 05:00:00+00:00,16.275
2024-07-20 06:00:00+00:00,14.765
2024-07-20 07:00:00+00:00,11.65
2024-07-20 08:00:00+00:00,9.595
2024-07-20 09:00:00+00:00,9.0
2024-07-20 10:00:00+00:00,10.45
2024-07-20 11:00:00+00:00,13.125
2024-07-20 12:00:00+00:00,13.0475
2024-07-20 13:00:00+00:00,11.5525
2024-07-20 14:00:00+00:00,9.765
2024-07-20 15:00:00+00:00,12.635
2024-07-20 16:00:00+00:00,21.38
2024-07-20 17:00:00+00:00,22.8275
2024-07-20 18:00:00+00:00,25.8025
2024-07-20 19:00:00+00:00,24.095
2024-07-20 20:00:00+00:00,23.002499999999998
2024-07-20 21:00:00+00:00,28.0175
2024-07-20 22:00:00+00:00,23.4125
2024-07-20 23:00:00+00:00,19.63
2024-07-21 00:00:00+00:00,20.82
2024-07-21 01:00:00+00:00,21.755
2024-07-21 02:00:00+00:00,18.85
2024-07-21 03:00:00+00:00,21.04
2024-07-21 04:00:00+00:00,21.4625
2024-07-21 05:00:00+00:00,21.68
2024-07-21 06:00:00+00:00,21.1225
2024-07-21 07:00:00+00:00,18.627499999999998
2024-07-21 08:00:00+00:00,17.59
2024-07-21 09:00:00+00:00,17.357499999999998
2024-07-21 10:00:00+00:00,16.747500000000002
2024-07-21 11:00:00+00:00,16.965
2024-07-21 12:00:00+00:00,17.0775
2024-07-21 13:00:00+00:00,14.7775
2024-07-21 14:00:00+00:00,15.43
2024-07-21 15:00:00+00:00,15.2775
2024-07-21 16:00:00+00:00,15.9975
2024-07-21 17:00:00+00:00,16.015
2024-07-21 18:00:00+00:00,15.81
2024-07-21 19:00:00+00:00,15.5175
2024-07-21 20:00:00+00:00,18.7375
2024-07-21 21:00:00+00:00,20.82
2024-07-21 22:00:00+00:00,16.67
2024-07-21 23:00:00+00:00,25.0825
2024-07-22 00:00:00+00:00,20.71
2024-07-22 01:00:00+00:00,21.2925
2024-07-22 02:00:00+00:00,21.974999999999998
2024-07-22 03:00:00+00:00,24.62
2024-07-22 04:00:00+00:00,23.4525
2024-07-22 05:00:00+00:00,23.625
2024-07-22 06:00:00+00:00,21.2775
2024-07-22 07:00:00+00:00,18.685
2024-07-22 08:00:00+00:00,18.3825
2024-07-22 09:00:00+00:00,19.765
2024-07-22 10:00:00+00:00,21.1075
2024-07-22 11:00:00+00:00,21.3125
2024-07-22 12:00:00+00:00,19.2225
2024-07-22 13:00:00+00:00,19.035
2024-07-22 14:00:00+00:00,21.7625
2024-07-22 15:00:00+00:00,22.595
2024-07-22 16:00:00+00:00,22.61
2024-07-22 17:00:00+00:00,24.47
2024-07-22 18:00:00+00:00,22.75
2024-07-22 19:00:00+00:00,37.8
2024-07-22 20:00:00+00:00,48.555
2024-07-22 21:00:00+00:00,32.0525
2024-07-22 22:00:00+00:00,23.515
2024-07-22 23:00:00+00:00,24.08
2024-07-23 00:00:00+00:00,28.835
2024-07-23 01:00:00+00:00,37.825
2024-07-23 02:00:00+00:00,33.675
2024-07-23 03:00:00+00:00,29.42
2024-07-23 04:00:00+00:00,24.1225
2024-07-23 05:00:00+00:00,27.1825
2024-07-23 06:00:00+00:00,24.675
2024-07-23 07:00:00+00:00,26.5125
2024-07-23 08:00:00+00:00,23.12
2024-07-23 09:00:00+00:00,24.439999999999998
2024-07-23 10:00:00+00:00,37.57
2024-07-23 11:00:00+00:00,41.9225
2024-07-23 12:00:00+00:00,32.300000000000004
2024-07-23 13:00:00+00:00,22.127499999999998
2024-07-23 14:00:00+00:00,22.439999999999998
2024-07-23 15:00:00+00:00,22.5375
2024-07-23 16:00:00+00:00,22.3275
2024-07-23 17:00:00+00:00,22.42
2024-07-23 18:00:00+00:00,24.27
2024-07-23 19:00:00+00:00,25.06
2024-07-23 20:00:00+00:00,24.55
2024-07-23 21:00:00+00:00,22.3
2024-07-23 22:00:00+00:00,22.4325
2024-07-23 23:00:00+00:00,26.7975
2024-07-24 00:00:00+00:00,45.4975
2024-07-24 01:00:00+00:00,61.2925
2024-07-24 02:00:00+00:00,33.41
2024-07-24 03:00:00+00:00,23.44
2024-07-24 04:00:00+00:00,21.3425
2024-07-24 05:00:00+00:00,20.474999999999998
2024-07-24 06:00:00+00:00,19.1675
2024-07-24 07:00:00+00:00,19.2625
2024-07-24 08:00:00+00:00,19.735
2024-07-24 09:00:00+00:00,20.5875
2024-07-24 10:00:00+00:00,22.5125
2024-07-24 11:00:00+00:00,23.122500000000002
2024-07-24 12:00:00+00:00,23.51
2024-07-24 13:00:00+00:00,22.7375
2024-07-24 14:00:00+00:00,21.16
2024-07-24 15:00:00+00:00,20.88
2024-07-24 16:00:00+00:00,21.134999999999998
2024-07-24 17:00:00+00:00,24.9075
2024-07-24 18:00:00+00:00,26.5225
2024-07-24 19:00:00+00:00,24.44
2024-07-24 20:00:00+00:00,30.6225
2024-07-24 21:00:00+00:00,33.175
2024-07-24 22:00:00+00:00,61.175
2024-07-24 23:00:00+00:00,69.4025
2024-07-25 00:00:00+00:00,223.655
2024-07-25 01:00:00+00:00,182.18
2024-07-25 02:00:00+00:00,42.7375
2024-07-25 03:00:00+00:00,23.705
2024-07-25 04:00:00+00:00,22.7025
2024-07-25 05:00:00+00:00,20.555
2024-07-25 06:00:00+00:00,20.1075
2024-07-25 07:00:00+00:00,20.9025
2024-07-25 08:00:00+00:00,20.7875
2024-07-25 09:00:00+00:00,21.335
2024-07-25 10:00:00+00:00,23.805
2024-07-25 11:00:00+00:00,35.185
2024-07-25 12:00:00+00:00,31.155
2024-07-25 13:00:00+00:00,21.8625
2024-07-25 14:00:00+00:00,22.2775
2024-07-25 15:00:00+00:00,23.5
2024-07-25 16:00:00+00:00,23.747500000000002
2024-07-25 17:00:00+00:00,27.064999999999998
2024-07-25 18:00:00+00:00,24.915
2024-07-25 19:00:00+00:00,28.1375
2024-07-25 20:00:00+00:00,36.1075
2024-07-25 21:00:00+00:00,44.3875
2024-07-25 22:00:00+00:00,27.935000000000002
2024-07-25 23:00:00+00:00,35.3075
2024-07-26 00:00:00+00:00,63.754999999999995
2024-07-26 01:00:00+00:00,64.735
2024-07-26 02:00:00+00:00,29.7025
2024-07-26 03:00:00+00:00,24.939999999999998
2024-07-26 04:00:00+00:00,22.485
2024-07-26 05:00:00+00:00,18.8425
2024-07-26 06:00:00+00:00,18.4075
2024-07-26 07:00:00+00:00,18.2325
2024-07-26 08:00:00+00:00,18.2925
2024-07-26 09:00:00+00:00,18.700000000000003
2024-07-26 10:00:00+00:00,21.447499999999998
2024-07-26 11:00:00+00:00,25.015
2024-07-26 12:00:00+00:00,24.4575
2024-07-26 13:00:00+00:00,20.785
2024-07-26 14:00:00+00:00,22.2725
2024-07-26 15:00:00+00:00,20.065
2024-07-26 16:00:00+00:00,18.2575
2024-07-26 17:00:00+00:00,21.09
2024-07-26 18:00:00+00:00,22.9775
2024-07-26 19:00:00+00:00,23.9575
2024-07-26 20:00:00+00:00,24.259999999999998
2024-07-26 21:00:00+00:00,28.5825
2024-07-26 22:00:00+00:00,25.7525
2024-07-26 23:00:00+00:00,23.11
2024-07-27 00:00:00+00:00,26.322499999999998
2024-07-27 01:00:00+00:00,27.705000000000002
2024-07-27 02:00:00+00:00,22.9325
2024-07-27 03:00:00+00:00,22.075
2024-07-27 04:00:00+00:00,19.555
2024-07-27 05:00:00+00:00,19.9075
2024-07-27 06:00:00+00:00,18.32
2024-07-27 07:00:00+00:00,17.53
2024-07-27 08:00:00+00:00,17.21
2024-07-27 09:00:00+00:00,17.3425
2024-07-27 10:00:00+00:00,18.53
2024-07-27 11:00:00+00:00,21.7675
2024-07-27 12:00:00+00:00,22.8825
2024-07-27 13:00:00+00:00,21.6575
2024-07-27 14:00:00+00:00,22.355
2024-07-27 15:00:00+00:00,21.27
2024-07-27 16:00:00+00:00,18.255
2024-07-27 17:00:00+00:00,17.59
2024-07-27 18:00:00+00:00,18.405
2024-07-27 19:00:00+00:00,18.4725
2024-07-27 20:00:00+00:00,19.2425
2024-07-27 21:00:00+00:00,21.5
2024-07-27 22:00:00+00:00,22.835
2024-07-27 23:00:00+00:00,26.19
2024-07-28 00:00:00+00:00,24.5025
2024-07-28 01:00:00+00:00,23.28
2024-07-28 02:00:00+00:00,19.7225
2024-07-28 03:00:00+00:00,17.585
2024-07-28 04:00:00+00:00,18.0375
2024-07-28 05:00:00+00:00,17.9375
2024-07-28 06:00:00+00:00,16.85
2024-07-28 07:00:00+00:00,15.175
2024-07-28 08:00:00+00:00,13.3475
2024-07-28 09:00:00+00:00,12.8325
2024-07-28 10:00:00+00:00,11.5625
2024-07-28 11:00:00+00:00,11.035
2024-07-28 12:00:00+00:00,11.2375
2024-07-28 13:00:00+00:00,10.1725
2024-07-28 14:00:00+00:00,9.3475
2024-07-28 15:00:00+00:00,8.3975
2024-07-28 16:00:00+00:00,9.2025
2024-07-28 17:00:00+00:00,9.145
2024-07-28 18:00:00+00:00,10.8575
2024-07-28 19:00:00+00:00,13.719999999999999
2024-07-28 20:00:00+00:00,16.86
2024-07-28 21:00:00+00:00,30.05
2024-07-28 22:00:00+00:00,19.14
2024-07-28 23:00:00+00:00,20.650000000000002
2024-07-29 00:00:00+00:00,33.26
2024-07-29 01:00:00+00:00,53.705
2024-07-29 02:00:00+00:00,37.1275
2024-07-29 03:00:00+00:00,22.6375
2024-07-29 04:00:00+00:00,19.41
2024-07-29 05:00:00+00:00,19.005
2024-07-29 06:00:00+00:00,17.134999999999998
2024-07-29 07:00:00+00:00,16.2425
2024-07-29 08:00:00+00:00,16.275
2024-07-29 09:00:00+00:00,16.4825
2024-07-29 10:00:00+00:00,17.81
2024-07-29 11:00:00+00:00,20.3125
2024-07-29 12:00:00+00:00,19.2075
2024-07-29 13:00:00+00:00,13.2925
2024-07-29 14:00:00+00:00,11.7925
2024-07-29 15:00:00+00:00,14.887500000000001
2024-07-29 16:00:00+00:00,16.9225
2024-07-29 17:00:00+00:00,16.7875
2024-07-29 18:00:00+00:00,20.375
2024-07-29 19:00:00+00:00,28.3475
2024-07-29 20:00:00+00:00,29.53
2024-07-29 21:00:00+00:00,26.042500000000004
2024-07-29 22:00:00+00:00,35.254999999999995
2024-07-29 23:00:00+00:00,46.61
2024-07-30 00:00:00+00:00,130.64249999999998
2024-07-30 01:00:00+00:00,156.82500000000002
2024-07-30 02:00:00+00:00,37.9375
2024-07-30 03:00:00+00:00,29.9075
2024-07-30 04:00:00+00:00,20.919999999999998
2024-07-30 05:00:00+00:00,18.4575
2024-07-30 06:00:00+00:00,18.08
2024-07-30 07:00:00+00:00,16.935
2024-07-30 08:00:00+00:00,16.7775
2024-07-30 09:00:00+00:00,16.810000000000002
2024-07-30 10:00:00+00:00,19.14
2024-07-30 11:00:00+00:00,19.3125
2024-07-30 12:00:00+00:00,17.09
2024-07-30 13:00:00+00:00,10.6875
2024-07-30 14:00:00+00:00,7.7875
2024-07-30 15:00:00+00:00,11.807500000000001
2024-07-30 16:00:00+00:00,11.985
2024-07-30 17:00:00+00:00,12.865
2024-07-30 18:00:00+00:00,14.6125
2024-07-30 19:00:00+00:00,17.1375
2024-07-30 20:00:00+00:00,17.9525
2024-07-30 21:00:00+00:00,18.4925
2024-07-30 22:00:00+00:00,19.2575
2024-07-30 23:00:00+00:00,21.8
2024-07-31 00:00:00+00:00,29.505000000000003
2024-07-31 01:00:00+00:00,32.43
2024-07-31 02:00:00+00:00,25.740000000000002
2024-07-31 03:00:00+00:00,19.58
2024-07-31 04:00:00+00:00,16.69
2024-07-31 05:00:00+00:00,14.440000000000001
2024-07-31 06:00:00+00:00,11.92
2024-07-31 07:00:00+00:00,11.0775
2024-07-31 08:00:00+00:00,11.695
2024-07-31 09:00:00+00:00,11.77
2024-07-31 10:00:00+00:00,12.895
2024-07-31 11:00:00+00:00,15.317499999999999
2024-07-31 12:00:00+00:00,15.1225
2024-07-31 13:00:00+00:00,8.817499999999999
2024-07-31 14:00:00+00:00,6.165
2024-07-31 15:00:00+00:00,8.7275
2024-07-31 16:00:00+00:00,10.967500000000001
2024-07-31 17:00:00+00:00,14.19
2024-07-31 18:00:00+00:00,17.7725
2024-07-31 19:00:00+00:00,18.2775
2024-07-31 20:00:00+00:00,18.9875
2024-07-31 21:00:00+00:00,19.0575
2024-07-31 22:00:00+00:00,20.345
2024-07-31 23:00:00+00:00,25.9375
2024-08-01 00:00:00+00:00,27.505
2024-08-01 01:00:00+00:00,24.67
2024-08-01 02:00:00+00:00,20.427500000000002
2024-08-01 03:00:00+00:00,18.365000000000002
2024-08-01 04:00:00+00:00,15.98
2024-08-01 05:00:00+00:00,15.5225
2024-08-01 06:00:00+00:00,13.192499999999999
2024-08-01 07:00:00+00:00,11.87
2024-08-01 08:00:00+00:00,11.585
2024-08-01 09:00:00+00:00,12.5775
2024-08-01 10:00:00+00:00,14.8225
2024-08-01 11:00:00+00:00,16.259999999999998
2024-08-01 12:00:00+00:00,15.8475
2024-08-01 13:00:00+00:00,13.4375
2024-08-01 14:00:00+00:00,12.51
2024-08-01 15:00:00+00:00,15.922500000000001
2024-08-01 16:00:00+00:00,20.1425
2024-08-01 17:00:00+00:00,22.165
2024-08-01 18:00:00+00:00,22.7
2024-08-01 19:00:00+00:00,24.46
2024-08-01 20:00:00+00:00,26.017500000000002
2024-08-01 21:00:00+00:00,23.45
2024-08-01 22:00:00+00:00,22.387500000000003
2024-08-01 23:00:00+00:00,22.7575
2024-08-02 00:00:00+00:00,31.755
2024-08-02 01:00:00+00:00,33.985
2024-08-02 02:00:00+00:00,23.48
2024-08-02 03:00:00+00:00,19.9375
2024-08-02 04:00:00+00:00,17.5375
2024-08-02 05:00:00+00:00,14.38
2024-08-02 06:00:00+00:00,12.225
2024-08-02 07:00:00+00:00,11.795
2024-08-02 08:00:00+00:00,12.2825
2024-08-02 09:00:00+00:00,13.2625
2024-08-02 10:00:00+00:00,19.47
2024-08-02 11:00:00+00:00,22.39
2024-08-02 12:00:00+00:00,21.505
2024-08-02 13:00:00+00:00,17.3425
2024-08-02 14:00:00+00:00,16.94
2024-08-02 15:00:00+00:00,20.7575
2024-08-02 16:00:00+00:00,27.7325
2024-08-02 17:00:00+00:00,30.205
2024-08-02 18:00:00+00:00,50.47
2024-08-02 19:00:00+00:00,31.28
2024-08-02 20:00:00+00:00,23.825
2024-08-02 21:00:00+00:00,31.195
2024-08-02 22:00:00+00:00,32.589999999999996
2024-08-02 23:00:00+00:00,40.25
2024-08-03 00:00:00+00:00,95.8025
2024-08-03 01:00:00+00:00,49.79
2024-08-03 02:00:00+00:00,27.0975
2024-08-03 03:00:00+00:00,23.447499999999998
2024-08-03 04:00:00+00:00,21.325
2024-08-03 05:00:00+00:00,20.055
2024-08-03 06:00:00+00:00,19.405
2024-08-03 07:00:00+00:00,18.134999999999998
2024-08-03 08:00:00+00:00,17.68
2024-08-03 09:00:00+00:00,17.8775
2024-08-03 10:00:00+00:00,18.2
2024-08-03 11:00:00+00:00,19.1475
2024-08-03 12:00:00+00:00,18.2825
2024-08-03 13:00:00+00:00,14.629999999999999
2024-08-03 14:00:00+00:00,15.285
2024-08-03 15:00:00+00:00,18.81
2024-08-03 16:00:00+00:00,21.06
2024-08-03 17:00:00+00:00,22.2575
2024-08-03 18:00:00+00:00,24.0175
2024-08-03 19:00:00+00:00,27.27
2024-08-03 20:00:00+00:00,24.832500000000003
2024-08-03 21:00:00+00:00,27.0
2024-08-03 22:00:00+00:00,23.2275
2024-08-03 23:00:00+00:00,38.3275
2024-08-04 00:00:00+00:00,52.505
2024-08-04 01:00:00+00:00,40.2175
2024-08-04 02:00:00+00:00,24.655
2024-08-04 03:00:00+00:00,26.2875
2024-08-04 04:00:00+00:00,25.855
2024-08-04 05:00:00+00:00,26.2875
2024-08-04 06:00:00+00:00,23.3775
2024-08-04 07:00:00+00:00,21.62
2024-08-04 08:00:00+00:00,20.96
2024-08-04 09:00:00+00:00,19.72
2024-08-04 10:00:00+00:00,19.2975
2024-08-04 11:00:00+00:00,20.009999999999998
2024-08-04 12:00:00+00:00,19.11
2024-08-04 13:00:00+00:00,16.425
2024-08-04 14:00:00+00:00,16.9625
2024-08-04 15:00:00+00:00,18.1625
2024-08-04 16:00:00+00:00,19.0475
2024-08-04 17:00:00+00:00,20.8725
2024-08-04 18:00:00+00:00,23.1475
2024-08-04 19:00:00+00:00,24.3275
2024-08-04 20:00:00+00:00,28.6425
2024-08-04 21:00:00+00:00,25.7275
2024-08-04 22:00:00+00:00,35.2825
2024-08-04 23:00:00+00:00,45.58
2024-08-05 00:00:00+00:00,51.87
2024-08-05 01:00:00+00:00,35.9075
2024-08-05 02:00:00+00:00,23.98
2024-08-05 03:00:00+00:00,21.925
2024-08-05 04:00:00+00:00,18.605
2024-08-05 05:00:00+00:00,18.205
2024-08-05 06:00:00+00:00,17.294999999999998
2024-08-05 07:00:00+00:00,16.3425
2024-08-05 08:00:00+00:00,16.3475
2024-08-05 09:00:00+00:00,18.435000000000002
2024-08-05 10:00:00+00:00,19.715
2024-08-05 11:00:00+00:00,21.9875
2024-08-05 12:00:00+00:00,19.4
2024-08-05 13:00:00+00:00,14.9575
2024-08-05 14:00:00+00:00,14.685
2024-08-05 15:00:00+00:00,18.825
2024-08-05 16:00:00+00:00,21.6375
2024-08-05 17:00:00+00:00,24.2225
2024-08-05 18:00:00+00:00,28.1425
2024-08-05 19:00:00+00:00,33.9525
2024-08-05 20:00:00+00:00,30.8575
2024-08-05 21:00:00+00:00,39.864999999999995
2024-08-05 22:00:00+00:00,34.42
2024-08-05 23:00:00+00:00,54.5475
2024-08-06 00:00:00+00:00,87.3725
2024-08-06 01:00:00+00:00,61.35
2024-08-06 02:00:00+00:00,24.42
2024-08-06 03:00:00+00:00,22.4575
2024-08-06 04:00:00+00:00,19.2725
2024-08-06 05:00:00+00:00,16.8425
2024-08-06 06:00:00+00:00,15.0675
2024-08-06 07:00:00+00:00,14.9525
2024-08-06 08:00:00+00:00,14.175
2024-08-06 09:00:00+00:00,15.56
2024-08-06 10:00:00+00:00,16.447499999999998
2024-08-06 11:00:00+00:00,17.89
2024-08-06 12:00:00+00:00,15.450000000000001
2024-08-06 13:00:00+00:00,11.6425
2024-08-06 14:00:00+00:00,11.637500000000001
2024-08-06 15:00:00+00:00,18.0375
2024-08-06 16:00:00+00:00,23.215
2024-08-06 17:00:00+00:00,29.3425
2024-08-06 18:00:00+00:00,34.3475
2024-08-06 19:00:00+00:00,26.634999999999998
2024-08-06 20:00:00+00:00,27.1475
2024-08-06 21:00:00+00:00,34.792500000000004
2024-08-06 22:00:00+00:00,35.7275
2024-08-06 23:00:00+00:00,80.195
2024-08-07 00:00:00+00:00,270.045
2024-08-07 01:00:00+00:00,98.93
2024-08-07 02:00:00+00:00,30.7675
2024-08-07 03:00:00+00:00,22.947499999999998
2024-08-07 04:00:00+00:00,20.0925
2024-08-07 05:00:00+00:00,19.325
2024-08-07 06:00:00+00:00,18.1025
2024-08-07 07:00:00+00:00,16.905
2024-08-07 08:00:00+00:00,16.4825
2024-08-07 09:00:00+00:00,16.5025
2024-08-07 10:00:00+00:00,17.869999999999997
2024-08-07 11:00:00+00:00,18.77
2024-08-07 12:00:00+00:00,17.4675
2024-08-07 13:00:00+00:00,13.59
2024-08-07 14:00:00+00:00,14.127500000000001
2024-08-07 15:00:00+00:00,20.7825
2024-08-07 16:00:00+00:00,23.3175
2024-08-07 17:00:00+00:00,35.0275
2024-08-07 18:00:00+00:00,43.18
2024-08-07 19:00:00+00:00,52.2275
2024-08-07 20:00:00+00:00,46.555
2024-08-07 21:00:00+00:00,62.3575
2024-08-07 22:00:00+00:00,58.1075
2024-08-07 23:00:00+00:00,73.485
2024-08-08 00:00:00+00:00,490.765
2024-08-08 01:00:00+00:00,147.7675
2024-08-08 02:00:00+00:00,40.2925
2024-08-08 03:00:00+00:00,23.502499999999998
2024-08-08 04:00:00+00:00,20.115000000000002
2024-08-08 05:00:00+00:00,19.427500000000002
2024-08-08 06:00:00+00:00,17.185000000000002
2024-08-08 07:00:00+00:00,16.0525
2024-08-08 08:00:00+00:00,17.3125
2024-08-08 09:00:00+00:00,18.9225
2024-08-08 10:00:00+00:00,18.627499999999998
2024-08-08 11:00:00+00:00,21.490000000000002
2024-08-08 12:00:00+00:00,20.5275
2024-08-08 13:00:00+00:00,18.055
2024-08-08 14:00:00+00:00,19.7275
2024-08-08 15:00:00+00:00,25.0875
2024-08-08 16:00:00+00:00,35.305
2024-08-08 17:00:00+00:00,35.53
2024-08-08 18:00:00+00:00,42.9375
2024-08-08 19:00:00+00:00,35.0025
2024-08-08 20:00:00+00:00,24.195
2024-08-08 21:00:00+00:00,21.705000000000002
2024-08-08 22:00:00+00:00,25.905
2024-08-08 23:00:00+00:00,23.380000000000003
2024-08-09 00:00:00+00:00,41.925
2024-08-09 01:00:00+00:00,49.0625
2024-08-09 02:00:00+00:00,30.545
2024-08-09 03:00:00+00:00,27.155
2024-08-09 04:00:00+00:00,27.915
2024-08-09 05:00:00+00:00,23.9675
2024-08-09 06:00:00+00:00,21.6175
2024-08-09 07:00:00+00:00,20.7425
2024-08-09 08:00:00+00:00,21.1225
2024-08-09 09:00:00+00:00,21.765
2024-08-09 10:00:00+00:00,23.4
2024-08-09 11:00:00+00:00,24.31
2024-08-09 12:00:00+00:00,22.127499999999998
2024-08-09 13:00:00+00:00,16.2925
2024-08-09 14:00:00+00:00,14.192499999999999
2024-08-09 15:00:00+00:00,15.3925
2024-08-09 16:00:00+00:00,16.87
2024-08-09 17:00:00+00:00,20.6975
2024-08-09 18:00:00+00:00,25.215
2024-08-09 19:00:00+00:00,25.66
2024-08-09 20:00:00+00:00,29.935000000000002
2024-08-09 21:00:00+00:00,42.0375
2024-08-09 22:00:00+00:00,42.7175
2024-08-09 23:00:00+00:00,30.5925
2024-08-10 00:00:00+00:00,35.3975
2024-08-10 01:00:00+00:00,33.5175
2024-08-10 02:00:00+00:00,24.6425
2024-08-10 03:00:00+00:00,23.505
2024-08-10 04:00:00+00:00,22.91
2024-08-10 05:00:00+00:00,22.55
2024-08-10 06:00:00+00:00,23.73
2024-08-10 07:00:00+00:00,23.5225
2024-08-10 08:00:00+00:00,23.0425
2024-08-10 09:00:00+00:00,22.0575
2024-08-10 10:00:00+00:00,21.197499999999998
2024-08-10 11:00:00+00:00,19.7725
2024-08-10 12:00:00+00:00,19.27
2024-08-10 13:00:00+00:00,16.805
2024-08-10 14:00:00+00:00,15.815000000000001
2024-08-10 15:00:00+00:00,18.1075
2024-08-10 16:00:00+00:00,26.5925
2024-08-10 17:00:00+00:00,28.3425
2024-08-10 18:00:00+00:00,30.2275
2024-08-10 19:00:00+00:00,31.192500000000003
2024-08-10 20:00:00+00:00,40.4475
2024-08-10 21:00:00+00:00,44.56
2024-08-10 22:00:00+00:00,37.3225
2024-08-10 23:00:00+00:00,35.714999999999996
2024-08-11 00:00:00+00:00,63.185
2024-08-11 01:00:00+00:00,57.307500000000005
2024-08-11 02:00:00+00:00,33.985
2024-08-11 03:00:00+00:00,23.0825
2024-08-11 04:00:00+00:00,21.009999999999998
2024-08-11 05:00:00+00:00,17.9575
2024-08-11 06:00:00+00:00,15.0275
2024-08-11 07:00:00+00:00,12.86
2024-08-11 08:00:00+00:00,11.6525
2024-08-11 09:00:00+00:00,12.1075
2024-08-11 10:00:00+00:00,12.5025
2024-08-11 11:00:00+00:00,13.48
2024-08-11 12:00:00+00:00,13.855
2024-08-11 13:00:00+00:00,9.3275
2024-08-11 14:00:00+00:00,7.71
2024-08-11 15:00:00+00:00,11.2475
2024-08-11 16:00:00+00:00,16.5375
2024-08-11 17:00:00+00:00,21.6175
2024-08-11 18:00:00+00:00,26.03
2024-08-11 19:00:00+00:00,31.267500000000002
2024-08-11 20:00:00+00:00,38.4125
2024-08-11 21:00:00+00:00,27.18
2024-08-11 22:00:00+00:00,23.16
2024-08-11 23:00:00+00:00,27.2975
2024-08-12 00:00:00+00:00,49.425
2024-08-12 01:00:00+00:00,73.08500000000001
2024-08-12 02:00:00+00:00,27.4575
2024-08-12 03:00:00+00:00,21.89
2024-08-12 04:00:00+00:00,18.315
2024-08-12 05:00:00+00:00,13.25
2024-08-12 06:00:00+00:00,11.035
2024-08-12 07:00:00+00:00,9.7
2024-08-12 08:00:00+00:00,11.0425
2024-08-12 09:00:00+00:00,12.2375
2024-08-12 10:00:00+00:00,16.4075
2024-08-12 11:00:00+00:00,20.105
2024-08-12 12:00:00+00:00,19.65
2024-08-12 13:00:00+00:00,14.2
2024-08-12 14:00:00+00:00,13.47
2024-08-12 15:00:00+00:00,18.0775
2024-08-12 16:00:00+00:00,25.14
2024-08-12 17:00:00+00:00,25.6625
2024-08-12 18:00:00+00:00,27.67
2024-08-12 19:00:00+00:00,26.0
2024-08-12 20:00:00+00:00,23.925
2024-08-12 21:00:00+00:00,24.985
2024-08-12 22:00:00+00:00,21.09
2024-08-12 23:00:00+00:00,24.3375
2024-08-13 00:00:00+00:00,34.682500000000005
2024-08-13 01:00:00+00:00,32.5875
2024-08-13 02:00:00+00:00,29.9075
2024-08-13 03:00:00+00:00,22.805
2024-08-13 04:00:00+00:00,22.04
2024-08-13 05:00:00+00:00,20.835
2024-08-13 06:00:00+00:00,19.765
2024-08-13 07:00:00+00:00,18.57
2024-08-13 08:00:00+00:00,18.06
2024-08-13 09:00:00+00:00,17.9825
2024-08-13 10:00:00+00:00,20.1
2024-08-13 11:00:00+00:00,21.6525
2024-08-13 12:00:00+00:00,20.4925
2024-08-13 13:00:00+00:00,16.1625
2024-08-13 14:00:00+00:00,13.8525
2024-08-13 15:00:00+00:00,16.7325
2024-08-13 16:00:00+00:00,23.3675
2024-08-13 17:00:00+00:00,23.205
2024-08-13 18:00:00+00:00,24.0275
2024-08-13 19:00:00+00:00,24.2025
2024-08-13 20:00:00+00:00,23.145
2024-08-13 21:00:00+00:00,21.79
2024-08-13 22:00:00+00:00,28.2325
2024-08-13 23:00:00+00:00,38.677499999999995
2024-08-14 00:00:00+00:00,36.4125
2024-08-14 01:00:00+00:00,42.762499999999996
2024-08-14 02:00:00+00:00,30.5175
2024-08-14 03:00:00+00:00,24.5625
2024-08-14 04:00:00+00:00,20.5025
2024-08-14 05:00:00+00:00,17.475
2024-08-14 06:00:00+00:00,16.01
2024-08-14 07:00:00+00:00,14.3525
2024-08-14 08:00:00+00:00,14.045
2024-08-14 09:00:00+00:00,14.4225
2024-08-14 10:00:00+00:00,17.3475
2024-08-14 11:00:00+00:00,18.7875
2024-08-14 12:00:00+00:00,16.935
2024-08-14 13:00:00+00:00,12.0375
2024-08-14 14:00:00+00:00,8.6425
2024-08-14 15:00:00+00:00,11.075
2024-08-14 16:00:00+00:00,19.0325
2024-08-14 17:00:00+00:00,24.08
2024-08-14 18:00:00+00:00,30.275
2024-08-14 19:00:00+00:00,40.0675
2024-08-14 20:00:00+00:00,30.655
2024-08-14 21:00:00+00:00,32.78
2024-08-14 22:00:00+00:00,37.6425
2024-08-14 23:00:00+00:00,45.47
2024-08-15 00:00:00+00:00,60.6375
2024-08-15 01:00:00+00:00,42.4525
2024-08-15 02:00:00+00:00,24.9525
2024-08-15 03:00:00+00:00,21.9725
2024-08-15 04:00:00+00:00,19.455
2024-08-15 05:00:00+00:00,17.8825
2024-08-15 06:00:00+00:00,15.81
2024-08-15 07:00:00+00:00,14.7975
2024-08-15 08:00:00+00:00,14.0075
2024-08-15 09:00:00+00:00,13.307500000000001
2024-08-15 10:00:00+00:00,15.5275
2024-08-15 11:00:00+00:00,19.62
2024-08-15 12:00:00+00:00,17.875
2024-08-15 13:00:00+00:00,13.66
2024-08-15 14:00:00+00:00,12.3225
2024-08-15 15:00:00+00:00,16.91
2024-08-15 16:00:00+00:00,24.372500000000002
2024-08-15 17:00:00+00:00,33.74
2024-08-15 18:00:00+00:00,45.325
2024-08-15 19:00:00+00:00,59.42
2024-08-15 20:00:00+00:00,43.099999999999994
2024-08-15 21:00:00+00:00,40.4425
2024-08-15 22:00:00+00:00,27.142500000000002
2024-08-15 23:00:00+00:00,35.685
2024-08-16 00:00:00+00:00,76.4725
2024-08-16 01:00:00+00:00,89.64500000000001
2024-08-16 02:00:00+00:00,42.5475
2024-08-16 03:00:00+00:00,25.2575
2024-08-16 04:00:00+00:00,22.435
2024-08-16 05:00:00+00:00,20.66
2024-08-16 06:00:00+00:00,19.195
2024-08-16 07:00:00+00:00,18.8975
2024-08-16 08:00:00+00:00,17.1725
2024-08-16 09:00:00+00:00,17.155
2024-08-16 10:00:00+00:00,18.73
2024-08-16 11:00:00+00:00,20.525
2024-08-16 12:00:00+00:00,19.072499999999998
2024-08-16 13:00:00+00:00,15.545
2024-08-16 14:00:00+00:00,14.620000000000001
2024-08-16 15:00:00+00:00,20.805
2024-08-16 16:00:00+00:00,28.564999999999998
2024-08-16 17:00:00+00:00,31.445
2024-08-16 18:00:00+00:00,34.975
2024-08-16 19:00:00+00:00,37.475
2024-08-16 20:00:00+00:00,24.84
2024-08-16 21:00:00+00:00,23.59
2024-08-16 22:00:00+00:00,22.785
2024-08-16 23:00:00+00:00,34.832499999999996
2024-08-17 00:00:00+00:00,73.9875
2024-08-17 01:00:00+00:00,73.4825
2024-08-17 02:00:00+00:00,37.0175
2024-08-17 03:00:00+00:00,24.205
2024-08-17 04:00:00+00:00,21.475
2024-08-17 05:00:00+00:00,19.442500000000003
2024-08-17 06:00:00+00:00,19.2875
2024-08-17 07:00:00+00:00,18.2775
2024-08-17 08:00:00+00:00,18.345
2024-08-17 09:00:00+00:00,18.845
2024-08-17 10:00:00+00:00,17.7825
2024-08-17 11:00:00+00:00,16.919999999999998
2024-08-17 12:00:00+00:00,15.71
2024-08-17 13:00:00+00:00,12.6175
2024-08-17 14:00:00+00:00,12.375
2024-08-17 15:00:00+00:00,18.14
2024-08-17 16:00:00+00:00,22.7125
2024-08-17 17:00:00+00:00,27.724999999999998
2024-08-17 18:00:00+00:00,30.0475
2024-08-17 19:00:00+00:00,37.28
2024-08-17 20:00:00+00:00,30.505
2024-08-17 21:00:00+00:00,29.6025
2024-08-17 22:00:00+00:00,27.5725
2024-08-17 23:00:00+00:00,35.885
2024-08-18 00:00:00+00:00,64.0375
2024-08-18 01:00:00+00:00,52.9025
2024-08-18 02:00:00+00:00,29.4375
2024-08-18 03:00:00+00:00,23.5075
2024-08-18 04:00:00+00:00,21.7725
2024-08-18 05:00:00+00:00,21.12
2024-08-18 06:00:00+00:00,18.759999999999998
2024-08-18 07:00:00+00:00,16.18
2024-08-18 08:00:00+00:00,14.9375
2024-08-18 09:00:00+00:00,15.1975
2024-08-18 10:00:00+00:00,15.3875
2024-08-18 11:00:00+00:00,15.2625
2024-08-18 12:00:00+00:00,13.752500000000001
2024-08-18 13:00:00+00:00,11.2875
2024-08-18 14:00:00+00:00,13.225
2024-08-18 15:00:00+00:00,19.0375
2024-08-18 16:00:00+00:00,21.9
2024-08-18 17:00:00+00:00,22.7575
2024-08-18 18:00:00+00:00,24.2075
2024-08-18 19:00:00+00:00,24.58
2024-08-18 20:00:00+00:00,24.2975
2024-08-18 21:00:00+00:00,23.2975
2024-08-18 22:00:00+00:00,24.7575
2024-08-18 23:00:00+00:00,80.4
2024-08-19 00:00:00+00:00,157.5475
2024-08-19 01:00:00+00:00,110.5775
2024-08-19 02:00:00+00:00,37.385
2024-08-19 03:00:00+00:00,23.572499999999998
2024-08-19 04:00:00+00:00,21.5625
2024-08-19 05:00:00+00:00,18.8525
2024-08-19 06:00:00+00:00,17.3625
2024-08-19 07:00:00+00:00,16.384999999999998
2024-08-19 08:00:00+00:00,15.6025
2024-08-19 09:00:00+00:00,15.18
2024-08-19 10:00:00+00:00,15.82
2024-08-19 11:00:00+00:00,18.5225
2024-08-19 12:00:00+00:00,18.302500000000002
2024-08-19 13:00:00+00:00,14.9375
2024-08-19 14:00:00+00:00,15.254999999999999
2024-08-19 15:00:00+00:00,21.2975
2024-08-19 16:00:00+00:00,25.5825
2024-08-19 17:00:00+00:00,29.98
2024-08-19 18:00:00+00:00,27.865000000000002
2024-08-19 19:00:00+00:00,29.2375
2024-08-19 20:00:00+00:00,38.3
2024-08-19 21:00:00+00:00,39.205
2024-08-19 22:00:00+00:00,52.5375
2024-08-19 23:00:00+00:00,80.48
2024-08-20 00:00:00+00:00,803.5799999999999
2024-08-20 01:00:00+00:00,405.55
2024-08-20 02:00:00+00:00,41.18
2024-08-20 03:00:00+00:00,24.8425
2024-08-20 04:00:00+00:00,22.619999999999997
2024-08-20 05:00:00+00:00,20.224999999999998
2024-08-20 06:00:00+00:00,17.9625
2024-08-20 07:00:00+00:00,16.86
2024-08-20 08:00:00+00:00,16.0375
2024-08-20 09:00:00+00:00,16.515
2024-08-20 10:00:00+00:00,18.6275
2024-08-20 11:00:00+00:00,20.0325
2024-08-20 12:00:00+00:00,20.127499999999998
2024-08-20 13:00:00+00:00,17.1775
2024-08-20 14:00:00+00:00,15.325
2024-08-20 15:00:00+00:00,17.995
2024-08-20 16:00:00+00:00,20.855
2024-08-20 17:00:00+00:00,23.9625
2024-08-20 18:00:00+00:00,28.1175
2024-08-20 19:00:00+00:00,30.565
2024-08-20 20:00:00+00:00,33.2225
2024-08-20 21:00:00+00:00,39.05
2024-08-20 22:00:00+00:00,51.96
2024-08-20 23:00:00+00:00,102.2575
2024-08-21 00:00:00+00:00,3058.255
2024-08-21 01:00:00+00:00,1677.2700000000002
2024-08-21 02:00:00+00:00,47.5575
2024-08-21 03:00:00+00:00,23.8025
2024-08-21 04:00:00+00:00,21.77
2024-08-21 05:00:00+00:00,19.82
2024-08-21 06:00:00+00:00,17.8475
2024-08-21 07:00:00+00:00,17.185
2024-08-21 08:00:00+00:00,17.33
2024-08-21 09:00:00+00:00,16.8
2024-08-21 10:00:00+00:00,17.2225
2024-08-21 11:00:00+00:00,18.4525
2024-08-21 12:00:00+00:00,17.1925
2024-08-21 13:00:00+00:00,15.004999999999999
2024-08-21 14:00:00+00:00,14.192499999999999
2024-08-21 15:00:00+00:00,19.4825
2024-08-21 16:00:00+00:00,21.9625
2024-08-21 17:00:00+00:00,28.5675
2024-08-21 18:00:00+00:00,38.1325
2024-08-21 19:00:00+00:00,59.69500000000001
2024-08-21 20:00:00+00:00,90.0225
2024-08-21 21:00:00+00:00,85.2225
2024-08-21 22:00:00+00:00,71.675
2024-08-21 23:00:00+00:00,69.2225
2024-08-22 00:00:00+00:00,159.9075
2024-08-22 01:00:00+00:00,74.2075
2024-08-22 02:00:00+00:00,32.345
2024-08-22 03:00:00+00:00,22.985
2024-08-22 04:00:00+00:00,21.225
2024-08-22 05:00:00+00:00,19.8125
2024-08-22 06:00:00+00:00,17.6675
2024-08-22 07:00:00+00:00,15.4875
2024-08-22 08:00:00+00:00,14.5725
2024-08-22 09:00:00+00:00,14.46
2024-08-22 10:00:00+00:00,16.8625
2024-08-22 11:00:00+00:00,19.375
2024-08-22 12:00:00+00:00,19.310000000000002
2024-08-22 13:00:00+00:00,18.42
2024-08-22 14:00:00+00:00,17.915
2024-08-22 15:00:00+00:00,17.802500000000002
2024-08-22 16:00:00+00:00,20.695
2024-08-22 17:00:00+00:00,25.855
2024-08-22 18:00:00+00:00,34.74
2024-08-22 19:00:00+00:00,50.825
2024-08-22 20:00:00+00:00,48.3275
2024-08-22 21:00:00+00:00,51.56
2024-08-22 22:00:00+00:00,57.92
2024-08-22 23:00:00+00:00,47.762499999999996
2024-08-23 00:00:00+00:00,52.2475
2024-08-23 01:00:00+00:00,44.9875
2024-08-23 02:00:00+00:00,30.7225
2024-08-23 03:00:00+00:00,22.745
2024-08-23 04:00:00+00:00,20.125
2024-08-23 05:00:00+00:00,16.5675
2024-08-23 06:00:00+00:00,16.6875
2024-08-23 07:00:00+00:00,15.8025
2024-08-23 08:00:00+00:00,15.5825
2024-08-23 09:00:00+00:00,15.969999999999999
2024-08-23 10:00:00+00:00,16.665
2024-08-23 11:00:00+00:00,18.865000000000002
2024-08-23 12:00:00+00:00,17.9775
2024-08-23 13:00:00+00:00,18.1375
2024-08-23 14:00:00+00:00,17.3575
2024-08-23 15:00:00+00:00,18.77
2024-08-23 16:00:00+00:00,20.5
2024-08-23 17:00:00+00:00,29.6175
2024-08-23 18:00:00+00:00,33.082499999999996
2024-08-23 19:00:00+00:00,63.785
2024-08-23 20:00:00+00:00,90.81
2024-08-23 21:00:00+00:00,60.54
2024-08-23 22:00:00+00:00,61.105000000000004
2024-08-23 23:00:00+00:00,38.915
2024-08-24 00:00:00+00:00,26.485
2024-08-24 01:00:00+00:00,22.0425
2024-08-24 02:00:00+00:00,22.12
2024-08-24 03:00:00+00:00,18.5075
2024-08-24 04:00:00+00:00,15.5375
2024-08-24 05:00:00+00:00,16.2475
2024-08-24 06:00:00+00:00,15.165
2024-08-24 07:00:00+00:00,15.540000000000001
2024-08-24 08:00:00+00:00,14.5775
2024-08-24 09:00:00+00:00,12.5625
2024-08-24 10:00:00+00:00,13.5625
2024-08-24 11:00:00+00:00,15.227500000000001
2024-08-24 12:00:00+00:00,15.1275
2024-08-24 13:00:00+00:00,13.7775
2024-08-24 14:00:00+00:00,14.4175
2024-08-24 15:00:00+00:00,17.485
2024-08-24 16:00:00+00:00,20.3525
2024-08-24 17:00:00+00:00,22.362499999999997
2024-08-24 18:00:00+00:00,22.455
2024-08-24 19:00:00+00:00,27.88
2024-08-24 20:00:00+00:00,24.195
2024-08-24 21:00:00+00:00,22.057499999999997
2024-08-24 22:00:00+00:00,22.7025
2024-08-24 23:00:00+00:00,20.6175
2024-08-25 00:00:00+00:00,23.275
2024-08-25 01:00:00+00:00,21.92
2024-08-25 02:00:00+00:00,19.2325
2024-08-25 03:00:00+00:00,18.0225
2024-08-25 04:00:00+00:00,16.62
2024-08-25 05:00:00+00:00,14.962499999999999
2024-08-25 06:00:00+00:00,13.9525
2024-08-25 07:00:00+00:00,12.5825
2024-08-25 08:00:00+00:00,13.32
2024-08-25 09:00:00+00:00,13.2725
2024-08-25 10:00:00+00:00,16.0075
2024-08-25 11:00:00+00:00,16.68
2024-08-25 12:00:00+00:00,15.790000000000001
2024-08-25 13:00:00+00:00,12.6025
2024-08-25 14:00:00+00:00,9.9
2024-08-25 15:00:00+00:00,14.7975
2024-08-25 16:00:00+00:00,21.8375
2024-08-25 17:00:00+00:00,23.5975
2024-08-25 18:00:00+00:00,24.427500000000002
2024-08-25 19:00:00+00:00,23.03
2024-08-25 20:00:00+00:00,22.3825
2024-08-25 21:00:00+00:00,22.44
2024-08-25 22:00:00+00:00,21.625
2024-08-25 23:00:00+00:00,26.987499999999997
2024-08-26 00:00:00+00:00,49.175
2024-08-26 01:00:00+00:00,58.0325
2024-08-26 02:00:00+00:00,31.7325
2024-08-26 03:00:00+00:00,25.08
2024-08-26 04:00:00+00:00,21.2875
2024-08-26 05:00:00+00:00,18.990000000000002
2024-08-26 06:00:00+00:00,17.72
2024-08-26 07:00:00+00:00,17.0075
2024-08-26 08:00:00+00:00,17.465
2024-08-26 09:00:00+00:00,18.5325
2024-08-26 10:00:00+00:00,22.6425
2024-08-26 11:00:00+00:00,30.2775
2024-08-26 12:00:00+00:00,27.0825
2024-08-26 13:00:00+00:00,20.085
2024-08-26 14:00:00+00:00,20.8425
2024-08-26 15:00:00+00:00,28.005
2024-08-26 16:00:00+00:00,31.455
2024-08-26 17:00:00+00:00,29.957500000000003
2024-08-26 18:00:00+00:00,25.7375
2024-08-26 19:00:00+00:00,38.3075
2024-08-26 20:00:00+00:00,29.564999999999998
2024-08-26 21:00:00+00:00,24.3375
2024-08-26 22:00:00+00:00,21.685000000000002
2024-08-26 23:00:00+00:00,21.9825
2024-08-27 00:00:00+00:00,29.985
2024-08-27 01:00:00+00:00,32.6575
2024-08-27 02:00:00+00:00,28.265
2024-08-27 03:00:00+00:00,21.07
2024-08-27 04:00:00+00:00,18.7125
2024-08-27 05:00:00+00:00,18.8625
2024-08-27 06:00:00+00:00,18.74
2024-08-27 07:00:00+00:00,19.145
2024-08-27 08:00:00+00:00,19.78
2024-08-27 09:00:00+00:00,22.09
2024-08-27 10:00:00+00:00,27.052500000000002
2024-08-27 11:00:00+00:00,54.39
2024-08-27 12:00:00+00:00,51.095
2024-08-27 13:00:00+00:00,24.2825
2024-08-27 14:00:00+00:00,20.1
2024-08-27 15:00:00+00:00,26.0075
2024-08-27 16:00:00+00:00,28.9575
2024-08-27 17:00:00+00:00,25.475
2024-08-27 18:00:00+00:00,25.04
2024-08-27 19:00:00+00:00,24.1425
2024-08-27 20:00:00+00:00,30.005000000000003
2024-08-27 21:00:00+00:00,30.7025
2024-08-27 22:00:00+00:00,42.2425
2024-08-27 23:00:00+00:00,33.4825
2024-08-28 00:00:00+00:00,36.34
2024-08-28 01:00:00+00:00,34.6525
2024-08-28 02:00:00+00:00,29.325
2024-08-28 03:00:00+00:00,21.625
2024-08-28 04:00:00+00:00,20.8175
2024-08-28 05:00:00+00:00,20.185000000000002
2024-08-28 06:00:00+00:00,18.3375
2024-08-28 07:00:00+00:00,16.7025
2024-08-28 08:00:00+00:00,17.384999999999998
2024-08-28 09:00:00+00:00,19.36
2024-08-28 10:00:00+00:00,22.585
2024-08-28 11:00:00+00:00,25.4875
2024-08-28 12:00:00+00:00,22.7525
2024-08-28 13:00:00+00:00,18.2075
2024-08-28 14:00:00+00:00,16.3925
2024-08-28 15:00:00+00:00,19.134999999999998
2024-08-28 16:00:00+00:00,21.535
2024-08-28 17:00:00+00:00,25.9125
2024-08-28 18:00:00+00:00,29.405
2024-08-28 19:00:00+00:00,24.9175
2024-08-28 20:00:00+00:00,33.75
2024-08-28 21:00:00+00:00,22.6025
2024-08-28 22:00:00+00:00,21.5925
2024-08-28 23:00:00+00:00,20.945
2024-08-29 00:00:00+00:00,23.65
2024-08-29 01:00:00+00:00,22.3925
2024-08-29 02:00:00+00:00,20.7025
2024-08-29 03:00:00+00:00,20.1325
2024-08-29 04:00:00+00:00,19.259999999999998
2024-08-29 05:00:00+00:00,18.1625
2024-08-29 06:00:00+00:00,17.872500000000002
2024-08-29 07:00:00+00:00,17.5425
2024-08-29 08:00:00+00:00,17.53
2024-08-29 09:00:00+00:00,17.415
2024-08-29 10:00:00+00:00,19.5425
2024-08-29 11:00:00+00:00,24.052500000000002
2024-08-29 12:00:00+00:00,22.16
2024-08-29 13:00:00+00:00,16.7825
2024-08-29 14:00:00+00:00,13.6175
2024-08-29 15:00:00+00:00,18.2325
2024-08-29 16:00:00+00:00,19.697499999999998
2024-08-29 17:00:00+00:00,18.755000000000003
2024-08-29 18:00:00+00:00,19.935000000000002
2024-08-29 19:00:00+00:00,22.674999999999997
2024-08-29 20:00:00+00:00,27.1975
2024-08-29 21:00:00+00:00,23.0825
2024-08-29 22:00:00+00:00,27.0775
2024-08-29 23:00:00+00:00,42.98
2024-08-30 00:00:00+00:00,80.5625
2024-08-30 01:00:00+00:00,44.394999999999996
2024-08-30 02:00:00+00:00,23.5925
2024-08-30 03:00:00+00:00,23.215
2024-08-30 04:00:00+00:00,19.677500000000002
2024-08-30 05:00:00+00:00,18.455
2024-08-30 06:00:00+00:00,17.7775
2024-08-30 07:00:00+00:00,17.305
2024-08-30 08:00:00+00:00,17.53
2024-08-30 09:00:00+00:00,18.985
2024-08-30 10:00:00+00:00,21.3125
2024-08-30 11:00:00+00:00,24.2925
2024-08-30 12:00:00+00:00,22.285
2024-08-30 13:00:00+00:00,20.71
2024-08-30 14:00:00+00:00,19.495
2024-08-30 15:00:00+00:00,20.32
2024-08-30 16:00:00+00:00,18.1825
2024-08-30 17:00:00+00:00,17.2325
2024-08-30 18:00:00+00:00,18.765
2024-08-30 19:00:00+00:00,17.52
2024-08-30 20:00:00+00:00,20.265
2024-08-30 21:00:00+00:00,18.7225
2024-08-30 22:00:00+00:00,21.075
2024-08-30 23:00:00+00:00,26.7125
2024-08-31 00:00:00+00:00,51.7675
2024-08-31 01:00:00+00:00,57.12
2024-08-31 02:00:00+00:00,35.0275
2024-08-31 03:00:00+00:00,34.045
2024-08-31 04:00:00+00:00,38.2675
2024-08-31 05:00:00+00:00,28.805
2024-08-31 06:00:00+00:00,27.0925
2024-08-31 07:00:00+00:00,22.8725
2024-08-31 08:00:00+00:00,22.475
2024-08-31 09:00:00+00:00,23.0175
2024-08-31 10:00:00+00:00,22.73
2024-08-31 11:00:00+00:00,22.235
2024-08-31 12:00:00+00:00,21.7875
2024-08-31 13:00:00+00:00,19.8725
2024-08-31 14:00:00+00:00,19.5075
2024-08-31 15:00:00+00:00,19.1
2024-08-31 16:00:00+00:00,18.767500000000002
2024-08-31 17:00:00+00:00,21.1575
2024-08-31 18:00:00+00:00,21.865000000000002
2024-08-31 19:00:00+00:00,21.557499999999997
2024-08-31 20:00:00+00:00,24.0375
2024-08-31 21:00:00+00:00,23.5825
2024-08-31 22:00:00+00:00,25.8875
2024-08-31 23:00:00+00:00,53.5475
2024-09-01 00:00:00+00:00,88.5325
2024-09-01 01:00:00+00:00,81.48
2024-09-01 02:00:00+00:00,71.615
2024-09-01 03:00:00+00:00,40.0375
2024-09-01 04:00:00+00:00,29.4175
2024-09-01 05:00:00+00:00,37.58
2024-09-01 06:00:00+00:00,27.3
2024-09-01 07:00:00+00:00,28.0525
2024-09-01 08:00:00+00:00,26.275
2024-09-01 09:00:00+00:00,23.6875
2024-09-01 10:00:00+00:00,23.1525
2024-09-01 11:00:00+00:00,20.3075
2024-09-01 12:00:00+00:00,18.1025
2024-09-01 13:00:00+00:00,19.24
2024-09-01 14:00:00+00:00,18.8875
2024-09-01 15:00:00+00:00,19.17
2024-09-01 16:00:00+00:00,17.2775
2024-09-01 17:00:00+00:00,18.0975
2024-09-01 18:00:00+00:00,18.037499999999998
2024-09-01 19:00:00+00:00,17.5975
2024-09-01 20:00:00+00:00,17.357499999999998
2024-09-01 21:00:00+00:00,19.0225
2024-09-01 22:00:00+00:00,21.5425
2024-09-01 23:00:00+00:00,28.4125
2024-09-02 00:00:00+00:00,36.33
2024-09-02 01:00:00+00:00,30.482499999999998
2024-09-02 02:00:00+00:00,32.59
2024-09-02 03:00:00+00:00,26.26
2024-09-02 04:00:00+00:00,23.5375
2024-09-02 05:00:00+00:00,22.32
2024-09-02 06:00:00+00:00,20.695
2024-09-02 07:00:00+00:00,19.4525
2024-09-02 08:00:00+00:00,20.04
2024-09-02 09:00:00+00:00,19.5625
2024-09-02 10:00:00+00:00,19.424999999999997
2024-09-02 11:00:00+00:00,18.9825
2024-09-02 12:00:00+00:00,16.7375
2024-09-02 13:00:00+00:00,16.515
2024-09-02 14:00:00+00:00,17.85
2024-09-02 15:00:00+00:00,19.142500000000002
2024-09-02 16:00:00+00:00,18.2725
2024-09-02 17:00:00+00:00,20.490000000000002
2024-09-02 18:00:00+00:00,21.3275
2024-09-02 19:00:00+00:00,21.88
2024-09-02 20:00:00+00:00,19.5675
2024-09-02 21:00:00+00:00,19.1
2024-09-02 22:00:00+00:00,21.805
2024-09-02 23:00:00+00:00,22.295
2024-09-03 00:00:00+00:00,22.895
2024-09-03 01:00:00+00:00,23.045
2024-09-03 02:00:00+00:00,21.4575
2024-09-03 03:00:00+00:00,20.81
2024-09-03 04:00:00+00:00,19.4
2024-09-03 05:00:00+00:00,18.7375
2024-09-03 06:00:00+00:00,17.75
2024-09-03 07:00:00+00:00,17.405
2024-09-03 08:00:00+00:00,17.262500000000003
2024-09-03 09:00:00+00:00,17.605
2024-09-03 10:00:00+00:00,18.4925
2024-09-03 11:00:00+00:00,20.4325
2024-09-03 12:00:00+00:00,19.985
2024-09-03 13:00:00+00:00,19.33
2024-09-03 14:00:00+00:00,20.0625
2024-09-03 15:00:00+00:00,19.6425
2024-09-03 16:00:00+00:00,19.6625
2024-09-03 17:00:00+00:00,19.5875
2024-09-03 18:00:00+00:00,19.625
2024-09-03 19:00:00+00:00,20.24
2024-09-03 20:00:00+00:00,22.585
2024-09-03 21:00:00+00:00,22.655
2024-09-03 22:00:00+00:00,23.3675
2024-09-03 23:00:00+00:00,23.755
2024-09-04 00:00:00+00:00,25.002499999999998
2024-09-04 01:00:00+00:00,25.1925
2024-09-04 02:00:00+00:00,22.9725
2024-09-04 03:00:00+00:00,23.09
2024-09-04 04:00:00+00:00,21.482499999999998
2024-09-04 05:00:00+00:00,20.815
2024-09-04 06:00:00+00:00,20.32
2024-09-04 07:00:00+00:00,20.195
2024-09-04 08:00:00+00:00,20.45
2024-09-04 09:00:00+00:00,21.2475
2024-09-04 10:00:00+00:00,22.7575
2024-09-04 11:00:00+00:00,28.6
2024-09-04 12:00:00+00:00,29.48
2024-09-04 13:00:00+00:00,26.08
2024-09-04 14:00:00+00:00,22.47
2024-09-04 15:00:00+00:00,20.990000000000002
2024-09-04 16:00:00+00:00,19.4525
2024-09-04 17:00:00+00:00,19.2575
2024-09-04 18:00:00+00:00,19.85
2024-09-04 19:00:00+00:00,20.7225
2024-09-04 20:00:00+00:00,21.655
2024-09-04 21:00:00+00:00,23.7875
2024-09-04 22:00:00+00:00,24.745
2024-09-04 23:00:00+00:00,27.3325
2024-09-05 00:00:00+00:00,34.6725
2024-09-05 01:00:00+00:00,33.55
2024-09-05 02:00:00+00:00,24.4375
2024-09-05 03:00:00+00:00,23.075
2024-09-05 04:00:00+00:00,20.9625
2024-09-05 05:00:00+00:00,20.315
2024-09-05 06:00:00+00:00,19.735
2024-09-05 07:00:00+00:00,20.0425
2024-09-05 08:00:00+00:00,21.3625
2024-09-05 09:00:00+00:00,23.3675
2024-09-05 10:00:00+00:00,24.105
2024-09-05 11:00:00+00:00,28.235
2024-09-05 12:00:00+00:00,25.765
2024-09-05 13:00:00+00:00,33.405
2024-09-05 14:00:00+00:00,20.83
2024-09-05 15:00:00+00:00,20.0775
2024-09-05 16:00:00+00:00,19.31
2024-09-05 17:00:00+00:00,18.23
2024-09-05 18:00:00+00:00,18.995
2024-09-05 19:00:00+00:00,19.7375
2024-09-05 20:00:00+00:00,20.7575
2024-09-05 21:00:00+00:00,22.0875
2024-09-05 22:00:00+00:00,24.62
2024-09-05 23:00:00+00:00,25.7375
2024-09-06 00:00:00+00:00,39.75
2024-09-06 01:00:00+00:00,30.8175
2024-09-06 02:00:00+00:00,23.98
2024-09-06 03:00:00+00:00,23.3
2024-09-06 04:00:00+00:00,23.1875
2024-09-06 05:00:00+00:00,22.427500000000002
2024-09-06 06:00:00+00:00,21.53
2024-09-06 07:00:00+00:00,18.9375
2024-09-06 08:00:00+00:00,18.525
2024-09-06 09:00:00+00:00,16.9225
2024-09-06 10:00:00+00:00,17.675
2024-09-06 11:00:00+00:00,18.76
2024-09-06 12:00:00+00:00,17.4175
2024-09-06 13:00:00+00:00,15.4325
2024-09-06 14:00:00+00:00,12.74
2024-09-06 15:00:00+00:00,11.08
2024-09-06 16:00:00+00:00,12.945
2024-09-06 17:00:00+00:00,14.535
2024-09-06 18:00:00+00:00,14.7225
2024-09-06 19:00:00+00:00,13.2975
2024-09-06 20:00:00+00:00,12.785
2024-09-06 21:00:00+00:00,14.64
2024-09-06 22:00:00+00:00,17.55
2024-09-06 23:00:00+00:00,27.17
2024-09-07 00:00:00+00:00,30.775000000000002
2024-09-07 01:00:00+00:00,24.925
2024-09-07 02:00:00+00:00,21.485
2024-09-07 03:00:00+00:00,20.2625
2024-09-07 04:00:00+00:00,18.3925
2024-09-07 05:00:00+00:00,15.8525
2024-09-07 06:00:00+00:00,14.4275
2024-09-07 07:00:00+00:00,14.1125
2024-09-07 08:00:00+00:00,14.61
2024-09-07 09:00:00+00:00,14.515
2024-09-07 10:00:00+00:00,14.7375
2024-09-07 11:00:00+00:00,14.8725
2024-09-07 12:00:00+00:00,13.715
2024-09-07 13:00:00+00:00,7.654999999999999
2024-09-07 14:00:00+00:00,0.49
2024-09-07 15:00:00+00:00,2.16
2024-09-07 16:00:00+00:00,9.485
2024-09-07 17:00:00+00:00,12.66
2024-09-07 18:00:00+00:00,14.125
2024-09-07 19:00:00+00:00,14.885
2024-09-07 20:00:00+00:00,15.075
2024-09-07 21:00:00+00:00,14.4875
2024-09-07 22:00:00+00:00,17.37
2024-09-07 23:00:00+00:00,32.3725
2024-09-08 00:00:00+00:00,53.5625
2024-09-08 01:00:00+00:00,24.6075
2024-09-08 02:00:00+00:00,21.18
2024-09-08 03:00:00+00:00,17.8475
2024-09-08 04:00:00+00:00,14.5925
2024-09-08 05:00:00+00:00,14.4575
2024-09-08 06:00:00+00:00,13.66
2024-09-08 07:00:00+00:00,13.275
2024-09-08 08:00:00+00:00,13.780000000000001
2024-09-08 09:00:00+00:00,14.807500000000001
2024-09-08 10:00:00+00:00,16.36
2024-09-08 11:00:00+00:00,18.23
2024-09-08 12:00:00+00:00,16.155
2024-09-08 13:00:00+00:00,4.655
2024-09-08 14:00:00+00:00,0.2575
2024-09-08 15:00:00+00:00,-0.13
2024-09-08 16:00:00+00:00,2.985
2024-09-08 17:00:00+00:00,9.415
2024-09-08 18:00:00+00:00,12.1075
2024-09-08 19:00:00+00:00,13.725
2024-09-08 20:00:00+00:00,15.405000000000001
2024-09-08 21:00:00+00:00,16.005000000000003
2024-09-08 22:00:00+00:00,15.85
2024-09-08 23:00:00+00:00,31.0825
2024-09-09 00:00:00+00:00,53.2425
2024-09-09 01:00:00+00:00,29.5825
2024-09-09 02:00:00+00:00,21.815
2024-09-09 03:00:00+00:00,18.4925
2024-09-09 04:00:00+00:00,16.78
2024-09-09 05:00:00+00:00,15.085
2024-09-09 06:00:00+00:00,13.557500000000001
2024-09-09 07:00:00+00:00,12.905000000000001
2024-09-09 08:00:00+00:00,13.345
2024-09-09 09:00:00+00:00,15.6475
2024-09-09 10:00:00+00:00,22.509999999999998
2024-09-09 11:00:00+00:00,30.335
2024-09-09 12:00:00+00:00,25.35
2024-09-09 13:00:00+00:00,9.265
2024-09-09 14:00:00+00:00,5.362500000000001
2024-09-09 15:00:00+00:00,5.0425
2024-09-09 16:00:00+00:00,10.1975
2024-09-09 17:00:00+00:00,12.8025
2024-09-09 18:00:00+00:00,14.455
2024-09-09 19:00:00+00:00,15.985
2024-09-09 20:00:00+00:00,17.4725
2024-09-09 21:00:00+00:00,19.262500000000003
2024-09-09 22:00:00+00:00,20.552500000000002
2024-09-09 23:00:00+00:00,42.5575
2024-09-10 00:00:00+00:00,77.1925
2024-09-10 01:00:00+00:00,47.165
2024-09-10 02:00:00+00:00,23.53
2024-09-10 03:00:00+00:00,19.985
2024-09-10 04:00:00+00:00,17.365000000000002
2024-09-10 05:00:00+00:00,13.3975
2024-09-10 06:00:00+00:00,11.7375
2024-09-10 07:00:00+00:00,11.47
2024-09-10 08:00:00+00:00,10.9975
2024-09-10 09:00:00+00:00,11.645
2024-09-10 10:00:00+00:00,15.48
2024-09-10 11:00:00+00:00,19.6925
2024-09-10 12:00:00+00:00,18.252499999999998
2024-09-10 13:00:00+00:00,8.565
2024-09-10 14:00:00+00:00,6.2725
2024-09-10 15:00:00+00:00,6.5600000000000005
2024-09-10 16:00:00+00:00,11.405000000000001
2024-09-10 17:00:00+00:00,14.075
2024-09-10 18:00:00+00:00,16.2575
2024-09-10 19:00:00+00:00,19.5425
2024-09-10 20:00:00+00:00,22.785
2024-09-10 21:00:00+00:00,26.955
2024-09-10 22:00:00+00:00,22.502499999999998
2024-09-10 23:00:00+00:00,50.0675
2024-09-11 00:00:00+00:00,83.68
2024-09-11 01:00:00+00:00,44.1975
2024-09-11 02:00:00+00:00,24.8075
2024-09-11 03:00:00+00:00,22.1425
2024-09-11 04:00:00+00:00,19.85
2024-09-11 05:00:00+00:00,18.134999999999998
2024-09-11 06:00:00+00:00,16.41
2024-09-11 07:00:00+00:00,16.1925
2024-09-11 08:00:00+00:00,16.877499999999998
2024-09-11 09:00:00+00:00,17.9925
2024-09-11 10:00:00+00:00,18.927500000000002
2024-09-11 11:00:00+00:00,21.54
2024-09-11 12:00:00+00:00,22.2375
2024-09-11 13:00:00+00:00,17.3475
2024-09-11 14:00:00+00:00,18.23
2024-09-11 15:00:00+00:00,18.46
2024-09-11 16:00:00+00:00,18.805
2024-09-11 17:00:00+00:00,20.0825
2024-09-11 18:00:00+00:00,21.482499999999998
2024-09-11 19:00:00+00:00,21.1025
2024-09-11 20:00:00+00:00,21.1175
2024-09-11 21:00:00+00:00,21.2575
2024-09-11 22:00:00+00:00,22.825
2024-09-11 23:00:00+00:00,30.38
2024-09-12 00:00:00+00:00,36.165
2024-09-12 01:00:00+00:00,26.2225
2024-09-12 02:00:00+00:00,22.555
2024-09-12 03:00:00+00:00,20.34
2024-09-12 04:00:00+00:00,17.12
2024-09-12 05:00:00+00:00,15.605
2024-09-12 06:00:00+00:00,13.942499999999999
2024-09-12 07:00:00+00:00,13.41
2024-09-12 08:00:00+00:00,13.49
2024-09-12 09:00:00+00:00,13.875
2024-09-12 10:00:00+00:00,16.825000000000003
2024-09-12 11:00:00+00:00,19.67
2024-09-12 12:00:00+00:00,19.9575
2024-09-12 13:00:00+00:00,16.115000000000002
2024-09-12 14:00:00+00:00,14.030000000000001
2024-09-12 15:00:00+00:00,12.5775
2024-09-12 16:00:00+00:00,13.3675
2024-09-12 17:00:00+00:00,14.3475
2024-09-12 18:00:00+00:00,17.005
2024-09-12 19:00:00+00:00,17.5925
2024-09-12 20:00:00+00:00,17.68
2024-09-12 21:00:00+00:00,18.7725
2024-09-12 22:00:00+00:00,19.497500000000002
2024-09-12 23:00:00+00:00,25.545
2024-09-13 00:00:00+00:00,27.2975
2024-09-13 01:00:00+00:00,23.06
2024-09-13 02:00:00+00:00,19.98
2024-09-13 03:00:00+00:00,18.0925
2024-09-13 04:00:00+00:00,14.2475
2024-09-13 05:00:00+00:00,13.04
2024-09-13 06:00:00+00:00,10.8575
2024-09-13 07:00:00+00:00,7.529999999999999
2024-09-13 08:00:00+00:00,8.4775
2024-09-13 09:00:00+00:00,8.2125
2024-09-13 10:00:00+00:00,10.085
2024-09-13 11:00:00+00:00,12.39
2024-09-13 12:00:00+00:00,12.25
2024-09-13 13:00:00+00:00,2.885
2024-09-13 14:00:00+00:00,0.01
2024-09-13 15:00:00+00:00,3.3324999999999996
2024-09-13 16:00:00+00:00,11.205
2024-09-13 17:00:00+00:00,16.1125
2024-09-13 18:00:00+00:00,18.3175
2024-09-13 19:00:00+00:00,20.47
2024-09-13 20:00:00+00:00,20.392500000000002
2024-09-13 21:00:00+00:00,21.0775
2024-09-13 22:00:00+00:00,22.8475
2024-09-13 23:00:00+00:00,46.587500000000006
2024-09-14 00:00:00+00:00,31.4025
2024-09-14 01:00:00+00:00,22.1875
2024-09-14 02:00:00+00:00,18.7875
2024-09-14 03:00:00+00:00,16.287499999999998
2024-09-14 04:00:00+00:00,13.7875
2024-09-14 05:00:00+00:00,14.0975
2024-09-14 06:00:00+00:00,13.38
2024-09-14 07:00:00+00:00,12.8125
2024-09-14 08:00:00+00:00,11.9025
2024-09-14 09:00:00+00:00,11.872499999999999
2024-09-14 10:00:00+00:00,12.7225
2024-09-14 11:00:00+00:00,13.8875
2024-09-14 12:00:00+00:00,14.58
2024-09-14 13:00:00+00:00,13.9625
2024-09-14 14:00:00+00:00,14.765
2024-09-14 15:00:00+00:00,14.84
2024-09-14 16:00:00+00:00,17.305
2024-09-14 17:00:00+00:00,19.3475
2024-09-14 18:00:00+00:00,23.0
2024-09-14 19:00:00+00:00,22.52
2024-09-14 20:00:00+00:00,21.6325
2024-09-14 21:00:00+00:00,23.34
2024-09-14 22:00:00+00:00,25.605
2024-09-14 23:00:00+00:00,38.665
2024-09-15 00:00:00+00:00,47.2775
2024-09-15 01:00:00+00:00,35.365
2024-09-15 02:00:00+00:00,26.48
2024-09-15 03:00:00+00:00,26.7225
2024-09-15 04:00:00+00:00,25.045
2024-09-15 05:00:00+00:00,23.6
2024-09-15 06:00:00+00:00,21.6875
2024-09-15 07:00:00+00:00,20.2875
2024-09-15 08:00:00+00:00,19.68
2024-09-15 09:00:00+00:00,19.5575
2024-09-15 10:00:00+00:00,20.8775
2024-09-15 11:00:00+00:00,21.627499999999998
2024-09-15 12:00:00+00:00,22.2825
2024-09-15 13:00:00+00:00,19.32
2024-09-15 14:00:00+00:00,17.990000000000002
2024-09-15 15:00:00+00:00,19.83
2024-09-15 16:00:00+00:00,20.935
2024-09-15 17:00:00+00:00,21.7425
2024-09-15 18:00:00+00:00,22.5775
2024-09-15 19:00:00+00:00,23.715
2024-09-15 20:00:00+00:00,25.0375
2024-09-15 21:00:00+00:00,25.307499999999997
2024-09-15 22:00:00+00:00,30.9575
2024-09-15 23:00:00+00:00,120.3475
2024-09-16 00:00:00+00:00,131.995
2024-09-16 01:00:00+00:00,54.7025
2024-09-16 02:00:00+00:00,26.5
2024-09-16 03:00:00+00:00,24.16
2024-09-16 04:00:00+00:00,21.4625
2024-09-16 05:00:00+00:00,21.2225
2024-09-16 06:00:00+00:00,19.815
2024-09-16 07:00:00+00:00,19.785
2024-09-16 08:00:00+00:00,20.4225
2024-09-16 09:00:00+00:00,20.8925
2024-09-16 10:00:00+00:00,22.475
2024-09-16 11:00:00+00:00,26.4625
2024-09-16 12:00:00+00:00,24.475
2024-09-16 13:00:00+00:00,20.395
2024-09-16 14:00:00+00:00,18.8725
2024-09-16 15:00:00+00:00,18.92
2024-09-16 16:00:00+00:00,21.895
2024-09-16 17:00:00+00:00,22.915
2024-09-16 18:00:00+00:00,29.795
2024-09-16 19:00:00+00:00,23.7225
2024-09-16 20:00:00+00:00,22.9725
2024-09-16 21:00:00+00:00,23.122500000000002
2024-09-16 22:00:00+00:00,22.807499999999997
2024-09-16 23:00:00+00:00,46.59
2024-09-17 00:00:00+00:00,75.1725
2024-09-17 01:00:00+00:00,41.16
2024-09-17 02:00:00+00:00,23.755000000000003
2024-09-17 03:00:00+00:00,22.247500000000002
2024-09-17 04:00:00+00:00,18.81
2024-09-17 05:00:00+00:00,17.557499999999997
2024-09-17 06:00:00+00:00,16.7625
2024-09-17 07:00:00+00:00,16.4525
2024-09-17 08:00:00+00:00,16.697499999999998
2024-09-17 09:00:00+00:00,17.995
2024-09-17 10:00:00+00:00,20.58
2024-09-17 11:00:00+00:00,22.1275
2024-09-17 12:00:00+00:00,20.9825
2024-09-17 13:00:00+00:00,16.6575
2024-09-17 14:00:00+00:00,13.8425
2024-09-17 15:00:00+00:00,11.205
2024-09-17 16:00:00+00:00,11.807500000000001
2024-09-17 17:00:00+00:00,15.355
2024-09-17 18:00:00+00:00,18.752499999999998
2024-09-17 19:00:00+00:00,18.8325
2024-09-17 20:00:00+00:00,19.619999999999997
2024-09-17 21:00:00+00:00,17.98
2024-09-17 22:00:00+00:00,17.125
2024-09-17 23:00:00+00:00,20.8525
2024-09-18 00:00:00+00:00,24.46
2024-09-18 01:00:00+00:00,22.46
2024-09-18 02:00:00+00:00,18.4225
2024-09-18 03:00:00+00:00,17.155
2024-09-18 04:00:00+00:00,14.197500000000002
2024-09-18 05:00:00+00:00,13.2275
2024-09-18 06:00:00+00:00,11.7325
2024-09-18 07:00:00+00:00,10.8
2024-09-18 08:00:00+00:00,11.065
2024-09-18 09:00:00+00:00,12.75
2024-09-18 10:00:00+00:00,15.842500000000001
2024-09-18 11:00:00+00:00,19.6725
2024-09-18 12:00:00+00:00,16.6925
2024-09-18 13:00:00+00:00,13.875
2024-09-18 14:00:00+00:00,8.2125
2024-09-18 15:00:00+00:00,8.33
2024-09-18 16:00:00+00:00,11.8025
2024-09-18 17:00:00+00:00,18.535
2024-09-18 18:00:00+00:00,24.0025
2024-09-18 19:00:00+00:00,19.619999999999997
2024-09-18 20:00:00+00:00,18.005
2024-09-18 21:00:00+00:00,16.314999999999998
2024-09-18 22:00:00+00:00,17.165
2024-09-18 23:00:00+00:00,25.247500000000002
2024-09-19 00:00:00+00:00,29.942500000000003
2024-09-19 01:00:00+00:00,29.9925
2024-09-19 02:00:00+00:00,21.9175
2024-09-19 03:00:00+00:00,19.4375
2024-09-19 04:00:00+00:00,15.6125
2024-09-19 05:00:00+00:00,15.465
2024-09-19 06:00:00+00:00,14.4775
2024-09-19 07:00:00+00:00,12.9575
2024-09-19 08:00:00+00:00,13.8275
2024-09-19 09:00:00+00:00,14.825
2024-09-19 10:00:00+00:00,17.05
2024-09-19 11:00:00+00:00,22.45
2024-09-19 12:00:00+00:00,21.189999999999998
2024-09-19 13:00:00+00:00,17.255
2024-09-19 14:00:00+00:00,12.9275
2024-09-19 15:00:00+00:00,12.0525
2024-09-19 16:00:00+00:00,15.5825
2024-09-19 17:00:00+00:00,22.745
2024-09-19 18:00:00+00:00,24.145
2024-09-19 19:00:00+00:00,22.4675
2024-09-19 20:00:00+00:00,22.2375
2024-09-19 21:00:00+00:00,20.3375
2024-09-19 22:00:00+00:00,21.8375
2024-09-19 23:00:00+00:00,32.4925
2024-09-20 00:00:00+00:00,33.85
2024-09-20 01:00:00+00:00,28.4625
2024-09-20 02:00:00+00:00,23.355
2024-09-20 03:00:00+00:00,21.365
2024-09-20 04:00:00+00:00,20.23
2024-09-20 05:00:00+00:00,17.8425
2024-09-20 06:00:00+00:00,15.825
2024-09-20 07:00:00+00:00,15.5225
2024-09-20 08:00:00+00:00,15.254999999999999
2024-09-20 09:00:00+00:00,16.08
2024-09-20 10:00:00+00:00,19.35
2024-09-20 11:00:00+00:00,23.3925
2024-09-20 12:00:00+00:00,22.415
2024-09-20 13:00:00+00:00,18.445
2024-09-20 14:00:00+00:00,17.1825
2024-09-20 15:00:00+00:00,16.54
2024-09-20 16:00:00+00:00,19.494999999999997
2024-09-20 17:00:00+00:00,21.7875
2024-09-20 18:00:00+00:00,21.4525
2024-09-20 19:00:00+00:00,20.3325
2024-09-20 20:00:00+00:00,19.6525
2024-09-20 21:00:00+00:00,19.2725
2024-09-20 22:00:00+00:00,21.5825
2024-09-20 23:00:00+00:00,89.3775
2024-09-21 00:00:00+00:00,186.2775
2024-09-21 01:00:00+00:00,45.5025
2024-09-21 02:00:00+00:00,24.365000000000002
2024-09-21 03:00:00+00:00,21.3525
2024-09-21 04:00:00+00:00,19.3425
2024-09-21 05:00:00+00:00,19.1475
2024-09-21 06:00:00+00:00,19.7175
2024-09-21 07:00:00+00:00,19.695
2024-09-21 08:00:00+00:00,20.355
2024-09-21 09:00:00+00:00,19.177500000000002
2024-09-21 10:00:00+00:00,20.0575
2024-09-21 11:00:00+00:00,20.7575
2024-09-21 12:00:00+00:00,18.6075
2024-09-21 13:00:00+00:00,15.605
2024-09-21 14:00:00+00:00,12.91
2024-09-21 15:00:00+00:00,11.5925
2024-09-21 16:00:00+00:00,14.385
2024-09-21 17:00:00+00:00,15.82
2024-09-21 18:00:00+00:00,19.1525
2024-09-21 19:00:00+00:00,19.5225
2024-09-21 20:00:00+00:00,18.7975
2024-09-21 21:00:00+00:00,18.555
2024-09-21 22:00:00+00:00,18.395
2024-09-21 23:00:00+00:00,24.8525
2024-09-22 00:00:00+00:00,24.0275
2024-09-22 01:00:00+00:00,23.7475
2024-09-22 02:00:00+00:00,21.66
2024-09-22 03:00:00+00:00,20.91
2024-09-22 04:00:00+00:00,19.112499999999997
2024-09-22 05:00:00+00:00,22.4325
2024-09-22 06:00:00+00:00,20.5175
2024-09-22 07:00:00+00:00,18.3375
2024-09-22 08:00:00+00:00,17.155
2024-09-22 09:00:00+00:00,17.0925
2024-09-22 10:00:00+00:00,16.7725
2024-09-22 11:00:00+00:00,18.33
2024-09-22 12:00:00+00:00,19.9725
2024-09-22 13:00:00+00:00,16.8125
2024-09-22 14:00:00+00:00,17.37
2024-09-22 15:00:00+00:00,20.6525
2024-09-22 16:00:00+00:00,22.085
2024-09-22 17:00:00+00:00,22.8425
2024-09-22 18:00:00+00:00,22.775
2024-09-22 19:00:00+00:00,23.252499999999998
2024-09-22 20:00:00+00:00,24.122500000000002
2024-09-22 21:00:00+00:00,22.5425
2024-09-22 22:00:00+00:00,21.237499999999997
2024-09-22 23:00:00+00:00,25.475
2024-09-23 00:00:00+00:00,71.285
2024-09-23 01:00:00+00:00,23.7525
2024-09-23 02:00:00+00:00,24.5275
2024-09-23 03:00:00+00:00,23.97
2024-09-23 04:00:00+00:00,22.572499999999998
2024-09-23 05:00:00+00:00,21.427500000000002
2024-09-23 06:00:00+00:00,20.87
2024-09-23 07:00:00+00:00,21.12
2024-09-23 08:00:00+00:00,21.39
2024-09-23 09:00:00+00:00,22.2925
2024-09-23 10:00:00+00:00,24.635
2024-09-23 11:00:00+00:00,29.05
2024-09-23 12:00:00+00:00,30.4675
2024-09-23 13:00:00+00:00,26.7875
2024-09-23 14:00:00+00:00,25.5575
2024-09-23 15:00:00+00:00,29.4075
2024-09-23 16:00:00+00:00,26.86
2024-09-23 17:00:00+00:00,29.82
2024-09-23 18:00:00+00:00,24.58
2024-09-23 19:00:00+00:00,28.6875
2024-09-23 20:00:00+00:00,27.845
2024-09-23 21:00:00+00:00,29.072499999999998
2024-09-23 22:00:00+00:00,38.6425
2024-09-23 23:00:00+00:00,109.89750000000001
2024-09-24 00:00:00+00:00,167.205
2024-09-24 01:00:00+00:00,147.775
2024-09-24 02:00:00+00:00,81.1475
2024-09-24 03:00:00+00:00,39.4375
2024-09-24 04:00:00+00:00,28.6825
2024-09-24 05:00:00+00:00,27.872500000000002
2024-09-24 06:00:00+00:00,25.7575
2024-09-24 07:00:00+00:00,23.695
2024-09-24 08:00:00+00:00,23.375
2024-09-24 09:00:00+00:00,23.42
2024-09-24 10:00:00+00:00,24.765
2024-09-24 11:00:00+00:00,29.705000000000002
2024-09-24 12:00:00+00:00,28.445
2024-09-24 13:00:00+00:00,22.45
2024-09-24 14:00:00+00:00,20.8375
2024-09-24 15:00:00+00:00,20.4775
2024-09-24 16:00:00+00:00,21.6075
2024-09-24 17:00:00+00:00,22.225
2024-09-24 18:00:00+00:00,29.26
2024-09-24 19:00:00+00:00,35.26
2024-09-24 20:00:00+00:00,32.519999999999996
2024-09-24 21:00:00+00:00,36.87
2024-09-24 22:00:00+00:00,45.205
2024-09-24 23:00:00+00:00,77.1075
2024-09-25 00:00:00+00:00,123.3425
2024-09-25 01:00:00+00:00,65.4225
2024-09-25 02:00:00+00:00,43.7475
2024-09-25 03:00:00+00:00,29.1325
2024-09-25 04:00:00+00:00,23.465
2024-09-25 05:00:00+00:00,23.5675
2024-09-25 06:00:00+00:00,20.4525
2024-09-25 07:00:00+00:00,17.3575
2024-09-25 08:00:00+00:00,16.305
2024-09-25 09:00:00+00:00,16.565
2024-09-25 10:00:00+00:00,17.41
2024-09-25 11:00:00+00:00,21.875
2024-09-25 12:00:00+00:00,21.36
2024-09-25 13:00:00+00:00,17.6675
2024-09-25 14:00:00+00:00,16.035
2024-09-25 15:00:00+00:00,17.064999999999998
2024-09-25 16:00:00+00:00,16.1125
2024-09-25 17:00:00+00:00,15.74
2024-09-25 18:00:00+00:00,18.98
2024-09-25 19:00:00+00:00,19.96
2024-09-25 20:00:00+00:00,20.3325
2024-09-25 21:00:00+00:00,24.3275
2024-09-25 22:00:00+00:00,20.9675
2024-09-25 23:00:00+00:00,36.8725
2024-09-26 00:00:00+00:00,52.4875
2024-09-26 01:00:00+00:00,36.182500000000005
2024-09-26 02:00:00+00:00,31.9
2024-09-26 03:00:00+00:00,25.155
2024-09-26 04:00:00+00:00,23.12
2024-09-26 05:00:00+00:00,23.4575
2024-09-26 06:00:00+00:00,20.432499999999997
2024-09-26 07:00:00+00:00,19.92
2024-09-26 08:00:00+00:00,20.8875
2024-09-26 09:00:00+00:00,23.8825
2024-09-26 10:00:00+00:00,27.1025
2024-09-26 11:00:00+00:00,31.425
2024-09-26 12:00:00+00:00,32.295
2024-09-26 13:00:00+00:00,15.959999999999999
2024-09-26 14:00:00+00:00,12.1625
2024-09-26 15:00:00+00:00,13.935
2024-09-26 16:00:00+00:00,14.587499999999999
2024-09-26 17:00:00+00:00,17.175
2024-09-26 18:00:00+00:00,19.98
2024-09-26 19:00:00+00:00,21.37
2024-09-26 20:00:00+00:00,22.0075
2024-09-26 21:00:00+00:00,22.605
2024-09-26 22:00:00+00:00,25.535
2024-09-26 23:00:00+00:00,61.325
2024-09-27 00:00:00+00:00,91.175
2024-09-27 01:00:00+00:00,57.325
2024-09-27 02:00:00+00:00,34.525
2024-09-27 03:00:00+00:00,28.3325
2024-09-27 04:00:00+00:00,24.9875
2024-09-27 05:00:00+00:00,23.7425
2024-09-27 06:00:00+00:00,23.494999999999997
2024-09-27 07:00:00+00:00,22.8975
2024-09-27 08:00:00+00:00,22.335
2024-09-27 09:00:00+00:00,22.945
2024-09-27 10:00:00+00:00,26.895
2024-09-27 11:00:00+00:00,29.2425
2024-09-27 12:00:00+00:00,29.3175
2024-09-27 13:00:00+00:00,15.9375
2024-09-27 14:00:00+00:00,14.0825
2024-09-27 15:00:00+00:00,15.1425
2024-09-27 16:00:00+00:00,16.4025
2024-09-27 17:00:00+00:00,17.36
2024-09-27 18:00:00+00:00,19.7225
2024-09-27 19:00:00+00:00,21.762500000000003
2024-09-27 20:00:00+00:00,30.66
2024-09-27 21:00:00+00:00,30.265
2024-09-27 22:00:00+00:00,31.927500000000002
2024-09-27 23:00:00+00:00,49.5525
2024-09-28 00:00:00+00:00,53.3875
2024-09-28 01:00:00+00:00,35.8775
2024-09-28 02:00:00+00:00,33.125
2024-09-28 03:00:00+00:00,31.04
2024-09-28 04:00:00+00:00,31.6325
2024-09-28 05:00:00+00:00,28.009999999999998
2024-09-28 06:00:00+00:00,27.5375
2024-09-28 07:00:00+00:00,26.3525
2024-09-28 08:00:00+00:00,26.855
2024-09-28 09:00:00+00:00,27.365
2024-09-28 10:00:00+00:00,26.927500000000002
2024-09-28 11:00:00+00:00,26.8125
2024-09-28 12:00:00+00:00,24.072499999999998
2024-09-28 13:00:00+00:00,15.9325
2024-09-28 14:00:00+00:00,12.2875
2024-09-28 15:00:00+00:00,14.6975
2024-09-28 16:00:00+00:00,14.7375
2024-09-28 17:00:00+00:00,15.182500000000001
2024-09-28 18:00:00+00:00,17.5075
2024-09-28 19:00:00+00:00,20.384999999999998
2024-09-28 20:00:00+00:00,21.945
2024-09-28 21:00:00+00:00,22.6125
2024-09-28 22:00:00+00:00,25.4125
2024-09-28 23:00:00+00:00,51.775
2024-09-29 00:00:00+00:00,55.8425
2024-09-29 01:00:00+00:00,30.8
2024-09-29 02:00:00+00:00,28.0275
2024-09-29 03:00:00+00:00,27.2375
2024-09-29 04:00:00+00:00,25.3975
2024-09-29 05:00:00+00:00,24.735
2024-09-29 06:00:00+00:00,24.0025
2024-09-29 07:00:00+00:00,23.5
2024-09-29 08:00:00+00:00,24.225
2024-09-29 09:00:00+00:00,26.302500000000002
2024-09-29 10:00:00+00:00,25.64
2024-09-29 11:00:00+00:00,25.1425
2024-09-29 12:00:00+00:00,25.5325
2024-09-29 13:00:00+00:00,13.51
2024-09-29 14:00:00+00:00,9.0525
2024-09-29 15:00:00+00:00,14.627500000000001
2024-09-29 16:00:00+00:00,16.1325
2024-09-29 17:00:00+00:00,16.9575
2024-09-29 18:00:00+00:00,18.4625
2024-09-29 19:00:00+00:00,21.5475
2024-09-29 20:00:00+00:00,22.4675
2024-09-29 21:00:00+00:00,22.692500000000003
2024-09-29 22:00:00+00:00,29.04
2024-09-29 23:00:00+00:00,83.08
2024-09-30 00:00:00+00:00,154.6475
2024-09-30 01:00:00+00:00,41.5175
2024-09-30 02:00:00+00:00,38.285
2024-09-30 03:00:00+00:00,28.035
2024-09-30 04:00:00+00:00,23.7325
2024-09-30 05:00:00+00:00,22.085
2024-09-30 06:00:00+00:00,20.5375
2024-09-30 07:00:00+00:00,18.622500000000002
2024-09-30 08:00:00+00:00,19.447499999999998
2024-09-30 09:00:00+00:00,19.48
2024-09-30 10:00:00+00:00,21.62
2024-09-30 11:00:00+00:00,25.17
2024-09-30 12:00:00+00:00,24.0475
2024-09-30 13:00:00+00:00,15.3375
2024-09-30 14:00:00+00:00,13.010000000000002
2024-09-30 15:00:00+00:00,14.2475
2024-09-30 16:00:00+00:00,19.7825
2024-09-30 17:00:00+00:00,22.8125
2024-09-30 18:00:00+00:00,30.45
2024-09-30 19:00:00+00:00,42.347500000000004
2024-09-30 20:00:00+00:00,50.5325
2024-09-30 21:00:00+00:00,70.47999999999999
2024-09-30 22:00:00+00:00,99.9975
2024-09-30 23:00:00+00:00,179.155
2024-10-01 00:00:00+00:00,65.425
2024-10-01 01:00:00+00:00,37.1575
2024-10-01 02:00:00+00:00,29.0125
2024-10-01 03:00:00+00:00,26.87
2024-10-01 04:00:00+00:00,24.7125
2024-10-01 05:00:00+00:00,24.415
2024-10-01 06:00:00+00:00,23.055
2024-10-01 07:00:00+00:00,23.225
2024-10-01 08:00:00+00:00,19.91
2024-10-01 09:00:00+00:00,22.19
2024-10-01 10:00:00+00:00,23.8025
2024-10-01 11:00:00+00:00,24.1025
2024-10-01 12:00:00+00:00,21.802500000000002
2024-10-01 13:00:00+00:00,13.950000000000001
2024-10-01 14:00:00+00:00,10.765
2024-10-01 15:00:00+00:00,14.215
2024-10-01 16:00:00+00:00,17.5775
2024-10-01 17:00:00+00:00,21.645
2024-10-01 18:00:00+00:00,25.625
2024-10-01 19:00:00+00:00,28.64
2024-10-01 20:00:00+00:00,28.395
2024-10-01 21:00:00+00:00,26.740000000000002
2024-10-01 22:00:00+00:00,34.035
2024-10-01 23:00:00+00:00,59.245
2024-10-02 00:00:00+00:00,58.987500000000004
2024-10-02 01:00:00+00:00,34.88
2024-10-02 02:00:00+00:00,28.6675
2024-10-02 03:00:00+00:00,29.314999999999998
2024-10-02 04:00:00+00:00,25.855
2024-10-02 05:00:00+00:00,22.965
2024-10-02 06:00:00+00:00,21.1025
2024-10-02 07:00:00+00:00,21.1175
2024-10-02 08:00:00+00:00,20.555
2024-10-02 09:00:00+00:00,20.9775
2024-10-02 10:00:00+00:00,22.115000000000002
2024-10-02 11:00:00+00:00,25.89
2024-10-02 12:00:00+00:00,23.2375
2024-10-02 13:00:00+00:00,16.42
2024-10-02 14:00:00+00:00,14.5725
2024-10-02 15:00:00+00:00,14.785
2024-10-02 16:00:00+00:00,17.135
2024-10-02 17:00:00+00:00,20.872500000000002
2024-10-02 18:00:00+00:00,22.69
2024-10-02 19:00:00+00:00,23.78
2024-10-02 20:00:00+00:00,24.490000000000002
2024-10-02 21:00:00+00:00,27.7325
2024-10-02 22:00:00+00:00,32.4925
2024-10-02 23:00:00+00:00,55.42
2024-10-03 00:00:00+00:00,52.355000000000004
2024-10-03 01:00:00+00:00,31.755
2024-10-03 02:00:00+00:00,27.505000000000003
2024-10-03 03:00:00+00:00,23.4725
2024-10-03 04:00:00+00:00,19.485
2024-10-03 05:00:00+00:00,18.945
2024-10-03 06:00:00+00:00,17.1325
2024-10-03 07:00:00+00:00,13.9925
2024-10-03 08:00:00+00:00,10.5725
2024-10-03 09:00:00+00:00,10.67
2024-10-03 10:00:00+00:00,12.055
2024-10-03 11:00:00+00:00,16.080000000000002
2024-10-03 12:00:00+00:00,17.495
2024-10-03 13:00:00+00:00,8.2425
2024-10-03 14:00:00+00:00,4.16
2024-10-03 15:00:00+00:00,11.915
2024-10-03 16:00:00+00:00,17.0625
2024-10-03 17:00:00+00:00,20.240000000000002
2024-10-03 18:00:00+00:00,22.7775
2024-10-03 19:00:00+00:00,26.5825
2024-10-03 20:00:00+00:00,25.525000000000002
2024-10-03 21:00:00+00:00,24.955000000000002
2024-10-03 22:00:00+00:00,35.05
2024-10-03 23:00:00+00:00,64.62
2024-10-04 00:00:00+00:00,52.2825
2024-10-04 01:00:00+00:00,29.535
2024-10-04 02:00:00+00:00,24.3675
2024-10-04 03:00:00+00:00,23.315
2024-10-04 04:00:00+00:00,20.6125
2024-10-04 05:00:00+00:00,19.12
2024-10-04 06:00:00+00:00,18.0925
2024-10-04 07:00:00+00:00,17.51
2024-10-04 08:00:00+00:00,16.9875
2024-10-04 09:00:00+00:00,18.835
2024-10-04 10:00:00+00:00,22.3625
2024-10-04 11:00:00+00:00,29.99
2024-10-04 12:00:00+00:00,33.76
2024-10-04 13:00:00+00:00,20.34
2024-10-04 14:00:00+00:00,16.835
2024-10-04 15:00:00+00:00,17.935000000000002
2024-10-04 16:00:00+00:00,19.5075
2024-10-04 17:00:00+00:00,19.6025
2024-10-04 18:00:00+00:00,22.44
2024-10-04 19:00:00+00:00,24.2525
2024-10-04 20:00:00+00:00,26.1575
2024-10-04 21:00:00+00:00,29.409999999999997
2024-10-04 22:00:00+00:00,30.6725
2024-10-04 23:00:00+00:00,50.785
2024-10-05 00:00:00+00:00,40.3675
2024-10-05 01:00:00+00:00,28.66
2024-10-05 02:00:00+00:00,26.83
2024-10-05 03:00:00+00:00,24.1575
2024-10-05 04:00:00+00:00,22.005
2024-10-05 05:00:00+00:00,18.78
2024-10-05 06:00:00+00:00,18.7875
2024-10-05 07:00:00+00:00,19.335
2024-10-05 08:00:00+00:00,19.349999999999998
2024-10-05 09:00:00+00:00,19.0575
2024-10-05 10:00:00+00:00,21.4575
2024-10-05 11:00:00+00:00,22.8625
2024-10-05 12:00:00+00:00,22.9225
2024-10-05 13:00:00+00:00,19.615
2024-10-05 14:00:00+00:00,16.1675
2024-10-05 15:00:00+00:00,16.4
2024-10-05 16:00:00+00:00,18.5575
2024-10-05 17:00:00+00:00,23.0075
2024-10-05 18:00:00+00:00,23.64
2024-10-05 19:00:00+00:00,25.9675
2024-10-05 20:00:00+00:00,27.61
2024-10-05 21:00:00+00:00,31.8275
2024-10-05 22:00:00+00:00,41.955
2024-10-05 23:00:00+00:00,57.55
2024-10-06 00:00:00+00:00,55.027499999999996
2024-10-06 01:00:00+00:00,35.76
2024-10-06 02:00:00+00:00,28.494999999999997
2024-10-06 03:00:00+00:00,24.77
2024-10-06 04:00:00+00:00,21.2075
2024-10-06 05:00:00+00:00,19.3175
2024-10-06 06:00:00+00:00,18.2175
2024-10-06 07:00:00+00:00,16.3425
2024-10-06 08:00:00+00:00,16.64
2024-10-06 09:00:00+00:00,17.705
2024-10-06 10:00:00+00:00,19.21
2024-10-06 11:00:00+00:00,21.0
2024-10-06 12:00:00+00:00,20.997500000000002
2024-10-06 13:00:00+00:00,15.4575
2024-10-06 14:00:00+00:00,14.5825
2024-10-06 15:00:00+00:00,15.629999999999999
2024-10-06 16:00:00+00:00,18.0925
2024-10-06 17:00:00+00:00,21.8525
2024-10-06 18:00:00+00:00,22.8
2024-10-06 19:00:00+00:00,22.7075
2024-10-06 20:00:00+00:00,25.555
2024-10-06 21:00:00+00:00,28.7525
2024-10-06 22:00:00+00:00,40.7825
2024-10-06 23:00:00+00:00,107.5925
2024-10-07 00:00:00+00:00,62.76
2024-10-07 01:00:00+00:00,47.6325
2024-10-07 02:00:00+00:00,32.5625
2024-10-07 03:00:00+00:00,27.795
2024-10-07 04:00:00+00:00,25.2425
2024-10-07 05:00:00+00:00,25.0275
2024-10-07 06:00:00+00:00,22.225
2024-10-07 07:00:00+00:00,21.305
2024-10-07 08:00:00+00:00,21.12
2024-10-07 09:00:00+00:00,22.2375
2024-10-07 10:00:00+00:00,23.759999999999998
2024-10-07 11:00:00+00:00,26.509999999999998
2024-10-07 12:00:00+00:00,25.314999999999998
2024-10-07 13:00:00+00:00,19.1075
2024-10-07 14:00:00+00:00,16.095
2024-10-07 15:00:00+00:00,15.635
2024-10-07 16:00:00+00:00,16.6375
2024-10-07 17:00:00+00:00,19.47
2024-10-07 18:00:00+00:00,22.7925
2024-10-07 19:00:00+00:00,26.2775
2024-10-07 20:00:00+00:00,27.1325
2024-10-07 21:00:00+00:00,31.335
2024-10-07 22:00:00+00:00,68.485
2024-10-07 23:00:00+00:00,144.1
2024-10-08 00:00:00+00:00,81.085
2024-10-08 01:00:00+00:00,49.74250000000001
2024-10-08 02:00:00+00:00,28.817500000000003
2024-10-08 03:00:00+00:00,27.1875
2024-10-08 04:00:00+00:00,24.1625
2024-10-08 05:00:00+00:00,22.6225
2024-10-08 06:00:00+00:00,19.080000000000002
2024-10-08 07:00:00+00:00,17.5775
2024-10-08 08:00:00+00:00,17.4975
2024-10-08 09:00:00+00:00,17.5025
2024-10-08 10:00:00+00:00,19.205
2024-10-08 11:00:00+00:00,23.0475
2024-10-08 12:00:00+00:00,22.7375
2024-10-08 13:00:00+00:00,16.4625
2024-10-08 14:00:00+00:00,14.307500000000001
2024-10-08 15:00:00+00:00,12.8525
2024-10-08 16:00:00+00:00,15.1425
2024-10-08 17:00:00+00:00,18.845
2024-10-08 18:00:00+00:00,22.064999999999998
2024-10-08 19:00:00+00:00,23.9875
2024-10-08 20:00:00+00:00,26.735
2024-10-08 21:00:00+00:00,30.942500000000003
2024-10-08 22:00:00+00:00,56.25
2024-10-08 23:00:00+00:00,89.7
2024-10-09 00:00:00+00:00,45.25
2024-10-09 01:00:00+00:00,32.845
2024-10-09 02:00:00+00:00,25.76
2024-10-09 03:00:00+00:00,24.677500000000002
2024-10-09 04:00:00+00:00,21.1375
2024-10-09 05:00:00+00:00,17.3375
2024-10-09 06:00:00+00:00,14.765
2024-10-09 07:00:00+00:00,13.2525
2024-10-09 08:00:00+00:00,13.9725
2024-10-09 09:00:00+00:00,14.3875
2024-10-09 10:00:00+00:00,16.9525
2024-10-09 11:00:00+00:00,20.455
2024-10-09 12:00:00+00:00,21.945
2024-10-09 13:00:00+00:00,11.725000000000001
2024-10-09 14:00:00+00:00,11.594999999999999
2024-10-09 15:00:00+00:00,12.945
2024-10-09 16:00:00+00:00,14.23
2024-10-09 17:00:00+00:00,13.395
2024-10-09 18:00:00+00:00,20.96
2024-10-09 19:00:00+00:00,22.03
2024-10-09 20:00:00+00:00,23.855
2024-10-09 21:00:00+00:00,24.03
2024-10-09 22:00:00+00:00,54.182500000000005
2024-10-09 23:00:00+00:00,101.32249999999999
2024-10-10 00:00:00+00:00,43.5675
2024-10-10 01:00:00+00:00,25.252499999999998
2024-10-10 02:00:00+00:00,22.192500000000003
2024-10-10 03:00:00+00:00,23.6675
2024-10-10 04:00:00+00:00,19.9575
2024-10-10 05:00:00+00:00,18.1875
2024-10-10 06:00:00+00:00,15.5625
2024-10-10 07:00:00+00:00,13.8675
2024-10-10 08:00:00+00:00,14.1675
2024-10-10 09:00:00+00:00,14.29
2024-10-10 10:00:00+00:00,16.905
2024-10-10 11:00:00+00:00,20.2875
2024-10-10 12:00:00+00:00,20.427500000000002
2024-10-10 13:00:00+00:00,14.5625
2024-10-10 14:00:00+00:00,13.295
2024-10-10 15:00:00+00:00,15.2075
2024-10-10 16:00:00+00:00,16.0175
2024-10-10 17:00:00+00:00,17.795
2024-10-10 18:00:00+00:00,20.1625
2024-10-10 19:00:00+00:00,23.19
2024-10-10 20:00:00+00:00,23.9125
2024-10-10 21:00:00+00:00,25.78
2024-10-10 22:00:00+00:00,36.03
2024-10-10 23:00:00+00:00,86.0575
2024-10-11 00:00:00+00:00,32.4625
2024-10-11 01:00:00+00:00,25.0625
2024-10-11 02:00:00+00:00,20.845
2024-10-11 03:00:00+00:00,21.0275
2024-10-11 04:00:00+00:00,16.95
2024-10-11 05:00:00+00:00,14.649999999999999
2024-10-11 06:00:00+00:00,13.875
2024-10-11 07:00:00+00:00,11.254999999999999
2024-10-11 08:00:00+00:00,8.45
2024-10-11 09:00:00+00:00,11.8025
2024-10-11 10:00:00+00:00,14.715
2024-10-11 11:00:00+00:00,18.8
2024-10-11 12:00:00+00:00,20.665
2024-10-11 13:00:00+00:00,14.5725
2024-10-11 14:00:00+00:00,10.7025
2024-10-11 15:00:00+00:00,11.747499999999999
2024-10-11 16:00:00+00:00,11.6725
2024-10-11 17:00:00+00:00,13.587499999999999
2024-10-11 18:00:00+00:00,14.36
2024-10-11 19:00:00+00:00,16.5425
2024-10-11 20:00:00+00:00,20.96
2024-10-11 21:00:00+00:00,22.4125
2024-10-11 22:00:00+00:00,32.2975
2024-10-11 23:00:00+00:00,49.9225
2024-10-12 00:00:00+00:00,25.63
2024-10-12 01:00:00+00:00,20.0125
2024-10-12 02:00:00+00:00,16.1425
2024-10-12 03:00:00+00:00,15.684999999999999
2024-10-12 04:00:00+00:00,12.91
2024-10-12 05:00:00+00:00,10.9225
2024-10-12 06:00:00+00:00,8.6875
2024-10-12 07:00:00+00:00,7.8475
2024-10-12 08:00:00+00:00,7.5925
2024-10-12 09:00:00+00:00,8.2975
2024-10-12 10:00:00+00:00,10.2775
2024-10-12 11:00:00+00:00,14.1925
2024-10-12 12:00:00+00:00,17.765
2024-10-12 13:00:00+00:00,10.055
2024-10-12 14:00:00+00:00,5.8375
2024-10-12 15:00:00+00:00,10.995000000000001
2024-10-12 16:00:00+00:00,15.317499999999999
2024-10-12 17:00:00+00:00,16.447499999999998
2024-10-12 18:00:00+00:00,17.04
2024-10-12 19:00:00+00:00,18.5075
2024-10-12 20:00:00+00:00,21.5675
2024-10-12 21:00:00+00:00,22.23
2024-10-12 22:00:00+00:00,35.43
2024-10-12 23:00:00+00:00,42.1175
2024-10-13 00:00:00+00:00,27.465
2024-10-13 01:00:00+00:00,18.134999999999998
2024-10-13 02:00:00+00:00,13.02
2024-10-13 03:00:00+00:00,14.6025
2024-10-13 04:00:00+00:00,12.75
2024-10-13 05:00:00+00:00,10.684999999999999
2024-10-13 06:00:00+00:00,8.67
2024-10-13 07:00:00+00:00,6.8925
2024-10-13 08:00:00+00:00,6.0875
2024-10-13 09:00:00+00:00,6.0649999999999995
2024-10-13 10:00:00+00:00,7.3775
2024-10-13 11:00:00+00:00,11.3575
2024-10-13 12:00:00+00:00,14.0625
2024-10-13 13:00:00+00:00,4.535
2024-10-13 14:00:00+00:00,0.0075
2024-10-13 15:00:00+00:00,8.01
2024-10-13 16:00:00+00:00,16.447499999999998
2024-10-13 17:00:00+00:00,15.98
2024-10-13 18:00:00+00:00,20.06
2024-10-13 19:00:00+00:00,25.5
2024-10-13 20:00:00+00:00,26.325000000000003
2024-10-13 21:00:00+00:00,31.612499999999997
2024-10-13 22:00:00+00:00,58.852500000000006
2024-10-13 23:00:00+00:00,98.7175
2024-10-14 00:00:00+00:00,59.41
2024-10-14 01:00:00+00:00,26.68
2024-10-14 02:00:00+00:00,22.07
2024-10-14 03:00:00+00:00,22.18
2024-10-14 04:00:00+00:00,20.2875
2024-10-14 05:00:00+00:00,20.4875
2024-10-14 06:00:00+00:00,20.045
2024-10-14 07:00:00+00:00,19.4925
2024-10-14 08:00:00+00:00,18.395
2024-10-14 09:00:00+00:00,18.1125
2024-10-14 10:00:00+00:00,18.315
2024-10-14 11:00:00+00:00,18.9975
2024-10-14 12:00:00+00:00,19.955
2024-10-14 13:00:00+00:00,15.9025
2024-10-14 14:00:00+00:00,12.8225
2024-10-14 15:00:00+00:00,15.16
2024-10-14 16:00:00+00:00,19.2325
2024-10-14 17:00:00+00:00,23.092499999999998
2024-10-14 18:00:00+00:00,24.490000000000002
2024-10-14 19:00:00+00:00,27.725
2024-10-14 20:00:00+00:00,25.105
2024-10-14 21:00:00+00:00,29.4
2024-10-14 22:00:00+00:00,65.1575
2024-10-14 23:00:00+00:00,117.0675
2024-10-15 00:00:00+00:00,72.55499999999999
2024-10-15 01:00:00+00:00,46.2525
2024-10-15 02:00:00+00:00,28.28
2024-10-15 03:00:00+00:00,25.2075
2024-10-15 04:00:00+00:00,22.345
2024-10-15 05:00:00+00:00,18.43
2024-10-15 06:00:00+00:00,14.6375
2024-10-15 07:00:00+00:00,10.875
2024-10-15 08:00:00+00:00,11.605
2024-10-15 09:00:00+00:00,11.8825
2024-10-15 10:00:00+00:00,15.275
2024-10-15 11:00:00+00:00,19.0575
2024-10-15 12:00:00+00:00,21.3825
2024-10-15 13:00:00+00:00,15.625
2024-10-15 14:00:00+00:00,10.23
2024-10-15 15:00:00+00:00,14.502500000000001
2024-10-15 16:00:00+00:00,14.502500000000001
2024-10-15 17:00:00+00:00,17.2575
2024-10-15 18:00:00+00:00,26.122500000000002
2024-10-15 19:00:00+00:00,31.540000000000003
2024-10-15 20:00:00+00:00,37.485
2024-10-15 21:00:00+00:00,46.3225
2024-10-15 22:00:00+00:00,161.6225
2024-10-15 23:00:00+00:00,103.195
2024-10-16 00:00:00+00:00,81.21000000000001
2024-10-16 01:00:00+00:00,36.315
2024-10-16 02:00:00+00:00,22.595
2024-10-16 03:00:00+00:00,25.3675
2024-10-16 04:00:00+00:00,15.94
2024-10-16 05:00:00+00:00,13.879999999999999
2024-10-16 06:00:00+00:00,12.0875
2024-10-16 07:00:00+00:00,11.690000000000001
2024-10-16 08:00:00+00:00,11.4075
2024-10-16 09:00:00+00:00,12.585
2024-10-16 10:00:00+00:00,14.15
2024-10-16 11:00:00+00:00,18.1275
2024-10-16 12:00:00+00:00,26.759999999999998
2024-10-16 13:00:00+00:00,19.1125
2024-10-16 14:00:00+00:00,10.342500000000001
2024-10-16 15:00:00+00:00,10.5625
2024-10-16 16:00:00+00:00,14.0875
2024-10-16 17:00:00+00:00,17.43
2024-10-16 18:00:00+00:00,17.23
2024-10-16 19:00:00+00:00,16.7575
2024-10-16 20:00:00+00:00,13.155000000000001
2024-10-16 21:00:00+00:00,13.4275
2024-10-16 22:00:00+00:00,25.4525
2024-10-16 23:00:00+00:00,93.055
2024-10-17 00:00:00+00:00,55.0475
2024-10-17 01:00:00+00:00,24.302500000000002
2024-10-17 02:00:00+00:00,18.5775
2024-10-17 03:00:00+00:00,16.5725
2024-10-17 04:00:00+00:00,16.035
2024-10-17 05:00:00+00:00,11.5675
2024-10-17 06:00:00+00:00,8.5875
2024-10-17 07:00:00+00:00,6.01
2024-10-17 08:00:00+00:00,4.9825
2024-10-17 09:00:00+00:00,6.6875
2024-10-17 10:00:00+00:00,10.215
2024-10-17 11:00:00+00:00,15.684999999999999
2024-10-17 12:00:00+00:00,18.517500000000002
2024-10-17 13:00:00+00:00,12.6
2024-10-17 14:00:00+00:00,2.79
2024-10-17 15:00:00+00:00,-0.02
2024-10-17 16:00:00+00:00,-0.1075
2024-10-17 17:00:00+00:00,-0.08
2024-10-17 18:00:00+00:00,-0.20750000000000002
2024-10-17 19:00:00+00:00,-0.255
2024-10-17 20:00:00+00:00,-0.105
2024-10-17 21:00:00+00:00,2.355
2024-10-17 22:00:00+00:00,7.9
2024-10-17 23:00:00+00:00,22.8
2024-10-18 00:00:00+00:00,19.0775
2024-10-18 01:00:00+00:00,14.100000000000001
2024-10-18 02:00:00+00:00,9.81
2024-10-18 03:00:00+00:00,7.4025
2024-10-18 04:00:00+00:00,4.8575
2024-10-18 05:00:00+00:00,4.78
2024-10-18 06:00:00+00:00,1.815
2024-10-18 07:00:00+00:00,0.0875
2024-10-18 08:00:00+00:00,2.3049999999999997
2024-10-18 09:00:00+00:00,4.955
2024-10-18 10:00:00+00:00,9.4375
2024-10-18 11:00:00+00:00,12.675
2024-10-18 12:00:00+00:00,17.8625
2024-10-18 13:00:00+00:00,11.125
2024-10-18 14:00:00+00:00,4.297499999999999
2024-10-18 15:00:00+00:00,1.2725
2024-10-18 16:00:00+00:00,-0.185
2024-10-18 17:00:00+00:00,1.0825
2024-10-18 18:00:00+00:00,2.6875
2024-10-18 19:00:00+00:00,3.475
2024-10-18 20:00:00+00:00,4.5725
2024-10-18 21:00:00+00:00,3.9825
2024-10-18 22:00:00+00:00,9.8
2024-10-18 23:00:00+00:00,12.372499999999999
2024-10-19 00:00:00+00:00,13.5725
2024-10-19 01:00:00+00:00,14.635000000000002
2024-10-19 02:00:00+00:00,12.525
2024-10-19 03:00:00+00:00,15.95
2024-10-19 04:00:00+00:00,13.5
2024-10-19 05:00:00+00:00,12.33
2024-10-19 06:00:00+00:00,8.275
2024-10-19 07:00:00+00:00,5.915
2024-10-19 08:00:00+00:00,6.2725
2024-10-19 09:00:00+00:00,7.92
2024-10-19 10:00:00+00:00,11.035
2024-10-19 11:00:00+00:00,14.7025
2024-10-19 12:00:00+00:00,20.439999999999998
2024-10-19 13:00:00+00:00,12.755
2024-10-19 14:00:00+00:00,6.7375
2024-10-19 15:00:00+00:00,2.665
2024-10-19 16:00:00+00:00,2.06
2024-10-19 17:00:00+00:00,5.935
2024-10-19 18:00:00+00:00,8.555
2024-10-19 19:00:00+00:00,9.9025
2024-10-19 20:00:00+00:00,10.8175
2024-10-19 21:00:00+00:00,10.425
2024-10-19 22:00:00+00:00,22.115000000000002
2024-10-19 23:00:00+00:00,28.6675
2024-10-20 00:00:00+00:00,27.455
2024-10-20 01:00:00+00:00,16.9175
2024-10-20 02:00:00+00:00,13.067499999999999
2024-10-20 03:00:00+00:00,13.225
2024-10-20 04:00:00+00:00,17.2125
2024-10-20 05:00:00+00:00,12.215
2024-10-20 06:00:00+00:00,10.522499999999999
2024-10-20 07:00:00+00:00,9.515
2024-10-20 08:00:00+00:00,10.3625
2024-10-20 09:00:00+00:00,14.5675
2024-10-20 10:00:00+00:00,15.0175
2024-10-20 11:00:00+00:00,19.245
2024-10-20 12:00:00+00:00,21.59
2024-10-20 13:00:00+00:00,14.665
2024-10-20 14:00:00+00:00,11.004999999999999
2024-10-20 15:00:00+00:00,8.3825
2024-10-20 16:00:00+00:00,4.9225
2024-10-20 17:00:00+00:00,6.945
2024-10-20 18:00:00+00:00,10.4675
2024-10-20 19:00:00+00:00,12.12
2024-10-20 20:00:00+00:00,9.897499999999999
2024-10-20 21:00:00+00:00,10.3625
2024-10-20 22:00:00+00:00,33.97
2024-10-20 23:00:00+00:00,59.540000000000006
2024-10-21 00:00:00+00:00,97.97999999999999
2024-10-21 01:00:00+00:00,19.8725
2024-10-21 02:00:00+00:00,15.63
2024-10-21 03:00:00+00:00,11.8225
2024-10-21 04:00:00+00:00,11.5425
2024-10-21 05:00:00+00:00,7.430000000000001
2024-10-21 06:00:00+00:00,6.1525
2024-10-21 07:00:00+00:00,5.85
2024-10-21 08:00:00+00:00,7.165
2024-10-21 09:00:00+00:00,10.0075
2024-10-21 10:00:00+00:00,10.86
2024-10-21 11:00:00+00:00,13.4275
2024-10-21 12:00:00+00:00,14.8675
2024-10-21 13:00:00+00:00,9.0725
2024-10-21 14:00:00+00:00,5.4325
2024-10-21 15:00:00+00:00,5.6049999999999995
2024-10-21 16:00:00+00:00,6.9425
2024-10-21 17:00:00+00:00,10.06
2024-10-21 18:00:00+00:00,11.1325
2024-10-21 19:00:00+00:00,11.9275
2024-10-21 20:00:00+00:00,10.9575
2024-10-21 21:00:00+00:00,10.315000000000001
2024-10-21 22:00:00+00:00,20.137500000000003
2024-10-21 23:00:00+00:00,23.425
2024-10-22 00:00:00+00:00,22.6475
2024-10-22 01:00:00+00:00,15.992500000000001
2024-10-22 02:00:00+00:00,11.907499999999999
2024-10-22 03:00:00+00:00,9.4275
2024-10-22 04:00:00+00:00,10.07
2024-10-22 05:00:00+00:00,12.5325
2024-10-22 06:00:00+00:00,13.0825
2024-10-22 07:00:00+00:00,11.4025
2024-10-22 08:00:00+00:00,13.9
2024-10-22 09:00:00+00:00,17.68
2024-10-22 10:00:00+00:00,21.875
2024-10-22 11:00:00+00:00,23.3775
2024-10-22 12:00:00+00:00,24.9525
2024-10-22 13:00:00+00:00,19.44
2024-10-22 14:00:00+00:00,13.9275
2024-10-22 15:00:00+00:00,13.8025
2024-10-22 16:00:00+00:00,16.985
2024-10-22 17:00:00+00:00,23.755
2024-10-22 18:00:00+00:00,30.4
2024-10-22 19:00:00+00:00,25.747500000000002
2024-10-22 20:00:00+00:00,31.4475
2024-10-22 21:00:00+00:00,46.5275
2024-10-22 22:00:00+00:00,82.2625
2024-10-22 23:00:00+00:00,239.985
2024-10-23 00:00:00+00:00,74.8125
2024-10-23 01:00:00+00:00,33.3525
2024-10-23 02:00:00+00:00,22.12
2024-10-23 03:00:00+00:00,19.78
2024-10-23 04:00:00+00:00,17.7525
2024-10-23 05:00:00+00:00,15.75
2024-10-23 06:00:00+00:00,14.725000000000001
2024-10-23 07:00:00+00:00,13.605
2024-10-23 08:00:00+00:00,13.38
2024-10-23 09:00:00+00:00,14.075
2024-10-23 10:00:00+00:00,17.2025
2024-10-23 11:00:00+00:00,23.0875
2024-10-23 12:00:00+00:00,22.942500000000003
2024-10-23 13:00:00+00:00,17.48
2024-10-23 14:00:00+00:00,13.86
2024-10-23 15:00:00+00:00,14.3775
2024-10-23 16:00:00+00:00,19.035
2024-10-23 17:00:00+00:00,26.2875
2024-10-23 18:00:00+00:00,31.0075
2024-10-23 19:00:00+00:00,29.57
2024-10-23 20:00:00+00:00,50.47
2024-10-23 21:00:00+00:00,49.485
2024-10-23 22:00:00+00:00,150.015
2024-10-23 23:00:00+00:00,231.825
2024-10-24 00:00:00+00:00,64.08
2024-10-24 01:00:00+00:00,24.490000000000002
2024-10-24 02:00:00+00:00,18.1125
2024-10-24 03:00:00+00:00,17.0375
2024-10-24 04:00:00+00:00,16.11
2024-10-24 05:00:00+00:00,19.015
2024-10-24 06:00:00+00:00,16.525
2024-10-24 07:00:00+00:00,15.045
2024-10-24 08:00:00+00:00,15.084999999999999
2024-10-24 09:00:00+00:00,16.012500000000003
2024-10-24 10:00:00+00:00,16.6675
2024-10-24 11:00:00+00:00,22.5825
2024-10-24 12:00:00+00:00,23.0475
2024-10-24 13:00:00+00:00,16.9475
2024-10-24 14:00:00+00:00,11.4125
2024-10-24 15:00:00+00:00,11.555
2024-10-24 16:00:00+00:00,15.375
2024-10-24 17:00:00+00:00,17.19
2024-10-24 18:00:00+00:00,20.855
2024-10-24 19:00:00+00:00,27.955
2024-10-24 20:00:00+00:00,21.59
2024-10-24 21:00:00+00:00,17.765
2024-10-24 22:00:00+00:00,30.1575
2024-10-24 23:00:00+00:00,40.575
2024-10-25 00:00:00+00:00,25.0775
2024-10-25 01:00:00+00:00,19.46
2024-10-25 02:00:00+00:00,16.3375
2024-10-25 03:00:00+00:00,16.04
2024-10-25 04:00:00+00:00,12.4525
2024-10-25 05:00:00+00:00,9.525
2024-10-25 06:00:00+00:00,7.3375
2024-10-25 07:00:00+00:00,6.995
2024-10-25 08:00:00+00:00,9.82
2024-10-25 09:00:00+00:00,14.7675
2024-10-25 10:00:00+00:00,19.605
2024-10-25 11:00:00+00:00,22.705
2024-10-25 12:00:00+00:00,26.0225
2024-10-25 13:00:00+00:00,19.45
2024-10-25 14:00:00+00:00,13.4375
2024-10-25 15:00:00+00:00,13.2025
2024-10-25 16:00:00+00:00,14.735
2024-10-25 17:00:00+00:00,19.375
2024-10-25 18:00:00+00:00,35.6275
2024-10-25 19:00:00+00:00,23.745
2024-10-25 20:00:00+00:00,28.5275
2024-10-25 21:00:00+00:00,31.740000000000002
2024-10-25 22:00:00+00:00,68.1125
2024-10-25 23:00:00+00:00,211.54999999999998
2024-10-26 00:00:00+00:00,68.1125
2024-10-26 01:00:00+00:00,41.245000000000005
2024-10-26 02:00:00+00:00,33.975
2024-10-26 03:00:00+00:00,32.1325
2024-10-26 04:00:00+00:00,32.4525
2024-10-26 05:00:00+00:00,25.69
2024-10-26 06:00:00+00:00,24.5475
2024-10-26 07:00:00+00:00,22.2325
2024-10-26 08:00:00+00:00,21.11
2024-10-26 09:00:00+00:00,20.605
2024-10-26 10:00:00+00:00,20.295
2024-10-26 11:00:00+00:00,20.715
2024-10-26 12:00:00+00:00,22.2125
2024-10-26 13:00:00+00:00,19.802500000000002
2024-10-26 14:00:00+00:00,17.015
2024-10-26 15:00:00+00:00,18.8325
2024-10-26 16:00:00+00:00,22.0975
2024-10-26 17:00:00+00:00,23.365000000000002
2024-10-26 18:00:00+00:00,27.73
2024-10-26 19:00:00+00:00,35.6575
2024-10-26 20:00:00+00:00,37.292500000000004
2024-10-26 21:00:00+00:00,34.197500000000005
2024-10-26 22:00:00+00:00,66.78
2024-10-26 23:00:00+00:00,220.945
2024-10-27 00:00:00+00:00,110.02250000000001
2024-10-27 01:00:00+00:00,101.5575
2024-10-27 02:00:00+00:00,41.9825
2024-10-27 03:00:00+00:00,36.1225
2024-10-27 04:00:00+00:00,28.345
2024-10-27 05:00:00+00:00,29.53
2024-10-27 06:00:00+00:00,26.77
2024-10-27 07:00:00+00:00,22.2175
2024-10-27 08:00:00+00:00,21.67
2024-10-27 09:00:00+00:00,20.9175
2024-10-27 10:00:00+00:00,20.012500000000003
2024-10-27 11:00:00+00:00,20.2725
2024-10-27 12:00:00+00:00,20.5475
2024-10-27 13:00:00+00:00,19.115000000000002
2024-10-27 14:00:00+00:00,14.1025
2024-10-27 15:00:00+00:00,16.1325
2024-10-27 16:00:00+00:00,16.3925
2024-10-27 17:00:00+00:00,17.927500000000002
2024-10-27 18:00:00+00:00,20.2575
2024-10-27 19:00:00+00:00,23.9375
2024-10-27 20:00:00+00:00,22.02
2024-10-27 21:00:00+00:00,20.535
2024-10-27 22:00:00+00:00,39.2775
2024-10-27 23:00:00+00:00,74.275
2024-10-28 00:00:00+00:00,42.1
2024-10-28 01:00:00+00:00,17.6125
2024-10-28 02:00:00+00:00,13.6325
2024-10-28 03:00:00+00:00,13.0225
2024-10-28 04:00:00+00:00,14.9575
2024-10-28 05:00:00+00:00,13.1
2024-10-28 06:00:00+00:00,11.615
2024-10-28 07:00:00+00:00,10.025
2024-10-28 08:00:00+00:00,9.1175
2024-10-28 09:00:00+00:00,9.645
2024-10-28 10:00:00+00:00,13.14
2024-10-28 11:00:00+00:00,19.2
2024-10-28 12:00:00+00:00,19.285
2024-10-28 13:00:00+00:00,14.795
2024-10-28 14:00:00+00:00,11.602500000000001
2024-10-28 15:00:00+00:00,12.625
2024-10-28 16:00:00+00:00,13.1775
2024-10-28 17:00:00+00:00,16.395
2024-10-28 18:00:00+00:00,14.015
2024-10-28 19:00:00+00:00,13.43
2024-10-28 20:00:00+00:00,14.247499999999999
2024-10-28 21:00:00+00:00,19.46
2024-10-28 22:00:00+00:00,33.239999999999995
2024-10-28 23:00:00+00:00,36.2
2024-10-29 00:00:00+00:00,22.4625
2024-10-29 01:00:00+00:00,18.6675
2024-10-29 02:00:00+00:00,17.39
2024-10-29 03:00:00+00:00,13.2
2024-10-29 04:00:00+00:00,12.075
2024-10-29 05:00:00+00:00,11.535
2024-10-29 06:00:00+00:00,14.09
2024-10-29 07:00:00+00:00,11.425
2024-10-29 08:00:00+00:00,10.785
2024-10-29 09:00:00+00:00,11.8275
2024-10-29 10:00:00+00:00,14.4975
2024-10-29 11:00:00+00:00,21.9025
2024-10-29 12:00:00+00:00,24.892500000000002
2024-10-29 13:00:00+00:00,16.6225
2024-10-29 14:00:00+00:00,21.8275
2024-10-29 15:00:00+00:00,28.615000000000002
2024-10-29 16:00:00+00:00,26.2125
2024-10-29 17:00:00+00:00,16.335
2024-10-29 18:00:00+00:00,16.25
2024-10-29 19:00:00+00:00,17.7
2024-10-29 20:00:00+00:00,19.4875
2024-10-29 21:00:00+00:00,20.14
2024-10-29 22:00:00+00:00,33.379999999999995
2024-10-29 23:00:00+00:00,29.61
2024-10-30 00:00:00+00:00,29.23
2024-10-30 01:00:00+00:00,20.645
2024-10-30 02:00:00+00:00,18.6275
2024-10-30 03:00:00+00:00,17.4025
2024-10-30 04:00:00+00:00,13.945
2024-10-30 05:00:00+00:00,11.7375
2024-10-30 06:00:00+00:00,9.35
2024-10-30 07:00:00+00:00,7.92
2024-10-30 08:00:00+00:00,8.13
2024-10-30 09:00:00+00:00,9.67
2024-10-30 10:00:00+00:00,12.65
2024-10-30 11:00:00+00:00,15.0275
2024-10-30 12:00:00+00:00,17.185000000000002
2024-10-30 13:00:00+00:00,18.09
2024-10-30 14:00:00+00:00,14.9825
2024-10-30 15:00:00+00:00,13.5875
2024-10-30 16:00:00+00:00,13.6625
2024-10-30 17:00:00+00:00,13.135
2024-10-30 18:00:00+00:00,12.9125
2024-10-30 19:00:00+00:00,16.5125
2024-10-30 20:00:00+00:00,17.747500000000002
2024-10-30 21:00:00+00:00,21.5875
2024-10-30 22:00:00+00:00,37.875
2024-10-30 23:00:00+00:00,129.325
2024-10-31 00:00:00+00:00,78.245
2024-10-31 01:00:00+00:00,50.07
2024-10-31 02:00:00+00:00,43.06
2024-10-31 03:00:00+00:00,30.3025
2024-10-31 04:00:00+00:00,23.1
2024-10-31 05:00:00+00:00,23.115
2024-10-31 06:00:00+00:00,19.895
2024-10-31 07:00:00+00:00,24.6275
2024-10-31 08:00:00+00:00,23.0075
2024-10-31 09:00:00+00:00,20.4675
2024-10-31 10:00:00+00:00,21.5825
2024-10-31 11:00:00+00:00,25.575
2024-10-31 12:00:00+00:00,29.33
2024-10-31 13:00:00+00:00,27.362499999999997
2024-10-31 14:00:00+00:00,23.2875
2024-10-31 15:00:00+00:00,20.6175
2024-10-31 16:00:00+00:00,21.4775
2024-10-31 17:00:00+00:00,23.1625
2024-10-31 18:00:00+00:00,19.055
2024-10-31 19:00:00+00:00,18.91
2024-10-31 20:00:00+00:00,18.3675
2024-10-31 21:00:00+00:00,22.2825
2024-10-31 22:00:00+00:00,52.2675
2024-10-31 23:00:00+00:00,71.5825
2024-11-01 00:00:00+00:00,33.0475
2024-11-01 01:00:00+00:00,29.21
2024-11-01 02:00:00+00:00,24.115
2024-11-01 03:00:00+00:00,21.5275
2024-11-01 04:00:00+00:00,19.189999999999998
2024-11-01 05:00:00+00:00,20.27
2024-11-01 06:00:00+00:00,19.8275
2024-11-01 07:00:00+00:00,19.6675
2024-11-01 08:00:00+00:00,19.465
2024-11-01 09:00:00+00:00,20.6675
2024-11-01 10:00:00+00:00,23.435000000000002
2024-11-01 11:00:00+00:00,26.04
2024-11-01 12:00:00+00:00,26.8875
2024-11-01 13:00:00+00:00,27.43
2024-11-01 14:00:00+00:00,31.82
2024-11-01 15:00:00+00:00,30.372500000000002
2024-11-01 16:00:00+00:00,25.395
2024-11-01 17:00:00+00:00,22.2025
2024-11-01 18:00:00+00:00,21.0875
2024-11-01 19:00:00+00:00,21.3875
2024-11-01 20:00:00+00:00,21.675
2024-11-01 21:00:00+00:00,20.6825
2024-11-01 22:00:00+00:00,22.862499999999997
2024-11-01 23:00:00+00:00,23.3925
2024-11-02 00:00:00+00:00,22.06
2024-11-02 01:00:00+00:00,20.77
2024-11-02 02:00:00+00:00,19.137500000000003
2024-11-02 03:00:00+00:00,20.07
2024-11-02 04:00:00+00:00,18.415
2024-11-02 05:00:00+00:00,20.884999999999998
2024-11-02 06:00:00+00:00,19.71
2024-11-02 07:00:00+00:00,15.015
2024-11-02 08:00:00+00:00,14.25
2024-11-02 09:00:00+00:00,15.780000000000001
2024-11-02 10:00:00+00:00,19.2025
2024-11-02 11:00:00+00:00,20.78
2024-11-02 12:00:00+00:00,22.555
2024-11-02 13:00:00+00:00,28.0375
2024-11-02 14:00:00+00:00,22.9525
2024-11-02 15:00:00+00:00,19.1075
2024-11-02 16:00:00+00:00,17.5025
2024-11-02 17:00:00+00:00,19.505
2024-11-02 18:00:00+00:00,19.377499999999998
2024-11-02 19:00:00+00:00,15.24
2024-11-02 20:00:00+00:00,11.6175
2024-11-02 21:00:00+00:00,13.8375
2024-11-02 22:00:00+00:00,20.9525
2024-11-02 23:00:00+00:00,24.23
2024-11-03 00:00:00+00:00,25.675
2024-11-03 01:00:00+00:00,23.2775
2024-11-03 02:00:00+00:00,20.82
2024-11-03 03:00:00+00:00,21.245
2024-11-03 04:00:00+00:00,19.9825
2024-11-03 05:00:00+00:00,20.2375
2024-11-03 06:00:00+00:00,20.557499999999997
2024-11-03 07:00:00+00:00,21.5325
2024-11-03 08:00:00+00:00,18.0275
2024-11-03 09:00:00+00:00,19.84
2024-11-03 10:00:00+00:00,22.627499999999998
2024-11-03 11:00:00+00:00,21.2575
2024-11-03 12:00:00+00:00,20.745
2024-11-03 13:00:00+00:00,20.557499999999997
2024-11-03 14:00:00+00:00,15.6625
2024-11-03 15:00:00+00:00,14.745000000000001
2024-11-03 16:00:00+00:00,14.940000000000001
2024-11-03 17:00:00+00:00,13.555
2024-11-03 18:00:00+00:00,14.345
2024-11-03 19:00:00+00:00,16.6575
2024-11-03 20:00:00+00:00,19.427500000000002
2024-11-03 21:00:00+00:00,21.0625
2024-11-03 22:00:00+00:00,35.8375
2024-11-03 23:00:00+00:00,68.1525
2024-11-04 00:00:00+00:00,93.0075
2024-11-04 01:00:00+00:00,68.2925
2024-11-04 02:00:00+00:00,27.11
2024-11-04 03:00:00+00:00,22.9275
2024-11-04 04:00:00+00:00,28.7925
2024-11-04 05:00:00+00:00,23.79
2024-11-04 06:00:00+00:00,19.48
2024-11-04 07:00:00+00:00,17.8625
2024-11-04 08:00:00+00:00,13.5275
2024-11-04 09:00:00+00:00,11.62
2024-11-04 10:00:00+00:00,15.5825
2024-11-04 11:00:00+00:00,22.4
2024-11-04 12:00:00+00:00,27.005
2024-11-04 13:00:00+00:00,26.4375
2024-11-04 14:00:00+00:00,24.1025
2024-11-04 15:00:00+00:00,24.9
2024-11-04 16:00:00+00:00,32.09
2024-11-04 17:00:00+00:00,21.9525
2024-11-04 18:00:00+00:00,28.5075
2024-11-04 19:00:00+00:00,49.515
2024-11-04 20:00:00+00:00,36.989999999999995
2024-11-04 21:00:00+00:00,30.7475
2024-11-04 22:00:00+00:00,48.845
2024-11-04 23:00:00+00:00,57.51
2024-11-05 00:00:00+00:00,107.85749999999999
2024-11-05 01:00:00+00:00,100.3575
2024-11-05 02:00:00+00:00,45.3475
2024-11-05 03:00:00+00:00,25.619999999999997
2024-11-05 04:00:00+00:00,20.3325
2024-11-05 05:00:00+00:00,20.3925
2024-11-05 06:00:00+00:00,19.2375
2024-11-05 07:00:00+00:00,19.962500000000002
2024-11-05 08:00:00+00:00,19.685
2024-11-05 09:00:00+00:00,22.05
2024-11-05 10:00:00+00:00,21.2675
2024-11-05 11:00:00+00:00,21.4125
2024-11-05 12:00:00+00:00,20.502499999999998
2024-11-05 13:00:00+00:00,16.9525
2024-11-05 14:00:00+00:00,13.225
2024-11-05 15:00:00+00:00,11.295
2024-11-05 16:00:00+00:00,10.7875
2024-11-05 17:00:00+00:00,10.3325
2024-11-05 18:00:00+00:00,9.285
2024-11-05 19:00:00+00:00,9.355
2024-11-05 20:00:00+00:00,11.6775
2024-11-05 21:00:00+00:00,11.9675
2024-11-05 22:00:00+00:00,37.0875
2024-11-05 23:00:00+00:00,149.4525
2024-11-06 00:00:00+00:00,58.2675
2024-11-06 01:00:00+00:00,33.6925
2024-11-06 02:00:00+00:00,21.0575
2024-11-06 03:00:00+00:00,15.9125
2024-11-06 04:00:00+00:00,14.4125
2024-11-06 05:00:00+00:00,9.08
2024-11-06 06:00:00+00:00,8.1275
2024-11-06 07:00:00+00:00,6.1825
2024-11-06 08:00:00+00:00,4.375
2024-11-06 09:00:00+00:00,4.495
2024-11-06 10:00:00+00:00,5.390000000000001
2024-11-06 11:00:00+00:00,7.7675
2024-11-06 12:00:00+00:00,10.8925
2024-11-06 13:00:00+00:00,6.1425
2024-11-06 14:00:00+00:00,-0.005
2024-11-06 15:00:00+00:00,0.04
2024-11-06 16:00:00+00:00,2.005
2024-11-06 17:00:00+00:00,7.4925
2024-11-06 18:00:00+00:00,11.067499999999999
2024-11-06 19:00:00+00:00,16.0
2024-11-06 20:00:00+00:00,15.2775
2024-11-06 21:00:00+00:00,11.967500000000001
2024-11-06 22:00:00+00:00,30.225
2024-11-06 23:00:00+00:00,33.199999999999996
2024-11-07 00:00:00+00:00,21.3625
2024-11-07 01:00:00+00:00,17.1825
2024-11-07 02:00:00+00:00,16.595
2024-11-07 03:00:00+00:00,14.3475
2024-11-07 04:00:00+00:00,14.1725
2024-11-07 05:00:00+00:00,12.8875
2024-11-07 06:00:00+00:00,15.31
2024-11-07 07:00:00+00:00,15.6975
2024-11-07 08:00:00+00:00,16.1075
2024-11-07 09:00:00+00:00,15.9425
2024-11-07 10:00:00+00:00,18.265
2024-11-07 11:00:00+00:00,24.2775
2024-11-07 12:00:00+00:00,41.075
2024-11-07 13:00:00+00:00,42.025
2024-11-07 14:00:00+00:00,38.0925
2024-11-07 15:00:00+00:00,40.735
2024-11-07 16:00:00+00:00,39.26
2024-11-07 17:00:00+00:00,36.6425
2024-11-07 18:00:00+00:00,28.77
2024-11-07 19:00:00+00:00,31.2225
2024-11-07 20:00:00+00:00,30.7475
2024-11-07 21:00:00+00:00,50.25
2024-11-07 22:00:00+00:00,107.2225
2024-11-07 23:00:00+00:00,243.07500000000002
2024-11-08 00:00:00+00:00,95.35249999999999
2024-11-08 01:00:00+00:00,60.714999999999996
2024-11-08 02:00:00+00:00,45.0525
2024-11-08 03:00:00+00:00,46.49
2024-11-08 04:00:00+00:00,46.905
2024-11-08 05:00:00+00:00,33.5775
2024-11-08 06:00:00+00:00,28.76
2024-11-08 07:00:00+00:00,24.5475
2024-11-08 08:00:00+00:00,21.3825
2024-11-08 09:00:00+00:00,19.427500000000002
2024-11-08 10:00:00+00:00,19.825
2024-11-08 11:00:00+00:00,20.064999999999998
2024-11-08 12:00:00+00:00,21.795
2024-11-08 13:00:00+00:00,20.08
2024-11-08 14:00:00+00:00,22.0125
2024-11-08 15:00:00+00:00,16.345
2024-11-08 16:00:00+00:00,17.195
2024-11-08 17:00:00+00:00,21.945
2024-11-08 18:00:00+00:00,22.83
2024-11-08 19:00:00+00:00,29.1775
2024-11-08 20:00:00+00:00,29.057499999999997
2024-11-08 21:00:00+00:00,32.3575
2024-11-08 22:00:00+00:00,28.3725
2024-11-08 23:00:00+00:00,56.83
2024-11-09 00:00:00+00:00,35.055
2024-11-09 01:00:00+00:00,33.3525
2024-11-09 02:00:00+00:00,42.6225
2024-11-09 03:00:00+00:00,58.4925
2024-11-09 04:00:00+00:00,64.09
2024-11-09 05:00:00+00:00,39.8
2024-11-09 06:00:00+00:00,33.805
2024-11-09 07:00:00+00:00,28.2675
2024-11-09 08:00:00+00:00,25.565
2024-11-09 09:00:00+00:00,22.525
2024-11-09 10:00:00+00:00,22.0275
2024-11-09 11:00:00+00:00,22.2025
2024-11-09 12:00:00+00:00,21.4925
2024-11-09 13:00:00+00:00,15.452499999999999
2024-11-09 14:00:00+00:00,8.6425
2024-11-09 15:00:00+00:00,7.245
2024-11-09 16:00:00+00:00,7.9625
2024-11-09 17:00:00+00:00,8.285
2024-11-09 18:00:00+00:00,9.9925
2024-11-09 19:00:00+00:00,10.0625
2024-11-09 20:00:00+00:00,10.1775
2024-11-09 21:00:00+00:00,8.7325
2024-11-09 22:00:00+00:00,35.5725
2024-11-09 23:00:00+00:00,72.9825
2024-11-10 00:00:00+00:00,32.2125
2024-11-10 01:00:00+00:00,25.947499999999998
2024-11-10 02:00:00+00:00,23.2875
2024-11-10 03:00:00+00:00,21.4975
2024-11-10 04:00:00+00:00,19.84
2024-11-10 05:00:00+00:00,20.435
2024-11-10 06:00:00+00:00,22.305
2024-11-10 07:00:00+00:00,21.68
2024-11-10 08:00:00+00:00,21.387500000000003
2024-11-10 09:00:00+00:00,21.3375
2024-11-10 10:00:00+00:00,21.425
2024-11-10 11:00:00+00:00,22.6325
2024-11-10 12:00:00+00:00,25.945
2024-11-10 13:00:00+00:00,19.794999999999998
2024-11-10 14:00:00+00:00,11.16
2024-11-10 15:00:00+00:00,12.025
2024-11-10 16:00:00+00:00,13.31
2024-11-10 17:00:00+00:00,13.9825
2024-11-10 18:00:00+00:00,15.1825
2024-11-10 19:00:00+00:00,19.017500000000002
2024-11-10 20:00:00+00:00,16.14
2024-11-10 21:00:00+00:00,20.05
2024-11-10 22:00:00+00:00,74.7175
2024-11-10 23:00:00+00:00,298.8225
2024-11-11 00:00:00+00:00,492.605
2024-11-11 01:00:00+00:00,1106.7575
2024-11-11 02:00:00+00:00,239.01
2024-11-11 03:00:00+00:00,122.93
2024-11-11 04:00:00+00:00,46.425
2024-11-11 05:00:00+00:00,46.4825
2024-11-11 06:00:00+00:00,30.9375
2024-11-11 07:00:00+00:00,26.8325
2024-11-11 08:00:00+00:00,28.925
2024-11-11 09:00:00+00:00,31.405
2024-11-11 10:00:00+00:00,36.2625
2024-11-11 11:00:00+00:00,53.795
2024-11-11 12:00:00+00:00,84.7075
2024-11-11 13:00:00+00:00,37.735
2024-11-11 14:00:00+00:00,16.925
2024-11-11 15:00:00+00:00,18.4375
2024-11-11 16:00:00+00:00,18.0675
2024-11-11 17:00:00+00:00,18.9675
2024-11-11 18:00:00+00:00,20.77
2024-11-11 19:00:00+00:00,24.48
2024-11-11 20:00:00+00:00,21.4025
2024-11-11 21:00:00+00:00,20.48
2024-11-11 22:00:00+00:00,88.535
2024-11-11 23:00:00+00:00,120.0425
2024-11-12 00:00:00+00:00,62.504999999999995
2024-11-12 01:00:00+00:00,40.8625
2024-11-12 02:00:00+00:00,24.2225
2024-11-12 03:00:00+00:00,17.2875
2024-11-12 04:00:00+00:00,14.48
2024-11-12 05:00:00+00:00,11.0575
2024-11-12 06:00:00+00:00,11.4775
2024-11-12 07:00:00+00:00,9.51
2024-11-12 08:00:00+00:00,7.785
2024-11-12 09:00:00+00:00,6.6925
2024-11-12 10:00:00+00:00,4.609999999999999
2024-11-12 11:00:00+00:00,4.7125
2024-11-12 12:00:00+00:00,7.734999999999999
2024-11-12 13:00:00+00:00,4.0975
2024-11-12 14:00:00+00:00,0.0
2024-11-12 15:00:00+00:00,0.0
2024-11-12 16:00:00+00:00,-0.02
2024-11-12 17:00:00+00:00,3.025
2024-11-12 18:00:00+00:00,3.9075
2024-11-12 19:00:00+00:00,5.55
2024-11-12 20:00:00+00:00,6.895
2024-11-12 21:00:00+00:00,6.547499999999999
2024-11-12 22:00:00+00:00,15.105
2024-11-12 23:00:00+00:00,26.71
2024-11-13 00:00:00+00:00,13.6275
2024-11-13 01:00:00+00:00,11.3175
2024-11-13 02:00:00+00:00,9.9075
2024-11-13 03:00:00+00:00,7.4225
2024-11-13 04:00:00+00:00,5.23
2024-11-13 05:00:00+00:00,3.81
2024-11-13 06:00:00+00:00,8.3675
2024-11-13 07:00:00+00:00,8.3325
2024-11-13 08:00:00+00:00,7.4575
2024-11-13 09:00:00+00:00,8.8475
2024-11-13 10:00:00+00:00,10.1725
2024-11-13 11:00:00+00:00,12.04
2024-11-13 12:00:00+00:00,13.74
2024-11-13 13:00:00+00:00,10.2975
2024-11-13 14:00:00+00:00,1.9325
2024-11-13 15:00:00+00:00,6.4275
2024-11-13 16:00:00+00:00,8.585
2024-11-13 17:00:00+00:00,11.885
2024-11-13 18:00:00+00:00,11.1675
2024-11-13 19:00:00+00:00,11.34
2024-11-13 20:00:00+00:00,11.01
2024-11-13 21:00:00+00:00,7.725
2024-11-13 22:00:00+00:00,34.775000000000006
2024-11-13 23:00:00+00:00,61.7475
2024-11-14 00:00:00+00:00,32.415
2024-11-14 01:00:00+00:00,42.375
2024-11-14 02:00:00+00:00,36.7425
2024-11-14 03:00:00+00:00,33.2025
2024-11-14 04:00:00+00:00,22.935000000000002
2024-11-14 05:00:00+00:00,23.01
2024-11-14 06:00:00+00:00,30.9525
2024-11-14 07:00:00+00:00,32.315
2024-11-14 08:00:00+00:00,28.05
2024-11-14 09:00:00+00:00,20.855
2024-11-14 10:00:00+00:00,21.275
2024-11-14 11:00:00+00:00,20.5975
2024-11-14 12:00:00+00:00,22.7475
2024-11-14 13:00:00+00:00,20.9325
2024-11-14 14:00:00+00:00,8.3275
2024-11-14 15:00:00+00:00,12.5375
2024-11-14 16:00:00+00:00,13.5275
2024-11-14 17:00:00+00:00,14.2475
2024-11-14 18:00:00+00:00,15.252500000000001
2024-11-14 19:00:00+00:00,15.4625
2024-11-14 20:00:00+00:00,15.36
2024-11-14 21:00:00+00:00,14.6125
2024-11-14 22:00:00+00:00,40.44
2024-11-14 23:00:00+00:00,70.3725
2024-11-15 00:00:00+00:00,34.1425
2024-11-15 01:00:00+00:00,21.705
2024-11-15 02:00:00+00:00,18.1775
2024-11-15 03:00:00+00:00,18.8075
2024-11-15 04:00:00+00:00,19.965
2024-11-15 05:00:00+00:00,17.5775
2024-11-15 06:00:00+00:00,16.177500000000002
2024-11-15 07:00:00+00:00,15.462499999999999
2024-11-15 08:00:00+00:00,15.9275
2024-11-15 09:00:00+00:00,16.134999999999998
2024-11-15 10:00:00+00:00,18.36
2024-11-15 11:00:00+00:00,22.045
2024-11-15 12:00:00+00:00,27.2825
2024-11-15 13:00:00+00:00,18.58
2024-11-15 14:00:00+00:00,5.279999999999999
2024-11-15 15:00:00+00:00,4.6674999999999995
2024-11-15 16:00:00+00:00,3.875
2024-11-15 17:00:00+00:00,7.4225
2024-11-15 18:00:00+00:00,8.395
2024-11-15 19:00:00+00:00,9.1625
2024-11-15 20:00:00+00:00,9.7225
2024-11-15 21:00:00+00:00,8.3825
2024-11-15 22:00:00+00:00,25.99
2024-11-15 23:00:00+00:00,35.5825
2024-11-16 00:00:00+00:00,19.6375
2024-11-16 01:00:00+00:00,18.005
2024-11-16 02:00:00+00:00,16.8975
2024-11-16 03:00:00+00:00,16.0
2024-11-16 04:00:00+00:00,17.3575
2024-11-16 05:00:00+00:00,15.7725
2024-11-16 06:00:00+00:00,14.2075
2024-11-16 07:00:00+00:00,12.38
2024-11-16 08:00:00+00:00,11.5975
2024-11-16 09:00:00+00:00,12.7025
2024-11-16 10:00:00+00:00,13.9525
2024-11-16 11:00:00+00:00,15.6825
2024-11-16 12:00:00+00:00,17.475
2024-11-16 13:00:00+00:00,15.9625
2024-11-16 14:00:00+00:00,13.765
2024-11-16 15:00:00+00:00,11.7625
2024-11-16 16:00:00+00:00,8.175
2024-11-16 17:00:00+00:00,8.015
2024-11-16 18:00:00+00:00,10.379999999999999
2024-11-16 19:00:00+00:00,9.96
2024-11-16 20:00:00+00:00,10.600000000000001
2024-11-16 21:00:00+00:00,11.7725
2024-11-16 22:00:00+00:00,23.51
2024-11-16 23:00:00+00:00,31.034999999999997
2024-11-17 00:00:00+00:00,17.78
2024-11-17 01:00:00+00:00,13.4925
2024-11-17 02:00:00+00:00,11.870000000000001
2024-11-17 03:00:00+00:00,10.905
2024-11-17 04:00:00+00:00,11.567499999999999
2024-11-17 05:00:00+00:00,10.2475
2024-11-17 06:00:00+00:00,10.79
2024-11-17 07:00:00+00:00,9.325
2024-11-17 08:00:00+00:00,10.8575
2024-11-17 09:00:00+00:00,12.54
2024-11-17 10:00:00+00:00,16.7425
2024-11-17 11:00:00+00:00,23.9525
2024-11-17 12:00:00+00:00,27.585
2024-11-17 13:00:00+00:00,31.290000000000003
2024-11-17 14:00:00+00:00,38.4675
2024-11-17 15:00:00+00:00,38.870000000000005
2024-11-17 16:00:00+00:00,28.98
2024-11-17 17:00:00+00:00,33.2
2024-11-17 18:00:00+00:00,47.275
2024-11-17 19:00:00+00:00,87.355
2024-11-17 20:00:00+00:00,224.835
2024-11-17 21:00:00+00:00,1494.605
2024-11-17 22:00:00+00:00,1235.8075
2024-11-17 23:00:00+00:00,149.7625
2024-11-18 00:00:00+00:00,96.86
2024-11-18 01:00:00+00:00,49.245
2024-11-18 02:00:00+00:00,25.23
2024-11-18 03:00:00+00:00,22.83
2024-11-18 04:00:00+00:00,22.8575
2024-11-18 05:00:00+00:00,17.0875
2024-11-18 06:00:00+00:00,21.052500000000002
2024-11-18 07:00:00+00:00,14.465
2024-11-18 08:00:00+00:00,12.997499999999999
2024-11-18 09:00:00+00:00,12.7525
2024-11-18 10:00:00+00:00,15.1425
2024-11-18 11:00:00+00:00,19.185
2024-11-18 12:00:00+00:00,22.825
2024-11-18 13:00:00+00:00,20.04
2024-11-18 14:00:00+00:00,18.055
2024-11-18 15:00:00+00:00,17.995
2024-11-18 16:00:00+00:00,18.2
2024-11-18 17:00:00+00:00,19.6
2024-11-18 18:00:00+00:00,18.0225
2024-11-18 19:00:00+00:00,17.155
2024-11-18 20:00:00+00:00,15.49
2024-11-18 21:00:00+00:00,11.280000000000001
2024-11-18 22:00:00+00:00,16.265
2024-11-18 23:00:00+00:00,42.55
2024-11-19 00:00:00+00:00,25.067500000000003
2024-11-19 01:00:00+00:00,25.4475
2024-11-19 02:00:00+00:00,19.04
2024-11-19 03:00:00+00:00,18.9125
2024-11-19 04:00:00+00:00,16.107499999999998
2024-11-19 05:00:00+00:00,15.4175
2024-11-19 06:00:00+00:00,12.3475
2024-11-19 07:00:00+00:00,11.8375
2024-11-19 08:00:00+00:00,11.9375
2024-11-19 09:00:00+00:00,12.3275
2024-11-19 10:00:00+00:00,13.89
2024-11-19 11:00:00+00:00,16.585
2024-11-19 12:00:00+00:00,22.3825
2024-11-19 13:00:00+00:00,17.17
2024-11-19 14:00:00+00:00,6.27
2024-11-19 15:00:00+00:00,8.655
2024-11-19 16:00:00+00:00,5.1125
2024-11-19 17:00:00+00:00,5.5625
2024-11-19 18:00:00+00:00,12.035
2024-11-19 19:00:00+00:00,11.8675
2024-11-19 20:00:00+00:00,11.0175
2024-11-19 21:00:00+00:00,10.9075
2024-11-19 22:00:00+00:00,52.495
2024-11-19 23:00:00+00:00,64.1
2024-11-20 00:00:00+00:00,23.345
2024-11-20 01:00:00+00:00,24.815
2024-11-20 02:00:00+00:00,22.235
2024-11-20 03:00:00+00:00,19.3925
2024-11-20 04:00:00+00:00,18.855
2024-11-20 05:00:00+00:00,16.9075
2024-11-20 06:00:00+00:00,15.754999999999999
2024-11-20 07:00:00+00:00,15.8925
2024-11-20 08:00:00+00:00,16.175
2024-11-20 09:00:00+00:00,17.73
2024-11-20 10:00:00+00:00,16.435
2024-11-20 11:00:00+00:00,19.86
2024-11-20 12:00:00+00:00,23.37
2024-11-20 13:00:00+00:00,17.822499999999998
2024-11-20 14:00:00+00:00,6.085
2024-11-20 15:00:00+00:00,9.1025
2024-11-20 16:00:00+00:00,8.024999999999999
2024-11-20 17:00:00+00:00,8.9275
2024-11-20 18:00:00+00:00,11.395
2024-11-20 19:00:00+00:00,11.33
2024-11-20 20:00:00+00:00,9.58
2024-11-20 21:00:00+00:00,9.65
2024-11-20 22:00:00+00:00,51.06
2024-11-20 23:00:00+00:00,104.27000000000001
2024-11-21 00:00:00+00:00,127.54249999999999
2024-11-21 01:00:00+00:00,104.41
2024-11-21 02:00:00+00:00,54.085
2024-11-21 03:00:00+00:00,43.615
2024-11-21 04:00:00+00:00,29.53
2024-11-21 05:00:00+00:00,25.55
2024-11-21 06:00:00+00:00,25.295
2024-11-21 07:00:00+00:00,25.04
2024-11-21 08:00:00+00:00,23.8675
2024-11-21 09:00:00+00:00,22.5575
2024-11-21 10:00:00+00:00,21.11
2024-11-21 11:00:00+00:00,24.52
2024-11-21 12:00:00+00:00,49.205
2024-11-21 13:00:00+00:00,82.6775
2024-11-21 14:00:00+00:00,16.39
2024-11-21 15:00:00+00:00,17.055
2024-11-21 16:00:00+00:00,19.775
2024-11-21 17:00:00+00:00,20.0825
2024-11-21 18:00:00+00:00,20.015
2024-11-21 19:00:00+00:00,18.115000000000002
2024-11-21 20:00:00+00:00,17.1575
2024-11-21 21:00:00+00:00,14.0525
2024-11-21 22:00:00+00:00,43.6375
2024-11-21 23:00:00+00:00,78.93
2024-11-22 00:00:00+00:00,65.5975
2024-11-22 01:00:00+00:00,68.50999999999999
2024-11-22 02:00:00+00:00,59.165
2024-11-22 03:00:00+00:00,43.4125
2024-11-22 04:00:00+00:00,34.71
2024-11-22 05:00:00+00:00,27.3675
2024-11-22 06:00:00+00:00,24.95
2024-11-22 07:00:00+00:00,23.0125
2024-11-22 08:00:00+00:00,21.9675
2024-11-22 09:00:00+00:00,22.79
2024-11-22 10:00:00+00:00,24.09
2024-11-22 11:00:00+00:00,28.325
2024-11-22 12:00:00+00:00,28.740000000000002
2024-11-22 13:00:00+00:00,22.8975
2024-11-22 14:00:00+00:00,12.2275
2024-11-22 15:00:00+00:00,14.5475
2024-11-22 16:00:00+00:00,15.835
2024-11-22 17:00:00+00:00,16.6775
2024-11-22 18:00:00+00:00,17.93
2024-11-22 19:00:00+00:00,16.345
2024-11-22 20:00:00+00:00,15.155
2024-11-22 21:00:00+00:00,13.6725
2024-11-22 22:00:00+00:00,29.655
2024-11-22 23:00:00+00:00,33.18
2024-11-23 00:00:00+00:00,21.475
2024-11-23 01:00:00+00:00,19.2625
2024-11-23 02:00:00+00:00,17.7025
2024-11-23 03:00:00+00:00,20.9825
2024-11-23 04:00:00+00:00,21.294999999999998
2024-11-23 05:00:00+00:00,20.3175
2024-11-23 06:00:00+00:00,20.075
2024-11-23 07:00:00+00:00,18.8675
2024-11-23 08:00:00+00:00,18.565
2024-11-23 09:00:00+00:00,19.5425
2024-11-23 10:00:00+00:00,20.835
2024-11-23 11:00:00+00:00,21.795
2024-11-23 12:00:00+00:00,23.1875
2024-11-23 13:00:00+00:00,17.7125
2024-11-23 14:00:00+00:00,1.85
2024-11-23 15:00:00+00:00,0.6325000000000001
2024-11-23 16:00:00+00:00,0.2225
2024-11-23 17:00:00+00:00,0.4575
2024-11-23 18:00:00+00:00,0.7699999999999999
2024-11-23 19:00:00+00:00,0.01
2024-11-23 20:00:00+00:00,-0.0225
2024-11-23 21:00:00+00:00,1.755
2024-11-23 22:00:00+00:00,19.8575
2024-11-23 23:00:00+00:00,23.875
2024-11-24 00:00:00+00:00,20.92
2024-11-24 01:00:00+00:00,19.009999999999998
2024-11-24 02:00:00+00:00,16.3325
2024-11-24 03:00:00+00:00,14.57
2024-11-24 04:00:00+00:00,29.74
2024-11-24 05:00:00+00:00,17.8975
2024-11-24 06:00:00+00:00,16.34
2024-11-24 07:00:00+00:00,13.6375
2024-11-24 08:00:00+00:00,11.0625
2024-11-24 09:00:00+00:00,11.0975
2024-11-24 10:00:00+00:00,14.405
2024-11-24 11:00:00+00:00,13.9475
2024-11-24 12:00:00+00:00,15.6175
2024-11-24 13:00:00+00:00,11.587499999999999
2024-11-24 14:00:00+00:00,3.955
2024-11-24 15:00:00+00:00,2.15
2024-11-24 16:00:00+00:00,3.2725
2024-11-24 17:00:00+00:00,2.7424999999999997
2024-11-24 18:00:00+00:00,3.8775
2024-11-24 19:00:00+00:00,6.875
2024-11-24 20:00:00+00:00,7.5975
2024-11-24 21:00:00+00:00,12.8925
2024-11-24 22:00:00+00:00,23.85
2024-11-24 23:00:00+00:00,20.4425
2024-11-25 00:00:00+00:00,19.6625
2024-11-25 01:00:00+00:00,16.7625
2024-11-25 02:00:00+00:00,14.2975
2024-11-25 03:00:00+00:00,11.7775
2024-11-25 04:00:00+00:00,20.072499999999998
2024-11-25 05:00:00+00:00,18.2825
2024-11-25 06:00:00+00:00,12.2075
2024-11-25 07:00:00+00:00,11.2
2024-11-25 08:00:00+00:00,11.4375
2024-11-25 09:00:00+00:00,13.9375
2024-11-25 10:00:00+00:00,17.34
2024-11-25 11:00:00+00:00,18.7425
2024-11-25 12:00:00+00:00,19.0375
2024-11-25 13:00:00+00:00,16.765
2024-11-25 14:00:00+00:00,12.5325
2024-11-25 15:00:00+00:00,12.747499999999999
2024-11-25 16:00:00+00:00,17.3125
2024-11-25 17:00:00+00:00,13.175
2024-11-25 18:00:00+00:00,13.525
2024-11-25 19:00:00+00:00,14.645
2024-11-25 20:00:00+00:00,15.7125
2024-11-25 21:00:00+00:00,16.05
2024-11-25 22:00:00+00:00,28.68
2024-11-25 23:00:00+00:00,35.36
2024-11-26 00:00:00+00:00,31.485
2024-11-26 01:00:00+00:00,25.740000000000002
2024-11-26 02:00:00+00:00,22.3425
2024-11-26 03:00:00+00:00,21.86
2024-11-26 04:00:00+00:00,22.27
2024-11-26 05:00:00+00:00,22.735
2024-11-26 06:00:00+00:00,26.9775
2024-11-26 07:00:00+00:00,30.7175
2024-11-26 08:00:00+00:00,31.497500000000002
2024-11-26 09:00:00+00:00,34.615
2024-11-26 10:00:00+00:00,44.6775
2024-11-26 11:00:00+00:00,47.36
2024-11-26 12:00:00+00:00,40.292500000000004
2024-11-26 13:00:00+00:00,42.739999999999995
2024-11-26 14:00:00+00:00,22.7725
2024-11-26 15:00:00+00:00,18.6525
2024-11-26 16:00:00+00:00,21.57
2024-11-26 17:00:00+00:00,18.052500000000002
2024-11-26 18:00:00+00:00,17.48
2024-11-26 19:00:00+00:00,15.26
2024-11-26 20:00:00+00:00,15.745000000000001
2024-11-26 21:00:00+00:00,14.105
2024-11-26 22:00:00+00:00,35.5525
2024-11-26 23:00:00+00:00,42.9025
2024-11-27 00:00:00+00:00,22.735
2024-11-27 01:00:00+00:00,20.435
2024-11-27 02:00:00+00:00,22.0025
2024-11-27 03:00:00+00:00,21.927500000000002
2024-11-27 04:00:00+00:00,21.22
2024-11-27 05:00:00+00:00,18.62
2024-11-27 06:00:00+00:00,16.2875
2024-11-27 07:00:00+00:00,14.8725
2024-11-27 08:00:00+00:00,13.365
2024-11-27 09:00:00+00:00,12.325
2024-11-27 10:00:00+00:00,13.265
2024-11-27 11:00:00+00:00,16.735
2024-11-27 12:00:00+00:00,19.950000000000003
2024-11-27 13:00:00+00:00,20.02
2024-11-27 14:00:00+00:00,13.774999999999999
2024-11-27 15:00:00+00:00,13.6
2024-11-27 16:00:00+00:00,10.1375
2024-11-27 17:00:00+00:00,7.21
2024-11-27 18:00:00+00:00,7.025
2024-11-27 19:00:00+00:00,11.99
2024-11-27 20:00:00+00:00,14.370000000000001
2024-11-27 21:00:00+00:00,16.4725
2024-11-27 22:00:00+00:00,25.055
2024-11-27 23:00:00+00:00,21.205
2024-11-28 00:00:00+00:00,19.4925
2024-11-28 01:00:00+00:00,19.1175
2024-11-28 02:00:00+00:00,17.8825
2024-11-28 03:00:00+00:00,17.580000000000002
2024-11-28 04:00:00+00:00,21.04
2024-11-28 05:00:00+00:00,26.21
2024-11-28 06:00:00+00:00,25.11
2024-11-28 07:00:00+00:00,27.205
2024-11-28 08:00:00+00:00,29.0
2024-11-28 09:00:00+00:00,26.317500000000003
2024-11-28 10:00:00+00:00,25.9025
2024-11-28 11:00:00+00:00,24.1325
2024-11-28 12:00:00+00:00,24.745
2024-11-28 13:00:00+00:00,28.5725
2024-11-28 14:00:00+00:00,33.97
2024-11-28 15:00:00+00:00,29.2575
2024-11-28 16:00:00+00:00,34.18
2024-11-28 17:00:00+00:00,31.61
2024-11-28 18:00:00+00:00,26.810000000000002
2024-11-28 19:00:00+00:00,24.48
2024-11-28 20:00:00+00:00,24.4725
2024-11-28 21:00:00+00:00,28.0675
2024-11-28 22:00:00+00:00,34.665
2024-11-28 23:00:00+00:00,37.915
2024-11-29 00:00:00+00:00,36.7125
2024-11-29 01:00:00+00:00,31.745
2024-11-29 02:00:00+00:00,31.205
2024-11-29 03:00:00+00:00,27.825
2024-11-29 04:00:00+00:00,26.12
2024-11-29 05:00:00+00:00,23.4275
2024-11-29 06:00:00+00:00,23.8
2024-11-29 07:00:00+00:00,25.85
2024-11-29 08:00:00+00:00,23.5125
2024-11-29 09:00:00+00:00,25.412499999999998
2024-11-29 10:00:00+00:00,26.0375
2024-11-29 11:00:00+00:00,29.4325
2024-11-29 12:00:00+00:00,30.89
2024-11-29 13:00:00+00:00,29.49
2024-11-29 14:00:00+00:00,18.427500000000002
2024-11-29 15:00:00+00:00,13.38
2024-11-29 16:00:00+00:00,13.03
2024-11-29 17:00:00+00:00,12.067499999999999
2024-11-29 18:00:00+00:00,10.504999999999999
2024-11-29 19:00:00+00:00,4.16
2024-11-29 20:00:00+00:00,1.0175
2024-11-29 21:00:00+00:00,5.727499999999999
2024-11-29 22:00:00+00:00,26.0675
2024-11-29 23:00:00+00:00,34.95
2024-11-30 00:00:00+00:00,27.3675
2024-11-30 01:00:00+00:00,23.445
2024-11-30 02:00:00+00:00,21.7625
2024-11-30 03:00:00+00:00,19.130000000000003
2024-11-30 04:00:00+00:00,19.5875
2024-11-30 05:00:00+00:00,18.9125
2024-11-30 06:00:00+00:00,16.61
2024-11-30 07:00:00+00:00,17.307499999999997
2024-11-30 08:00:00+00:00,17.6275
2024-11-30 09:00:00+00:00,19.0225
2024-11-30 10:00:00+00:00,17.935
2024-11-30 11:00:00+00:00,19.7575
2024-11-30 12:00:00+00:00,19.252499999999998
2024-11-30 13:00:00+00:00,19.6025
2024-11-30 14:00:00+00:00,18.665
2024-11-30 15:00:00+00:00,19.79
2024-11-30 16:00:00+00:00,18.0425
2024-11-30 17:00:00+00:00,19.6175
2024-11-30 18:00:00+00:00,19.925
2024-11-30 19:00:00+00:00,20.44
2024-11-30 20:00:00+00:00,20.4075
2024-11-30 21:00:00+00:00,21.285
2024-11-30 22:00:00+00:00,42.07
2024-11-30 23:00:00+00:00,69.105
2024-12-01 00:00:00+00:00,101.3175
2024-12-01 01:00:00+00:00,53.66
2024-12-01 02:00:00+00:00,56.2625
2024-12-01 03:00:00+00:00,54.8575
2024-12-01 04:00:00+00:00,44.3925
2024-12-01 05:00:00+00:00,35.545
2024-12-01 06:00:00+00:00,33.910000000000004
2024-12-01 07:00:00+00:00,31.1
2024-12-01 08:00:00+00:00,28.405
2024-12-01 09:00:00+00:00,28.134999999999998
2024-12-01 10:00:00+00:00,27.5175
2024-12-01 11:00:00+00:00,31.877499999999998
2024-12-01 12:00:00+00:00,30.355
2024-12-01 13:00:00+00:00,30.795
2024-12-01 14:00:00+00:00,20.965
2024-12-01 15:00:00+00:00,19.335
2024-12-01 16:00:00+00:00,18.5125
2024-12-01 17:00:00+00:00,19.3475
2024-12-01 18:00:00+00:00,19.8275
2024-12-01 19:00:00+00:00,20.4075
2024-12-01 20:00:00+00:00,20.27
2024-12-01 21:00:00+00:00,19.1875
2024-12-01 22:00:00+00:00,41.8125
2024-12-01 23:00:00+00:00,54.207499999999996
2024-12-02 00:00:00+00:00,51.5925
2024-12-02 01:00:00+00:00,40.775
2024-12-02 02:00:00+00:00,33.18
2024-12-02 03:00:00+00:00,32.7625
2024-12-02 04:00:00+00:00,29.975
2024-12-02 05:00:00+00:00,27.924999999999997
2024-12-02 06:00:00+00:00,31.6725
2024-12-02 07:00:00+00:00,31.8525
2024-12-02 08:00:00+00:00,30.4625
2024-12-02 09:00:00+00:00,34.235
2024-12-02 10:00:00+00:00,39.9375
2024-12-02 11:00:00+00:00,52.207499999999996
2024-12-02 12:00:00+00:00,70.3125
2024-12-02 13:00:00+00:00,96.08
2024-12-02 14:00:00+00:00,30.14
2024-12-02 15:00:00+00:00,24.085
2024-12-02 16:00:00+00:00,23.0
2024-12-02 17:00:00+00:00,21.88
2024-12-02 18:00:00+00:00,21.04
2024-12-02 19:00:00+00:00,21.240000000000002
2024-12-02 20:00:00+00:00,21.0675
2024-12-02 21:00:00+00:00,21.725
2024-12-02 22:00:00+00:00,53.7025
2024-12-02 23:00:00+00:00,54.545
2024-12-03 00:00:00+00:00,54.325
2024-12-03 01:00:00+00:00,49.394999999999996
2024-12-03 02:00:00+00:00,40.4425
2024-12-03 03:00:00+00:00,31.7425
2024-12-03 04:00:00+00:00,29.055
2024-12-03 05:00:00+00:00,31.494999999999997
2024-12-03 06:00:00+00:00,34.0125
2024-12-03 07:00:00+00:00,34.92
2024-12-03 08:00:00+00:00,37.125
2024-12-03 09:00:00+00:00,41.2975
2024-12-03 10:00:00+00:00,34.7575
2024-12-03 11:00:00+00:00,40.645
2024-12-03 12:00:00+00:00,57.4025
2024-12-03 13:00:00+00:00,47.192499999999995
2024-12-03 14:00:00+00:00,27.185
2024-12-03 15:00:00+00:00,22.12
2024-12-03 16:00:00+00:00,21.3175
2024-12-03 17:00:00+00:00,20.935000000000002
2024-12-03 18:00:00+00:00,19.2425
2024-12-03 19:00:00+00:00,19.4725
2024-12-03 20:00:00+00:00,19.365
2024-12-03 21:00:00+00:00,19.8825
2024-12-03 22:00:00+00:00,29.105
2024-12-03 23:00:00+00:00,36.985
2024-12-04 00:00:00+00:00,30.545
2024-12-04 01:00:00+00:00,29.544999999999998
2024-12-04 02:00:00+00:00,26.28
2024-12-04 03:00:00+00:00,22.7475
2024-12-04 04:00:00+00:00,21.509999999999998
2024-12-04 05:00:00+00:00,19.994999999999997
2024-12-04 06:00:00+00:00,18.66
2024-12-04 07:00:00+00:00,19.7
2024-12-04 08:00:00+00:00,21.225
2024-12-04 09:00:00+00:00,22.682499999999997
2024-12-04 10:00:00+00:00,21.45
2024-12-04 11:00:00+00:00,24.4225
2024-12-04 12:00:00+00:00,34.3725
2024-12-04 13:00:00+00:00,47.025
2024-12-04 14:00:00+00:00,49.2425
2024-12-04 15:00:00+00:00,42.1
2024-12-04 16:00:00+00:00,48.4225
2024-12-04 17:00:00+00:00,42.269999999999996
2024-12-04 18:00:00+00:00,42.425
2024-12-04 19:00:00+00:00,40.182500000000005
2024-12-04 20:00:00+00:00,33.03
2024-12-04 21:00:00+00:00,29.7225
2024-12-04 22:00:00+00:00,48.2
2024-12-04 23:00:00+00:00,95.05
2024-12-05 00:00:00+00:00,75.35
2024-12-05 01:00:00+00:00,50.872499999999995
2024-12-05 02:00:00+00:00,43.925
2024-12-05 03:00:00+00:00,51.185
2024-12-05 04:00:00+00:00,35.73
2024-12-05 05:00:00+00:00,35.495000000000005
2024-12-05 06:00:00+00:00,30.862499999999997
2024-12-05 07:00:00+00:00,25.0775
2024-12-05 08:00:00+00:00,22.2825
2024-12-05 09:00:00+00:00,24.5425
2024-12-05 10:00:00+00:00,21.8
2024-12-05 11:00:00+00:00,20.1925
2024-12-05 12:00:00+00:00,20.4275
2024-12-05 13:00:00+00:00,20.955
2024-12-05 14:00:00+00:00,18.7075
2024-12-05 15:00:00+00:00,15.55
2024-12-05 16:00:00+00:00,15.075
2024-12-05 17:00:00+00:00,17.2625
2024-12-05 18:00:00+00:00,19.0475
2024-12-05 19:00:00+00:00,18.695
2024-12-05 20:00:00+00:00,19.330000000000002
2024-12-05 21:00:00+00:00,20.165
2024-12-05 22:00:00+00:00,26.535
2024-12-05 23:00:00+00:00,30.634999999999998
2024-12-06 00:00:00+00:00,25.895
2024-12-06 01:00:00+00:00,25.4275
2024-12-06 02:00:00+00:00,25.8125
2024-12-06 03:00:00+00:00,26.0
2024-12-06 04:00:00+00:00,25.24
2024-12-06 05:00:00+00:00,21.735
2024-12-06 06:00:00+00:00,22.445
2024-12-06 07:00:00+00:00,25.5275
2024-12-06 08:00:00+00:00,27.0575
2024-12-06 09:00:00+00:00,28.197499999999998
2024-12-06 10:00:00+00:00,29.845
2024-12-06 11:00:00+00:00,33.214999999999996
2024-12-06 12:00:00+00:00,42.58
2024-12-06 13:00:00+00:00,39.7025
2024-12-06 14:00:00+00:00,22.0175
2024-12-06 15:00:00+00:00,26.1475
2024-12-06 16:00:00+00:00,25.175
2024-12-06 17:00:00+00:00,21.4125
2024-12-06 18:00:00+00:00,20.4425
2024-12-06 19:00:00+00:00,21.195
2024-12-06 20:00:00+00:00,22.2625
2024-12-06 21:00:00+00:00,25.5025
2024-12-06 22:00:00+00:00,38.2675
2024-12-06 23:00:00+00:00,39.36
2024-12-07 00:00:00+00:00,33.675
2024-12-07 01:00:00+00:00,33.8875
2024-12-07 02:00:00+00:00,31.015
2024-12-07 03:00:00+00:00,29.6275
2024-12-07 04:00:00+00:00,28.6625
2024-12-07 05:00:00+00:00,28.125
2024-12-07 06:00:00+00:00,28.48
2024-12-07 07:00:00+00:00,28.247500000000002
2024-12-07 08:00:00+00:00,30.1875
2024-12-07 09:00:00+00:00,29.795
2024-12-07 10:00:00+00:00,27.5475
2024-12-07 11:00:00+00:00,25.82
2024-12-07 12:00:00+00:00,25.785
2024-12-07 13:00:00+00:00,29.735
2024-12-07 14:00:00+00:00,33.945
2024-12-07 15:00:00+00:00,38.1925
2024-12-07 16:00:00+00:00,32.9375
2024-12-07 17:00:00+00:00,32.8375
2024-12-07 18:00:00+00:00,31.2025
2024-12-07 19:00:00+00:00,33.8275
2024-12-07 20:00:00+00:00,42.7825
2024-12-07 21:00:00+00:00,45.8525
2024-12-07 22:00:00+00:00,50.855
2024-12-07 23:00:00+00:00,74.0375
2024-12-08 00:00:00+00:00,68.7425
2024-12-08 01:00:00+00:00,61.0925
2024-12-08 02:00:00+00:00,47.527499999999996
2024-12-08 03:00:00+00:00,36.0275
2024-12-08 04:00:00+00:00,49.3075
2024-12-08 05:00:00+00:00,56.685
2024-12-08 06:00:00+00:00,59.417500000000004
2024-12-08 07:00:00+00:00,34.035
2024-12-08 08:00:00+00:00,29.37
2024-12-08 09:00:00+00:00,33.067499999999995
2024-12-08 10:00:00+00:00,32.555
2024-12-08 11:00:00+00:00,30.985
2024-12-08 12:00:00+00:00,35.1425
2024-12-08 13:00:00+00:00,38.3375
2024-12-08 14:00:00+00:00,31.585
2024-12-08 15:00:00+00:00,24.975
2024-12-08 16:00:00+00:00,23.185
2024-12-08 17:00:00+00:00,20.61
2024-12-08 18:00:00+00:00,20.1025
2024-12-08 19:00:00+00:00,19.6025
2024-12-08 20:00:00+00:00,20.0875
2024-12-08 21:00:00+00:00,17.3125
2024-12-08 22:00:00+00:00,21.439999999999998
2024-12-08 23:00:00+00:00,36.5575
2024-12-09 00:00:00+00:00,28.9225
2024-12-09 01:00:00+00:00,29.0375
2024-12-09 02:00:00+00:00,36.8525
2024-12-09 03:00:00+00:00,34.1725
2024-12-09 04:00:00+00:00,27.125
2024-12-09 05:00:00+00:00,23.45
2024-12-09 06:00:00+00:00,22.4
2024-12-09 07:00:00+00:00,21.085
2024-12-09 08:00:00+00:00,21.585
2024-12-09 09:00:00+00:00,20.9325
2024-12-09 10:00:00+00:00,21.3475
2024-12-09 11:00:00+00:00,23.482499999999998
2024-12-09 12:00:00+00:00,30.7775
2024-12-09 13:00:00+00:00,33.025
2024-12-09 14:00:00+00:00,25.877499999999998
2024-12-09 15:00:00+00:00,19.5425
2024-12-09 16:00:00+00:00,17.83
2024-12-09 17:00:00+00:00,11.8325
2024-12-09 18:00:00+00:00,5.085
2024-12-09 19:00:00+00:00,0.0875
2024-12-09 20:00:00+00:00,1.8599999999999999
2024-12-09 21:00:00+00:00,0.0
2024-12-09 22:00:00+00:00,20.285
2024-12-09 23:00:00+00:00,24.775
2024-12-10 00:00:00+00:00,21.6825
2024-12-10 01:00:00+00:00,20.372500000000002
2024-12-10 02:00:00+00:00,19.27
2024-12-10 03:00:00+00:00,19.127499999999998
2024-12-10 04:00:00+00:00,21.1525
2024-12-10 05:00:00+00:00,16.3175
2024-12-10 06:00:00+00:00,14.76
2024-12-10 07:00:00+00:00,13.7475
2024-12-10 08:00:00+00:00,13.817499999999999
2024-12-10 09:00:00+00:00,13.0825
2024-12-10 10:00:00+00:00,10.8575
2024-12-10 11:00:00+00:00,15.0075
2024-12-10 12:00:00+00:00,18.97
2024-12-10 13:00:00+00:00,20.6925
2024-12-10 14:00:00+00:00,17.7975
2024-12-10 15:00:00+00:00,13.71
2024-12-10 16:00:00+00:00,6.155
2024-12-10 17:00:00+00:00,0.3125
2024-12-10 18:00:00+00:00,0.2
2024-12-10 19:00:00+00:00,-0.78
2024-12-10 20:00:00+00:00,-0.45249999999999996
2024-12-10 21:00:00+00:00,-0.935
2024-12-10 22:00:00+00:00,7.8475
2024-12-10 23:00:00+00:00,32.0
2024-12-11 00:00:00+00:00,24.96
2024-12-11 01:00:00+00:00,29.447499999999998
2024-12-11 02:00:00+00:00,31.1875
2024-12-11 03:00:00+00:00,34.26
2024-12-11 04:00:00+00:00,37.875
2024-12-11 05:00:00+00:00,34.589999999999996
2024-12-11 06:00:00+00:00,30.015
2024-12-11 07:00:00+00:00,26.245
2024-12-11 08:00:00+00:00,26.1175
2024-12-11 09:00:00+00:00,26.52
2024-12-11 10:00:00+00:00,28.259999999999998
2024-12-11 11:00:00+00:00,34.0775
2024-12-11 12:00:00+00:00,38.795
2024-12-11 13:00:00+00:00,45.64
2024-12-11 14:00:00+00:00,18.555
2024-12-11 15:00:00+00:00,14.165
2024-12-11 16:00:00+00:00,19.485
2024-12-11 17:00:00+00:00,12.325
2024-12-11 18:00:00+00:00,3.32
2024-12-11 19:00:00+00:00,0.2725
2024-12-11 20:00:00+00:00,0.52
2024-12-11 21:00:00+00:00,0.2575
2024-12-11 22:00:00+00:00,16.9525
2024-12-11 23:00:00+00:00,27.235
2024-12-12 00:00:00+00:00,22.3125
2024-12-12 01:00:00+00:00,20.1025
2024-12-12 02:00:00+00:00,17.155
2024-12-12 03:00:00+00:00,17.1875
2024-12-12 04:00:00+00:00,18.195
2024-12-12 05:00:00+00:00,14.695
2024-12-12 06:00:00+00:00,13.967500000000001
2024-12-12 07:00:00+00:00,14.092500000000001
2024-12-12 08:00:00+00:00,14.625
2024-12-12 09:00:00+00:00,15.5575
2024-12-12 10:00:00+00:00,16.8975
2024-12-12 11:00:00+00:00,21.6075
2024-12-12 12:00:00+00:00,28.9775
2024-12-12 13:00:00+00:00,28.6475
2024-12-12 14:00:00+00:00,14.315
2024-12-12 15:00:00+00:00,7.7975
2024-12-12 16:00:00+00:00,2.5575
2024-12-12 17:00:00+00:00,-0.5449999999999999
2024-12-12 18:00:00+00:00,-3.52
2024-12-12 19:00:00+00:00,-1.4
2024-12-12 20:00:00+00:00,3.4825
2024-12-12 21:00:00+00:00,15.3325
2024-12-12 22:00:00+00:00,31.125
2024-12-12 23:00:00+00:00,30.872500000000002
2024-12-13 00:00:00+00:00,30.1725
2024-12-13 01:00:00+00:00,27.82
2024-12-13 02:00:00+00:00,23.630000000000003
2024-12-13 03:00:00+00:00,20.555
2024-12-13 04:00:00+00:00,20.3675
2024-12-13 05:00:00+00:00,18.5125
2024-12-13 06:00:00+00:00,14.8775
2024-12-13 07:00:00+00:00,14.49
2024-12-13 08:00:00+00:00,14.754999999999999
2024-12-13 09:00:00+00:00,15.4575
2024-12-13 10:00:00+00:00,18.405
2024-12-13 11:00:00+00:00,20.9375
2024-12-13 12:00:00+00:00,24.5325
2024-12-13 13:00:00+00:00,22.99
2024-12-13 14:00:00+00:00,26.5125
2024-12-13 15:00:00+00:00,24.62
2024-12-13 16:00:00+00:00,24.065
2024-12-13 17:00:00+00:00,20.4075
2024-12-13 18:00:00+00:00,19.52
2024-12-13 19:00:00+00:00,20.095
2024-12-13 20:00:00+00:00,20.8425
2024-12-13 21:00:00+00:00,21.205
2024-12-13 22:00:00+00:00,29.5825
2024-12-13 23:00:00+00:00,34.9725
2024-12-14 00:00:00+00:00,27.86
2024-12-14 01:00:00+00:00,23.73
2024-12-14 02:00:00+00:00,22.182499999999997
2024-12-14 03:00:00+00:00,21.4075
2024-12-14 04:00:00+00:00,20.384999999999998
2024-12-14 05:00:00+00:00,20.78
2024-12-14 06:00:00+00:00,20.9675
2024-12-14 07:00:00+00:00,20.432499999999997
2024-12-14 08:00:00+00:00,22.945
2024-12-14 09:00:00+00:00,22.8425
2024-12-14 10:00:00+00:00,24.63
2024-12-14 11:00:00+00:00,26.655
2024-12-14 12:00:00+00:00,24.0225
2024-12-14 13:00:00+00:00,27.345
2024-12-14 14:00:00+00:00,30.9125
2024-12-14 15:00:00+00:00,30.045
2024-12-14 16:00:00+00:00,30.225
2024-12-14 17:00:00+00:00,28.305
2024-12-14 18:00:00+00:00,26.310000000000002
2024-12-14 19:00:00+00:00,23.725
2024-12-14 20:00:00+00:00,22.2
2024-12-14 21:00:00+00:00,21.1375
2024-12-14 22:00:00+00:00,54.4525
2024-12-14 23:00:00+00:00,449.555
2024-12-15 00:00:00+00:00,71.47999999999999
2024-12-15 01:00:00+00:00,48.3275
2024-12-15 02:00:00+00:00,32.58
2024-12-15 03:00:00+00:00,26.2425
2024-12-15 04:00:00+00:00,23.54
2024-12-15 05:00:00+00:00,23.52
2024-12-15 06:00:00+00:00,23.502499999999998
2024-12-15 07:00:00+00:00,21.595
2024-12-15 08:00:00+00:00,19.6925
2024-12-15 09:00:00+00:00,19.1425
2024-12-15 10:00:00+00:00,18.9075
2024-12-15 11:00:00+00:00,20.535
2024-12-15 12:00:00+00:00,21.635
2024-12-15 13:00:00+00:00,22.095
2024-12-15 14:00:00+00:00,21.63
2024-12-15 15:00:00+00:00,18.12
2024-12-15 16:00:00+00:00,17.955000000000002
2024-12-15 17:00:00+00:00,16.825
2024-12-15 18:00:00+00:00,13.08
2024-12-15 19:00:00+00:00,12.0625
2024-12-15 20:00:00+00:00,13.0225
2024-12-15 21:00:00+00:00,12.4275
2024-12-15 22:00:00+00:00,22.1475
2024-12-15 23:00:00+00:00,29.0925
2024-12-16 00:00:00+00:00,30.3875
2024-12-16 01:00:00+00:00,26.84
2024-12-16 02:00:00+00:00,22.2425
2024-12-16 03:00:00+00:00,19.56
2024-12-16 04:00:00+00:00,21.1025
2024-12-16 05:00:00+00:00,17.3925
2024-12-16 06:00:00+00:00,17.175
2024-12-16 07:00:00+00:00,17.51
2024-12-16 08:00:00+00:00,21.435
2024-12-16 09:00:00+00:00,23.5875
2024-12-16 10:00:00+00:00,21.84
2024-12-16 11:00:00+00:00,25.59
2024-12-16 12:00:00+00:00,33.3575
2024-12-16 13:00:00+00:00,29.205
2024-12-16 14:00:00+00:00,29.25
2024-12-16 15:00:00+00:00,23.0625
2024-12-16 16:00:00+00:00,22.065
2024-12-16 17:00:00+00:00,28.985
2024-12-16 18:00:00+00:00,30.8475
2024-12-16 19:00:00+00:00,32.835
2024-12-16 20:00:00+00:00,26.8475
2024-12-16 21:00:00+00:00,21.38
2024-12-16 22:00:00+00:00,40.7275
2024-12-16 23:00:00+00:00,74.88250000000001
2024-12-17 00:00:00+00:00,38.9025
2024-12-17 01:00:00+00:00,36.945
2024-12-17 02:00:00+00:00,32.4375
2024-12-17 03:00:00+00:00,29.495
2024-12-17 04:00:00+00:00,27.28
2024-12-17 05:00:00+00:00,27.2825
2024-12-17 06:00:00+00:00,25.31
2024-12-17 07:00:00+00:00,26.185
2024-12-17 08:00:00+00:00,26.4275
2024-12-17 09:00:00+00:00,26.64
2024-12-17 10:00:00+00:00,24.985
2024-12-17 11:00:00+00:00,25.9925
2024-12-17 12:00:00+00:00,31.8925
2024-12-17 13:00:00+00:00,28.884999999999998
2024-12-17 14:00:00+00:00,23.822499999999998
2024-12-17 15:00:00+00:00,19.56
2024-12-17 16:00:00+00:00,18.575
2024-12-17 17:00:00+00:00,17.965
2024-12-17 18:00:00+00:00,14.86
2024-12-17 19:00:00+00:00,11.5325
2024-12-17 20:00:00+00:00,9.415
2024-12-17 21:00:00+00:00,8.09
2024-12-17 22:00:00+00:00,16.42
2024-12-17 23:00:00+00:00,24.72
2024-12-18 00:00:00+00:00,21.9275
2024-12-18 01:00:00+00:00,19.7375
2024-12-18 02:00:00+00:00,20.185
2024-12-18 03:00:00+00:00,20.080000000000002
2024-12-18 04:00:00+00:00,21.3
2024-12-18 05:00:00+00:00,18.72
2024-12-18 06:00:00+00:00,17.1975
2024-12-18 07:00:00+00:00,14.875
2024-12-18 08:00:00+00:00,12.7
2024-12-18 09:00:00+00:00,13.3875
2024-12-18 10:00:00+00:00,13.115
2024-12-18 11:00:00+00:00,14.442499999999999
2024-12-18 12:00:00+00:00,15.6175
2024-12-18 13:00:00+00:00,16.1525
2024-12-18 14:00:00+00:00,10.8825
2024-12-18 15:00:00+00:00,3.4225
2024-12-18 16:00:00+00:00,0.8525
2024-12-18 17:00:00+00:00,10.835
2024-12-18 18:00:00+00:00,18.9225
2024-12-18 19:00:00+00:00,20.2175
2024-12-18 20:00:00+00:00,15.96
2024-12-18 21:00:00+00:00,11.6275
2024-12-18 22:00:00+00:00,22.785
2024-12-18 23:00:00+00:00,35.62
2024-12-19 00:00:00+00:00,31.875
2024-12-19 01:00:00+00:00,33.7025
2024-12-19 02:00:00+00:00,33.05
2024-12-19 03:00:00+00:00,33.275000000000006
2024-12-19 04:00:00+00:00,33.99
2024-12-19 05:00:00+00:00,30.59
2024-12-19 06:00:00+00:00,30.3425
2024-12-19 07:00:00+00:00,27.785
2024-12-19 08:00:00+00:00,23.93
2024-12-19 09:00:00+00:00,22.6
2024-12-19 10:00:00+00:00,21.37
2024-12-19 11:00:00+00:00,21.85
2024-12-19 12:00:00+00:00,23.6625
2024-12-19 13:00:00+00:00,21.88
2024-12-19 14:00:00+00:00,16.5775
2024-12-19 15:00:00+00:00,18.3325
2024-12-19 16:00:00+00:00,16.985
2024-12-19 17:00:00+00:00,15.99
2024-12-19 18:00:00+00:00,15.965
2024-12-19 19:00:00+00:00,17.0375
2024-12-19 20:00:00+00:00,18.1625
2024-12-19 21:00:00+00:00,14.905000000000001
2024-12-19 22:00:00+00:00,26.9175
2024-12-19 23:00:00+00:00,32.635
2024-12-20 00:00:00+00:00,27.2775
2024-12-20 01:00:00+00:00,23.085
2024-12-20 02:00:00+00:00,21.465
2024-12-20 03:00:00+00:00,20.3675
2024-12-20 04:00:00+00:00,20.7175
2024-12-20 05:00:00+00:00,22.08
2024-12-20 06:00:00+00:00,22.9675
2024-12-20 07:00:00+00:00,23.4625
2024-12-20 08:00:00+00:00,23.5025
2024-12-20 09:00:00+00:00,23.6225
2024-12-20 10:00:00+00:00,23.775
2024-12-20 11:00:00+00:00,25.4625
2024-12-20 12:00:00+00:00,27.9925
2024-12-20 13:00:00+00:00,28.795
2024-12-20 14:00:00+00:00,21.055
2024-12-20 15:00:00+00:00,20.5775
2024-12-20 16:00:00+00:00,24.3875
2024-12-20 17:00:00+00:00,20.3675
2024-12-20 18:00:00+00:00,20.33
2024-12-20 19:00:00+00:00,20.572499999999998
2024-12-20 20:00:00+00:00,19.927500000000002
2024-12-20 21:00:00+00:00,19.5225
2024-12-20 22:00:00+00:00,36.5125
2024-12-20 23:00:00+00:00,56.485
2024-12-21 00:00:00+00:00,46.84
2024-12-21 01:00:00+00:00,46.6
2024-12-21 02:00:00+00:00,32.925
2024-12-21 03:00:00+00:00,29.759999999999998
2024-12-21 04:00:00+00:00,26.322499999999998
2024-12-21 05:00:00+00:00,22.7975
2024-12-21 06:00:00+00:00,25.075
2024-12-21 07:00:00+00:00,25.09
2024-12-21 08:00:00+00:00,22.439999999999998
2024-12-21 09:00:00+00:00,22.8375
2024-12-21 10:00:00+00:00,22.425
2024-12-21 11:00:00+00:00,25.715
2024-12-21 12:00:00+00:00,25.6425
2024-12-21 13:00:00+00:00,24.4525
2024-12-21 14:00:00+00:00,19.305
2024-12-21 15:00:00+00:00,17.535
2024-12-21 16:00:00+00:00,18.064999999999998
2024-12-21 17:00:00+00:00,19.6625
2024-12-21 18:00:00+00:00,19.66
2024-12-21 19:00:00+00:00,20.0225
2024-12-21 20:00:00+00:00,18.2075
2024-12-21 21:00:00+00:00,17.685000000000002
2024-12-21 22:00:00+00:00,36.9575
2024-12-21 23:00:00+00:00,58.4725
2024-12-22 00:00:00+00:00,36.185
2024-12-22 01:00:00+00:00,24.9
2024-12-22 02:00:00+00:00,22.615000000000002
2024-12-22 03:00:00+00:00,22.15
2024-12-22 04:00:00+00:00,22.945
2024-12-22 05:00:00+00:00,23.052500000000002
2024-12-22 06:00:00+00:00,22.37
2024-12-22 07:00:00+00:00,21.740000000000002
2024-12-22 08:00:00+00:00,20.055
2024-12-22 09:00:00+00:00,20.052500000000002
2024-12-22 10:00:00+00:00,20.0675
2024-12-22 11:00:00+00:00,19.555
2024-12-22 12:00:00+00:00,19.865
2024-12-22 13:00:00+00:00,19.0525
2024-12-22 14:00:00+00:00,17.2825
2024-12-22 15:00:00+00:00,15.1725
2024-12-22 16:00:00+00:00,6.545
2024-12-22 17:00:00+00:00,0.035
2024-12-22 18:00:00+00:00,-0.725
2024-12-22 19:00:00+00:00,-2.6775
2024-12-22 20:00:00+00:00,-4.0625
2024-12-22 21:00:00+00:00,-3.68
2024-12-22 22:00:00+00:00,6.1425
2024-12-22 23:00:00+00:00,20.2
2024-12-23 00:00:00+00:00,19.865000000000002
2024-12-23 01:00:00+00:00,18.325
2024-12-23 02:00:00+00:00,17.0775
2024-12-23 03:00:00+00:00,14.84
2024-12-23 04:00:00+00:00,15.5675
2024-12-23 05:00:00+00:00,13.61
2024-12-23 06:00:00+00:00,6.4375
2024-12-23 07:00:00+00:00,6.0600000000000005
2024-12-23 08:00:00+00:00,3.21
2024-12-23 09:00:00+00:00,2.4775
2024-12-23 10:00:00+00:00,11.6725
2024-12-23 11:00:00+00:00,18.58
2024-12-23 12:00:00+00:00,21.6175
2024-12-23 13:00:00+00:00,23.692500000000003
2024-12-23 14:00:00+00:00,20.83
2024-12-23 15:00:00+00:00,12.145
2024-12-23 16:00:00+00:00,1.3275000000000001
2024-12-23 17:00:00+00:00,-0.165
2024-12-23 18:00:00+00:00,0.035
2024-12-23 19:00:00+00:00,5.465
2024-12-23 20:00:00+00:00,15.34
2024-12-23 21:00:00+00:00,18.7725
2024-12-23 22:00:00+00:00,24.7825
2024-12-23 23:00:00+00:00,27.98
2024-12-24 00:00:00+00:00,22.01
2024-12-24 01:00:00+00:00,19.447499999999998
2024-12-24 02:00:00+00:00,20.91
2024-12-24 03:00:00+00:00,21.18
2024-12-24 04:00:00+00:00,22.9125
2024-12-24 05:00:00+00:00,28.905
2024-12-24 06:00:00+00:00,29.2925
2024-12-24 07:00:00+00:00,25.485
2024-12-24 08:00:00+00:00,22.34
2024-12-24 09:00:00+00:00,23.165
2024-12-24 10:00:00+00:00,23.9775
2024-12-24 11:00:00+00:00,23.705
2024-12-24 12:00:00+00:00,23.075
2024-12-24 13:00:00+00:00,22.895
2024-12-24 14:00:00+00:00,26.380000000000003
2024-12-24 15:00:00+00:00,21.29
2024-12-24 16:00:00+00:00,20.875
2024-12-24 17:00:00+00:00,21.325000000000003
2024-12-24 18:00:00+00:00,21.195
2024-12-24 19:00:00+00:00,21.14
2024-12-24 20:00:00+00:00,21.3125
2024-12-24 21:00:00+00:00,18.7225
2024-12-24 22:00:00+00:00,20.26
2024-12-24 23:00:00+00:00,25.65
2024-12-25 00:00:00+00:00,24.495
2024-12-25 01:00:00+00:00,23.0925
2024-12-25 02:00:00+00:00,23.07
2024-12-25 03:00:00+00:00,23.84
2024-12-25 04:00:00+00:00,26.4725
2024-12-25 05:00:00+00:00,28.677500000000002
2024-12-25 06:00:00+00:00,29.322499999999998
2024-12-25 07:00:00+00:00,30.7
2024-12-25 08:00:00+00:00,32.394999999999996
2024-12-25 09:00:00+00:00,31.0925
2024-12-25 10:00:00+00:00,32.885000000000005
2024-12-25 11:00:00+00:00,40.6425
2024-12-25 12:00:00+00:00,41.86
2024-12-25 13:00:00+00:00,45.29
2024-12-25 14:00:00+00:00,37.394999999999996
2024-12-25 15:00:00+00:00,23.6175
2024-12-25 16:00:00+00:00,29.557499999999997
2024-12-25 17:00:00+00:00,74.48
2024-12-25 18:00:00+00:00,48.3575
2024-12-25 19:00:00+00:00,43.2675
2024-12-25 20:00:00+00:00,27.6525
2024-12-25 21:00:00+00:00,24.2825
2024-12-25 22:00:00+00:00,31.3125
2024-12-25 23:00:00+00:00,44.1775
2024-12-26 00:00:00+00:00,32.677499999999995
2024-12-26 01:00:00+00:00,26.3725
2024-12-26 02:00:00+00:00,24.46
2024-12-26 03:00:00+00:00,22.025
2024-12-26 04:00:00+00:00,25.34
2024-12-26 05:00:00+00:00,23.125
2024-12-26 06:00:00+00:00,25.62
2024-12-26 07:00:00+00:00,27.12
2024-12-26 08:00:00+00:00,25.725
2024-12-26 09:00:00+00:00,32.89
2024-12-26 10:00:00+00:00,39.55
2024-12-26 11:00:00+00:00,45.515
2024-12-26 12:00:00+00:00,56.945
2024-12-26 13:00:00+00:00,76.575
2024-12-26 14:00:00+00:00,80.4525
2024-12-26 15:00:00+00:00,53.025
2024-12-26 16:00:00+00:00,40.695
2024-12-26 17:00:00+00:00,31.53
2024-12-26 18:00:00+00:00,30.1375
2024-12-26 19:00:00+00:00,26.98
2024-12-26 20:00:00+00:00,22.585
2024-12-26 21:00:00+00:00,23.44
2024-12-26 22:00:00+00:00,45.955
2024-12-26 23:00:00+00:00,84.9
2024-12-27 00:00:00+00:00,86.3225
2024-12-27 01:00:00+00:00,67.6375
2024-12-27 02:00:00+00:00,55.370000000000005
2024-12-27 03:00:00+00:00,33.5725
2024-12-27 04:00:00+00:00,24.955
2024-12-27 05:00:00+00:00,21.0975
2024-12-27 06:00:00+00:00,22.72
2024-12-27 07:00:00+00:00,22.0275
2024-12-27 08:00:00+00:00,18.0475
2024-12-27 09:00:00+00:00,17.0425
2024-12-27 10:00:00+00:00,14.9075
2024-12-27 11:00:00+00:00,14.932500000000001
2024-12-27 12:00:00+00:00,16.19
2024-12-27 13:00:00+00:00,16.3875
2024-12-27 14:00:00+00:00,14.5
2024-12-27 15:00:00+00:00,8.165000000000001
2024-12-27 16:00:00+00:00,12.58
2024-12-27 17:00:00+00:00,13.977500000000001
2024-12-27 18:00:00+00:00,13.13
2024-12-27 19:00:00+00:00,16.7125
2024-12-27 20:00:00+00:00,20.0975
2024-12-27 21:00:00+00:00,34.495000000000005
2024-12-27 22:00:00+00:00,57.675
2024-12-27 23:00:00+00:00,37.4425
2024-12-28 00:00:00+00:00,25.560000000000002
2024-12-28 01:00:00+00:00,20.655
2024-12-28 02:00:00+00:00,19.46
2024-12-28 03:00:00+00:00,16.93
2024-12-28 04:00:00+00:00,19.2625
2024-12-28 05:00:00+00:00,15.872499999999999
2024-12-28 06:00:00+00:00,20.97
2024-12-28 07:00:00+00:00,23.7775
2024-12-28 08:00:00+00:00,26.275
2024-12-28 09:00:00+00:00,28.7875
2024-12-28 10:00:00+00:00,22.355
2024-12-28 11:00:00+00:00,21.544999999999998
2024-12-28 12:00:00+00:00,24.11
2024-12-28 13:00:00+00:00,23.015
2024-12-28 14:00:00+00:00,21.7075
2024-12-28 15:00:00+00:00,17.755000000000003
2024-12-28 16:00:00+00:00,15.8675
2024-12-28 17:00:00+00:00,16.925
2024-12-28 18:00:00+00:00,13.5275
2024-12-28 19:00:00+00:00,13.08
2024-12-28 20:00:00+00:00,8.1325
2024-12-28 21:00:00+00:00,0.1275
2024-12-28 22:00:00+00:00,7.975
2024-12-28 23:00:00+00:00,29.965
2024-12-29 00:00:00+00:00,30.1875
2024-12-29 01:00:00+00:00,26.142500000000002
2024-12-29 02:00:00+00:00,25.525
2024-12-29 03:00:00+00:00,30.19
2024-12-29 04:00:00+00:00,38.3275
2024-12-29 05:00:00+00:00,37.74
2024-12-29 06:00:00+00:00,37.980000000000004
2024-12-29 07:00:00+00:00,46.614999999999995
2024-12-29 08:00:00+00:00,30.7925
2024-12-29 09:00:00+00:00,25.427500000000002
2024-12-29 10:00:00+00:00,25.695
2024-12-29 11:00:00+00:00,23.12
2024-12-29 12:00:00+00:00,21.9025
2024-12-29 13:00:00+00:00,19.905
2024-12-29 14:00:00+00:00,16.7475
2024-12-29 15:00:00+00:00,16.215
2024-12-29 16:00:00+00:00,20.8325
2024-12-29 17:00:00+00:00,19.57
2024-12-29 18:00:00+00:00,17.207500000000003
2024-12-29 19:00:00+00:00,17.9025
2024-12-29 20:00:00+00:00,15.61
2024-12-29 21:00:00+00:00,12.24
2024-12-29 22:00:00+00:00,24.080000000000002
2024-12-29 23:00:00+00:00,35.325
2024-12-30 00:00:00+00:00,29.330000000000002
2024-12-30 01:00:00+00:00,22.1425
2024-12-30 02:00:00+00:00,18.005
2024-12-30 03:00:00+00:00,14.067499999999999
2024-12-30 04:00:00+00:00,12.3475
2024-12-30 05:00:00+00:00,4.3549999999999995
2024-12-30 06:00:00+00:00,-2.2424999999999997
2024-12-30 07:00:00+00:00,-9.295
2024-12-30 08:00:00+00:00,-13.5125
2024-12-30 09:00:00+00:00,-18.8925
2024-12-30 10:00:00+00:00,-14.22
2024-12-30 11:00:00+00:00,-2.5825
2024-12-30 12:00:00+00:00,9.0725
2024-12-30 13:00:00+00:00,9.5975
2024-12-30 14:00:00+00:00,-2.805
2024-12-30 15:00:00+00:00,-3.92
2024-12-30 16:00:00+00:00,-3.7125
2024-12-30 17:00:00+00:00,-4.5425
2024-12-30 18:00:00+00:00,-4.885
2024-12-30 19:00:00+00:00,-2.99
2024-12-30 20:00:00+00:00,-1.365
2024-12-30 21:00:00+00:00,-0.8150000000000001
2024-12-30 22:00:00+00:00,16.94
2024-12-30 23:00:00+00:00,44.785
2024-12-31 00:00:00+00:00,33.1575
2024-12-31 01:00:00+00:00,25.21
2024-12-31 02:00:00+00:00,20.84
2024-12-31 03:00:00+00:00,14.85
2024-12-31 04:00:00+00:00,13.6175
2024-12-31 05:00:00+00:00,12.4825
2024-12-31 06:00:00+00:00,14.0
2024-12-31 07:00:00+00:00,10.6375
2024-12-31 08:00:00+00:00,8.9475
2024-12-31 09:00:00+00:00,11.605
2024-12-31 10:00:00+00:00,15.1825
2024-12-31 11:00:00+00:00,18.3575
2024-12-31 12:00:00+00:00,20.884999999999998
2024-12-31 13:00:00+00:00,20.165
2024-12-31 14:00:00+00:00,6.4925
2024-12-31 15:00:00+00:00,-0.39
2024-12-31 16:00:00+00:00,-0.5675
2024-12-31 17:00:00+00:00,10.6
2024-12-31 18:00:00+00:00,20.8525
2024-12-31 19:00:00+00:00,22.13
2024-12-31 20:00:00+00:00,21.4675
2024-12-31 21:00:00+00:00,15.129999999999999
2024-12-31 22:00:00+00:00,27.7975
2024-12-31 23:00:00+00:00,50.082499999999996
2025-01-01 00:00:00+00:00,55.3275
2025-01-01 01:00:00+00:00,34.585
2025-01-01 02:00:00+00:00,26.4975
2025-01-01 03:00:00+00:00,22.625
2025-01-01 04:00:00+00:00,22.2325
2025-01-01 05:00:00+00:00,20.2875
