datetime_utc,solar_cf
2024-01-01 06:00:00+00:00,3.841157019442141e-07
2024-01-01 07:00:00+00:00,3.5874526594029597e-07
2024-01-01 08:00:00+00:00,7.907727624962259e-08
2024-01-01 09:00:00+00:00,6.707651245640231e-09
2024-01-01 10:00:00+00:00,5.52126395049298e-09
2024-01-01 11:00:00+00:00,6.707651245640231e-09
2024-01-01 12:00:00+00:00,7.19133221981565e-08
2024-01-01 13:00:00+00:00,0.0039664178434264145
2024-01-01 14:00:00+00:00,0.14078524241446946
2024-01-01 15:00:00+00:00,0.36623817370381273
2024-01-01 16:00:00+00:00,0.43937405660204837
2024-01-01 17:00:00+00:00,0.4691190870439186
2024-01-01 18:00:00+00:00,0.4825646832503264
2024-01-01 19:00:00+00:00,0.501032047799147
2024-01-01 20:00:00+00:00,0.5183761395336439
2024-01-01 21:00:00+00:00,0.5181715630608243
2024-01-01 22:00:00+00:00,0.3341757906628802
2024-01-01 23:00:00+00:00,0.0417848810878073
2024-01-02 00:00:00+00:00,2.753787433159102e-07
2024-01-02 01:00:00+00:00,4.134103420782347e-08
2024-01-02 02:00:00+00:00,7.122886798941769e-08
2024-01-02 03:00:00+00:00,3.011598518450716e-09
2024-01-02 04:00:00+00:00,3.2853802019462358e-09
2024-01-02 05:00:00+00:00,4.654288619423834e-09
2024-01-02 06:00:00+00:00,4.654288619423834e-09
2024-01-02 07:00:00+00:00,4.654288619423834e-09
2024-01-02 08:00:00+00:00,4.654288619423834e-09
2024-01-02 09:00:00+00:00,4.106725252432795e-09
2024-01-02 10:00:00+00:00,4.654288619423834e-09
2024-01-02 11:00:00+00:00,4.654288619423834e-09
2024-01-02 12:00:00+00:00,4.106725252432795e-09
2024-01-02 13:00:00+00:00,0.006684788102293766
2024-01-02 14:00:00+00:00,0.09942249229981394
2024-01-02 15:00:00+00:00,0.19639337982105312
2024-01-02 16:00:00+00:00,0.23368447675575554
2024-01-02 17:00:00+00:00,0.2756285048090345
2024-01-02 18:00:00+00:00,0.28542718922573257
2024-01-02 19:00:00+00:00,0.26227312318087004
2024-01-02 20:00:00+00:00,0.21681003869961954
2024-01-02 21:00:00+00:00,0.15096564876859242
2024-01-02 22:00:00+00:00,0.09967707111855022
2024-01-02 23:00:00+00:00,0.019479357839651434
2024-01-03 00:00:00+00:00,1.0403703972829747e-08
2024-01-03 01:00:00+00:00,9.354207519430256e-09
2024-01-03 02:00:00+00:00,4.02778486702492e-06
2024-01-03 03:00:00+00:00,9.637115259042292e-08
2024-01-03 04:00:00+00:00,2.300678746974017e-07
2024-01-03 05:00:00+00:00,8.395971627195935e-09
2024-01-03 06:00:00+00:00,1.154446098739441e-08
2024-01-03 07:00:00+00:00,7.574626576709377e-09
2024-01-03 08:00:00+00:00,1.4419168664097368e-08
2024-01-03 09:00:00+00:00,7.848408260204896e-09
2024-01-03 10:00:00+00:00,1.291336940487201e-08
2024-01-03 11:00:00+00:00,7.209584332048684e-09
2024-01-03 12:00:00+00:00,1.3296663761765736e-07
2024-01-03 13:00:00+00:00,0.0011838493389412484
2024-01-03 14:00:00+00:00,0.08771785127739551
2024-01-03 15:00:00+00:00,0.2713565821071854
2024-01-03 16:00:00+00:00,0.35685433556849255
2024-01-03 17:00:00+00:00,0.3986959357338879
2024-01-03 18:00:00+00:00,0.4149275696237531
2024-01-03 19:00:00+00:00,0.44404057719389706
2024-01-03 20:00:00+00:00,0.42541169244871185
2024-01-03 21:00:00+00:00,0.3685821389776375
2024-01-03 22:00:00+00:00,0.24895956991831003
2024-01-03 23:00:00+00:00,0.043795347508593055
2024-01-04 00:00:00+00:00,9.582358922343189e-09
2024-01-04 01:00:00+00:00,1.3962865858271502e-08
2024-01-04 02:00:00+00:00,1.2867739124289425e-08
2024-01-04 03:00:00+00:00,1.3205403200600563e-07
2024-01-04 04:00:00+00:00,1.2320175757298384e-08
2024-01-04 05:00:00+00:00,4.654288619423834e-09
2024-01-04 06:00:00+00:00,3.832943568937276e-09
2024-01-04 07:00:00+00:00,3.5591618854417554e-09
2024-01-04 08:00:00+00:00,3.011598518450716e-09
2024-01-04 09:00:00+00:00,2.7378168349551966e-09
2024-01-04 10:00:00+00:00,3.011598518450716e-09
2024-01-04 11:00:00+00:00,4.566313438460607e-06
2024-01-04 12:00:00+00:00,2.304101018017711e-06
2024-01-04 13:00:00+00:00,0.0058782308218778495
2024-01-04 14:00:00+00:00,0.11475346152052272
2024-01-04 15:00:00+00:00,0.2676804747863111
2024-01-04 16:00:00+00:00,0.3162936139289051
2024-01-04 17:00:00+00:00,0.3412187684824482
2024-01-04 18:00:00+00:00,0.32701439272847177
2024-01-04 19:00:00+00:00,0.2983368517635009
2024-01-04 20:00:00+00:00,0.26126857875956255
2024-01-04 21:00:00+00:00,0.20264336085824927
2024-01-04 22:00:00+00:00,0.09019659886333259
2024-01-04 23:00:00+00:00,0.012002317686795239
2024-01-05 00:00:00+00:00,2.5949940567317004e-07
2024-01-05 01:00:00+00:00,1.7540279855946294e-07
2024-01-05 02:00:00+00:00,1.7052035853712614e-07
2024-01-05 03:00:00+00:00,3.4989299150727407e-07
2024-01-05 04:00:00+00:00,4.02002771932588e-07
2024-01-05 05:00:00+00:00,2.3341713729216353e-06
2024-01-05 06:00:00+00:00,3.3941627908551225e-06
2024-01-05 07:00:00+00:00,2.3040553877371285e-06
2024-01-05 08:00:00+00:00,2.3288782603740554e-06
2024-01-05 09:00:00+00:00,1.0786998329723474e-06
2024-01-05 10:00:00+00:00,1.0951267339820786e-08
2024-01-05 11:00:00+00:00,6.521251549460366e-06
2024-01-05 12:00:00+00:00,4.928070302919353e-09
2024-01-05 13:00:00+00:00,0.0014952131710210398
2024-01-05 14:00:00+00:00,0.12056445731034943
2024-01-05 15:00:00+00:00,0.34019860408601277
2024-01-05 16:00:00+00:00,0.38484724098998957
2024-01-05 17:00:00+00:00,0.4246812817941448
2024-01-05 18:00:00+00:00,0.4108541803485146
2024-01-05 19:00:00+00:00,0.3572506927795903
2024-01-05 20:00:00+00:00,0.33929646971114913
2024-01-05 21:00:00+00:00,0.35734197506076903
2024-01-05 22:00:00+00:00,0.35302976793948926
2024-01-05 23:00:00+00:00,0.0610431597617333
2024-01-06 00:00:00+00:00,4.181148240062993e-06
2024-01-06 01:00:00+00:00,8.419699373098881e-07
2024-01-06 02:00:00+00:00,8.320681664234668e-07
2024-01-06 03:00:00+00:00,7.227836444281718e-07
2024-01-06 04:00:00+00:00,5.34558737025002e-07
2024-01-06 05:00:00+00:00,1.1339124724772771e-07
2024-01-06 06:00:00+00:00,1.958451642604617e-07
2024-01-06 07:00:00+00:00,2.190253467964157e-09
2024-01-06 08:00:00+00:00,2.7378168349551966e-09
2024-01-06 09:00:00+00:00,7.665887137874552e-09
2024-01-06 10:00:00+00:00,5.201851986414874e-09
2024-01-06 11:00:00+00:00,1.027885952515579e-05
2024-01-06 12:00:00+00:00,4.865967491046453e-06
2024-01-06 13:00:00+00:00,0.009698637699376463
2024-01-06 14:00:00+00:00,0.1919303912249015
2024-01-06 15:00:00+00:00,0.4393672556368789
2024-01-06 16:00:00+00:00,0.48090460180673317
2024-01-06 17:00:00+00:00,0.4841053678629234
2024-01-06 18:00:00+00:00,0.5080874914463279
2024-01-06 19:00:00+00:00,0.5165035123799878
2024-01-06 20:00:00+00:00,0.5301532018801742
2024-01-06 21:00:00+00:00,0.5225387957374585
2024-01-06 22:00:00+00:00,0.35437892825598494
2024-01-06 23:00:00+00:00,0.058734506028100736
2024-01-07 00:00:00+00:00,1.3739186222855663e-05
2024-01-07 01:00:00+00:00,5.429592716802563e-06
2024-01-07 02:00:00+00:00,2.620090711052123e-07
2024-01-07 03:00:00+00:00,4.5593776358120534e-07
2024-01-07 04:00:00+00:00,5.13158135431769e-07
2024-01-07 05:00:00+00:00,4.1441420825105155e-07
2024-01-07 06:00:00+00:00,1.5464102089438601e-07
2024-01-07 07:00:00+00:00,1.2335690052696464e-06
2024-01-07 08:00:00+00:00,3.593840898684521e-06
2024-01-07 09:00:00+00:00,3.793975309319746e-06
2024-01-07 10:00:00+00:00,3.969013065634549e-06
2024-01-07 11:00:00+00:00,3.5128927809310124e-06
2024-01-07 12:00:00+00:00,3.01095969452256e-06
2024-01-07 13:00:00+00:00,0.007467394139692441
2024-01-07 14:00:00+00:00,0.19861136623279835
2024-01-07 15:00:00+00:00,0.4026260925166135
2024-01-07 16:00:00+00:00,0.42367299149184373
2024-01-07 17:00:00+00:00,0.36458120278518624
2024-01-07 18:00:00+00:00,0.3076060221444741
2024-01-07 19:00:00+00:00,0.22586494055365625
2024-01-07 20:00:00+00:00,0.19585353212383608
2024-01-07 21:00:00+00:00,0.1867592211304109
2024-01-07 22:00:00+00:00,0.14305086537897396
2024-01-07 23:00:00+00:00,0.02502811955545937
2024-01-08 00:00:00+00:00,6.866946555154042e-06
2024-01-08 01:00:00+00:00,2.3341713729216357e-06
2024-01-08 02:00:00+00:00,2.320756070430355e-06
2024-01-08 03:00:00+00:00,2.2861683177487542e-06
2024-01-08 04:00:00+00:00,2.6946505895240695e-06
2024-01-08 05:00:00+00:00,2.8885792820000625e-06
2024-01-08 06:00:00+00:00,2.767202735650382e-06
2024-01-08 07:00:00+00:00,2.7880101435960417e-06
2024-01-08 08:00:00+00:00,2.849702282943699e-06
2024-01-08 09:00:00+00:00,2.843314043662137e-06
2024-01-08 10:00:00+00:00,2.5470822621199847e-06
2024-01-08 11:00:00+00:00,1.819735589633554e-07
2024-01-08 12:00:00+00:00,7.388455031932424e-07
2024-01-08 13:00:00+00:00,0.0006630211640160717
2024-01-08 14:00:00+00:00,0.033605580056778314
2024-01-08 15:00:00+00:00,0.10023361488980215
2024-01-08 16:00:00+00:00,0.1273640304824416
2024-01-08 17:00:00+00:00,0.16083900339778093
2024-01-08 18:00:00+00:00,0.14358548215771585
2024-01-08 19:00:00+00:00,0.13618953239782802
2024-01-08 20:00:00+00:00,0.1511730578323398
2024-01-08 21:00:00+00:00,0.15930573238250054
2024-01-08 22:00:00+00:00,0.0979615625731333
2024-01-08 23:00:00+00:00,0.019015815242247776
2024-01-09 00:00:00+00:00,2.167985891039855e-06
2024-01-09 01:00:00+00:00,2.5098935834451764e-06
2024-01-09 02:00:00+00:00,2.760084411879499e-06
2024-01-09 03:00:00+00:00,2.7559320563464835e-06
2024-01-09 04:00:00+00:00,2.493603573277193e-06
2024-01-09 05:00:00+00:00,2.7729065207232053e-06
2024-01-09 06:00:00+00:00,2.7035028639570913e-06
2024-01-09 07:00:00+00:00,2.81479511829802e-06
2024-01-09 08:00:00+00:00,2.653765858122072e-06
2024-01-09 09:00:00+00:00,1.4563360350738343e-06
2024-01-09 10:00:00+00:00,1.5669438352060243e-06
2024-01-09 11:00:00+00:00,1.2331127024638204e-06
2024-01-09 12:00:00+00:00,1.872055269349548e-05
2024-01-09 13:00:00+00:00,0.009007004524223886
2024-01-09 14:00:00+00:00,0.22185095638247235
2024-01-09 15:00:00+00:00,0.4610093510183279
2024-01-09 16:00:00+00:00,0.4985661948285694
2024-01-09 17:00:00+00:00,0.5332778904860208
2024-01-09 18:00:00+00:00,0.5537280805024918
2024-01-09 19:00:00+00:00,0.5290272198592016
2024-01-09 20:00:00+00:00,0.5153376934357463
2024-01-09 21:00:00+00:00,0.5121307441571252
2024-01-09 22:00:00+00:00,0.4077417917498413
2024-01-09 23:00:00+00:00,0.07679982431933129
2024-01-10 00:00:00+00:00,4.071037809989154e-05
2024-01-10 01:00:00+00:00,5.181637772116788e-06
2024-01-10 02:00:00+00:00,6.92302616999004e-07
2024-01-10 03:00:00+00:00,6.502771285824418e-07
2024-01-10 04:00:00+00:00,6.563003256193432e-07
2024-01-10 05:00:00+00:00,6.831309306019041e-07
2024-01-10 06:00:00+00:00,1.296219380509538e-06
2024-01-10 07:00:00+00:00,2.9947153146351587e-07
2024-01-10 08:00:00+00:00,2.8327278185669764e-07
2024-01-10 09:00:00+00:00,2.7318848984794605e-07
2024-01-10 10:00:00+00:00,2.844591691518449e-07
2024-01-10 11:00:00+00:00,3.061791827091561e-07
2024-01-10 12:00:00+00:00,3.544751842833775e-05
2024-01-10 13:00:00+00:00,0.007366886419646085
2024-01-10 14:00:00+00:00,0.20023380739482988
2024-01-10 15:00:00+00:00,0.45140542006142725
2024-01-10 16:00:00+00:00,0.5248878559971526
2024-01-10 17:00:00+00:00,0.498853454875604
2024-01-10 18:00:00+00:00,0.433841235824762
2024-01-10 19:00:00+00:00,0.42605347312778924
2024-01-10 20:00:00+00:00,0.43598506422391625
2024-01-10 21:00:00+00:00,0.42722652524721794
2024-01-10 22:00:00+00:00,0.34178412387155316
2024-01-10 23:00:00+00:00,0.07209874440246572
2024-01-11 00:00:00+00:00,4.641160787700224e-05
2024-01-11 01:00:00+00:00,1.0285977848926673e-06
2024-01-11 02:00:00+00:00,1.6280884111866902e-07
2024-01-11 03:00:00+00:00,2.1978280945408665e-06
2024-01-11 04:00:00+00:00,1.7647054712509545e-06
2024-01-11 05:00:00+00:00,4.06200757746186e-07
2024-01-11 06:00:00+00:00,2.985132955712816e-07
2024-01-11 07:00:00+00:00,1.9999751979347708e-07
2024-01-11 08:00:00+00:00,1.427315176623309e-07
2024-01-11 09:00:00+00:00,5.904558307386707e-08
2024-01-11 10:00:00+00:00,1.1612906408268291e-07
2024-01-11 11:00:00+00:00,4.2098496865494406e-07
2024-01-11 12:00:00+00:00,5.181774662958535e-07
2024-01-11 13:00:00+00:00,0.004036233587256469
2024-01-11 14:00:00+00:00,0.15062571134607236
2024-01-11 15:00:00+00:00,0.37791383475251206
2024-01-11 16:00:00+00:00,0.49273887047098763
2024-01-11 17:00:00+00:00,0.4121862327776931
2024-01-11 18:00:00+00:00,0.29451191247586234
2024-01-11 19:00:00+00:00,0.23226571999455833
2024-01-11 20:00:00+00:00,0.21235879766483418
2024-01-11 21:00:00+00:00,0.18013795585432177
2024-01-11 22:00:00+00:00,0.14428635012594357
2024-01-11 23:00:00+00:00,0.03999163807403776
2024-01-12 00:00:00+00:00,2.422511596129523e-06
2024-01-12 01:00:00+00:00,1.587933764274014e-08
2024-01-12 02:00:00+00:00,1.5057992592253582e-08
2024-01-12 03:00:00+00:00,1.3141520807784943e-08
2024-01-12 04:00:00+00:00,1.3962865858271502e-08
2024-01-12 05:00:00+00:00,1.4236647541767021e-08
2024-01-12 06:00:00+00:00,1.3962865858271502e-08
2024-01-12 07:00:00+00:00,1.2867739124289425e-08
2024-01-12 08:00:00+00:00,1.0129922289334228e-08
2024-01-12 09:00:00+00:00,7.392105454379031e-09
2024-01-12 10:00:00+00:00,5.195463747133312e-07
2024-01-12 11:00:00+00:00,4.733229004831709e-07
2024-01-12 12:00:00+00:00,9.835880761260038e-06
2024-01-12 13:00:00+00:00,0.005761802970717912
2024-01-12 14:00:00+00:00,0.1879881873180176
2024-01-12 15:00:00+00:00,0.4697968223307325
2024-01-12 16:00:00+00:00,0.536269171118176
2024-01-12 17:00:00+00:00,0.5164685423824459
2024-01-12 18:00:00+00:00,0.4732921729153357
2024-01-12 19:00:00+00:00,0.3902059168586613
2024-01-12 20:00:00+00:00,0.36501387257357165
2024-01-12 21:00:00+00:00,0.34276811440675387
2024-01-12 22:00:00+00:00,0.30475675681709724
2024-01-12 23:00:00+00:00,0.07979033110755802
2024-01-13 00:00:00+00:00,6.765054138613126e-05
2024-01-13 01:00:00+00:00,1.9997926768124406e-05
2024-01-13 02:00:00+00:00,5.491604268114298e-07
2024-01-13 03:00:00+00:00,7.957920933603104e-08
2024-01-13 04:00:00+00:00,1.879967560002568e-08
2024-01-13 05:00:00+00:00,4.380506935928314e-09
2024-01-13 06:00:00+00:00,4.380506935928314e-09
2024-01-13 07:00:00+00:00,2.7378168349551966e-09
2024-01-13 08:00:00+00:00,3.011598518450716e-09
2024-01-13 09:00:00+00:00,1.916471784468638e-09
2024-01-13 10:00:00+00:00,1.0951267339820785e-09
2024-01-13 11:00:00+00:00,2.4640351514596766e-09
2024-01-13 12:00:00+00:00,1.916471784468638e-09
2024-01-13 13:00:00+00:00,0.009907321855684445
2024-01-13 14:00:00+00:00,0.1688891036582487
2024-01-13 15:00:00+00:00,0.32548518874009974
2024-01-13 16:00:00+00:00,0.30764544100311236
2024-01-13 17:00:00+00:00,0.23648996895496954
2024-01-13 18:00:00+00:00,0.18929502299397724
2024-01-13 19:00:00+00:00,0.18054572291707924
2024-01-13 20:00:00+00:00,0.15952466601243295
2024-01-13 21:00:00+00:00,0.13655063980650325
2024-01-13 22:00:00+00:00,0.11400308770946141
2024-01-13 23:00:00+00:00,0.02860838905046274
2024-01-14 00:00:00+00:00,8.938346831284734e-05
2024-01-14 01:00:00+00:00,1.916471784468638e-09
2024-01-14 02:00:00+00:00,1.916471784468638e-09
2024-01-14 03:00:00+00:00,8.213450504865589e-10
2024-01-14 04:00:00+00:00,2.7378168349551963e-10
2024-01-14 05:00:00+00:00,0.0
2024-01-14 06:00:00+00:00,2.7378168349551963e-10
2024-01-14 07:00:00+00:00,0.0
2024-01-14 08:00:00+00:00,0.0
2024-01-14 09:00:00+00:00,0.0
2024-01-14 10:00:00+00:00,0.0
2024-01-14 11:00:00+00:00,0.0
2024-01-14 12:00:00+00:00,0.0
2024-01-14 13:00:00+00:00,0.004907921020510537
2024-01-14 14:00:00+00:00,0.08419375115199004
2024-01-14 15:00:00+00:00,0.21716059638742405
2024-01-14 16:00:00+00:00,0.2733541879984312
2024-01-14 17:00:00+00:00,0.33143370178416603
2024-01-14 18:00:00+00:00,0.3682790983368874
2024-01-14 19:00:00+00:00,0.37729418475951715
2024-01-14 20:00:00+00:00,0.36601820750626096
2024-01-14 21:00:00+00:00,0.33024093811361016
2024-01-14 22:00:00+00:00,0.24594696297065843
2024-01-14 23:00:00+00:00,0.06240577996150438
2024-01-15 00:00:00+00:00,8.576416571759774e-05
2024-01-15 01:00:00+00:00,0.0
2024-01-15 02:00:00+00:00,0.0
2024-01-15 03:00:00+00:00,0.0
2024-01-15 04:00:00+00:00,0.0
2024-01-15 05:00:00+00:00,0.0
2024-01-15 06:00:00+00:00,0.0
2024-01-15 07:00:00+00:00,0.0
2024-01-15 08:00:00+00:00,0.0
2024-01-15 09:00:00+00:00,0.0
2024-01-15 10:00:00+00:00,0.0
2024-01-15 11:00:00+00:00,0.0
2024-01-15 12:00:00+00:00,0.0
2024-01-15 13:00:00+00:00,0.00044192926744235134
2024-01-15 14:00:00+00:00,0.0806205460913962
2024-01-15 15:00:00+00:00,0.28368701952139314
2024-01-15 16:00:00+00:00,0.35282979008634674
2024-01-15 17:00:00+00:00,0.38232863330060096
2024-01-15 18:00:00+00:00,0.3858824609606124
2024-01-15 19:00:00+00:00,0.39599620631161386
2024-01-15 20:00:00+00:00,0.40036876691669987
2024-01-15 21:00:00+00:00,0.3513495692003139
2024-01-15 22:00:00+00:00,0.2395022031944893
2024-01-15 23:00:00+00:00,0.05824361875497348
2024-01-16 00:00:00+00:00,0.0001392172559729824
2024-01-16 01:00:00+00:00,2.7378168349551963e-10
2024-01-16 02:00:00+00:00,0.0
2024-01-16 03:00:00+00:00,0.0
2024-01-16 04:00:00+00:00,0.0
2024-01-16 05:00:00+00:00,0.0
2024-01-16 06:00:00+00:00,0.0
2024-01-16 07:00:00+00:00,0.0
2024-01-16 08:00:00+00:00,0.0
2024-01-16 09:00:00+00:00,2.7378168349551963e-10
2024-01-16 10:00:00+00:00,0.0
2024-01-16 11:00:00+00:00,0.0
2024-01-16 12:00:00+00:00,0.0
2024-01-16 13:00:00+00:00,0.00868972600391442
2024-01-16 14:00:00+00:00,0.2546010066427206
2024-01-16 15:00:00+00:00,0.5892062944205774
2024-01-16 16:00:00+00:00,0.6567157125739157
2024-01-16 17:00:00+00:00,0.6519128748954672
2024-01-16 18:00:00+00:00,0.6404631675584771
2024-01-16 19:00:00+00:00,0.6457500617026799
2024-01-16 20:00:00+00:00,0.6675877130893013
2024-01-16 21:00:00+00:00,0.6752136736404055
2024-01-16 22:00:00+00:00,0.5058689729398808
2024-01-16 23:00:00+00:00,0.10696797896867077
2024-01-17 00:00:00+00:00,7.724499233282883e-05
2024-01-17 01:00:00+00:00,4.415550991415741e-06
2024-01-17 02:00:00+00:00,8.213450504865589e-10
2024-01-17 03:00:00+00:00,2.7378168349551963e-10
2024-01-17 04:00:00+00:00,0.0
2024-01-17 05:00:00+00:00,2.7378168349551963e-10
2024-01-17 06:00:00+00:00,0.0
2024-01-17 07:00:00+00:00,5.475633669910393e-10
2024-01-17 08:00:00+00:00,2.7378168349551963e-10
2024-01-17 09:00:00+00:00,2.7378168349551963e-10
2024-01-17 10:00:00+00:00,2.7378168349551963e-10
2024-01-17 11:00:00+00:00,2.7378168349551963e-10
2024-01-17 12:00:00+00:00,2.7378168349551963e-10
2024-01-17 13:00:00+00:00,0.008199012080223087
2024-01-17 14:00:00+00:00,0.15374771383419192
2024-01-17 15:00:00+00:00,0.34908341811094196
2024-01-17 16:00:00+00:00,0.4289460158559607
2024-01-17 17:00:00+00:00,0.4536424965855084
2024-01-17 18:00:00+00:00,0.4219582870432313
2024-01-17 19:00:00+00:00,0.39866258218903555
2024-01-17 20:00:00+00:00,0.3611726723878841
2024-01-17 21:00:00+00:00,0.3125112972475348
2024-01-17 22:00:00+00:00,0.20329808452078366
2024-01-17 23:00:00+00:00,0.039477018674500604
2024-01-18 00:00:00+00:00,0.00016839709032105723
2024-01-18 01:00:00+00:00,3.909602440316021e-07
2024-01-18 02:00:00+00:00,2.7378168349551966e-09
2024-01-18 03:00:00+00:00,3.011598518450716e-09
2024-01-18 04:00:00+00:00,2.7378168349551966e-09
2024-01-18 05:00:00+00:00,3.011598518450716e-09
2024-01-18 06:00:00+00:00,2.7378168349551966e-09
2024-01-18 07:00:00+00:00,4.654288619423834e-09
2024-01-18 08:00:00+00:00,4.654288619423834e-09
2024-01-18 09:00:00+00:00,4.928070302919353e-09
2024-01-18 10:00:00+00:00,4.928070302919353e-09
2024-01-18 11:00:00+00:00,4.654288619423834e-09
2024-01-18 12:00:00+00:00,0.00033036902646356106
2024-01-18 13:00:00+00:00,0.005299997883138275
2024-01-18 14:00:00+00:00,0.19460501071444344
2024-01-18 15:00:00+00:00,0.4939419286066246
2024-01-18 16:00:00+00:00,0.5515291515774318
2024-01-18 17:00:00+00:00,0.5486285766878601
2024-01-18 18:00:00+00:00,0.5448578981464433
2024-01-18 19:00:00+00:00,0.5480569994274767
2024-01-18 20:00:00+00:00,0.531534155277187
2024-01-18 21:00:00+00:00,0.49296775346418914
2024-01-18 22:00:00+00:00,0.4193527557226955
2024-01-18 23:00:00+00:00,0.10276549186478416
2024-01-19 00:00:00+00:00,0.0009488420776313427
2024-01-19 01:00:00+00:00,0.0007233852796776532
2024-01-19 02:00:00+00:00,1.5057992592253582e-08
2024-01-19 03:00:00+00:00,1.5331774275749103e-08
2024-01-19 04:00:00+00:00,1.2593957440793902e-08
2024-01-19 05:00:00+00:00,2.8199513400038525e-08
2024-01-19 06:00:00+00:00,2.0346542111775367e-07
2024-01-19 07:00:00+00:00,4.426137216510901e-09
2024-01-19 08:00:00+00:00,3.011598518450716e-09
2024-01-19 09:00:00+00:00,2.190253467964157e-09
2024-01-19 10:00:00+00:00,2.4640351514596766e-09
2024-01-19 11:00:00+00:00,1.3689084174775983e-09
2024-01-19 12:00:00+00:00,1.916471784468638e-09
2024-01-19 13:00:00+00:00,0.010153268702982342
2024-01-19 14:00:00+00:00,0.26124332454388327
2024-01-19 15:00:00+00:00,0.5543189637520686
2024-01-19 16:00:00+00:00,0.6343750873654463
2024-01-19 17:00:00+00:00,0.6339117325366472
2024-01-19 18:00:00+00:00,0.633885132912145
2024-01-19 19:00:00+00:00,0.6370717031598945
2024-01-19 20:00:00+00:00,0.651808731674076
2024-01-19 21:00:00+00:00,0.6533398668271829
2024-01-19 22:00:00+00:00,0.5011933178046832
2024-01-19 23:00:00+00:00,0.11762824133869927
2024-01-20 00:00:00+00:00,0.0002917064897259354
2024-01-20 01:00:00+00:00,1.689333373784638e-05
2024-01-20 02:00:00+00:00,6.889716065164753e-07
2024-01-20 03:00:00+00:00,1.6426901009731179e-09
2024-01-20 04:00:00+00:00,1.3689084174775983e-09
2024-01-20 05:00:00+00:00,4.1482488077629487e-07
2024-01-20 06:00:00+00:00,2.7378168349551963e-10
2024-01-20 07:00:00+00:00,5.475633669910393e-10
2024-01-20 08:00:00+00:00,0.0
2024-01-20 09:00:00+00:00,0.0
2024-01-20 10:00:00+00:00,0.0
2024-01-20 11:00:00+00:00,0.0
2024-01-20 12:00:00+00:00,2.7378168349551963e-10
2024-01-20 13:00:00+00:00,0.012542281011143281
2024-01-20 14:00:00+00:00,0.2668378876081957
2024-01-20 15:00:00+00:00,0.5845545228130608
2024-01-20 16:00:00+00:00,0.6418317162268227
2024-01-20 17:00:00+00:00,0.6243924088353304
2024-01-20 18:00:00+00:00,0.6051138010044296
2024-01-20 19:00:00+00:00,0.5900069806353119
2024-01-20 20:00:00+00:00,0.5635735982421198
2024-01-20 21:00:00+00:00,0.507917931787718
2024-01-20 22:00:00+00:00,0.335540810057174
2024-01-20 23:00:00+00:00,0.06706601767438944
2024-01-21 00:00:00+00:00,0.0001569228543354794
2024-01-21 01:00:00+00:00,3.5007551262960445e-07
2024-01-21 02:00:00+00:00,1.7266498172450773e-07
2024-01-21 03:00:00+00:00,1.6426901009731179e-09
2024-01-21 04:00:00+00:00,1.3689084174775983e-09
2024-01-21 05:00:00+00:00,1.6426901009731179e-09
2024-01-21 06:00:00+00:00,1.916471784468638e-09
2024-01-21 07:00:00+00:00,3.2853802019462358e-09
2024-01-21 08:00:00+00:00,2.4640351514596766e-09
2024-01-21 09:00:00+00:00,1.6426901009731179e-09
2024-01-21 10:00:00+00:00,1.6426901009731179e-09
2024-01-21 11:00:00+00:00,1.0951267339820785e-09
2024-01-21 12:00:00+00:00,1.0951267339820785e-09
2024-01-21 13:00:00+00:00,0.0012169945359325111
2024-01-21 14:00:00+00:00,0.025449650444791208
2024-01-21 15:00:00+00:00,0.07209786560889199
2024-01-21 16:00:00+00:00,0.12497605174576613
2024-01-21 17:00:00+00:00,0.16732316314165213
2024-01-21 18:00:00+00:00,0.1943188006201651
2024-01-21 19:00:00+00:00,0.1876355922838154
2024-01-21 20:00:00+00:00,0.15118924909858059
2024-01-21 21:00:00+00:00,0.12858095976707287
2024-01-21 22:00:00+00:00,0.11502509155376765
2024-01-21 23:00:00+00:00,0.023405618298348335
2024-01-22 00:00:00+00:00,6.41000492540002e-05
2024-01-22 01:00:00+00:00,3.7647719297468904e-06
2024-01-22 02:00:00+00:00,2.3830414034255856e-06
2024-01-22 03:00:00+00:00,3.54319128723785e-07
2024-01-22 04:00:00+00:00,7.857534316321414e-08
2024-01-22 05:00:00+00:00,4.654288619423834e-09
2024-01-22 06:00:00+00:00,5.171736001230367e-07
2024-01-22 07:00:00+00:00,1.1803640981103503e-06
2024-01-22 08:00:00+00:00,1.057344861659697e-06
2024-01-22 09:00:00+00:00,1.933081206600699e-06
2024-01-22 10:00:00+00:00,3.7252561067623704e-07
2024-01-22 11:00:00+00:00,2.7530573486697805e-06
2024-01-22 12:00:00+00:00,8.63188017780791e-06
2024-01-22 13:00:00+00:00,6.565741073028388e-05
2024-01-22 14:00:00+00:00,0.01951276714470671
2024-01-22 15:00:00+00:00,0.0784397802538919
2024-01-22 16:00:00+00:00,0.15180206239789631
2024-01-22 17:00:00+00:00,0.2157010823401985
2024-01-22 18:00:00+00:00,0.2555152775314622
2024-01-22 19:00:00+00:00,0.2712528363711683
2024-01-22 20:00:00+00:00,0.2899093822837033
2024-01-22 21:00:00+00:00,0.28206448855896943
2024-01-22 22:00:00+00:00,0.19926378360406125
2024-01-22 23:00:00+00:00,0.046212033623691445
2024-01-23 00:00:00+00:00,8.048971595477598e-05
2024-01-23 01:00:00+00:00,4.525702488742105e-06
2024-01-23 02:00:00+00:00,5.475633669910393e-09
2024-01-23 03:00:00+00:00,5.749415353405913e-09
2024-01-23 04:00:00+00:00,1.8471137579831056e-07
2024-01-23 05:00:00+00:00,3.5591618854417554e-09
2024-01-23 06:00:00+00:00,3.2853802019462358e-09
2024-01-23 07:00:00+00:00,5.749415353405913e-09
2024-01-23 08:00:00+00:00,6.5707604038924715e-09
2024-01-23 09:00:00+00:00,3.011598518450716e-09
2024-01-23 10:00:00+00:00,7.118323770883511e-09
2024-01-23 11:00:00+00:00,2.190253467964157e-09
2024-01-23 12:00:00+00:00,2.363466013055656e-06
2024-01-23 13:00:00+00:00,0.00035322523400737867
2024-01-23 14:00:00+00:00,0.01954673669834698
2024-01-23 15:00:00+00:00,0.08365026621947749
2024-01-23 16:00:00+00:00,0.16010708060134568
2024-01-23 17:00:00+00:00,0.20220763434299793
2024-01-23 18:00:00+00:00,0.2169679946235074
2024-01-23 19:00:00+00:00,0.20388431124585737
2024-01-23 20:00:00+00:00,0.1958766125585787
2024-01-23 21:00:00+00:00,0.13655426335271456
2024-01-23 22:00:00+00:00,0.08736343573188886
2024-01-23 23:00:00+00:00,0.021722312867149783
2024-01-24 00:00:00+00:00,9.03555301800982e-05
2024-01-24 01:00:00+00:00,6.108434401029703e-06
2024-01-24 02:00:00+00:00,1.2320175757298384e-08
2024-01-24 03:00:00+00:00,2.7647843307795053e-06
2024-01-24 04:00:00+00:00,4.2869648607340114e-06
2024-01-24 05:00:00+00:00,3.7956636297013014e-06
2024-01-24 06:00:00+00:00,6.64605036685374e-07
2024-01-24 07:00:00+00:00,1.186387295147252e-08
2024-01-24 08:00:00+00:00,1.2639587721376491e-08
2024-01-24 09:00:00+00:00,1.172698210972476e-08
2024-01-24 10:00:00+00:00,1.5103622872836168e-08
2024-01-24 11:00:00+00:00,1.4327908102932195e-08
2024-01-24 12:00:00+00:00,6.515593394668125e-06
2024-01-24 13:00:00+00:00,0.00012757541996682474
2024-01-24 14:00:00+00:00,0.034938011536697636
2024-01-24 15:00:00+00:00,0.11853029567805078
2024-01-24 16:00:00+00:00,0.1711848985050314
2024-01-24 17:00:00+00:00,0.20994416199202404
2024-01-24 18:00:00+00:00,0.22467007629313376
2024-01-24 19:00:00+00:00,0.21784793821720896
2024-01-24 20:00:00+00:00,0.18869462386879682
2024-01-24 21:00:00+00:00,0.14388452658975312
2024-01-24 22:00:00+00:00,0.11361570141152617
2024-01-24 23:00:00+00:00,0.04724612173520438
2024-01-25 00:00:00+00:00,0.0004930913525702454
2024-01-25 01:00:00+00:00,7.630158628178386e-06
2024-01-25 02:00:00+00:00,1.1863872951472517e-07
2024-01-25 03:00:00+00:00,2.681007135629876e-06
2024-01-25 04:00:00+00:00,5.587975420704721e-06
2024-01-25 05:00:00+00:00,3.434591219451294e-07
2024-01-25 06:00:00+00:00,7.205021303990426e-08
2024-01-25 07:00:00+00:00,3.741683007772102e-08
2024-01-25 08:00:00+00:00,1.53317742757491e-08
2024-01-25 09:00:00+00:00,1.5057992592253582e-08
2024-01-25 10:00:00+00:00,1.5514295398079446e-08
2024-01-25 11:00:00+00:00,1.6244379887400832e-08
2024-01-25 12:00:00+00:00,7.945920169809883e-06
2024-01-25 13:00:00+00:00,0.006968312215735912
2024-01-25 14:00:00+00:00,0.1411665682810589
2024-01-25 15:00:00+00:00,0.3160616244718318
2024-01-25 16:00:00+00:00,0.38382950111288267
2024-01-25 17:00:00+00:00,0.4183481944638145
2024-01-25 18:00:00+00:00,0.45618176160484986
2024-01-25 19:00:00+00:00,0.4676363362326091
2024-01-25 20:00:00+00:00,0.47191768815815893
2024-01-25 21:00:00+00:00,0.4621350271338994
2024-01-25 22:00:00+00:00,0.3713339258880353
2024-01-25 23:00:00+00:00,0.11048785181362249
2024-01-26 00:00:00+00:00,0.00035634511318165187
2024-01-26 01:00:00+00:00,1.2781497893988335e-06
2024-01-26 02:00:00+00:00,1.4829841189340646e-08
2024-01-26 03:00:00+00:00,1.2320175757298384e-08
2024-01-26 04:00:00+00:00,1.2867739124289425e-08
2024-01-26 05:00:00+00:00,8.782003800924618e-07
2024-01-26 06:00:00+00:00,1.4981333720874835e-06
2024-01-26 07:00:00+00:00,1.5924055317711073e-06
2024-01-26 08:00:00+00:00,1.4991372382603004e-06
2024-01-26 09:00:00+00:00,9.252908296536913e-07
2024-01-26 10:00:00+00:00,1.3689084174775984e-08
2024-01-26 11:00:00+00:00,1.2046394073802865e-08
2024-01-26 12:00:00+00:00,7.251427299342916e-06
2024-01-26 13:00:00+00:00,0.0030795422800198704
2024-01-26 14:00:00+00:00,0.05817508029395749
2024-01-26 15:00:00+00:00,0.16848595264593555
2024-01-26 16:00:00+00:00,0.26518034631106197
2024-01-26 17:00:00+00:00,0.3203078557286531
2024-01-26 18:00:00+00:00,0.2813813163329636
2024-01-26 19:00:00+00:00,0.24996787961348033
2024-01-26 20:00:00+00:00,0.2291170406755018
2024-01-26 21:00:00+00:00,0.20948272473013618
2024-01-26 22:00:00+00:00,0.1530144332174974
2024-01-26 23:00:00+00:00,0.04692338665468227
2024-01-27 00:00:00+00:00,0.0006464614788898453
2024-01-27 01:00:00+00:00,7.651741750893948e-07
2024-01-27 02:00:00+00:00,1.9301152383628308e-06
2024-01-27 03:00:00+00:00,3.3004381945384894e-06
2024-01-27 04:00:00+00:00,3.1666045815897627e-06
2024-01-27 05:00:00+00:00,3.8611430823373135e-06
2024-01-27 06:00:00+00:00,4.2531071925417324e-06
2024-01-27 07:00:00+00:00,3.287889867378278e-06
2024-01-27 08:00:00+00:00,3.135347839390691e-06
2024-01-27 09:00:00+00:00,3.1111637906819197e-06
2024-01-27 10:00:00+00:00,1.7878856537869084e-06
2024-01-27 11:00:00+00:00,1.645519178369238e-06
2024-01-27 12:00:00+00:00,5.8989001525944665e-06
2024-01-27 13:00:00+00:00,0.005609863399324857
2024-01-27 14:00:00+00:00,0.15769805489775152
2024-01-27 15:00:00+00:00,0.39740141051443584
2024-01-27 16:00:00+00:00,0.46509481046101625
2024-01-27 17:00:00+00:00,0.5000554155573627
2024-01-27 18:00:00+00:00,0.4953286728512855
2024-01-27 19:00:00+00:00,0.47768421112510034
2024-01-27 20:00:00+00:00,0.4396399228464014
2024-01-27 21:00:00+00:00,0.4068901981125749
2024-01-27 22:00:00+00:00,0.3413700574573007
2024-01-27 23:00:00+00:00,0.15244213668700107
2024-01-28 00:00:00+00:00,0.001692986944720605
2024-01-28 01:00:00+00:00,2.517650731144216e-06
2024-01-28 02:00:00+00:00,3.9059520178694133e-07
2024-01-28 03:00:00+00:00,3.3752262244133493e-06
2024-01-28 04:00:00+00:00,2.007047891425072e-06
2024-01-28 05:00:00+00:00,2.4010197339751245e-06
2024-01-28 06:00:00+00:00,3.515356816082472e-07
2024-01-28 07:00:00+00:00,7.492492071660722e-08
2024-01-28 08:00:00+00:00,2.4640351514596766e-09
2024-01-28 09:00:00+00:00,2.190253467964157e-09
2024-01-28 10:00:00+00:00,2.4640351514596766e-09
2024-01-28 11:00:00+00:00,3.011598518450716e-09
2024-01-28 12:00:00+00:00,2.7378168349551966e-09
2024-01-28 13:00:00+00:00,0.019022319701853984
2024-01-28 14:00:00+00:00,0.32324862382272446
2024-01-28 15:00:00+00:00,0.6657440192295874
2024-01-28 16:00:00+00:00,0.7001979596988408
2024-01-28 17:00:00+00:00,0.682868079789013
2024-01-28 18:00:00+00:00,0.6694295196806104
2024-01-28 19:00:00+00:00,0.6783209037814893
2024-01-28 20:00:00+00:00,0.6855604403316454
2024-01-28 21:00:00+00:00,0.6769963024120876
2024-01-28 22:00:00+00:00,0.5649950678147584
2024-01-28 23:00:00+00:00,0.17018729609209063
2024-01-29 00:00:00+00:00,0.0014639874117824837
2024-01-29 01:00:00+00:00,1.653823889435269e-06
2024-01-29 02:00:00+00:00,1.5313522163516063e-07
2024-01-29 03:00:00+00:00,2.4494334616732494e-07
2024-01-29 04:00:00+00:00,3.5892778706262625e-07
2024-01-29 05:00:00+00:00,4.910730796297971e-07
2024-01-29 06:00:00+00:00,3.9196411020441896e-07
2024-01-29 07:00:00+00:00,2.7889227492076936e-07
2024-01-29 08:00:00+00:00,1.222891519613321e-07
2024-01-29 09:00:00+00:00,1.7978330549539124e-08
2024-01-29 10:00:00+00:00,6.5707604038924715e-09
2024-01-29 11:00:00+00:00,4.973700583501941e-09
2024-01-29 12:00:00+00:00,4.84296982963283e-06
2024-01-29 13:00:00+00:00,0.02023515115913754
2024-01-29 14:00:00+00:00,0.3282455483025712
2024-01-29 15:00:00+00:00,0.6509706272147251
2024-01-29 16:00:00+00:00,0.6882422841897304
2024-01-29 17:00:00+00:00,0.6801033632648305
2024-01-29 18:00:00+00:00,0.6663642579444622
2024-01-29 19:00:00+00:00,0.662970880633257
2024-01-29 20:00:00+00:00,0.6736585864229364
2024-01-29 21:00:00+00:00,0.6634422086235034
2024-01-29 22:00:00+00:00,0.5036547150239922
2024-01-29 23:00:00+00:00,0.13603968063992303
2024-01-30 00:00:00+00:00,0.0016346013580250847
2024-01-30 01:00:00+00:00,8.084316810816869e-07
2024-01-30 02:00:00+00:00,1.3962865858271502e-08
2024-01-30 03:00:00+00:00,1.2867739124289425e-08
2024-01-30 04:00:00+00:00,1.1772612390307344e-08
2024-01-30 05:00:00+00:00,3.9424562423354826e-08
2024-01-30 06:00:00+00:00,1.4485788873747947e-06
2024-01-30 07:00:00+00:00,1.5259678432428613e-06
2024-01-30 08:00:00+00:00,1.4913800905612606e-06
2024-01-30 09:00:00+00:00,1.4952130341301978e-06
2024-01-30 10:00:00+00:00,9.811422930867773e-07
2024-01-30 11:00:00+00:00,1.3689084174775984e-08
2024-01-30 12:00:00+00:00,9.44551371087601e-06
2024-01-30 13:00:00+00:00,0.013524551649808307
2024-01-30 14:00:00+00:00,0.2664076641504129
2024-01-30 15:00:00+00:00,0.5954350865350518
2024-01-30 16:00:00+00:00,0.6691425198174358
2024-01-30 17:00:00+00:00,0.6588953529861797
2024-01-30 18:00:00+00:00,0.6392848687324962
2024-01-30 19:00:00+00:00,0.6360485756699289
2024-01-30 20:00:00+00:00,0.6336181215759007
2024-01-30 21:00:00+00:00,0.6079716512584254
2024-01-30 22:00:00+00:00,0.45590852588766156
2024-01-30 23:00:00+00:00,0.12316512042751043
2024-01-31 00:00:00+00:00,0.0011380048241913263
2024-01-31 01:00:00+00:00,8.759918745122647e-06
2024-01-31 02:00:00+00:00,1.8594339337404041e-07
2024-01-31 03:00:00+00:00,4.7382483356957936e-07
2024-01-31 04:00:00+00:00,6.197048405921087e-07
2024-01-31 05:00:00+00:00,6.767883216009246e-07
2024-01-31 06:00:00+00:00,6.12175844295982e-07
2024-01-31 07:00:00+00:00,5.527652189774542e-07
2024-01-31 08:00:00+00:00,6.499577166183636e-07
2024-01-31 09:00:00+00:00,4.795742489229852e-07
2024-01-31 10:00:00+00:00,3.214196964237401e-07
2024-01-31 11:00:00+00:00,3.075480911266337e-08
2024-01-31 12:00:00+00:00,6.964732246442524e-06
2024-01-31 13:00:00+00:00,0.018472854282247136
2024-01-31 14:00:00+00:00,0.2803356111170566
2024-01-31 15:00:00+00:00,0.5609152941788123
2024-01-31 16:00:00+00:00,0.6039540461875865
2024-01-31 17:00:00+00:00,0.5902565145245966
2024-01-31 18:00:00+00:00,0.5707068229005396
2024-01-31 19:00:00+00:00,0.5749841196630542
2024-01-31 20:00:00+00:00,0.5502731612668226
2024-01-31 21:00:00+00:00,0.4630180974969476
2024-01-31 22:00:00+00:00,0.26177509321740206
2024-01-31 23:00:00+00:00,0.06670188461306936
2024-02-01 00:00:00+00:00,0.0009638781220586361
2024-02-01 01:00:00+00:00,2.7224850606794473e-06
2024-02-01 02:00:00+00:00,3.0360563488429825e-06
2024-02-01 03:00:00+00:00,3.376412611708496e-06
2024-02-01 04:00:00+00:00,3.912659669115053e-06
2024-02-01 05:00:00+00:00,2.7527835669862848e-06
2024-02-01 06:00:00+00:00,3.842434667298453e-06
2024-02-01 07:00:00+00:00,2.667454942296848e-06
2024-02-01 08:00:00+00:00,2.6189043237569757e-06
2024-02-01 09:00:00+00:00,2.6280760101540756e-06
2024-02-01 10:00:00+00:00,2.6017473382579232e-06
2024-02-01 11:00:00+00:00,2.79786628420188e-06
2024-02-01 12:00:00+00:00,2.068420618808651e-05
2024-02-01 13:00:00+00:00,0.009755266657160394
2024-02-01 14:00:00+00:00,0.19802208529052415
2024-02-01 15:00:00+00:00,0.4345386230695565
2024-02-01 16:00:00+00:00,0.5337627835829697
2024-02-01 17:00:00+00:00,0.559978229048448
2024-02-01 18:00:00+00:00,0.5841121687277062
2024-02-01 19:00:00+00:00,0.5724589319503146
2024-02-01 20:00:00+00:00,0.5825169708509148
2024-02-01 21:00:00+00:00,0.5345161740118803
2024-02-01 22:00:00+00:00,0.4397153946460309
2024-02-01 23:00:00+00:00,0.16089724990338122
2024-02-02 00:00:00+00:00,0.002825900479095368
2024-02-02 01:00:00+00:00,1.4640110482678254e-05
2024-02-02 02:00:00+00:00,7.687105218345453e-06
2024-02-02 03:00:00+00:00,6.415617449911677e-07
2024-02-02 04:00:00+00:00,1.0384539254985061e-06
2024-02-02 05:00:00+00:00,2.4623012007975385e-06
2024-02-02 06:00:00+00:00,2.396867378442109e-06
2024-02-02 07:00:00+00:00,2.495793826745157e-06
2024-02-02 08:00:00+00:00,2.4330978212246828e-06
2024-02-02 09:00:00+00:00,1.969037867699777e-06
2024-02-02 10:00:00+00:00,1.4162726487223232e-06
2024-02-02 11:00:00+00:00,6.621866318144969e-07
2024-02-02 12:00:00+00:00,8.813488694526603e-06
2024-02-02 13:00:00+00:00,0.008186562633880899
2024-02-02 14:00:00+00:00,0.14258687053985944
2024-02-02 15:00:00+00:00,0.30753814910983984
2024-02-02 16:00:00+00:00,0.3213990333443719
2024-02-02 17:00:00+00:00,0.35904685453425733
2024-02-02 18:00:00+00:00,0.3791951250003417
2024-02-02 19:00:00+00:00,0.3309921935473226
2024-02-02 20:00:00+00:00,0.2738906123294778
2024-02-02 21:00:00+00:00,0.19079013235610992
2024-02-02 22:00:00+00:00,0.10204055050127808
2024-02-02 23:00:00+00:00,0.03882433687576174
2024-02-03 00:00:00+00:00,0.0030084908225613584
2024-02-03 01:00:00+00:00,1.5236406989331497e-06
2024-02-03 02:00:00+00:00,1.3552649635834048e-06
2024-02-03 03:00:00+00:00,2.0916920619057703e-07
2024-02-03 04:00:00+00:00,5.412435731303511e-06
2024-02-03 05:00:00+00:00,9.247432662867002e-07
2024-02-03 06:00:00+00:00,9.217772980488321e-07
2024-02-03 07:00:00+00:00,5.8771801390371556e-08
2024-02-03 08:00:00+00:00,5.644465708065963e-08
2024-02-03 09:00:00+00:00,5.468789127823004e-07
2024-02-03 10:00:00+00:00,1.5696816520409793e-08
2024-02-03 11:00:00+00:00,1.5963753661817926e-06
2024-02-03 12:00:00+00:00,1.5163079128435279e-05
2024-02-03 13:00:00+00:00,0.0036079016414946423
2024-02-03 14:00:00+00:00,0.13565787118362002
2024-02-03 15:00:00+00:00,0.27298722417139454
2024-02-03 16:00:00+00:00,0.3203999531491642
2024-02-03 17:00:00+00:00,0.38609688540621767
2024-02-03 18:00:00+00:00,0.45148337538033795
2024-02-03 19:00:00+00:00,0.4465836764344553
2024-02-03 20:00:00+00:00,0.4442482524190712
2024-02-03 21:00:00+00:00,0.43604821137602084
2024-02-03 22:00:00+00:00,0.36301997469018654
2024-02-03 23:00:00+00:00,0.136171593993774
2024-02-04 00:00:00+00:00,0.002300871534909478
2024-02-04 01:00:00+00:00,1.3962865858271502e-08
2024-02-04 02:00:00+00:00,1.2593957440793902e-08
2024-02-04 03:00:00+00:00,7.081819546417442e-08
2024-02-04 04:00:00+00:00,1.2593957440793902e-08
2024-02-04 05:00:00+00:00,1.0973626177306253e-06
2024-02-04 06:00:00+00:00,1.757678408041236e-06
2024-02-04 07:00:00+00:00,1.721265444136332e-06
2024-02-04 08:00:00+00:00,1.2550928086204524e-05
2024-02-04 09:00:00+00:00,7.488202825285958e-06
2024-02-04 10:00:00+00:00,1.6718934805459732e-06
2024-02-04 11:00:00+00:00,1.2846749195221432e-06
2024-02-04 12:00:00+00:00,4.352489943650606e-06
2024-02-04 13:00:00+00:00,0.01815378281132274
2024-02-04 14:00:00+00:00,0.2421359943972864
2024-02-04 15:00:00+00:00,0.3844807424549241
2024-02-04 16:00:00+00:00,0.3916325225300519
2024-02-04 17:00:00+00:00,0.39192651445801113
2024-02-04 18:00:00+00:00,0.3233782562101097
2024-02-04 19:00:00+00:00,0.2299382808676036
2024-02-04 20:00:00+00:00,0.19245451217213408
2024-02-04 21:00:00+00:00,0.18768259617273433
2024-02-04 22:00:00+00:00,0.17077133411512593
2024-02-04 23:00:00+00:00,0.05631721567682688
2024-02-05 00:00:00+00:00,0.0009192658074055664
2024-02-05 01:00:00+00:00,7.459638269641259e-07
2024-02-05 02:00:00+00:00,1.5204922095729508e-06
2024-02-05 03:00:00+00:00,1.8684687292957563e-06
2024-02-05 04:00:00+00:00,1.8604377999132214e-06
2024-02-05 05:00:00+00:00,2.5408765439607524e-06
2024-02-05 06:00:00+00:00,3.1884614859888216e-06
2024-02-05 07:00:00+00:00,3.1572503740703325e-06
2024-02-05 08:00:00+00:00,2.9280951049845826e-06
2024-02-05 09:00:00+00:00,3.0222760041070413e-06
2024-02-05 10:00:00+00:00,2.754791299331919e-06
2024-02-05 11:00:00+00:00,2.1667995037447077e-06
2024-02-05 12:00:00+00:00,4.411444266163308e-06
2024-02-05 13:00:00+00:00,0.009667120727687228
2024-02-05 14:00:00+00:00,0.1745748873572308
2024-02-05 15:00:00+00:00,0.34544812260428126
2024-02-05 16:00:00+00:00,0.42019469280620336
2024-02-05 17:00:00+00:00,0.478618400726443
2024-02-05 18:00:00+00:00,0.5484690085092685
2024-02-05 19:00:00+00:00,0.6127412951892641
2024-02-05 20:00:00+00:00,0.6455326202285528
2024-02-05 21:00:00+00:00,0.6675888226352039
2024-02-05 22:00:00+00:00,0.5796036266011039
2024-02-05 23:00:00+00:00,0.21346982828554995
2024-02-06 00:00:00+00:00,0.004916070086689501
2024-02-06 01:00:00+00:00,1.0691539782744704e-05
2024-02-06 02:00:00+00:00,4.573523022792655e-06
2024-02-06 03:00:00+00:00,3.4084906989580544e-06
2024-02-06 04:00:00+00:00,4.236589030970837e-06
2024-02-06 05:00:00+00:00,4.205195397930017e-06
2024-02-06 06:00:00+00:00,3.4007335512590144e-06
2024-02-06 07:00:00+00:00,3.374633030765775e-06
2024-02-06 08:00:00+00:00,3.447732740259079e-06
2024-02-06 09:00:00+00:00,3.304544919790922e-06
2024-02-06 10:00:00+00:00,3.1459340644858515e-06
2024-02-06 11:00:00+00:00,3.0159790253866443e-06
2024-02-06 12:00:00+00:00,1.667225502842375e-05
2024-02-06 13:00:00+00:00,0.030901876602107786
2024-02-06 14:00:00+00:00,0.3365042388122295
2024-02-06 15:00:00+00:00,0.6012311101628441
2024-02-06 16:00:00+00:00,0.6372383100374175
2024-02-06 17:00:00+00:00,0.6465569427299366
2024-02-06 18:00:00+00:00,0.6132511501943149
2024-02-06 19:00:00+00:00,0.5868948294966186
2024-02-06 20:00:00+00:00,0.505461576942565
2024-02-06 21:00:00+00:00,0.4343800500873844
2024-02-06 22:00:00+00:00,0.3182353996590903
2024-02-06 23:00:00+00:00,0.07961282425113063
2024-02-07 00:00:00+00:00,0.0008162993453202977
2024-02-07 01:00:00+00:00,5.347230060350995e-06
2024-02-07 02:00:00+00:00,1.2177170457952558e-05
2024-02-07 03:00:00+00:00,5.805449337961329e-06
2024-02-07 04:00:00+00:00,8.856381158274234e-06
2024-02-07 05:00:00+00:00,7.23509165889435e-06
2024-02-07 06:00:00+00:00,1.2195468200466176e-05
2024-02-07 07:00:00+00:00,2.7660163483552353e-06
2024-02-07 08:00:00+00:00,2.671105364743455e-06
2024-02-07 09:00:00+00:00,4.2985549520019896e-06
2024-02-07 10:00:00+00:00,3.0035675890681806e-06
2024-02-07 11:00:00+00:00,4.786479542271588e-06
2024-02-07 12:00:00+00:00,8.714790397626469e-06
2024-02-07 13:00:00+00:00,0.02198446891338875
2024-02-07 14:00:00+00:00,0.17689652637359043
2024-02-07 15:00:00+00:00,0.3368674710405503
2024-02-07 16:00:00+00:00,0.3224416249780833
2024-02-07 17:00:00+00:00,0.27609148337053985
2024-02-07 18:00:00+00:00,0.2855811642726819
2024-02-07 19:00:00+00:00,0.27306492304812835
2024-02-07 20:00:00+00:00,0.2835588767345175
2024-02-07 21:00:00+00:00,0.25085186760147105
2024-02-07 22:00:00+00:00,0.17972350947672291
2024-02-07 23:00:00+00:00,0.06383644353374711
2024-02-08 00:00:00+00:00,0.003122162194101583
2024-02-08 01:00:00+00:00,1.3366934393862922e-06
2024-02-08 02:00:00+00:00,2.322900693617736e-06
2024-02-08 03:00:00+00:00,2.786778126020312e-06
2024-02-08 04:00:00+00:00,3.930866151067506e-06
2024-02-08 05:00:00+00:00,2.721754976190126e-06
2024-02-08 06:00:00+00:00,3.4016461568706668e-06
2024-02-08 07:00:00+00:00,1.4993197593826306e-06
2024-02-08 08:00:00+00:00,1.5486917229729894e-06
2024-02-08 09:00:00+00:00,5.205684929983811e-06
2024-02-08 10:00:00+00:00,1.8464293037743672e-06
2024-02-08 11:00:00+00:00,4.422030491258468e-06
2024-02-08 12:00:00+00:00,1.2838398853874819e-05
2024-02-08 13:00:00+00:00,0.014216551646786486
2024-02-08 14:00:00+00:00,0.20596933594805525
2024-02-08 15:00:00+00:00,0.40264906540078477
2024-02-08 16:00:00+00:00,0.4022714399674295
2024-02-08 17:00:00+00:00,0.3967105123062126
2024-02-08 18:00:00+00:00,0.4020265883381261
2024-02-08 19:00:00+00:00,0.35705373364329
2024-02-08 20:00:00+00:00,0.3015886562923889
2024-02-08 21:00:00+00:00,0.26694257446874975
2024-02-08 22:00:00+00:00,0.20907723306695028
2024-02-08 23:00:00+00:00,0.10537318966541173
2024-02-09 00:00:00+00:00,0.004073399542051548
2024-02-09 01:00:00+00:00,4.062920183073511e-06
2024-02-09 02:00:00+00:00,8.193646963092748e-06
2024-02-09 03:00:00+00:00,3.1225257305469844e-06
2024-02-09 04:00:00+00:00,5.777797387928281e-06
2024-02-09 05:00:00+00:00,2.5993745636676286e-06
2024-02-09 06:00:00+00:00,2.2198218897816733e-06
2024-02-09 07:00:00+00:00,3.699703149636122e-06
2024-02-09 08:00:00+00:00,2.2874459656050666e-06
2024-02-09 09:00:00+00:00,2.1623277362476143e-06
2024-02-09 10:00:00+00:00,2.2403098857632548e-06
2024-02-09 11:00:00+00:00,7.12060528491264e-07
2024-02-09 12:00:00+00:00,8.2189261385355e-07
2024-02-09 13:00:00+00:00,0.00743550455113197
2024-02-09 14:00:00+00:00,0.07504838443762102
2024-02-09 15:00:00+00:00,0.1778914871583277
2024-02-09 16:00:00+00:00,0.2645659935373399
2024-02-09 17:00:00+00:00,0.3161929724208761
2024-02-09 18:00:00+00:00,0.3683180196429462
2024-02-09 19:00:00+00:00,0.3452694223791258
2024-02-09 20:00:00+00:00,0.31221514572965614
2024-02-09 21:00:00+00:00,0.24232054405937029
2024-02-09 22:00:00+00:00,0.1487722011809875
2024-02-09 23:00:00+00:00,0.042799018499892504
2024-02-10 00:00:00+00:00,0.0006483236962707013
2024-02-10 01:00:00+00:00,1.7160635921499172e-06
2024-02-10 02:00:00+00:00,2.0926502977980045e-06
2024-02-10 03:00:00+00:00,4.250825678512603e-06
2024-02-10 04:00:00+00:00,1.2253555547647808e-06
2024-02-10 05:00:00+00:00,1.4412780424815806e-06
2024-02-10 06:00:00+00:00,4.019890828484132e-06
2024-02-10 07:00:00+00:00,1.3722850582407096e-06
2024-02-10 08:00:00+00:00,2.5477667163287233e-06
2024-02-10 09:00:00+00:00,2.4268921030654513e-06
2024-02-10 10:00:00+00:00,1.889367397802581e-06
2024-02-10 11:00:00+00:00,1.1772612390307344e-08
2024-02-10 12:00:00+00:00,3.1912449331043594e-06
2024-02-10 13:00:00+00:00,0.0017907320706896503
2024-02-10 14:00:00+00:00,0.05824030389761028
2024-02-10 15:00:00+00:00,0.21159213110578803
2024-02-10 16:00:00+00:00,0.3130700341925926
2024-02-10 17:00:00+00:00,0.35296609590226713
2024-02-10 18:00:00+00:00,0.3952460956047504
2024-02-10 19:00:00+00:00,0.4075498346961591
2024-02-10 20:00:00+00:00,0.38163619488788697
2024-02-10 21:00:00+00:00,0.3240110244068389
2024-02-10 22:00:00+00:00,0.19672075536421962
2024-02-10 23:00:00+00:00,0.05910565301110973
2024-02-11 00:00:00+00:00,0.001063496325415316
2024-02-11 01:00:00+00:00,8.206149659972375e-07
2024-02-11 02:00:00+00:00,7.839738506894206e-07
2024-02-11 03:00:00+00:00,3.805109097781897e-07
2024-02-11 04:00:00+00:00,7.104178383902909e-07
2024-02-11 05:00:00+00:00,2.1695373205796628e-06
2024-02-11 06:00:00+00:00,3.276162885268553e-06
2024-02-11 07:00:00+00:00,4.152309902734798e-06
2024-02-11 08:00:00+00:00,2.6031162466754007e-06
2024-02-11 09:00:00+00:00,8.318400150205538e-07
2024-02-11 10:00:00+00:00,2.390798551124625e-06
2024-02-11 11:00:00+00:00,1.878324869901595e-06
2024-02-11 12:00:00+00:00,4.3743012177690825e-06
2024-02-11 13:00:00+00:00,0.004729821152956679
2024-02-11 14:00:00+00:00,0.12314478305708507
2024-02-11 15:00:00+00:00,0.22581950885605473
2024-02-11 16:00:00+00:00,0.26833282010736087
2024-02-11 17:00:00+00:00,0.2982910756029113
2024-02-11 18:00:00+00:00,0.31167384384102725
2024-02-11 19:00:00+00:00,0.32884566401807885
2024-02-11 20:00:00+00:00,0.29744805612351777
2024-02-11 21:00:00+00:00,0.2558294960851558
2024-02-11 22:00:00+00:00,0.19075767859476034
2024-02-11 23:00:00+00:00,0.05966660275099417
2024-02-12 00:00:00+00:00,0.00152102161208827
2024-02-12 01:00:00+00:00,6.215300518154122e-07
2024-02-12 02:00:00+00:00,1.802852385817997e-07
2024-02-12 03:00:00+00:00,7.204108698378773e-07
2024-02-12 04:00:00+00:00,1.28020315202505e-06
2024-02-12 05:00:00+00:00,6.997403527339656e-07
2024-02-12 06:00:00+00:00,2.769758031363007e-07
2024-02-12 07:00:00+00:00,1.280522563989128e-06
2024-02-12 08:00:00+00:00,7.435910523738314e-07
2024-02-12 09:00:00+00:00,2.0866727310416856e-06
2024-02-12 10:00:00+00:00,2.8269784032135708e-06
2024-02-12 11:00:00+00:00,4.2294707071999523e-07
2024-02-12 12:00:00+00:00,3.6477758903331385e-06
2024-02-12 13:00:00+00:00,0.02781327584441694
2024-02-12 14:00:00+00:00,0.32547301115896926
2024-02-12 15:00:00+00:00,0.5903235083549845
2024-02-12 16:00:00+00:00,0.6725683253826636
2024-02-12 17:00:00+00:00,0.676307860116826
2024-02-12 18:00:00+00:00,0.6813257288041995
2024-02-12 19:00:00+00:00,0.6490492922005823
2024-02-12 20:00:00+00:00,0.6216617037077554
2024-02-12 21:00:00+00:00,0.6088281842366741
2024-02-12 22:00:00+00:00,0.6007605197404531
2024-02-12 23:00:00+00:00,0.2890754188179455
2024-02-13 00:00:00+00:00,0.011053454938646791
2024-02-13 01:00:00+00:00,1.0453669130067679e-05
2024-02-13 02:00:00+00:00,9.753746256211383e-06
2024-02-13 03:00:00+00:00,3.3854474072638486e-06
2024-02-13 04:00:00+00:00,1.1558150071569187e-06
2024-02-13 05:00:00+00:00,6.06426428942576e-07
2024-02-13 06:00:00+00:00,2.1509201661019676e-06
2024-02-13 07:00:00+00:00,7.308145738107071e-07
2024-02-13 08:00:00+00:00,6.913900113873523e-07
2024-02-13 09:00:00+00:00,6.077953373600536e-07
2024-02-13 10:00:00+00:00,3.9150780739859314e-07
2024-02-13 11:00:00+00:00,2.581304972556924e-07
2024-02-13 12:00:00+00:00,1.913327858136497e-05
2024-02-13 13:00:00+00:00,0.05008772801998543
2024-02-13 14:00:00+00:00,0.43676577226979413
2024-02-13 15:00:00+00:00,0.7330274327478232
2024-02-13 16:00:00+00:00,0.7590547005788689
2024-02-13 17:00:00+00:00,0.7264553428600757
2024-02-13 18:00:00+00:00,0.6787743921116088
2024-02-13 19:00:00+00:00,0.6691105894354044
2024-02-13 20:00:00+00:00,0.653305018981902
2024-02-13 21:00:00+00:00,0.6451590876032144
2024-02-13 22:00:00+00:00,0.6076926902186718
2024-02-13 23:00:00+00:00,0.28142328971159974
2024-02-14 00:00:00+00:00,0.011777254632532696
2024-02-14 01:00:00+00:00,1.5366909591797692e-06
2024-02-14 02:00:00+00:00,1.0813920195267201e-06
2024-02-14 03:00:00+00:00,2.440718078081975e-06
2024-02-14 04:00:00+00:00,8.874633270507269e-07
2024-02-14 05:00:00+00:00,5.256745213955725e-06
2024-02-14 06:00:00+00:00,3.3650506718434323e-06
2024-02-14 07:00:00+00:00,3.409768346814367e-06
2024-02-14 08:00:00+00:00,3.384489171371614e-06
2024-02-14 09:00:00+00:00,3.439701810876544e-06
2024-02-14 10:00:00+00:00,3.1746811412528804e-06
2024-02-14 11:00:00+00:00,8.489970005196065e-07
2024-02-14 12:00:00+00:00,6.300264100598898e-06
2024-02-14 13:00:00+00:00,0.034359739903480124
2024-02-14 14:00:00+00:00,0.333801001288354
2024-02-14 15:00:00+00:00,0.5875232244872568
2024-02-14 16:00:00+00:00,0.5720519977314384
2024-02-14 17:00:00+00:00,0.5455738495233295
2024-02-14 18:00:00+00:00,0.5200823878699194
2024-02-14 19:00:00+00:00,0.5005093282490916
2024-02-14 20:00:00+00:00,0.5292387246969341
2024-02-14 21:00:00+00:00,0.533662554070744
2024-02-14 22:00:00+00:00,0.4458177636876444
2024-02-14 23:00:00+00:00,0.2098612059594038
2024-02-15 00:00:00+00:00,0.010387195439248053
2024-02-15 01:00:00+00:00,2.8858870954456897e-06
2024-02-15 02:00:00+00:00,5.41631430515303e-08
2024-02-15 03:00:00+00:00,7.399406299272245e-07
2024-02-15 04:00:00+00:00,4.844110586647394e-07
2024-02-15 05:00:00+00:00,4.87226446976685e-06
2024-02-15 06:00:00+00:00,3.498656133389245e-06
2024-02-15 07:00:00+00:00,3.522657660975686e-06
2024-02-15 08:00:00+00:00,3.6981517200963146e-06
2024-02-15 09:00:00+00:00,3.849461730508171e-06
2024-02-15 10:00:00+00:00,3.095193192478015e-06
2024-02-15 11:00:00+00:00,1.3464583194309655e-06
2024-02-15 12:00:00+00:00,7.804785711967944e-06
2024-02-15 13:00:00+00:00,0.015702209608902132
2024-02-15 14:00:00+00:00,0.14552705803424065
2024-02-15 15:00:00+00:00,0.34661285244498585
2024-02-15 16:00:00+00:00,0.4364681110740825
2024-02-15 17:00:00+00:00,0.48591701776683766
2024-02-15 18:00:00+00:00,0.5239483399275273
2024-02-15 19:00:00+00:00,0.5101131379207063
2024-02-15 20:00:00+00:00,0.43331106507803885
2024-02-15 21:00:00+00:00,0.31628441618761777
2024-02-15 22:00:00+00:00,0.18196366609037368
2024-02-15 23:00:00+00:00,0.0524085343293547
2024-02-16 00:00:00+00:00,0.001789578400305681
2024-02-16 01:00:00+00:00,2.706560092756125e-06
2024-02-16 02:00:00+00:00,4.4376360472177125e-06
2024-02-16 03:00:00+00:00,1.4236647541767021e-08
2024-02-16 04:00:00+00:00,2.147634785900021e-06
2024-02-16 05:00:00+00:00,2.395224688341136e-06
2024-02-16 06:00:00+00:00,2.7662901300387302e-06
2024-02-16 07:00:00+00:00,2.799235192619358e-06
2024-02-16 08:00:00+00:00,2.715092955225068e-06
2024-02-16 09:00:00+00:00,2.8208183153349213e-06
2024-02-16 10:00:00+00:00,2.0576062423105777e-06
2024-02-16 11:00:00+00:00,2.7616358414193066e-06
2024-02-16 12:00:00+00:00,8.625491938526346e-07
2024-02-16 13:00:00+00:00,0.0055468162687953
2024-02-16 14:00:00+00:00,0.07609829457514426
2024-02-16 15:00:00+00:00,0.22445036233977306
2024-02-16 16:00:00+00:00,0.29705641617082656
2024-02-16 17:00:00+00:00,0.2929442685352613
2024-02-16 18:00:00+00:00,0.3048736866926042
2024-02-16 19:00:00+00:00,0.28126602700293446
2024-02-16 20:00:00+00:00,0.23582839326698177
2024-02-16 21:00:00+00:00,0.19205489344547108
2024-02-16 22:00:00+00:00,0.15515123067486822
2024-02-16 23:00:00+00:00,0.11664432595657068
2024-02-17 00:00:00+00:00,0.011731045075538113
2024-02-17 01:00:00+00:00,3.0746595662158507e-06
2024-02-17 02:00:00+00:00,3.0928204178877207e-06
2024-02-17 03:00:00+00:00,3.238107231262676e-06
2024-02-17 04:00:00+00:00,3.304544919790922e-06
2024-02-17 05:00:00+00:00,4.5873946280897625e-06
2024-02-17 06:00:00+00:00,5.6247077965737035e-06
2024-02-17 07:00:00+00:00,3.530597329797056e-06
2024-02-17 08:00:00+00:00,3.796074302226545e-06
2024-02-17 09:00:00+00:00,3.5987689689874404e-06
2024-02-17 10:00:00+00:00,3.4142401143114603e-06
2024-02-17 11:00:00+00:00,3.1762325707926885e-06
2024-02-17 12:00:00+00:00,2.2879935289720577e-06
2024-02-17 13:00:00+00:00,0.009211057161422455
2024-02-17 14:00:00+00:00,0.0806022532313226
2024-02-17 15:00:00+00:00,0.18882385753879027
2024-02-17 16:00:00+00:00,0.28416388766652617
2024-02-17 17:00:00+00:00,0.38783475215029606
2024-02-17 18:00:00+00:00,0.47801869440581257
2024-02-17 19:00:00+00:00,0.4717284675524032
2024-02-17 20:00:00+00:00,0.443799499690731
2024-02-17 21:00:00+00:00,0.3921793712812187
2024-02-17 22:00:00+00:00,0.3336706535550601
2024-02-17 23:00:00+00:00,0.1798760273206618
2024-02-18 00:00:00+00:00,0.00740529744227714
2024-02-18 01:00:00+00:00,3.456858796375596e-06
2024-02-18 02:00:00+00:00,3.375267291665873e-05
2024-02-18 03:00:00+00:00,4.4996019682488655e-06
2024-02-18 04:00:00+00:00,1.048264435823762e-06
2024-02-18 05:00:00+00:00,4.1111057593687225e-06
2024-02-18 06:00:00+00:00,8.557502820458292e-07
2024-02-18 07:00:00+00:00,8.384107754244464e-07
2024-02-18 08:00:00+00:00,8.948098022245233e-07
2024-02-18 09:00:00+00:00,8.138616844710148e-07
2024-02-18 10:00:00+00:00,7.894951146399134e-07
2024-02-18 11:00:00+00:00,7.030713632164944e-07
2024-02-18 12:00:00+00:00,5.089697319770934e-05
2024-02-18 13:00:00+00:00,0.05611116338384234
2024-02-18 14:00:00+00:00,0.467163870223165
2024-02-18 15:00:00+00:00,0.7391574071509533
2024-02-18 16:00:00+00:00,0.7809158920340494
2024-02-18 17:00:00+00:00,0.7790295601450322
2024-02-18 18:00:00+00:00,0.7723554066815612
2024-02-18 19:00:00+00:00,0.7682562380317443
2024-02-18 20:00:00+00:00,0.7754518264616116
2024-02-18 21:00:00+00:00,0.7605360108878506
2024-02-18 22:00:00+00:00,0.6772053952331886
2024-02-18 23:00:00+00:00,0.296683050689206
2024-02-19 00:00:00+00:00,0.016677392359193417
2024-02-19 01:00:00+00:00,4.869800434615391e-06
2024-02-19 02:00:00+00:00,3.7853055560090546e-06
2024-02-19 03:00:00+00:00,4.9554484712689065e-08
2024-02-19 04:00:00+00:00,8.714470985662391e-07
2024-02-19 05:00:00+00:00,3.117004466596491e-06
2024-02-19 06:00:00+00:00,3.0408018980235717e-06
2024-02-19 07:00:00+00:00,3.0843331856993594e-06
2024-02-19 08:00:00+00:00,3.1035891641052103e-06
2024-02-19 09:00:00+00:00,2.6840643644289093e-06
2024-02-19 10:00:00+00:00,1.3681783329882768e-06
2024-02-19 11:00:00+00:00,1.0327045101451e-06
2024-02-19 12:00:00+00:00,2.486074576981066e-05
2024-02-19 13:00:00+00:00,0.06852640020274534
2024-02-19 14:00:00+00:00,0.4967253529526524
2024-02-19 15:00:00+00:00,0.7681684891313425
2024-02-19 16:00:00+00:00,0.790550987377461
2024-02-19 17:00:00+00:00,0.783684442688188
2024-02-19 18:00:00+00:00,0.7744394786691309
2024-02-19 19:00:00+00:00,0.7701636136479303
2024-02-19 20:00:00+00:00,0.7772713473151448
2024-02-19 21:00:00+00:00,0.7820829093663497
2024-02-19 22:00:00+00:00,0.704160605697644
2024-02-19 23:00:00+00:00,0.3174831795099858
2024-02-20 00:00:00+00:00,0.013528763917899726
2024-02-20 01:00:00+00:00,1.841911905996691e-06
2024-02-20 02:00:00+00:00,3.671868678480744e-06
2024-02-20 03:00:00+00:00,2.9011732394408565e-07
2024-02-20 04:00:00+00:00,4.291071585986444e-07
2024-02-20 05:00:00+00:00,2.4175835258266036e-06
2024-02-20 06:00:00+00:00,1.5924055317711073e-06
2024-02-20 07:00:00+00:00,6.100768513891829e-07
2024-02-20 08:00:00+00:00,5.580583315250342e-07
2024-02-20 09:00:00+00:00,3.778187232238171e-07
2024-02-20 10:00:00+00:00,1.053146875846099e-07
2024-02-20 11:00:00+00:00,1.4784210908758062e-08
2024-02-20 12:00:00+00:00,1.0765780249252572e-05
2024-02-20 13:00:00+00:00,0.059976779511324595
2024-02-20 14:00:00+00:00,0.4351325892834107
2024-02-20 15:00:00+00:00,0.7186255621124222
2024-02-20 16:00:00+00:00,0.7582869145721494
2024-02-20 17:00:00+00:00,0.7464618107041195
2024-02-20 18:00:00+00:00,0.7314064338220702
2024-02-20 19:00:00+00:00,0.7027979641429016
2024-02-20 20:00:00+00:00,0.5847741512552757
2024-02-20 21:00:00+00:00,0.49620291617344586
2024-02-20 22:00:00+00:00,0.42177575998896455
2024-02-20 23:00:00+00:00,0.2880807455496062
2024-02-21 00:00:00+00:00,0.019479689754312392
2024-02-21 01:00:00+00:00,1.1489704650695309e-06
2024-02-21 02:00:00+00:00,1.5482354201671637e-06
2024-02-21 03:00:00+00:00,1.682753487324629e-06
2024-02-21 04:00:00+00:00,7.985435992794404e-06
2024-02-21 05:00:00+00:00,2.464491454265503e-06
2024-02-21 06:00:00+00:00,5.2743585022606035e-06
2024-02-21 07:00:00+00:00,2.457190609372289e-06
2024-02-21 08:00:00+00:00,2.26015905781668e-06
2024-02-21 09:00:00+00:00,2.0066372188998286e-06
2024-02-21 10:00:00+00:00,1.9692203888221077e-06
2024-02-21 11:00:00+00:00,2.5229894739723786e-06
2024-02-21 12:00:00+00:00,1.2853913149272899e-05
2024-02-21 13:00:00+00:00,0.04506798538824892
2024-02-21 14:00:00+00:00,0.37014836367962156
2024-02-21 15:00:00+00:00,0.6237595263803786
2024-02-21 16:00:00+00:00,0.6658081239787602
2024-02-21 17:00:00+00:00,0.6840718716139315
2024-02-21 18:00:00+00:00,0.6683780808374271
2024-02-21 19:00:00+00:00,0.5303427127857752
2024-02-21 20:00:00+00:00,0.41539475890192035
2024-02-21 21:00:00+00:00,0.35472571989421187
2024-02-21 22:00:00+00:00,0.32715323672874963
2024-02-21 23:00:00+00:00,0.1310766521577043
2024-02-22 00:00:00+00:00,0.007409163422169219
2024-02-22 01:00:00+00:00,3.361947812763816e-06
2024-02-22 02:00:00+00:00,2.83455302979028e-06
2024-02-22 03:00:00+00:00,6.860193273627819e-06
2024-02-22 04:00:00+00:00,2.737041120185292e-06
2024-02-22 05:00:00+00:00,2.70683387443962e-06
2024-02-22 06:00:00+00:00,5.858106681753634e-06
2024-02-22 07:00:00+00:00,2.719017159355171e-06
2024-02-22 08:00:00+00:00,3.1095667308615296e-06
2024-02-22 09:00:00+00:00,2.903911056275812e-06
2024-02-22 10:00:00+00:00,5.5030574685405275e-06
2024-02-22 11:00:00+00:00,2.8537177476349664e-06
2024-02-22 12:00:00+00:00,1.529248660416749e-05
2024-02-22 13:00:00+00:00,0.04087953808287366
2024-02-22 14:00:00+00:00,0.29350633845290375
2024-02-22 15:00:00+00:00,0.42026897771660454
2024-02-22 16:00:00+00:00,0.5003878405473785
2024-02-22 17:00:00+00:00,0.5527968583751861
2024-02-22 18:00:00+00:00,0.56883682646945
2024-02-22 19:00:00+00:00,0.5502792555558366
2024-02-22 20:00:00+00:00,0.5622365586057949
2024-02-22 21:00:00+00:00,0.5688809744503679
2024-02-22 22:00:00+00:00,0.5256479497880625
2024-02-22 23:00:00+00:00,0.29027391050325324
2024-02-23 00:00:00+00:00,0.021088909314393695
2024-02-23 01:00:00+00:00,1.642690100973118e-08
2024-02-23 02:00:00+00:00,1.5057992592253582e-08
2024-02-23 03:00:00+00:00,7.748021642923206e-08
2024-02-23 04:00:00+00:00,6.7029056964596426e-06
2024-02-23 05:00:00+00:00,4.509503739135286e-06
2024-02-23 06:00:00+00:00,1.3141520807784943e-08
2024-02-23 07:00:00+00:00,1.1498830706811826e-08
2024-02-23 08:00:00+00:00,1.1772612390307347e-08
2024-02-23 09:00:00+00:00,1.1225049023316306e-08
2024-02-23 10:00:00+00:00,1.2867739124289425e-08
2024-02-23 11:00:00+00:00,1.3780344735941157e-08
2024-02-23 12:00:00+00:00,1.428250597375252e-05
2024-02-23 13:00:00+00:00,0.08033498800819708
2024-02-23 14:00:00+00:00,0.5121476657360068
2024-02-23 15:00:00+00:00,0.7466659379011966
2024-02-23 16:00:00+00:00,0.7705217607921526
2024-02-23 17:00:00+00:00,0.7594133425834844
2024-02-23 18:00:00+00:00,0.7424192549958581
2024-02-23 19:00:00+00:00,0.7382420845298747
2024-02-23 20:00:00+00:00,0.7390982551580653
2024-02-23 21:00:00+00:00,0.7008346659256752
2024-02-23 22:00:00+00:00,0.5328633276143157
2024-02-23 23:00:00+00:00,0.20073345422166003
2024-02-24 00:00:00+00:00,0.006633153059307633
2024-02-24 01:00:00+00:00,5.539059759920188e-07
2024-02-24 02:00:00+00:00,2.9541043649166574e-07
2024-02-24 03:00:00+00:00,6.762407582339335e-07
2024-02-24 04:00:00+00:00,1.6030373871468498e-06
2024-02-24 05:00:00+00:00,1.6936134941032844e-06
2024-02-24 06:00:00+00:00,1.8127997869850007e-06
2024-02-24 07:00:00+00:00,1.7925399424063323e-06
2024-02-24 08:00:00+00:00,1.8226559275908394e-06
2024-02-24 09:00:00+00:00,1.645656069210986e-06
2024-02-24 10:00:00+00:00,1.6161332776740523e-06
2024-02-24 11:00:00+00:00,1.9891151911561153e-06
2024-02-24 12:00:00+00:00,2.4736357624942533e-05
2024-02-24 13:00:00+00:00,0.09036892034030489
2024-02-24 14:00:00+00:00,0.5464809454611221
2024-02-24 15:00:00+00:00,0.7593120767163262
2024-02-24 16:00:00+00:00,0.6862461621952091
2024-02-24 17:00:00+00:00,0.5533532146972455
2024-02-24 18:00:00+00:00,0.5514141572471667
2024-02-24 19:00:00+00:00,0.5223025706495902
2024-02-24 20:00:00+00:00,0.4944996718154319
2024-02-24 21:00:00+00:00,0.465503685061944
2024-02-24 22:00:00+00:00,0.4095503793599955
2024-02-24 23:00:00+00:00,0.24015302806895988
2024-02-25 00:00:00+00:00,0.018433050714713264
2024-02-25 01:00:00+00:00,3.877250571382966e-06
2024-02-25 02:00:00+00:00,3.3650050415628495e-06
2024-02-25 03:00:00+00:00,1.1861135134637562e-06
2024-02-25 04:00:00+00:00,1.0273201370363549e-06
2024-02-25 05:00:00+00:00,3.6012330041389e-06
2024-02-25 06:00:00+00:00,2.7243102719027508e-06
2024-02-25 07:00:00+00:00,3.019903229516747e-06
2024-02-25 08:00:00+00:00,3.04290089093037e-06
2024-02-25 09:00:00+00:00,2.960948907004045e-06
2024-02-25 10:00:00+00:00,3.040436855778911e-06
2024-02-25 11:00:00+00:00,5.44081776582588e-06
2024-02-25 12:00:00+00:00,5.9381513199516066e-05
2024-02-25 13:00:00+00:00,0.08732081992453239
2024-02-25 14:00:00+00:00,0.36927152198676366
2024-02-25 15:00:00+00:00,0.5876173002085826
2024-02-25 16:00:00+00:00,0.6602323859604838
2024-02-25 17:00:00+00:00,0.6843017670517986
2024-02-25 18:00:00+00:00,0.6873374966878326
2024-02-25 19:00:00+00:00,0.739161314380619
2024-02-25 20:00:00+00:00,0.7453340158377298
2024-02-25 21:00:00+00:00,0.7151358854706883
2024-02-25 22:00:00+00:00,0.584610868543693
2024-02-25 23:00:00+00:00,0.25247975492001123
2024-02-26 00:00:00+00:00,0.012978334558615575
2024-02-26 01:00:00+00:00,1.0702719201487436e-05
2024-02-26 02:00:00+00:00,2.1545705885485747e-06
2024-02-26 03:00:00+00:00,1.94667903021431e-06
2024-02-26 04:00:00+00:00,1.4844442879127074e-06
2024-02-26 05:00:00+00:00,1.3042959401726554e-06
2024-02-26 06:00:00+00:00,2.4457830392266422e-06
2024-02-26 07:00:00+00:00,4.136248043969728e-06
2024-02-26 08:00:00+00:00,2.5891533808171293e-06
2024-02-26 09:00:00+00:00,2.49196088317622e-06
2024-02-26 10:00:00+00:00,3.863378966085861e-06
2024-02-26 11:00:00+00:00,8.919396575758788e-06
2024-02-26 12:00:00+00:00,2.522551423278786e-05
2024-02-26 13:00:00+00:00,0.05005864186460339
2024-02-26 14:00:00+00:00,0.3307309398398821
2024-02-26 15:00:00+00:00,0.5313705752843265
2024-02-26 16:00:00+00:00,0.5801022387156914
2024-02-26 17:00:00+00:00,0.6203221320015305
2024-02-26 18:00:00+00:00,0.6231485234168147
2024-02-26 19:00:00+00:00,0.5786367057150451
2024-02-26 20:00:00+00:00,0.5194117542518241
2024-02-26 21:00:00+00:00,0.48956087050253716
2024-02-26 22:00:00+00:00,0.3877113723433683
2024-02-26 23:00:00+00:00,0.1599800827238402
2024-02-27 00:00:00+00:00,0.007899834681548206
2024-02-27 01:00:00+00:00,1.6525462415789565e-06
2024-02-27 02:00:00+00:00,1.0975907691335383e-06
2024-02-27 03:00:00+00:00,1.4995022805049612e-06
2024-02-27 04:00:00+00:00,1.2293710194560485e-06
2024-02-27 05:00:00+00:00,1.9560788680143227e-06
2024-02-27 06:00:00+00:00,2.27074528291184e-06
2024-02-27 07:00:00+00:00,2.3798929140653873e-06
2024-02-27 08:00:00+00:00,2.248112663742877e-06
2024-02-27 09:00:00+00:00,2.1830438836321087e-06
2024-02-27 10:00:00+00:00,2.1429804972805974e-06
2024-02-27 11:00:00+00:00,1.6465230445420551e-06
2024-02-27 12:00:00+00:00,1.9239551504841817e-06
2024-02-27 13:00:00+00:00,0.025066050912580948
2024-02-27 14:00:00+00:00,0.12163147008770755
2024-02-27 15:00:00+00:00,0.18577872345629792
2024-02-27 16:00:00+00:00,0.2939425148370914
2024-02-27 17:00:00+00:00,0.406482763877084
2024-02-27 18:00:00+00:00,0.45719503281731877
2024-02-27 19:00:00+00:00,0.4218161126712949
2024-02-27 20:00:00+00:00,0.3383725828795987
2024-02-27 21:00:00+00:00,0.2702036516638458
2024-02-27 22:00:00+00:00,0.14325228136166962
2024-02-27 23:00:00+00:00,0.04788366641844445
2024-02-28 00:00:00+00:00,0.0030663921807193364
2024-02-28 01:00:00+00:00,4.839730079711466e-06
2024-02-28 02:00:00+00:00,6.224335313709474e-06
2024-02-28 03:00:00+00:00,1.8343372794199817e-08
2024-02-28 04:00:00+00:00,1.2113470586259266e-06
2024-02-28 05:00:00+00:00,1.820055001597632e-06
2024-02-28 06:00:00+00:00,1.6082848694138476e-06
2024-02-28 07:00:00+00:00,1.2041283482377616e-05
2024-02-28 08:00:00+00:00,2.461479855747052e-06
2024-02-28 09:00:00+00:00,2.7511408768853115e-06
2024-02-28 10:00:00+00:00,2.814566966895107e-06
2024-02-28 11:00:00+00:00,1.3463168655611596e-05
2024-02-28 12:00:00+00:00,2.4505879077719885e-05
2024-02-28 13:00:00+00:00,0.01662383459307438
2024-02-28 14:00:00+00:00,0.09083193554292557
2024-02-28 15:00:00+00:00,0.2156507058716114
2024-02-28 16:00:00+00:00,0.33524883936812355
2024-02-28 17:00:00+00:00,0.40544655017021064
2024-02-28 18:00:00+00:00,0.4353749836308441
2024-02-28 19:00:00+00:00,0.42871627597172013
2024-02-28 20:00:00+00:00,0.36604645835372673
2024-02-28 21:00:00+00:00,0.234406330865738
2024-02-28 22:00:00+00:00,0.12546128250679128
2024-02-28 23:00:00+00:00,0.0495452929489685
2024-02-29 00:00:00+00:00,0.002922863228273544
2024-02-29 01:00:00+00:00,4.041473951199696e-07
2024-02-29 02:00:00+00:00,1.3415302491280463e-08
2024-02-29 03:00:00+00:00,1.2867739124289425e-08
2024-02-29 04:00:00+00:00,7.833806570418468e-07
2024-02-29 05:00:00+00:00,4.3074984869961754e-08
2024-02-29 06:00:00+00:00,7.665887137874552e-09
2024-02-29 07:00:00+00:00,2.797136199712559e-07
2024-02-29 08:00:00+00:00,2.998822039887592e-07
2024-02-29 09:00:00+00:00,3.6276073063156354e-07
2024-02-29 10:00:00+00:00,2.8655816205864393e-08
2024-02-29 11:00:00+00:00,7.57626926681035e-06
2024-02-29 12:00:00+00:00,7.391329739609126e-06
2024-02-29 13:00:00+00:00,0.013660925682998188
2024-02-29 14:00:00+00:00,0.11740163547901997
2024-02-29 15:00:00+00:00,0.24456925096625717
2024-02-29 16:00:00+00:00,0.3207140571708535
2024-02-29 17:00:00+00:00,0.3502135570961059
2024-02-29 18:00:00+00:00,0.3768923697561893
2024-02-29 19:00:00+00:00,0.40381758784789024
2024-02-29 20:00:00+00:00,0.40055745611220794
2024-02-29 21:00:00+00:00,0.350446932755473
2024-02-29 22:00:00+00:00,0.3267648049954559
2024-02-29 23:00:00+00:00,0.19749894662634165
2024-03-01 00:00:00+00:00,0.021682240080960473
2024-03-01 01:00:00+00:00,7.767186360767892e-07
2024-03-01 02:00:00+00:00,2.581304972556924e-07
2024-03-01 03:00:00+00:00,9.308577238847667e-09
2024-03-01 04:00:00+00:00,1.2867739124289425e-08
2024-03-01 05:00:00+00:00,6.296978720396951e-09
2024-03-01 06:00:00+00:00,2.4640351514596766e-09
2024-03-01 07:00:00+00:00,1.916471784468638e-09
2024-03-01 08:00:00+00:00,3.832943568937276e-09
2024-03-01 09:00:00+00:00,3.832943568937276e-09
2024-03-01 10:00:00+00:00,4.106725252432795e-09
2024-03-01 11:00:00+00:00,3.5591618854417554e-09
2024-03-01 12:00:00+00:00,2.585174420350328e-05
2024-03-01 13:00:00+00:00,0.048485996617099125
2024-03-01 14:00:00+00:00,0.3194786721260469
2024-03-01 15:00:00+00:00,0.5250434792098365
2024-03-01 16:00:00+00:00,0.6446207984994912
2024-03-01 17:00:00+00:00,0.7058880727988446
2024-03-01 18:00:00+00:00,0.7401238613305023
2024-03-01 19:00:00+00:00,0.7503080137025097
2024-03-01 20:00:00+00:00,0.698553681435952
2024-03-01 21:00:00+00:00,0.636062333108264
2024-03-01 22:00:00+00:00,0.5766113519132863
2024-03-01 23:00:00+00:00,0.3503184552704893
2024-03-02 00:00:00+00:00,0.0348582003886454
2024-03-02 01:00:00+00:00,1.6710721354954868e-06
2024-03-02 02:00:00+00:00,1.3962865858271502e-08
2024-03-02 03:00:00+00:00,2.986045561324468e-07
2024-03-02 04:00:00+00:00,3.267128089713201e-07
2024-03-02 05:00:00+00:00,1.0106194543431281e-06
2024-03-02 06:00:00+00:00,1.755396894012107e-06
2024-03-02 07:00:00+00:00,1.784600273584962e-06
2024-03-02 08:00:00+00:00,6.8522536048064485e-06
2024-03-02 09:00:00+00:00,1.761967654415999e-06
2024-03-02 10:00:00+00:00,1.7715500133383424e-06
2024-03-02 11:00:00+00:00,9.032057738517192e-07
2024-03-02 12:00:00+00:00,0.00010894265993317018
2024-03-02 13:00:00+00:00,0.08992068364480786
2024-03-02 14:00:00+00:00,0.4290246239616654
2024-03-02 15:00:00+00:00,0.6120543120134846
2024-03-02 16:00:00+00:00,0.650378694331804
2024-03-02 17:00:00+00:00,0.6547698542955582
2024-03-02 18:00:00+00:00,0.6259195108648274
2024-03-02 19:00:00+00:00,0.5636438713838825
2024-03-02 20:00:00+00:00,0.4955407184078429
2024-03-02 21:00:00+00:00,0.44832677099414986
2024-03-02 22:00:00+00:00,0.38295349066684625
2024-03-02 23:00:00+00:00,0.24439835037059196
2024-03-03 00:00:00+00:00,0.030592997566957117
2024-03-03 01:00:00+00:00,1.5489883197967764e-05
2024-03-03 02:00:00+00:00,1.697446437672222e-08
2024-03-03 03:00:00+00:00,1.615311932623566e-08
2024-03-03 04:00:00+00:00,1.930434650326909e-05
2024-03-03 05:00:00+00:00,1.9488054012894584e-05
2024-03-03 06:00:00+00:00,4.350390950743808e-06
2024-03-03 07:00:00+00:00,2.6214596194696005e-06
2024-03-03 08:00:00+00:00,1.5841920812662417e-06
2024-03-03 09:00:00+00:00,1.7066637543499041e-06
2024-03-03 10:00:00+00:00,1.937826755781288e-06
2024-03-03 11:00:00+00:00,2.0415900138260902e-06
2024-03-03 12:00:00+00:00,2.3423893864545593e-05
2024-03-03 13:00:00+00:00,0.04023768407593535
2024-03-03 14:00:00+00:00,0.19942219938991684
2024-03-03 15:00:00+00:00,0.3661538961270063
2024-03-03 16:00:00+00:00,0.43815288046157297
2024-03-03 17:00:00+00:00,0.46241349536662274
2024-03-03 18:00:00+00:00,0.5058897986911992
2024-03-03 19:00:00+00:00,0.5274166745569483
2024-03-03 20:00:00+00:00,0.517662030296815
2024-03-03 21:00:00+00:00,0.5008578870111946
2024-03-03 22:00:00+00:00,0.42368498417907735
2024-03-03 23:00:00+00:00,0.2285933246513791
2024-03-04 00:00:00+00:00,0.03202900773043628
2024-03-04 01:00:00+00:00,1.0839016849587624e-06
2024-03-04 02:00:00+00:00,1.724824606021774e-08
2024-03-04 03:00:00+00:00,5.3068016317548226e-08
2024-03-04 04:00:00+00:00,1.67006826932267e-08
2024-03-04 05:00:00+00:00,1.697446437672222e-08
2024-03-04 06:00:00+00:00,8.696218873429355e-07
2024-03-04 07:00:00+00:00,1.094396649492757e-06
2024-03-04 08:00:00+00:00,1.1006936282131542e-06
2024-03-04 09:00:00+00:00,1.0418305662616174e-06
2024-03-04 10:00:00+00:00,4.4425641175206323e-07
2024-03-04 11:00:00+00:00,3.3812037911696674e-07
2024-03-04 12:00:00+00:00,3.325886202019398e-05
2024-03-04 13:00:00+00:00,0.05151899884000216
2024-03-04 14:00:00+00:00,0.300794756760546
2024-03-04 15:00:00+00:00,0.425244460938278
2024-03-04 16:00:00+00:00,0.48009973480880097
2024-03-04 17:00:00+00:00,0.5479766542682508
2024-03-04 18:00:00+00:00,0.5882833225674131
2024-03-04 19:00:00+00:00,0.5808217293140306
2024-03-04 20:00:00+00:00,0.5421014160170644
2024-03-04 21:00:00+00:00,0.4719695823355085
2024-03-04 22:00:00+00:00,0.3633154333122545
2024-03-04 23:00:00+00:00,0.2069984817069874
2024-03-05 00:00:00+00:00,0.02975817775772368
2024-03-05 01:00:00+00:00,2.306884465133248e-06
2024-03-05 02:00:00+00:00,1.7299808277276061e-06
2024-03-05 03:00:00+00:00,4.3138867262777376e-07
2024-03-05 04:00:00+00:00,1.7522027743713256e-08
2024-03-05 05:00:00+00:00,1.1069312875687937e-05
2024-03-05 06:00:00+00:00,1.9027827002938615e-07
2024-03-05 07:00:00+00:00,3.2342742876937386e-07
2024-03-05 08:00:00+00:00,1.0842210969228403e-06
2024-03-05 09:00:00+00:00,3.4980173094610896e-07
2024-03-05 10:00:00+00:00,1.291336940487201e-08
2024-03-05 11:00:00+00:00,1.5423034836914275e-08
2024-03-05 12:00:00+00:00,5.363807541286649e-05
2024-03-05 13:00:00+00:00,0.07870400891873548
2024-03-05 14:00:00+00:00,0.44159107902848604
2024-03-05 15:00:00+00:00,0.6700846265462411
2024-03-05 16:00:00+00:00,0.7278032516748659
2024-03-05 17:00:00+00:00,0.7397243676308082
2024-03-05 18:00:00+00:00,0.7325439095175278
2024-03-05 19:00:00+00:00,0.7366509719321038
2024-03-05 20:00:00+00:00,0.7178078295199889
2024-03-05 21:00:00+00:00,0.6907969928231653
2024-03-05 22:00:00+00:00,0.6216375323442647
2024-03-05 23:00:00+00:00,0.3347131501865274
2024-03-06 00:00:00+00:00,0.02918801768259449
2024-03-06 01:00:00+00:00,4.0296100782482237e-07
2024-03-06 02:00:00+00:00,1.499411019943796e-07
2024-03-06 03:00:00+00:00,1.4875471469923234e-08
2024-03-06 04:00:00+00:00,5.776793521755464e-08
2024-03-06 05:00:00+00:00,5.4254403612695476e-08
2024-03-06 06:00:00+00:00,1.2867739124289425e-08
2024-03-06 07:00:00+00:00,9.997594475644725e-08
2024-03-06 08:00:00+00:00,1.690145592779008e-07
2024-03-06 09:00:00+00:00,1.3415302491280463e-08
2024-03-06 10:00:00+00:00,8.911593797779165e-08
2024-03-06 11:00:00+00:00,5.89702931109058e-06
2024-03-06 12:00:00+00:00,0.00015064540537517183
2024-03-06 13:00:00+00:00,0.0549923876618216
2024-03-06 14:00:00+00:00,0.3022456592330686
2024-03-06 15:00:00+00:00,0.43936454268854686
2024-03-06 16:00:00+00:00,0.5378312093331771
2024-03-06 17:00:00+00:00,0.5937836097303589
2024-03-06 18:00:00+00:00,0.6393450186596208
2024-03-06 19:00:00+00:00,0.6616157610021173
2024-03-06 20:00:00+00:00,0.6303422812967158
2024-03-06 21:00:00+00:00,0.5076456989784667
2024-03-06 22:00:00+00:00,0.40010247297972684
2024-03-06 23:00:00+00:00,0.1431805430315975
2024-03-07 00:00:00+00:00,0.007593175240135918
2024-03-07 01:00:00+00:00,9.382498293391458e-07
2024-03-07 02:00:00+00:00,5.8908692232119304e-08
2024-03-07 03:00:00+00:00,1.4254443351194231e-06
2024-03-07 04:00:00+00:00,1.615311932623566e-08
2024-03-07 05:00:00+00:00,6.017493251828609e-06
2024-03-07 06:00:00+00:00,1.9955034304376773e-06
2024-03-07 07:00:00+00:00,6.265083154269724e-06
2024-03-07 08:00:00+00:00,3.5460203646339705e-06
2024-03-07 09:00:00+00:00,3.199458383609225e-06
2024-03-07 10:00:00+00:00,1.9386937311123572e-06
2024-03-07 11:00:00+00:00,5.941062531852776e-07
2024-03-07 12:00:00+00:00,0.00017701199603448842
2024-03-07 13:00:00+00:00,0.02189921083311309
2024-03-07 14:00:00+00:00,0.10276064748041583
2024-03-07 15:00:00+00:00,0.2198960358847609
2024-03-07 16:00:00+00:00,0.2717574072072064
2024-03-07 17:00:00+00:00,0.35206517684429656
2024-03-07 18:00:00+00:00,0.3860191186772566
2024-03-07 19:00:00+00:00,0.38971545207630204
2024-03-07 20:00:00+00:00,0.34295986146988494
2024-03-07 21:00:00+00:00,0.29201837346943216
2024-03-07 22:00:00+00:00,0.23078193620495707
2024-03-07 23:00:00+00:00,0.11868703970731667
2024-03-08 00:00:00+00:00,0.018584311763834054
2024-03-08 01:00:00+00:00,3.3838047171628753e-06
2024-03-08 02:00:00+00:00,3.178149042577157e-07
2024-03-08 03:00:00+00:00,1.1270679303898892e-07
2024-03-08 04:00:00+00:00,7.6526543565056e-07
2024-03-08 05:00:00+00:00,1.3415302491280463e-08
2024-03-08 06:00:00+00:00,1.0725853753742807e-06
2024-03-08 07:00:00+00:00,2.5029577807966232e-06
2024-03-08 08:00:00+00:00,1.7520202532489953e-06
2024-03-08 09:00:00+00:00,2.922619471314672e-06
2024-03-08 10:00:00+00:00,2.7872800591067204e-06
2024-03-08 11:00:00+00:00,5.852539787522558e-07
2024-03-08 12:00:00+00:00,1.5097964718043924e-05
2024-03-08 13:00:00+00:00,0.03512599118134267
2024-03-08 14:00:00+00:00,0.2319265370687277
2024-03-08 15:00:00+00:00,0.40063201781589114
2024-03-08 16:00:00+00:00,0.4559437148192898
2024-03-08 17:00:00+00:00,0.5303476950192211
2024-03-08 18:00:00+00:00,0.5713018987971874
2024-03-08 19:00:00+00:00,0.5329388996636715
2024-03-08 20:00:00+00:00,0.4796806664944515
2024-03-08 21:00:00+00:00,0.3962816508666749
2024-03-08 22:00:00+00:00,0.3017891280933187
2024-03-08 23:00:00+00:00,0.12131142965777499
2024-03-09 00:00:00+00:00,0.01495794354778764
2024-03-09 01:00:00+00:00,1.2593957440793902e-08
2024-03-09 02:00:00+00:00,1.2867739124289425e-08
2024-03-09 03:00:00+00:00,4.08847314019976e-08
2024-03-09 04:00:00+00:00,1.710222916235346e-07
2024-03-09 05:00:00+00:00,6.218494637794903e-07
2024-03-09 06:00:00+00:00,1.999792676812441e-06
2024-03-09 07:00:00+00:00,1.6810195366624905e-06
2024-03-09 08:00:00+00:00,1.2043656256967909e-06
2024-03-09 09:00:00+00:00,1.1723331687278152e-06
2024-03-09 10:00:00+00:00,9.911809548149462e-07
2024-03-09 11:00:00+00:00,1.1602411443734296e-06
2024-03-09 12:00:00+00:00,2.9744463440003738e-05
2024-03-09 13:00:00+00:00,0.0316393556609187
2024-03-09 14:00:00+00:00,0.17848929822525406
2024-03-09 15:00:00+00:00,0.3487850710921131
2024-03-09 16:00:00+00:00,0.5106532969076976
2024-03-09 17:00:00+00:00,0.6684258686089362
2024-03-09 18:00:00+00:00,0.706468597427166
2024-03-09 19:00:00+00:00,0.7241662172894727
2024-03-09 20:00:00+00:00,0.7142431369251285
2024-03-09 21:00:00+00:00,0.686433918525261
2024-03-09 22:00:00+00:00,0.6429935393273936
2024-03-09 23:00:00+00:00,0.4088129194659024
2024-03-10 00:00:00+00:00,0.05030791552439799
2024-03-10 01:00:00+00:00,1.7384224296353845e-06
2024-03-10 02:00:00+00:00,5.0667407256098344e-06
2024-03-10 03:00:00+00:00,4.637405415608277e-07
2024-03-10 04:00:00+00:00,7.927804948418597e-07
2024-03-10 05:00:00+00:00,1.0705320127480646e-06
2024-03-10 06:00:00+00:00,1.5090390091467216e-06
2024-03-10 07:00:00+00:00,1.84665745517728e-06
2024-03-10 08:00:00+00:00,0.0
2024-03-10 09:00:00+00:00,2.495611305622827e-06
2024-03-10 10:00:00+00:00,1.9037865664666782e-06
2024-03-10 11:00:00+00:00,1.2490833006677258e-06
2024-03-10 12:00:00+00:00,5.36338317967723e-07
2024-03-10 13:00:00+00:00,0.0015109126340977234
2024-03-10 14:00:00+00:00,0.16012674638530144
2024-03-10 15:00:00+00:00,0.5744523140746383
2024-03-10 16:00:00+00:00,0.7474393065445941
2024-03-10 17:00:00+00:00,0.7692816253613557
2024-03-10 18:00:00+00:00,0.7700448423168202
2024-03-10 19:00:00+00:00,0.7394128565498128
2024-03-10 20:00:00+00:00,0.7115091110995144
2024-03-10 21:00:00+00:00,0.696373690400612
2024-03-10 22:00:00+00:00,0.6463486714820376
2024-03-10 23:00:00+00:00,0.5563454823123697
2024-03-11 00:00:00+00:00,0.3275414117004545
2024-03-11 01:00:00+00:00,0.04042799519976676
2024-03-11 02:00:00+00:00,9.873480112460091e-07
2024-03-11 03:00:00+00:00,1.2009889849336794e-06
2024-03-11 04:00:00+00:00,1.931438516499726e-06
2024-03-11 05:00:00+00:00,1.9718669450958977e-06
2024-03-11 06:00:00+00:00,2.199516414922422e-06
2024-03-11 07:00:00+00:00,1.76762580920824e-06
2024-03-11 08:00:00+00:00,2.237070135841891e-06
2024-03-11 09:00:00+00:00,2.2090531435641825e-06
2024-03-11 10:00:00+00:00,1.848208884717088e-06
2024-03-11 11:00:00+00:00,5.782269155425376e-07
2024-03-11 12:00:00+00:00,1.0862288292684742e-06
2024-03-11 13:00:00+00:00,0.00028912272071822696
2024-03-11 14:00:00+00:00,0.10486527057064507
2024-03-11 15:00:00+00:00,0.4549280057634505
2024-03-11 16:00:00+00:00,0.622378922009382
2024-03-11 17:00:00+00:00,0.6739761753204143
2024-03-11 18:00:00+00:00,0.7091474586163302
2024-03-11 19:00:00+00:00,0.7167483529941414
2024-03-11 20:00:00+00:00,0.6911427732487442
2024-03-11 21:00:00+00:00,0.6449118116371038
2024-03-11 22:00:00+00:00,0.5586107640080056
2024-03-11 23:00:00+00:00,0.48887844852960466
2024-03-12 00:00:00+00:00,0.3162862860252555
2024-03-12 01:00:00+00:00,0.036319476266634544
2024-03-12 02:00:00+00:00,1.5170243082486742e-06
2024-03-12 03:00:00+00:00,1.20135402717834e-06
2024-03-12 04:00:00+00:00,1.751290168759674e-06
2024-03-12 05:00:00+00:00,1.65701800907605e-06
2024-03-12 06:00:00+00:00,1.1475969936239948e-05
2024-03-12 07:00:00+00:00,6.625562370872158e-06
2024-03-12 08:00:00+00:00,2.2410856005331584e-06
2024-03-12 09:00:00+00:00,4.8128994747289046e-06
2024-03-12 10:00:00+00:00,1.0739177795672924e-05
2024-03-12 11:00:00+00:00,2.1193896422194e-05
2024-03-12 12:00:00+00:00,1.5023267948730232e-05
2024-03-12 13:00:00+00:00,0.001922422064317168
2024-03-12 14:00:00+00:00,0.08745939776338359
2024-03-12 15:00:00+00:00,0.32873350547286107
2024-03-12 16:00:00+00:00,0.4546582749993743
2024-03-12 17:00:00+00:00,0.5458117437668617
2024-03-12 18:00:00+00:00,0.6090598583885086
2024-03-12 19:00:00+00:00,0.6475202452260056
2024-03-12 20:00:00+00:00,0.6233661156077586
2024-03-12 21:00:00+00:00,0.5844586840745841
2024-03-12 22:00:00+00:00,0.5605137571551536
2024-03-12 23:00:00+00:00,0.5389129922216873
2024-03-13 00:00:00+00:00,0.3443049528430005
2024-03-13 01:00:00+00:00,0.047964871936610726
2024-03-13 02:00:00+00:00,2.714545391858077e-07
2024-03-13 03:00:00+00:00,1.8204200438422927e-06
2024-03-13 04:00:00+00:00,1.724824606021774e-08
2024-03-13 05:00:00+00:00,3.5737179449476004e-06
2024-03-13 06:00:00+00:00,1.5913560353177079e-06
2024-03-13 07:00:00+00:00,6.238571961251242e-07
2024-03-13 08:00:00+00:00,8.287371559409379e-07
2024-03-13 09:00:00+00:00,1.8849868908666527e-07
2024-03-13 10:00:00+00:00,1.5331774275749103e-08
2024-03-13 11:00:00+00:00,2.2936516837642985e-06
2024-03-13 12:00:00+00:00,2.737451792710536e-06
2024-03-13 13:00:00+00:00,0.00023529970577815932
2024-03-13 14:00:00+00:00,0.0772834183678222
2024-03-13 15:00:00+00:00,0.3476144022422393
2024-03-13 16:00:00+00:00,0.47174395369391814
2024-03-13 17:00:00+00:00,0.5332994099088648
2024-03-13 18:00:00+00:00,0.579663369414865
2024-03-13 19:00:00+00:00,0.5948288184888132
2024-03-13 20:00:00+00:00,0.5935743606255471
2024-03-13 21:00:00+00:00,0.5434709855716774
2024-03-13 22:00:00+00:00,0.48907675763775604
2024-03-13 23:00:00+00:00,0.4112052088039239
2024-03-14 00:00:00+00:00,0.2566051519007373
2024-03-14 01:00:00+00:00,0.037552335721041136
2024-03-14 02:00:00+00:00,6.904774057757006e-07
2024-03-14 03:00:00+00:00,4.138666448840606e-08
2024-03-14 04:00:00+00:00,9.476952974197412e-07
2024-03-14 05:00:00+00:00,1.3200840172542305e-07
2024-03-14 06:00:00+00:00,6.899298424087094e-08
2024-03-14 07:00:00+00:00,9.827849831877503e-07
2024-03-14 08:00:00+00:00,7.692809003418276e-07
2024-03-14 09:00:00+00:00,2.986866906374954e-06
2024-03-14 10:00:00+00:00,5.635339651949446e-08
2024-03-14 11:00:00+00:00,7.80049646559318e-07
2024-03-14 12:00:00+00:00,2.3769725761081016e-06
2024-03-14 13:00:00+00:00,0.0004456159203317408
2024-03-14 14:00:00+00:00,0.08252854086485932
2024-03-14 15:00:00+00:00,0.3391885573373213
2024-03-14 16:00:00+00:00,0.4601135019408327
2024-03-14 17:00:00+00:00,0.5293651876962906
2024-03-14 18:00:00+00:00,0.5397427354340545
2024-03-14 19:00:00+00:00,0.5839073533803676
2024-03-14 20:00:00+00:00,0.620874128806583
2024-03-14 21:00:00+00:00,0.543332859792016
2024-03-14 22:00:00+00:00,0.46673600201794474
2024-03-14 23:00:00+00:00,0.38480120555814573
2024-03-15 00:00:00+00:00,0.24337685899996697
2024-03-15 01:00:00+00:00,0.04423232032369796
2024-03-15 02:00:00+00:00,1.9234988476783557e-06
2024-03-15 03:00:00+00:00,1.3865217057824768e-06
2024-03-15 04:00:00+00:00,1.7720975767053337e-06
2024-03-15 05:00:00+00:00,1.642690100973118e-08
2024-03-15 06:00:00+00:00,5.347366951192742e-06
2024-03-15 07:00:00+00:00,1.615311932623566e-08
2024-03-15 08:00:00+00:00,1.3415302491280463e-08
2024-03-15 09:00:00+00:00,1.1498830706811826e-08
2024-03-15 10:00:00+00:00,1.2722178529230972e-06
2024-03-15 11:00:00+00:00,8.661083557380763e-07
2024-03-15 12:00:00+00:00,4.051466982647282e-06
2024-03-15 13:00:00+00:00,0.00018521864762754723
2024-03-15 14:00:00+00:00,0.020209717662085857
2024-03-15 15:00:00+00:00,0.12172522913488604
2024-03-15 16:00:00+00:00,0.18847419192297116
2024-03-15 17:00:00+00:00,0.21665183377129055
2024-03-15 18:00:00+00:00,0.22730701963571343
2024-03-15 19:00:00+00:00,0.27684340505197913
2024-03-15 20:00:00+00:00,0.302470126401497
2024-03-15 21:00:00+00:00,0.2715059796612775
2024-03-15 22:00:00+00:00,0.21132392904737188
2024-03-15 23:00:00+00:00,0.18400295036049166
2024-03-16 00:00:00+00:00,0.08957205771493182
2024-03-16 01:00:00+00:00,0.008392365785533458
2024-03-16 02:00:00+00:00,4.813994601462887e-08
2024-03-16 03:00:00+00:00,6.007226438697527e-07
2024-03-16 04:00:00+00:00,2.2988535357507132e-07
2024-03-16 05:00:00+00:00,5.977566756318845e-07
2024-03-16 06:00:00+00:00,3.9465629675879157e-07
2024-03-16 07:00:00+00:00,6.119020626124864e-08
2024-03-16 08:00:00+00:00,5.879005350260458e-07
2024-03-16 09:00:00+00:00,9.308577238847667e-09
2024-03-16 10:00:00+00:00,9.582358922343189e-09
2024-03-16 11:00:00+00:00,1.3962865858271502e-08
2024-03-16 12:00:00+00:00,1.3415302491280463e-08
2024-03-16 13:00:00+00:00,0.000246210316537981
2024-03-16 14:00:00+00:00,0.015051874986166154
2024-03-16 15:00:00+00:00,0.054512669951296465
2024-03-16 16:00:00+00:00,0.116051711904821
2024-03-16 17:00:00+00:00,0.17405519049385212
2024-03-16 18:00:00+00:00,0.20903465545213865
2024-03-16 19:00:00+00:00,0.23310354195684213
2024-03-16 20:00:00+00:00,0.2641153822876717
2024-03-16 21:00:00+00:00,0.2574023835838197
2024-03-16 22:00:00+00:00,0.21802945205109547
2024-03-16 23:00:00+00:00,0.17553585956050083
2024-03-17 00:00:00+00:00,0.07788293317816493
2024-03-17 01:00:00+00:00,0.00534961780167332
2024-03-17 02:00:00+00:00,1.2046394073802865e-07
2024-03-17 03:00:00+00:00,2.2742131842361168e-07
2024-03-17 04:00:00+00:00,7.974302204332253e-06
2024-03-17 05:00:00+00:00,6.460791427688436e-07
2024-03-17 06:00:00+00:00,1.3962865858271502e-08
2024-03-17 07:00:00+00:00,1.2046394073802865e-08
2024-03-17 08:00:00+00:00,2.234971142935092e-07
2024-03-17 09:00:00+00:00,9.737501876323983e-08
2024-03-17 10:00:00+00:00,1.5331774275749103e-08
2024-03-17 11:00:00+00:00,1.0946704311762528e-07
2024-03-17 12:00:00+00:00,1.2593957440793902e-08
2024-03-17 13:00:00+00:00,0.0005644200139832973
2024-03-17 14:00:00+00:00,0.04106557415134756
2024-03-17 15:00:00+00:00,0.089908540149497
2024-03-17 16:00:00+00:00,0.1381611291204023
2024-03-17 17:00:00+00:00,0.18958580309774678
2024-03-17 18:00:00+00:00,0.26538449217092375
2024-03-17 19:00:00+00:00,0.3418562598238903
2024-03-17 20:00:00+00:00,0.34100314281970656
2024-03-17 21:00:00+00:00,0.25432941010210164
2024-03-17 22:00:00+00:00,0.19589358095412807
2024-03-17 23:00:00+00:00,0.13295295925659856
2024-03-18 00:00:00+00:00,0.07389130309891737
2024-03-18 01:00:00+00:00,0.016315644255748545
2024-03-18 02:00:00+00:00,1.870841503886051e-07
2024-03-18 03:00:00+00:00,1.4784210908758062e-08
2024-03-18 04:00:00+00:00,4.672540731656868e-08
2024-03-18 05:00:00+00:00,1.1498830706811826e-08
2024-03-18 06:00:00+00:00,1.2046394073802865e-08
2024-03-18 07:00:00+00:00,1.0129922289334228e-08
2024-03-18 08:00:00+00:00,1.0951267339820786e-08
2024-03-18 09:00:00+00:00,1.3141520807784943e-08
2024-03-18 10:00:00+00:00,1.1772612390307344e-08
2024-03-18 11:00:00+00:00,1.3141520807784943e-08
2024-03-18 12:00:00+00:00,5.725185674416559e-06
2024-03-18 13:00:00+00:00,0.004532355109869363
2024-03-18 14:00:00+00:00,0.13810080296913418
2024-03-18 15:00:00+00:00,0.41056931374658745
2024-03-18 16:00:00+00:00,0.5463704406485331
2024-03-18 17:00:00+00:00,0.6378383817197045
2024-03-18 18:00:00+00:00,0.6319077061455116
2024-03-18 19:00:00+00:00,0.650943424768586
2024-03-18 20:00:00+00:00,0.6570839431888018
2024-03-18 21:00:00+00:00,0.6327059967248851
2024-03-18 22:00:00+00:00,0.5633440516021176
2024-03-18 23:00:00+00:00,0.5284620116733819
2024-03-19 00:00:00+00:00,0.3031418796954174
2024-03-19 01:00:00+00:00,0.04096213317997451
2024-03-19 02:00:00+00:00,7.811904035738827e-08
2024-03-19 03:00:00+00:00,1.2593957440793902e-08
2024-03-19 04:00:00+00:00,1.3141520807784943e-08
2024-03-19 05:00:00+00:00,5.4573815576773586e-08
2024-03-19 06:00:00+00:00,1.1498830706811826e-08
2024-03-19 07:00:00+00:00,1.0129922289334228e-08
2024-03-19 08:00:00+00:00,2.4640351514596766e-09
2024-03-19 09:00:00+00:00,1.916471784468638e-09
2024-03-19 10:00:00+00:00,1.916471784468638e-09
2024-03-19 11:00:00+00:00,2.780024844494089e-06
2024-03-19 12:00:00+00:00,2.796953678590229e-06
2024-03-19 13:00:00+00:00,0.008007103531529046
2024-03-19 14:00:00+00:00,0.2000123210244805
2024-03-19 15:00:00+00:00,0.5095250160788195
2024-03-19 16:00:00+00:00,0.6421147522331534
2024-03-19 17:00:00+00:00,0.6406011184829034
2024-03-19 18:00:00+00:00,0.6607611005536929
2024-03-19 19:00:00+00:00,0.6152397087416781
2024-03-19 20:00:00+00:00,0.5805701973203894
2024-03-19 21:00:00+00:00,0.5651609259906375
2024-03-19 22:00:00+00:00,0.5196327811708782
2024-03-19 23:00:00+00:00,0.4692012780392546
2024-03-20 00:00:00+00:00,0.33674500370234334
2024-03-20 01:00:00+00:00,0.05727551093405624
2024-03-20 02:00:00+00:00,1.2337606524480932e-05
2024-03-20 03:00:00+00:00,7.259777640689529e-08
2024-03-20 04:00:00+00:00,1.2593957440793902e-08
2024-03-20 05:00:00+00:00,1.1498830706811826e-08
2024-03-20 06:00:00+00:00,1.009341806486816e-07
2024-03-20 07:00:00+00:00,1.2593957440793902e-08
2024-03-20 08:00:00+00:00,1.4236647541767021e-08
2024-03-20 09:00:00+00:00,1.2867739124289425e-08
2024-03-20 10:00:00+00:00,1.2867739124289425e-08
2024-03-20 11:00:00+00:00,1.0538678342793037e-05
2024-03-20 12:00:00+00:00,1.0111168244014783e-05
2024-03-20 13:00:00+00:00,0.0023835024974108725
2024-03-20 14:00:00+00:00,0.1008645268467173
2024-03-20 15:00:00+00:00,0.34967589627571605
2024-03-20 16:00:00+00:00,0.47867973736027464
2024-03-20 17:00:00+00:00,0.5517156100910433
2024-03-20 18:00:00+00:00,0.5933593912175008
2024-03-20 19:00:00+00:00,0.6230963806000662
2024-03-20 20:00:00+00:00,0.5807011334105212
2024-03-20 21:00:00+00:00,0.5046043065789821
2024-03-20 22:00:00+00:00,0.4466519693589315
2024-03-20 23:00:00+00:00,0.33775847345216303
2024-03-21 00:00:00+00:00,0.12315322616479212
2024-03-21 01:00:00+00:00,0.010779532759517357
2024-03-21 02:00:00+00:00,1.3141520807784943e-08
2024-03-21 03:00:00+00:00,6.600876389076979e-07
2024-03-21 04:00:00+00:00,1.2046394073802865e-08
2024-03-21 05:00:00+00:00,2.619178105440471e-08
2024-03-21 06:00:00+00:00,1.4784210908758062e-08
2024-03-21 07:00:00+00:00,3.618937553004944e-07
2024-03-21 08:00:00+00:00,1.560555595924462e-08
2024-03-21 09:00:00+00:00,3.7827502602964294e-08
2024-03-21 10:00:00+00:00,1.4510429225262543e-08
2024-03-21 11:00:00+00:00,1.8087843222937334e-07
2024-03-21 12:00:00+00:00,1.3415302491280463e-08
2024-03-21 13:00:00+00:00,0.0004920708313450159
2024-03-21 14:00:00+00:00,0.06657525948932594
2024-03-21 15:00:00+00:00,0.23746442778085938
2024-03-21 16:00:00+00:00,0.3575020612799362
2024-03-21 17:00:00+00:00,0.41754914163060375
2024-03-21 18:00:00+00:00,0.4181274889644567
2024-03-21 19:00:00+00:00,0.4218333505592814
2024-03-21 20:00:00+00:00,0.3953935560165409
2024-03-21 21:00:00+00:00,0.3369243347204976
2024-03-21 22:00:00+00:00,0.32327239546495734
2024-03-21 23:00:00+00:00,0.32480558991262687
2024-03-22 00:00:00+00:00,0.2299414735270754
2024-03-22 01:00:00+00:00,0.049126479570996764
2024-03-22 02:00:00+00:00,5.076414345093343e-06
2024-03-22 03:00:00+00:00,1.3962865858271502e-08
2024-03-22 04:00:00+00:00,1.2593957440793902e-08
2024-03-22 05:00:00+00:00,6.865075713650156e-07
2024-03-22 06:00:00+00:00,8.494533033254323e-07
2024-03-22 07:00:00+00:00,1.1498830706811826e-08
2024-03-22 08:00:00+00:00,1.0403703972829747e-08
2024-03-22 09:00:00+00:00,8.053744522826536e-08
2024-03-22 10:00:00+00:00,4.845935797870698e-08
2024-03-22 11:00:00+00:00,1.587933764274014e-08
2024-03-22 12:00:00+00:00,2.0641770027144703e-05
2024-03-22 13:00:00+00:00,0.0026585020530951417
2024-03-22 14:00:00+00:00,0.1533143519713409
2024-03-22 15:00:00+00:00,0.4646192657765413
2024-03-22 16:00:00+00:00,0.5992955488136029
2024-03-22 17:00:00+00:00,0.6316711748328302
2024-03-22 18:00:00+00:00,0.6449698144313755
2024-03-22 19:00:00+00:00,0.6086907899560408
2024-03-22 20:00:00+00:00,0.5812159380233672
2024-03-22 21:00:00+00:00,0.6044738412473291
2024-03-22 22:00:00+00:00,0.6104556518935238
2024-03-22 23:00:00+00:00,0.6141481290775571
2024-03-23 00:00:00+00:00,0.47164115245907884
2024-03-23 01:00:00+00:00,0.07712203629431678
2024-03-23 02:00:00+00:00,1.2867739124289425e-08
2024-03-23 03:00:00+00:00,3.641296390490411e-08
2024-03-23 04:00:00+00:00,1.5331774275749103e-08
2024-03-23 05:00:00+00:00,1.3141520807784943e-08
2024-03-23 06:00:00+00:00,1.3962865858271502e-08
2024-03-23 07:00:00+00:00,1.1772612390307344e-08
2024-03-23 08:00:00+00:00,1.2320175757298384e-08
2024-03-23 09:00:00+00:00,9.308577238847667e-09
2024-03-23 10:00:00+00:00,1.1498830706811826e-08
2024-03-23 11:00:00+00:00,1.0951267339820786e-08
2024-03-23 12:00:00+00:00,5.268244044662537e-06
2024-03-23 13:00:00+00:00,0.010477285218674038
2024-03-23 14:00:00+00:00,0.23785274639668746
2024-03-23 15:00:00+00:00,0.518358641370537
2024-03-23 16:00:00+00:00,0.6375670255137733
2024-03-23 17:00:00+00:00,0.716676411335539
2024-03-23 18:00:00+00:00,0.7155617521492811
2024-03-23 19:00:00+00:00,0.7279784119941143
2024-03-23 20:00:00+00:00,0.6932717037263305
2024-03-23 21:00:00+00:00,0.6344986188930571
2024-03-23 22:00:00+00:00,0.5566811878457776
2024-03-23 23:00:00+00:00,0.3967969085425768
2024-03-24 00:00:00+00:00,0.17097248717614488
2024-03-24 01:00:00+00:00,0.018865339307734687
2024-03-24 02:00:00+00:00,2.6205470138579487e-07
2024-03-24 03:00:00+00:00,1.3141520807784943e-08
2024-03-24 04:00:00+00:00,3.846632653112051e-06
2024-03-24 05:00:00+00:00,2.998000694837105e-06
2024-03-24 06:00:00+00:00,2.230681896560329e-06
2024-03-24 07:00:00+00:00,3.907959750215048e-06
2024-03-24 08:00:00+00:00,1.197931756134646e-06
2024-03-24 09:00:00+00:00,4.308867395413653e-07
2024-03-24 10:00:00+00:00,8.354904374671608e-08
2024-03-24 11:00:00+00:00,1.4423731692155626e-07
2024-03-24 12:00:00+00:00,2.8183999104640443e-06
2024-03-24 13:00:00+00:00,0.002542840836279272
2024-03-24 14:00:00+00:00,0.056324039457136606
2024-03-24 15:00:00+00:00,0.13181722129911627
2024-03-24 16:00:00+00:00,0.17349788446876302
2024-03-24 17:00:00+00:00,0.21432195337869434
2024-03-24 18:00:00+00:00,0.2538773199294095
2024-03-24 19:00:00+00:00,0.28110584559900204
2024-03-24 20:00:00+00:00,0.2726415204959476
2024-03-24 21:00:00+00:00,0.28664950826784574
2024-03-24 22:00:00+00:00,0.260897755797176
2024-03-24 23:00:00+00:00,0.23098520391006905
2024-03-25 00:00:00+00:00,0.12821148892116052
2024-03-25 01:00:00+00:00,0.026102933604997866
2024-03-25 02:00:00+00:00,1.8465661946161146e-06
2024-03-25 03:00:00+00:00,1.4614922567796665e-06
2024-03-25 04:00:00+00:00,1.724824606021774e-08
2024-03-25 05:00:00+00:00,4.734141610443361e-07
2024-03-25 06:00:00+00:00,1.4510429225262543e-08
2024-03-25 07:00:00+00:00,5.371140327376271e-07
2024-03-25 08:00:00+00:00,6.707194942834405e-07
2024-03-25 09:00:00+00:00,1.615311932623566e-08
2024-03-25 10:00:00+00:00,5.165347761948804e-08
2024-03-25 11:00:00+00:00,2.2472913186923908e-07
2024-03-25 12:00:00+00:00,1.0166426513800296e-07
2024-03-25 13:00:00+00:00,0.0008115107211548387
2024-03-25 14:00:00+00:00,0.10894588485325035
2024-03-25 15:00:00+00:00,0.2595470207796974
2024-03-25 16:00:00+00:00,0.32430428337560113
2024-03-25 17:00:00+00:00,0.37195729228486246
2024-03-25 18:00:00+00:00,0.43461566957016884
2024-03-25 19:00:00+00:00,0.48025870363365714
2024-03-25 20:00:00+00:00,0.49175873437121803
2024-03-25 21:00:00+00:00,0.4714999355929502
2024-03-25 22:00:00+00:00,0.4662035844818361
2024-03-25 23:00:00+00:00,0.4522596343825984
2024-03-26 00:00:00+00:00,0.32320588088940627
2024-03-26 01:00:00+00:00,0.04776264692904034
2024-03-26 02:00:00+00:00,1.0612645027617411e-05
2024-03-26 03:00:00+00:00,4.7638012928220417e-08
2024-03-26 04:00:00+00:00,6.073390345542277e-08
2024-03-26 05:00:00+00:00,1.2320175757298384e-08
2024-03-26 06:00:00+00:00,1.1498830706811826e-08
2024-03-26 07:00:00+00:00,1.1498830706811826e-08
2024-03-26 08:00:00+00:00,5.6079614835998946e-08
2024-03-26 09:00:00+00:00,2.641993245731765e-08
2024-03-26 10:00:00+00:00,3.335573510587081e-08
2024-03-26 11:00:00+00:00,1.3049347641008116e-06
2024-03-26 12:00:00+00:00,1.4331102222572978e-06
2024-03-26 13:00:00+00:00,0.01599002534149363
2024-03-26 14:00:00+00:00,0.3426920447591883
2024-03-26 15:00:00+00:00,0.7387100020216897
2024-03-26 16:00:00+00:00,0.7993477720582839
2024-03-26 17:00:00+00:00,0.8229971896604048
2024-03-26 18:00:00+00:00,0.8366395607024096
2024-03-26 19:00:00+00:00,0.8363185683791938
2024-03-26 20:00:00+00:00,0.8257093922567669
2024-03-26 21:00:00+00:00,0.8027965276012822
2024-03-26 22:00:00+00:00,0.7875716517032659
2024-03-26 23:00:00+00:00,0.730646624262178
2024-03-27 00:00:00+00:00,0.46516815757789093
2024-03-27 01:00:00+00:00,0.06669621664776679
2024-03-27 02:00:00+00:00,1.0871825021326502e-05
2024-03-27 03:00:00+00:00,1.0650107487975712e-07
2024-03-27 04:00:00+00:00,2.4822872636927115e-08
2024-03-27 05:00:00+00:00,2.299766141362365e-08
2024-03-27 06:00:00+00:00,2.3088921974788826e-08
2024-03-27 07:00:00+00:00,2.308892197478882e-08
2024-03-27 08:00:00+00:00,2.0624886823329145e-08
2024-03-27 09:00:00+00:00,9.764880044673533e-09
2024-03-27 10:00:00+00:00,1.3260159537299667e-07
2024-03-27 11:00:00+00:00,2.637886520479332e-07
2024-03-27 12:00:00+00:00,1.5026507698651597e-06
2024-03-27 13:00:00+00:00,0.009616345769859796
2024-03-27 14:00:00+00:00,0.22528581298763553
2024-03-27 15:00:00+00:00,0.5430787343557475
2024-03-27 16:00:00+00:00,0.639219642299766
2024-03-27 17:00:00+00:00,0.6602426427349531
2024-03-27 18:00:00+00:00,0.6969717823219153
2024-03-27 19:00:00+00:00,0.7323802495804157
2024-03-27 20:00:00+00:00,0.7281417850992826
2024-03-27 21:00:00+00:00,0.6947651775623164
2024-03-27 22:00:00+00:00,0.6005131777016961
2024-03-27 23:00:00+00:00,0.5161480723434215
2024-03-28 00:00:00+00:00,0.4074511869119795
2024-03-28 01:00:00+00:00,0.08997690284267217
2024-03-28 02:00:00+00:00,9.235212873726987e-05
2024-03-28 03:00:00+00:00,1.8763171375559615e-07
2024-03-28 04:00:00+00:00,1.673262388963451e-07
2024-03-28 05:00:00+00:00,2.4822872636927115e-08
2024-03-28 06:00:00+00:00,2.272387973012813e-08
2024-03-28 07:00:00+00:00,6.270056854853225e-07
2024-03-28 08:00:00+00:00,8.738198731565335e-08
2024-03-28 09:00:00+00:00,5.4573815576773586e-08
2024-03-28 10:00:00+00:00,1.870841503886051e-08
2024-03-28 11:00:00+00:00,4.316624543112693e-08
2024-03-28 12:00:00+00:00,1.8067127075552837e-05
2024-03-28 13:00:00+00:00,0.022612170825695204
2024-03-28 14:00:00+00:00,0.38629647398743655
2024-03-28 15:00:00+00:00,0.7968905925370697
2024-03-28 16:00:00+00:00,0.8684335752712927
2024-03-28 17:00:00+00:00,0.8660274719590185
2024-03-28 18:00:00+00:00,0.8325899961830507
2024-03-28 19:00:00+00:00,0.7930162181791628
2024-03-28 20:00:00+00:00,0.7211794778741017
2024-03-28 21:00:00+00:00,0.6604007274274929
2024-03-28 22:00:00+00:00,0.5674461122534876
2024-03-28 23:00:00+00:00,0.5316283919821426
2024-03-29 00:00:00+00:00,0.37917559638100934
2024-03-29 01:00:00+00:00,0.08649887132232457
2024-03-29 02:00:00+00:00,1.4944145042200026e-05
2024-03-29 03:00:00+00:00,2.4275309269936073e-08
2024-03-29 04:00:00+00:00,2.5644217687413672e-08
2024-03-29 05:00:00+00:00,2.0011159549493357e-06
2024-03-29 06:00:00+00:00,1.253144395639576e-06
2024-03-29 07:00:00+00:00,2.537043600391815e-08
2024-03-29 08:00:00+00:00,2.4275309269936076e-08
2024-03-29 09:00:00+00:00,2.098992906798984e-08
2024-03-29 10:00:00+00:00,1.2499046457182123e-06
2024-03-29 11:00:00+00:00,1.8483914058394183e-06
2024-03-29 12:00:00+00:00,8.937192385185996e-06
2024-03-29 13:00:00+00:00,0.019578179383939423
2024-03-29 14:00:00+00:00,0.19273749100372323
2024-03-29 15:00:00+00:00,0.3244507170604482
2024-03-29 16:00:00+00:00,0.3736811962543432
2024-03-29 17:00:00+00:00,0.38376336700261116
2024-03-29 18:00:00+00:00,0.4098902670455097
2024-03-29 19:00:00+00:00,0.45725819949918345
2024-03-29 20:00:00+00:00,0.5102620504249159
2024-03-29 21:00:00+00:00,0.4590244068911198
2024-03-29 22:00:00+00:00,0.40378781805964453
2024-03-29 23:00:00+00:00,0.3809688241086349
2024-03-30 00:00:00+00:00,0.22582021585162204
2024-03-30 01:00:00+00:00,0.04670217443105865
2024-03-30 02:00:00+00:00,0.00018236492987991224
2024-03-30 03:00:00+00:00,8.320681664234668e-07
2024-03-30 04:00:00+00:00,1.6153119326235657e-08
2024-03-30 05:00:00+00:00,2.0786418016591502e-06
2024-03-30 06:00:00+00:00,1.4236647541767021e-08
2024-03-30 07:00:00+00:00,1.53317742757491e-08
2024-03-30 08:00:00+00:00,1.2867739124289425e-08
2024-03-30 09:00:00+00:00,1.1498830706811826e-08
2024-03-30 10:00:00+00:00,1.2046394073802865e-08
2024-03-30 11:00:00+00:00,1.5057992592253582e-08
2024-03-30 12:00:00+00:00,8.809381969274171e-07
2024-03-30 13:00:00+00:00,0.01273477983314694
2024-03-30 14:00:00+00:00,0.23306106860722167
2024-03-30 15:00:00+00:00,0.5244335464132431
2024-03-30 16:00:00+00:00,0.5695297513009551
2024-03-30 17:00:00+00:00,0.5591861514880784
2024-03-30 18:00:00+00:00,0.5626020572901522
2024-03-30 19:00:00+00:00,0.5732577313073167
2024-03-30 20:00:00+00:00,0.5316304482651067
2024-03-30 21:00:00+00:00,0.47928382204321773
2024-03-30 22:00:00+00:00,0.3852992735772677
2024-03-30 23:00:00+00:00,0.26054242677908235
2024-03-31 00:00:00+00:00,0.11210616808954989
2024-03-31 01:00:00+00:00,0.019700463790351574
2024-03-31 02:00:00+00:00,8.221527064528706e-06
2024-03-31 03:00:00+00:00,8.852274433021801e-08
2024-03-31 04:00:00+00:00,8.746731594034279e-06
2024-03-31 05:00:00+00:00,1.9178863231666977e-06
2024-03-31 06:00:00+00:00,1.7522027743713256e-08
2024-03-31 07:00:00+00:00,1.5605555959244618e-08
2024-03-31 08:00:00+00:00,1.560555595924462e-08
2024-03-31 09:00:00+00:00,1.5057992592253582e-08
2024-03-31 10:00:00+00:00,8.34577831855509e-08
2024-03-31 11:00:00+00:00,1.7522027743713256e-08
2024-03-31 12:00:00+00:00,8.468980076128074e-07
2024-03-31 13:00:00+00:00,0.0028439514074213145
2024-03-31 14:00:00+00:00,0.05169938916512013
2024-03-31 15:00:00+00:00,0.14901471681370668
2024-03-31 16:00:00+00:00,0.24391600307825742
2024-03-31 17:00:00+00:00,0.34591731924975194
2024-03-31 18:00:00+00:00,0.3963623240163576
2024-03-31 19:00:00+00:00,0.4476476500526055
2024-03-31 20:00:00+00:00,0.4493594133558528
2024-03-31 21:00:00+00:00,0.4274244393340302
2024-03-31 22:00:00+00:00,0.32880487095791056
2024-03-31 23:00:00+00:00,0.21095882045628322
2024-04-01 00:00:00+00:00,0.10004406191308264
2024-04-01 01:00:00+00:00,0.02240832402669234
2024-04-01 02:00:00+00:00,4.069627834319152e-06
2024-04-01 03:00:00+00:00,1.3921524824063678e-05
2024-04-01 04:00:00+00:00,1.64889581913235e-05
2024-04-01 05:00:00+00:00,1.23059847400372e-05
2024-04-01 06:00:00+00:00,1.724824606021774e-08
2024-04-01 07:00:00+00:00,1.67006826932267e-08
2024-04-01 08:00:00+00:00,1.7522027743713256e-08
2024-04-01 09:00:00+00:00,4.743267666559878e-07
2024-04-01 10:00:00+00:00,1.6974464376722217e-08
2024-04-01 11:00:00+00:00,8.304711066030764e-08
2024-04-01 12:00:00+00:00,3.4092664137279585e-06
2024-04-01 13:00:00+00:00,0.00309942699806187
2024-04-01 14:00:00+00:00,0.0603559720710362
2024-04-01 15:00:00+00:00,0.18835058825388679
2024-04-01 16:00:00+00:00,0.28705893828054874
2024-04-01 17:00:00+00:00,0.38928674787871115
2024-04-01 18:00:00+00:00,0.46280593225216426
2024-04-01 19:00:00+00:00,0.45778262069366227
2024-04-01 20:00:00+00:00,0.48323824724504083
2024-04-01 21:00:00+00:00,0.45324358932618036
2024-04-01 22:00:00+00:00,0.3809084276867347
2024-04-01 23:00:00+00:00,0.37432722593388795
2024-04-02 00:00:00+00:00,0.2303125227243931
2024-04-02 01:00:00+00:00,0.05554045328131102
2024-04-02 02:00:00+00:00,0.0001944265188371491
2024-04-02 03:00:00+00:00,1.2666965889726042e-07
2024-04-02 04:00:00+00:00,1.6974464376722217e-08
2024-04-02 05:00:00+00:00,6.842716876164688e-07
2024-04-02 06:00:00+00:00,5.625757293027103e-07
2024-04-02 07:00:00+00:00,1.4263113104504923e-06
2024-04-02 08:00:00+00:00,2.4722486019645425e-06
2024-04-02 09:00:00+00:00,7.439378425062591e-06
2024-04-02 10:00:00+00:00,2.4849338199665015e-06
2024-04-02 11:00:00+00:00,2.9625915971050187e-06
2024-04-02 12:00:00+00:00,6.6194479132740915e-06
2024-04-02 13:00:00+00:00,0.020570254920405193
2024-04-02 14:00:00+00:00,0.305005066765366
2024-04-02 15:00:00+00:00,0.3420526833975874
2024-04-02 16:00:00+00:00,0.30360377800566024
2024-04-02 17:00:00+00:00,0.36306982499600826
2024-04-02 18:00:00+00:00,0.42264220578062744
2024-04-02 19:00:00+00:00,0.48857081666128294
2024-04-02 20:00:00+00:00,0.49677191381717717
2024-04-02 21:00:00+00:00,0.49657190192384526
2024-04-02 22:00:00+00:00,0.45428399376365264
2024-04-02 23:00:00+00:00,0.43621905329114524
2024-04-03 00:00:00+00:00,0.2986863250476874
2024-04-03 01:00:00+00:00,0.08757220320908918
2024-04-03 02:00:00+00:00,0.00013842707640413377
2024-04-03 03:00:00+00:00,9.208190621565977e-08
2024-04-03 04:00:00+00:00,1.644971615002247e-07
2024-04-03 05:00:00+00:00,8.526930532467959e-07
2024-04-03 06:00:00+00:00,4.81262569304541e-07
2024-04-03 07:00:00+00:00,2.41840487087709e-07
2024-04-03 08:00:00+00:00,4.59953228272473e-08
2024-04-03 09:00:00+00:00,1.2593957440793902e-08
2024-04-03 10:00:00+00:00,2.1884282567408536e-07
2024-04-03 11:00:00+00:00,8.030929382535244e-08
2024-04-03 12:00:00+00:00,1.837818869828433e-05
2024-04-03 13:00:00+00:00,0.041449031453973245
2024-04-03 14:00:00+00:00,0.3973201046096523
2024-04-03 15:00:00+00:00,0.7842216221547481
2024-04-03 16:00:00+00:00,0.8283267406335865
2024-04-03 17:00:00+00:00,0.7951499880217867
2024-04-03 18:00:00+00:00,0.8032529740056013
2024-04-03 19:00:00+00:00,0.8187938512780037
2024-04-03 20:00:00+00:00,0.8157100104886621
2024-04-03 21:00:00+00:00,0.8537732202758102
2024-04-03 22:00:00+00:00,0.8453211923052212
2024-04-03 23:00:00+00:00,0.8077685152696815
2024-04-04 00:00:00+00:00,0.5672893518885813
2024-04-04 01:00:00+00:00,0.11995126742432806
2024-04-04 02:00:00+00:00,0.0003237491678777617
2024-04-04 03:00:00+00:00,1.2251502185021591e-05
2024-04-04 04:00:00+00:00,1.3604668155698198e-06
2024-04-04 05:00:00+00:00,7.549986225194781e-07
2024-04-04 06:00:00+00:00,1.2174158859434107e-07
2024-04-04 07:00:00+00:00,1.3652579950309914e-07
2024-04-04 08:00:00+00:00,1.1863872951472517e-07
2024-04-04 09:00:00+00:00,8.295585009914246e-08
2024-04-04 10:00:00+00:00,6.64376885282461e-08
2024-04-04 11:00:00+00:00,1.3141520807784943e-08
2024-04-04 12:00:00+00:00,6.928045500854125e-07
2024-04-04 13:00:00+00:00,0.04700819705627514
2024-04-04 14:00:00+00:00,0.47340297145004073
2024-04-04 15:00:00+00:00,0.8074870027671587
2024-04-04 16:00:00+00:00,0.8468403272420982
2024-04-04 17:00:00+00:00,0.8522002103967338
2024-04-04 18:00:00+00:00,0.8571597326025622
2024-04-04 19:00:00+00:00,0.8587352359483211
2024-04-04 20:00:00+00:00,0.84761841925836
2024-04-04 21:00:00+00:00,0.8524464033737651
2024-04-04 22:00:00+00:00,0.8527324518455895
2024-04-04 23:00:00+00:00,0.8186843071197117
2024-04-05 00:00:00+00:00,0.570025332104743
2024-04-05 01:00:00+00:00,0.12498356865003792
2024-04-05 02:00:00+00:00,0.0003765208155229261
2024-04-05 03:00:00+00:00,1.8069591110704296e-08
2024-04-05 04:00:00+00:00,1.1000821824533474e-05
2024-04-05 05:00:00+00:00,7.2344072046856105e-06
2024-04-05 06:00:00+00:00,4.859624882045473e-06
2024-04-05 07:00:00+00:00,3.7255755187264488e-06
2024-04-05 08:00:00+00:00,3.79862959793917e-06
2024-04-05 09:00:00+00:00,1.3141520807784943e-08
2024-04-05 10:00:00+00:00,3.2036107391422408e-06
2024-04-05 11:00:00+00:00,3.1368536386499163e-06
2024-04-05 12:00:00+00:00,9.167899083811553e-06
2024-04-05 13:00:00+00:00,0.04720150102457968
2024-04-05 14:00:00+00:00,0.3426252146046168
2024-04-05 15:00:00+00:00,0.5732608400983329
2024-04-05 16:00:00+00:00,0.5697567743582898
2024-04-05 17:00:00+00:00,0.5618026212082149
2024-04-05 18:00:00+00:00,0.5624200673955485
2024-04-05 19:00:00+00:00,0.5450263713024421
2024-04-05 20:00:00+00:00,0.554792765131674
2024-04-05 21:00:00+00:00,0.5502946393942625
2024-04-05 22:00:00+00:00,0.5387434612645241
2024-04-05 23:00:00+00:00,0.5079341613377644
2024-04-06 00:00:00+00:00,0.3292052008781267
2024-04-06 01:00:00+00:00,0.06319723548988895
2024-04-06 02:00:00+00:00,5.836532685094186e-05
2024-04-06 03:00:00+00:00,3.551176586339803e-06
2024-04-06 04:00:00+00:00,4.259176019859216e-06
2024-04-06 05:00:00+00:00,3.8895251168596826e-07
2024-04-06 06:00:00+00:00,2.2945642893759505e-06
2024-04-06 07:00:00+00:00,2.562596557518064e-07
2024-04-06 08:00:00+00:00,3.897282264558723e-07
2024-04-06 09:00:00+00:00,1.4784210908758059e-08
2024-04-06 10:00:00+00:00,5.647659827706744e-07
2024-04-06 11:00:00+00:00,8.757819752215847e-07
2024-04-06 12:00:00+00:00,2.3914373750527814e-06
2024-04-06 13:00:00+00:00,0.023711740625727885
2024-04-06 14:00:00+00:00,0.1689672762685555
2024-04-06 15:00:00+00:00,0.250196765070717
2024-04-06 16:00:00+00:00,0.32104332285713255
2024-04-06 17:00:00+00:00,0.4152691864231196
2024-04-06 18:00:00+00:00,0.5158483781361888
2024-04-06 19:00:00+00:00,0.5525299607039708
2024-04-06 20:00:00+00:00,0.5208939113219225
2024-04-06 21:00:00+00:00,0.5127397900835852
2024-04-06 22:00:00+00:00,0.45377513997821844
2024-04-06 23:00:00+00:00,0.3741439640952129
2024-04-07 00:00:00+00:00,0.267028188465214
2024-04-07 01:00:00+00:00,0.06308272173773889
2024-04-07 02:00:00+00:00,0.00018149015177086345
2024-04-07 03:00:00+00:00,1.7248246060217735e-08
2024-04-07 04:00:00+00:00,1.6974464376722217e-08
2024-04-07 05:00:00+00:00,2.126371075148536e-08
2024-04-07 06:00:00+00:00,2.8199513400038525e-08
2024-04-07 07:00:00+00:00,1.6276321083808643e-07
2024-04-07 08:00:00+00:00,1.67006826932267e-08
2024-04-07 09:00:00+00:00,5.388936136803478e-08
2024-04-07 10:00:00+00:00,9.613387513139346e-07
2024-04-07 11:00:00+00:00,1.3415302491280463e-08
2024-04-07 12:00:00+00:00,9.03479555535215e-09
2024-04-07 13:00:00+00:00,0.03046400436854231
2024-04-07 14:00:00+00:00,0.34406522599613965
2024-04-07 15:00:00+00:00,0.5899588038200305
2024-04-07 16:00:00+00:00,0.692798176174039
2024-04-07 17:00:00+00:00,0.7200941726017123
2024-04-07 18:00:00+00:00,0.7417201593989888
2024-04-07 19:00:00+00:00,0.749515471488993
2024-04-07 20:00:00+00:00,0.7273289465825932
2024-04-07 21:00:00+00:00,0.6870958089709243
2024-04-07 22:00:00+00:00,0.6767436705461632
2024-04-07 23:00:00+00:00,0.6343923444181507
2024-04-08 00:00:00+00:00,0.4517029606106771
2024-04-08 01:00:00+00:00,0.091456300512813
2024-04-08 02:00:00+00:00,0.00020126859688938568
2024-04-08 03:00:00+00:00,3.217847386684008e-07
2024-04-08 04:00:00+00:00,8.012677270302208e-08
2024-04-08 05:00:00+00:00,1.4510429225262543e-08
2024-04-08 06:00:00+00:00,1.4510429225262541e-08
2024-04-08 07:00:00+00:00,1.3689084174775984e-08
2024-04-08 08:00:00+00:00,1.1772612390307344e-08
2024-04-08 09:00:00+00:00,1.3141520807784943e-08
2024-04-08 10:00:00+00:00,1.2593957440793902e-08
2024-04-08 11:00:00+00:00,1.2320175757298384e-08
2024-04-08 12:00:00+00:00,7.965221778496317e-07
2024-04-08 13:00:00+00:00,0.017884091198027238
2024-04-08 14:00:00+00:00,0.20999663800108131
2024-04-08 15:00:00+00:00,0.4409830325420616
2024-04-08 16:00:00+00:00,0.5326071742314874
2024-04-08 17:00:00+00:00,0.5819674131668806
2024-04-08 18:00:00+00:00,0.5636409656932454
2024-04-08 19:00:00+00:00,0.15730812055931825
2024-04-08 20:00:00+00:00,0.5053999196647516
2024-04-08 21:00:00+00:00,0.5562708928654758
2024-04-08 22:00:00+00:00,0.4583959161225226
2024-04-08 23:00:00+00:00,0.35211098193448404
2024-04-09 00:00:00+00:00,0.22880512658786845
2024-04-09 01:00:00+00:00,0.06888730250330932
2024-04-09 02:00:00+00:00,0.0003456818641728684
2024-04-09 03:00:00+00:00,1.4013059166912347e-07
2024-04-09 04:00:00+00:00,2.2326896289059626e-06
2024-04-09 05:00:00+00:00,5.329616772046116e-08
2024-04-09 06:00:00+00:00,1.4236647541767021e-08
2024-04-09 07:00:00+00:00,1.5057992592253582e-08
2024-04-09 08:00:00+00:00,2.2075929745855398e-07
2024-04-09 09:00:00+00:00,1.1772612390307344e-08
2024-04-09 10:00:00+00:00,3.9607083545685176e-08
2024-04-09 11:00:00+00:00,8.377719514962901e-08
2024-04-09 12:00:00+00:00,2.655226027100715e-07
2024-04-09 13:00:00+00:00,0.006747126640196156
2024-04-09 14:00:00+00:00,0.09317041610265456
2024-04-09 15:00:00+00:00,0.19580059164415275
2024-04-09 16:00:00+00:00,0.23030969611103208
2024-04-09 17:00:00+00:00,0.20111417690157038
2024-04-09 18:00:00+00:00,0.20289723683377373
2024-04-09 19:00:00+00:00,0.19922250973762648
2024-04-09 20:00:00+00:00,0.2448182259758654
2024-04-09 21:00:00+00:00,0.2525506526034242
2024-04-09 22:00:00+00:00,0.2872360319547855
2024-04-09 23:00:00+00:00,0.2427489365108842
2024-04-10 00:00:00+00:00,0.14809782857207088
2024-04-10 01:00:00+00:00,0.030090071200600945
2024-04-10 02:00:00+00:00,0.00028354743051552426
2024-04-10 03:00:00+00:00,1.5245076742642187e-07
2024-04-10 04:00:00+00:00,2.2851644515759374e-07
2024-04-10 05:00:00+00:00,1.53317742757491e-08
2024-04-10 06:00:00+00:00,8.610433945934093e-07
2024-04-10 07:00:00+00:00,1.3962865858271502e-08
2024-04-10 08:00:00+00:00,9.618863146809255e-07
2024-04-10 09:00:00+00:00,1.4236647541767021e-08
2024-04-10 10:00:00+00:00,1.4784210908758062e-08
2024-04-10 11:00:00+00:00,3.553229948966019e-07
2024-04-10 12:00:00+00:00,4.1049000412094914e-07
2024-04-10 13:00:00+00:00,0.011687854554797716
2024-04-10 14:00:00+00:00,0.11512901798569582
2024-04-10 15:00:00+00:00,0.22944278680697897
2024-04-10 16:00:00+00:00,0.2537396102979069
2024-04-10 17:00:00+00:00,0.3025538934667244
2024-04-10 18:00:00+00:00,0.3380419314473286
2024-04-10 19:00:00+00:00,0.34027346142828385
2024-04-10 20:00:00+00:00,0.3470017674029509
2024-04-10 21:00:00+00:00,0.3417456049333085
2024-04-10 22:00:00+00:00,0.3488345298901274
2024-04-10 23:00:00+00:00,0.33955688788252186
2024-04-11 00:00:00+00:00,0.22588511023280047
2024-04-11 01:00:00+00:00,0.08966449175002274
2024-04-11 02:00:00+00:00,0.0008408691067908332
2024-04-11 03:00:00+00:00,1.7923117910034193e-06
2024-04-11 04:00:00+00:00,1.8343372794199817e-08
2024-04-11 05:00:00+00:00,1.3415302491280463e-08
2024-04-11 06:00:00+00:00,1.1498830706811826e-08
2024-04-11 07:00:00+00:00,9.582358922343189e-09
2024-04-11 08:00:00+00:00,9.308577238847667e-09
2024-04-11 09:00:00+00:00,1.0129922289334228e-08
2024-04-11 10:00:00+00:00,1.1772612390307344e-08
2024-04-11 11:00:00+00:00,5.398062192919996e-08
2024-04-11 12:00:00+00:00,2.2005202810952392e-06
2024-04-11 13:00:00+00:00,0.06262568355431115
2024-04-11 14:00:00+00:00,0.49140113369523586
2024-04-11 15:00:00+00:00,0.7582492715527708
2024-04-11 16:00:00+00:00,0.8043273480423441
2024-04-11 17:00:00+00:00,0.8514737468983281
2024-04-11 18:00:00+00:00,0.8614019652778961
2024-04-11 19:00:00+00:00,0.8582816672632775
2024-04-11 20:00:00+00:00,0.8584208759863879
2024-04-11 21:00:00+00:00,0.8556380726228486
2024-04-11 22:00:00+00:00,0.8476210984859147
2024-04-11 23:00:00+00:00,0.8259601985464259
2024-04-12 00:00:00+00:00,0.6029851524307166
2024-04-12 01:00:00+00:00,0.14667151712472956
2024-04-12 02:00:00+00:00,0.0009165403563766491
2024-04-12 03:00:00+00:00,3.412688684771652e-07
2024-04-12 04:00:00+00:00,1.4099756700019261e-07
2024-04-12 05:00:00+00:00,1.4236647541767021e-08
2024-04-12 06:00:00+00:00,2.0246155494493677e-07
2024-04-12 07:00:00+00:00,2.3180182535953998e-08
2024-04-12 08:00:00+00:00,1.2046394073802865e-08
2024-04-12 09:00:00+00:00,4.403322076219607e-08
2024-04-12 10:00:00+00:00,1.3689084174775984e-08
2024-04-12 11:00:00+00:00,1.4661009151185076e-07
2024-04-12 12:00:00+00:00,2.346587372268157e-05
2024-04-12 13:00:00+00:00,0.06788518584108025
2024-04-12 14:00:00+00:00,0.3831223313747551
2024-04-12 15:00:00+00:00,0.5856418059755923
2024-04-12 16:00:00+00:00,0.5109747293349697
2024-04-12 17:00:00+00:00,0.45055709998612015
2024-04-12 18:00:00+00:00,0.46184898646485284
2024-04-12 19:00:00+00:00,0.512986222528329
2024-04-12 20:00:00+00:00,0.5394932194774701
2024-04-12 21:00:00+00:00,0.5581429223993473
2024-04-12 22:00:00+00:00,0.5415562686365393
2024-04-12 23:00:00+00:00,0.4950495663421974
2024-04-13 00:00:00+00:00,0.27992830852492523
2024-04-13 01:00:00+00:00,0.04746654907237168
2024-04-13 02:00:00+00:00,0.00032585276944289954
2024-04-13 03:00:00+00:00,1.2400485051123738e-06
2024-04-13 04:00:00+00:00,1.6426901009731178e-08
2024-04-13 05:00:00+00:00,3.085017639908098e-06
2024-04-13 06:00:00+00:00,1.53317742757491e-08
2024-04-13 07:00:00+00:00,1.587933764274014e-08
2024-04-13 08:00:00+00:00,1.0313356017276225e-06
2024-04-13 09:00:00+00:00,4.403322076219608e-08
2024-04-13 10:00:00+00:00,2.3773376183527623e-08
2024-04-13 11:00:00+00:00,1.0520517491121167e-06
2024-04-13 12:00:00+00:00,1.6421881678867092e-05
2024-04-13 13:00:00+00:00,0.02361770939392574
2024-04-13 14:00:00+00:00,0.18214131576957932
2024-04-13 15:00:00+00:00,0.29220710989228066
2024-04-13 16:00:00+00:00,0.3116869300123047
2024-04-13 17:00:00+00:00,0.3793021914343979
2024-04-13 18:00:00+00:00,0.46486548635989233
2024-04-13 19:00:00+00:00,0.5485853464687757
2024-04-13 20:00:00+00:00,0.6013780252015211
2024-04-13 21:00:00+00:00,0.6406599163848142
2024-04-13 22:00:00+00:00,0.6369889291008333
2024-04-13 23:00:00+00:00,0.5887018308156986
2024-04-14 00:00:00+00:00,0.41388173271885625
2024-04-14 01:00:00+00:00,0.09966979459459656
2024-04-14 02:00:00+00:00,0.0007715067910589267
2024-04-14 03:00:00+00:00,1.3273392318668619e-06
2024-04-14 04:00:00+00:00,4.117813410614363e-06
2024-04-14 05:00:00+00:00,3.0298506306837507e-08
2024-04-14 06:00:00+00:00,2.6273002953841715e-06
2024-04-14 07:00:00+00:00,1.2187391640803058e-06
2024-04-14 08:00:00+00:00,1.5331774275749103e-08
2024-04-14 09:00:00+00:00,1.3962865858271502e-08
2024-04-14 10:00:00+00:00,9.046659428303621e-07
2024-04-14 11:00:00+00:00,1.615311932623566e-08
2024-04-14 12:00:00+00:00,1.2069528626058235e-05
2024-04-14 13:00:00+00:00,0.0479779326461916
2024-04-14 14:00:00+00:00,0.3325994721321588
2024-04-14 15:00:00+00:00,0.5277489835091606
2024-04-14 16:00:00+00:00,0.616927879866586
2024-04-14 17:00:00+00:00,0.6598360652536105
2024-04-14 18:00:00+00:00,0.7167518365922823
2024-04-14 19:00:00+00:00,0.7290067020940251
2024-04-14 20:00:00+00:00,0.7306602860138147
2024-04-14 21:00:00+00:00,0.7125240729595093
2024-04-14 22:00:00+00:00,0.6736140359829438
2024-04-14 23:00:00+00:00,0.577652668773849
2024-04-15 00:00:00+00:00,0.332429328314697
2024-04-15 01:00:00+00:00,0.06869661556848705
2024-04-15 02:00:00+00:00,0.0006231551286280804
2024-04-15 03:00:00+00:00,3.1302372479654413e-08
2024-04-15 04:00:00+00:00,1.0322482073392743e-06
2024-04-15 05:00:00+00:00,1.3786276672416893e-06
2024-04-15 06:00:00+00:00,2.5590830259132048e-06
2024-04-15 07:00:00+00:00,8.914331614614118e-07
2024-04-15 08:00:00+00:00,1.587933764274014e-08
2024-04-15 09:00:00+00:00,2.5635547934102982e-06
2024-04-15 10:00:00+00:00,1.9217648970162177e-06
2024-04-15 11:00:00+00:00,1.697446437672222e-08
2024-04-15 12:00:00+00:00,1.6492608613770104e-06
2024-04-15 13:00:00+00:00,0.012389085511907472
2024-04-15 14:00:00+00:00,0.09763837214804129
2024-04-15 15:00:00+00:00,0.2384857983225014
2024-04-15 16:00:00+00:00,0.3017700611611653
2024-04-15 17:00:00+00:00,0.38221174768646626
2024-04-15 18:00:00+00:00,0.46335492211298684
2024-04-15 19:00:00+00:00,0.5020276321672987
2024-04-15 20:00:00+00:00,0.49649001468928716
2024-04-15 21:00:00+00:00,0.42824032189236766
2024-04-15 22:00:00+00:00,0.34303421176847815
2024-04-15 23:00:00+00:00,0.286203179237489
2024-04-16 00:00:00+00:00,0.18617086328871285
2024-04-16 01:00:00+00:00,0.059316997777817924
2024-04-16 02:00:00+00:00,0.0007421624139190711
2024-04-16 03:00:00+00:00,5.8842528325274565e-06
2024-04-16 04:00:00+00:00,1.5057992592253582e-08
2024-04-16 05:00:00+00:00,2.3213492640779284e-06
2024-04-16 06:00:00+00:00,3.285380201946236e-08
2024-04-16 07:00:00+00:00,1.3689084174775984e-08
2024-04-16 08:00:00+00:00,1.2593957440793902e-08
2024-04-16 09:00:00+00:00,1.3141520807784943e-08
2024-04-16 10:00:00+00:00,3.896825961752897e-08
2024-04-16 11:00:00+00:00,1.6153119326235657e-08
2024-04-16 12:00:00+00:00,9.582358922343189e-09
2024-04-16 13:00:00+00:00,0.0319479979661737
2024-04-16 14:00:00+00:00,0.23492569951050846
2024-04-16 15:00:00+00:00,0.39893283948091934
2024-04-16 16:00:00+00:00,0.43368183291904644
2024-04-16 17:00:00+00:00,0.505345646233312
2024-04-16 18:00:00+00:00,0.5632343977942615
2024-04-16 19:00:00+00:00,0.5956808339780236
2024-04-16 20:00:00+00:00,0.6188286188322428
2024-04-16 21:00:00+00:00,0.6265386474715354
2024-04-16 22:00:00+00:00,0.5986271651333825
2024-04-16 23:00:00+00:00,0.4623191766640529
2024-04-17 00:00:00+00:00,0.3047746930308978
2024-04-17 01:00:00+00:00,0.0848327836561588
2024-04-17 02:00:00+00:00,0.0011952331357107115
2024-04-17 03:00:00+00:00,1.7522027743713256e-08
2024-04-17 04:00:00+00:00,1.724824606021774e-08
2024-04-17 05:00:00+00:00,1.6974464376722217e-08
2024-04-17 06:00:00+00:00,1.8343372794199817e-08
2024-04-17 07:00:00+00:00,1.8617154477695335e-08
2024-04-17 08:00:00+00:00,1.7795809427208778e-08
2024-04-17 09:00:00+00:00,1.8890936161190856e-08
2024-04-17 10:00:00+00:00,1.9164717844686377e-08
2024-04-17 11:00:00+00:00,1.9712281211677413e-08
2024-04-17 12:00:00+00:00,2.186968087762211e-06
2024-04-17 13:00:00+00:00,0.016681375608906594
2024-04-17 14:00:00+00:00,0.14638259946649224
2024-04-17 15:00:00+00:00,0.33720321193742575
2024-04-17 16:00:00+00:00,0.43115788365775237
2024-04-17 17:00:00+00:00,0.5215060296264347
2024-04-17 18:00:00+00:00,0.5883877630700823
2024-04-17 19:00:00+00:00,0.6142076299595707
2024-04-17 20:00:00+00:00,0.6344869054175104
2024-04-17 21:00:00+00:00,0.5714151678465437
2024-04-17 22:00:00+00:00,0.5024043253740217
2024-04-17 23:00:00+00:00,0.39352747388781045
2024-04-18 00:00:00+00:00,0.30551310285617206
2024-04-18 01:00:00+00:00,0.10933448619429696
2024-04-18 02:00:00+00:00,0.0018488754518558384
2024-04-18 03:00:00+00:00,1.6153119326235657e-08
2024-04-18 04:00:00+00:00,5.628038807056233e-07
2024-04-18 05:00:00+00:00,1.224123537189051e-05
2024-04-18 06:00:00+00:00,5.1600546494012235e-06
2024-04-18 07:00:00+00:00,4.492118602233321e-06
2024-04-18 08:00:00+00:00,4.558875702725645e-06
2024-04-18 09:00:00+00:00,3.161722141567426e-07
2024-04-18 10:00:00+00:00,6.350822451484404e-07
2024-04-18 11:00:00+00:00,6.038848223141259e-06
2024-04-18 12:00:00+00:00,2.8526865032938e-05
2024-04-18 13:00:00+00:00,0.03300022438799989
2024-04-18 14:00:00+00:00,0.22364216624782998
2024-04-18 15:00:00+00:00,0.372518207071952
2024-04-18 16:00:00+00:00,0.48660027751172164
2024-04-18 17:00:00+00:00,0.5660700920373692
2024-04-18 18:00:00+00:00,0.5956634567351603
2024-04-18 19:00:00+00:00,0.6058640572718881
2024-04-18 20:00:00+00:00,0.6099878962066836
2024-04-18 21:00:00+00:00,0.632977834102125
2024-04-18 22:00:00+00:00,0.6159284171983666
2024-04-18 23:00:00+00:00,0.5327060767695233
2024-04-19 00:00:00+00:00,0.33560758728062007
2024-04-19 01:00:00+00:00,0.09625080158462933
2024-04-19 02:00:00+00:00,0.00108788895013663
2024-04-19 03:00:00+00:00,6.162369392678321e-07
2024-04-19 04:00:00+00:00,1.0527362033208557e-06
2024-04-19 05:00:00+00:00,4.079347084083243e-08
2024-04-19 06:00:00+00:00,1.560555595924462e-08
2024-04-19 07:00:00+00:00,1.3689084174775984e-08
2024-04-19 08:00:00+00:00,5.5760202871920836e-08
2024-04-19 09:00:00+00:00,3.285380201946236e-08
2024-04-19 10:00:00+00:00,1.4510429225262541e-08
2024-04-19 11:00:00+00:00,3.6823636430147394e-08
2024-04-19 12:00:00+00:00,3.6390605067418646e-06
2024-04-19 13:00:00+00:00,0.017014562715868656
2024-04-19 14:00:00+00:00,0.11261735613761753
2024-04-19 15:00:00+00:00,0.1960395951598058
2024-04-19 16:00:00+00:00,0.25571314954715585
2024-04-19 17:00:00+00:00,0.3350438649992572
2024-04-19 18:00:00+00:00,0.3996593424951481
2024-04-19 19:00:00+00:00,0.4681111106779479
2024-04-19 20:00:00+00:00,0.5497521173519307
2024-04-19 21:00:00+00:00,0.5030645092015609
2024-04-19 22:00:00+00:00,0.4364542854184779
2024-04-19 23:00:00+00:00,0.3258942118219605
2024-04-20 00:00:00+00:00,0.18134508977788094
2024-04-20 01:00:00+00:00,0.046636354895941465
2024-04-20 02:00:00+00:00,0.0015448660346186647
2024-04-20 03:00:00+00:00,3.9607083545685176e-08
2024-04-20 04:00:00+00:00,1.5605555959244618e-08
2024-04-20 05:00:00+00:00,3.20324569689758e-08
2024-04-20 06:00:00+00:00,1.2593957440793902e-08
2024-04-20 07:00:00+00:00,1.368908417477598e-08
2024-04-20 08:00:00+00:00,1.2320175757298384e-08
2024-04-20 09:00:00+00:00,1.2593957440793902e-08
2024-04-20 10:00:00+00:00,1.3689084174775984e-08
2024-04-20 11:00:00+00:00,1.1225049023316306e-08
2024-04-20 12:00:00+00:00,9.157312858716394e-06
2024-04-20 13:00:00+00:00,0.008086286168096535
2024-04-20 14:00:00+00:00,0.04393907924200576
2024-04-20 15:00:00+00:00,0.10093479259637446
2024-04-20 16:00:00+00:00,0.1491680897234734
2024-04-20 17:00:00+00:00,0.18192983812749405
2024-04-20 18:00:00+00:00,0.21348356578345243
2024-04-20 19:00:00+00:00,0.25703272825468293
2024-04-20 20:00:00+00:00,0.23601522526443985
2024-04-20 21:00:00+00:00,0.20063428050286652
2024-04-20 22:00:00+00:00,0.1659147570164114
2024-04-20 23:00:00+00:00,0.16165662734451622
2024-04-21 00:00:00+00:00,0.1000334892401808
2024-04-21 01:00:00+00:00,0.016535884873807714
2024-04-21 02:00:00+00:00,7.67269973876553e-05
2024-04-21 03:00:00+00:00,1.2320175757298384e-08
2024-04-21 04:00:00+00:00,1.2046394073802865e-08
2024-04-21 05:00:00+00:00,1.1225049023316306e-08
2024-04-21 06:00:00+00:00,1.1772612390307344e-08
2024-04-21 07:00:00+00:00,1.1498830706811826e-08
2024-04-21 08:00:00+00:00,5.224667126706166e-08
2024-04-21 09:00:00+00:00,1.1225049023316306e-08
2024-04-21 10:00:00+00:00,1.1225049023316306e-08
2024-04-21 11:00:00+00:00,1.0677485656325265e-08
2024-04-21 12:00:00+00:00,8.466420217387392e-05
2024-04-21 13:00:00+00:00,0.036762673188901765
2024-04-21 14:00:00+00:00,0.2058707615373669
2024-04-21 15:00:00+00:00,0.34871016971662133
2024-04-21 16:00:00+00:00,0.4464124787856635
2024-04-21 17:00:00+00:00,0.5401444436168957
2024-04-21 18:00:00+00:00,0.5777699353095661
2024-04-21 19:00:00+00:00,0.6307203842965876
2024-04-21 20:00:00+00:00,0.6407637130898547
2024-04-21 21:00:00+00:00,0.6681999244795859
2024-04-21 22:00:00+00:00,0.7038180731898067
2024-04-21 23:00:00+00:00,0.7111093796660584
2024-04-22 00:00:00+00:00,0.49994805955354593
2024-04-22 01:00:00+00:00,0.12605794035963644
2024-04-22 02:00:00+00:00,0.0010542012547395205
2024-04-22 03:00:00+00:00,1.816085167186947e-08
2024-04-22 04:00:00+00:00,1.53317742757491e-08
2024-04-22 05:00:00+00:00,1.5103622872836168e-07
2024-04-22 06:00:00+00:00,1.0129922289334228e-08
2024-04-22 07:00:00+00:00,1.0951267339820785e-08
2024-04-22 08:00:00+00:00,1.0677485656325265e-08
2024-04-22 09:00:00+00:00,1.0129922289334228e-08
2024-04-22 10:00:00+00:00,1.2593957440793902e-08
2024-04-22 11:00:00+00:00,1.2867739124289425e-08
2024-04-22 12:00:00+00:00,0.0004256333709681727
2024-04-22 13:00:00+00:00,0.0933237485839927
2024-04-22 14:00:00+00:00,0.40245634257973373
2024-04-22 15:00:00+00:00,0.5906587450372596
2024-04-22 16:00:00+00:00,0.5585908889179528
2024-04-22 17:00:00+00:00,0.5877092523422803
2024-04-22 18:00:00+00:00,0.6061785502004589
2024-04-22 19:00:00+00:00,0.6051946644323823
2024-04-22 20:00:00+00:00,0.6038873987366585
2024-04-22 21:00:00+00:00,0.6085319265371326
2024-04-22 22:00:00+00:00,0.5875236560128204
2024-04-22 23:00:00+00:00,0.518831195674574
2024-04-23 00:00:00+00:00,0.3703712454695814
2024-04-23 01:00:00+00:00,0.12341479307847847
2024-04-23 02:00:00+00:00,0.002683822934614347
2024-04-23 03:00:00+00:00,4.939477873065001e-07
2024-04-23 04:00:00+00:00,2.926726196567105e-07
2024-04-23 05:00:00+00:00,1.7750179146626192e-07
2024-04-23 06:00:00+00:00,2.7610882780523154e-07
2024-04-23 07:00:00+00:00,2.098536603993158e-07
2024-04-23 08:00:00+00:00,1.9570827341871393e-07
2024-04-23 09:00:00+00:00,1.8242986176918125e-07
2024-04-23 10:00:00+00:00,1.85989023654623e-07
2024-04-23 11:00:00+00:00,1.961645762245398e-07
2024-04-23 12:00:00+00:00,0.00032120203998536114
2024-04-23 13:00:00+00:00,0.09573103645835089
2024-04-23 14:00:00+00:00,0.314415851497842
2024-04-23 15:00:00+00:00,0.37407398248531293
2024-04-23 16:00:00+00:00,0.4382661107251908
2024-04-23 17:00:00+00:00,0.5061959405939691
2024-04-23 18:00:00+00:00,0.5762969705051213
2024-04-23 19:00:00+00:00,0.6046861317472326
2024-04-23 20:00:00+00:00,0.6383852102566571
2024-04-23 21:00:00+00:00,0.5905449563046377
2024-04-23 22:00:00+00:00,0.5067606036348269
2024-04-23 23:00:00+00:00,0.4174165488875052
2024-04-24 00:00:00+00:00,0.34400133142003914
2024-04-24 01:00:00+00:00,0.11347187335259117
2024-04-24 02:00:00+00:00,0.003610021350548826
2024-04-24 03:00:00+00:00,0.00043686508201245405
2024-04-24 04:00:00+00:00,2.7957672912950817e-07
2024-04-24 05:00:00+00:00,3.008404398809935e-07
2024-04-24 06:00:00+00:00,3.068636369178949e-07
2024-04-24 07:00:00+00:00,2.6725655337220974e-07
2024-04-24 08:00:00+00:00,2.481830960886886e-07
2024-04-24 09:00:00+00:00,3.202287461005345e-06
2024-04-24 10:00:00+00:00,4.026324698046277e-06
2024-04-24 11:00:00+00:00,2.0778660868892466e-06
2024-04-24 12:00:00+00:00,4.760734937966892e-05
2024-04-24 13:00:00+00:00,0.0366265310487978
2024-04-24 14:00:00+00:00,0.19203616331041867
2024-04-24 15:00:00+00:00,0.34625631162353077
2024-04-24 16:00:00+00:00,0.42556810935449624
2024-04-24 17:00:00+00:00,0.5016249646990688
2024-04-24 18:00:00+00:00,0.5877564184468468
2024-04-24 19:00:00+00:00,0.6417167000852834
2024-04-24 20:00:00+00:00,0.6322713618684664
2024-04-24 21:00:00+00:00,0.566072487992142
2024-04-24 22:00:00+00:00,0.5634281013469331
2024-04-24 23:00:00+00:00,0.5489754490004232
2024-04-25 00:00:00+00:00,0.38722756022776644
2024-04-25 01:00:00+00:00,0.07451792590071833
2024-04-25 02:00:00+00:00,0.0007122254819555701
2024-04-25 03:00:00+00:00,2.394220822168319e-07
2024-04-25 04:00:00+00:00,5.227861246346948e-07
2024-04-25 05:00:00+00:00,1.5983830985274261e-06
2024-04-25 06:00:00+00:00,1.7454038625645204e-06
2024-04-25 07:00:00+00:00,3.768057309948837e-06
2024-04-25 08:00:00+00:00,6.086577496630644e-06
2024-04-25 09:00:00+00:00,4.840232012797875e-06
2024-04-25 10:00:00+00:00,7.638417708963832e-06
2024-04-25 11:00:00+00:00,3.890118310507256e-06
2024-04-25 12:00:00+00:00,0.0006268325642007922
2024-04-25 13:00:00+00:00,0.020046513662737343
2024-04-25 14:00:00+00:00,0.09892872644043614
2024-04-25 15:00:00+00:00,0.17282493059653034
2024-04-25 16:00:00+00:00,0.26421603018394
2024-04-25 17:00:00+00:00,0.31181631430785434
2024-04-25 18:00:00+00:00,0.33383573090557794
2024-04-25 19:00:00+00:00,0.3414071479396117
2024-04-25 20:00:00+00:00,0.36421893326452515
2024-04-25 21:00:00+00:00,0.3441771823079539
2024-04-25 22:00:00+00:00,0.26674641856227854
2024-04-25 23:00:00+00:00,0.19719912707272813
2024-04-26 00:00:00+00:00,0.1535139398681056
2024-04-26 01:00:00+00:00,0.05466673931603571
2024-04-26 02:00:00+00:00,0.0010513370420273517
2024-04-26 03:00:00+00:00,6.750543709387863e-07
2024-04-26 04:00:00+00:00,3.153052388256735e-07
2024-04-26 05:00:00+00:00,5.574058185127032e-06
2024-04-26 06:00:00+00:00,2.5402377200325967e-07
2024-04-26 07:00:00+00:00,3.1658288668198586e-07
2024-04-26 08:00:00+00:00,2.489588108585925e-07
2024-04-26 09:00:00+00:00,2.2263013896244005e-07
2024-04-26 10:00:00+00:00,2.1884282567408536e-07
2024-04-26 11:00:00+00:00,2.445326736420816e-07
2024-04-26 12:00:00+00:00,1.690830046987747e-06
2024-04-26 13:00:00+00:00,0.04406463903558841
2024-04-26 14:00:00+00:00,0.2792353006463095
2024-04-26 15:00:00+00:00,0.4295921457396015
2024-04-26 16:00:00+00:00,0.46632356857454355
2024-04-26 17:00:00+00:00,0.46765488923091236
2024-04-26 18:00:00+00:00,0.44693152222342425
2024-04-26 19:00:00+00:00,0.4224383334742977
2024-04-26 20:00:00+00:00,0.45671522329866915
2024-04-26 21:00:00+00:00,0.4855767384822555
2024-04-26 22:00:00+00:00,0.4434426936204549
2024-04-26 23:00:00+00:00,0.4010410511189348
2024-04-27 00:00:00+00:00,0.36712061240688687
2024-04-27 01:00:00+00:00,0.1566210980046066
2024-04-27 02:00:00+00:00,0.004040533465486607
2024-04-27 03:00:00+00:00,1.9164717844686377e-08
2024-04-27 04:00:00+00:00,1.8890936161190856e-08
2024-04-27 05:00:00+00:00,1.8343372794199817e-08
2024-04-27 06:00:00+00:00,1.8617154477695335e-08
2024-04-27 07:00:00+00:00,6.349590433908675e-06
2024-04-27 08:00:00+00:00,2.40252553323435e-06
2024-04-27 09:00:00+00:00,2.6962020190638776e-06
2024-04-27 10:00:00+00:00,3.578509124408772e-06
2024-04-27 11:00:00+00:00,2.302002025110912e-06
2024-04-27 12:00:00+00:00,0.00011871023216439808
2024-04-27 13:00:00+00:00,0.03331066881555622
2024-04-27 14:00:00+00:00,0.19047994505518467
2024-04-27 15:00:00+00:00,0.3194115877651823
2024-04-27 16:00:00+00:00,0.33703897089869045
2024-04-27 17:00:00+00:00,0.43365095869548953
2024-04-27 18:00:00+00:00,0.49237022754088616
2024-04-27 19:00:00+00:00,0.5278582256406252
2024-04-27 20:00:00+00:00,0.5042746218242061
2024-04-27 21:00:00+00:00,0.492298458136593
2024-04-27 22:00:00+00:00,0.4201676968827142
2024-04-27 23:00:00+00:00,0.3228718087375221
2024-04-28 00:00:00+00:00,0.22432481431880277
2024-04-28 01:00:00+00:00,0.09649070657210557
2024-04-28 02:00:00+00:00,0.0020498429345236595
2024-04-28 03:00:00+00:00,3.3812037911696674e-07
2024-04-28 04:00:00+00:00,2.1788458978185105e-07
2024-04-28 05:00:00+00:00,2.788010143596042e-07
2024-04-28 06:00:00+00:00,9.618863146809258e-08
2024-04-28 07:00:00+00:00,4.170607645248416e-08
2024-04-28 08:00:00+00:00,2.057925654274656e-08
2024-04-28 09:00:00+00:00,9.034795555352148e-09
2024-04-28 10:00:00+00:00,1.1498830706811826e-08
2024-04-28 11:00:00+00:00,1.2593957440793902e-08
2024-04-28 12:00:00+00:00,5.603854758347461e-05
2024-04-28 13:00:00+00:00,0.05005363841307694
2024-04-28 14:00:00+00:00,0.2866585230773382
2024-04-28 15:00:00+00:00,0.4177228200608599
2024-04-28 16:00:00+00:00,0.4845272089012723
2024-04-28 17:00:00+00:00,0.5711751593239608
2024-04-28 18:00:00+00:00,0.627975540444053
2024-04-28 19:00:00+00:00,0.6072133133207124
2024-04-28 20:00:00+00:00,0.5917963964092975
2024-04-28 21:00:00+00:00,0.540360357252338
2024-04-28 22:00:00+00:00,0.5298583824014463
2024-04-28 23:00:00+00:00,0.5113585990897015
2024-04-29 00:00:00+00:00,0.4311449402636228
2024-04-29 01:00:00+00:00,0.1743688312313027
2024-04-29 02:00:00+00:00,0.0050212357457777275
2024-04-29 03:00:00+00:00,6.773358849679156e-07
2024-04-29 04:00:00+00:00,1.342899157545524e-07
2024-04-29 05:00:00+00:00,6.830853003213215e-08
2024-04-29 06:00:00+00:00,8.65606422651668e-08
2024-04-29 07:00:00+00:00,9.618863146809258e-08
2024-04-29 08:00:00+00:00,1.5605555959244618e-08
2024-04-29 09:00:00+00:00,1.587933764274014e-08
2024-04-29 10:00:00+00:00,1.3543067276911705e-07
2024-04-29 11:00:00+00:00,4.9371963590358716e-08
2024-04-29 12:00:00+00:00,5.7104151525919756e-05
2024-04-29 13:00:00+00:00,0.07381068913170857
2024-04-29 14:00:00+00:00,0.37106769852564164
2024-04-29 15:00:00+00:00,0.5302033574525731
2024-04-29 16:00:00+00:00,0.5972705680393877
2024-04-29 17:00:00+00:00,0.6756566941103778
2024-04-29 18:00:00+00:00,0.7479761916045838
2024-04-29 19:00:00+00:00,0.758323062241603
2024-04-29 20:00:00+00:00,0.7950377319646593
2024-04-29 21:00:00+00:00,0.7854703834425257
2024-04-29 22:00:00+00:00,0.7738013892059709
2024-04-29 23:00:00+00:00,0.7710516082027075
2024-04-30 00:00:00+00:00,0.5956496073061794
2024-04-30 01:00:00+00:00,0.19149778910622217
2024-04-30 02:00:00+00:00,0.0052908383343958105
2024-04-30 03:00:00+00:00,1.8617154477695335e-08
2024-04-30 04:00:00+00:00,3.2265171399946993e-07
2024-04-30 05:00:00+00:00,1.1842654871001617e-05
2024-04-30 06:00:00+00:00,6.758574638770398e-06
2024-04-30 07:00:00+00:00,8.214089328793746e-06
2024-04-30 08:00:00+00:00,8.006471552142976e-06
2024-04-30 09:00:00+00:00,6.519882641042888e-06
2024-04-30 10:00:00+00:00,1.2805225639891279e-06
2024-04-30 11:00:00+00:00,1.560555595924462e-08
2024-04-30 12:00:00+00:00,0.0003625607787420506
2024-04-30 13:00:00+00:00,0.06020761506986252
2024-04-30 14:00:00+00:00,0.2643313639122321
2024-04-30 15:00:00+00:00,0.3628679821876681
2024-04-30 16:00:00+00:00,0.4276041442010733
2024-04-30 17:00:00+00:00,0.5146259057307025
2024-04-30 18:00:00+00:00,0.5896742596872963
2024-04-30 19:00:00+00:00,0.6156386800659203
2024-04-30 20:00:00+00:00,0.6225936480255118
2024-04-30 21:00:00+00:00,0.665250008700645
2024-04-30 22:00:00+00:00,0.6392882477916643
2024-04-30 23:00:00+00:00,0.5506086950478545
2024-05-01 00:00:00+00:00,0.3561544361029702
2024-05-01 01:00:00+00:00,0.10696711769712476
2024-05-01 02:00:00+00:00,0.0039040024185012425
2024-05-01 03:00:00+00:00,8.582599474778715e-07
2024-05-01 04:00:00+00:00,1.67006826932267e-08
2024-05-01 05:00:00+00:00,1.6349785835546608e-06
2024-05-01 06:00:00+00:00,1.0676755571835945e-05
2024-05-01 07:00:00+00:00,1.3836926283863562e-06
2024-05-01 08:00:00+00:00,1.80695911107043e-08
2024-05-01 09:00:00+00:00,2.5171031677772253e-06
2024-05-01 10:00:00+00:00,1.67006826932267e-08
2024-05-01 11:00:00+00:00,9.397465025422546e-06
2024-05-01 12:00:00+00:00,0.00030395539098496376
2024-05-01 13:00:00+00:00,0.046410211955458656
2024-05-01 14:00:00+00:00,0.2140470839605703
2024-05-01 15:00:00+00:00,0.31670901662592443
2024-05-01 16:00:00+00:00,0.3659067471955966
2024-05-01 17:00:00+00:00,0.43378332223768873
2024-05-01 18:00:00+00:00,0.4847194058333396
2024-05-01 19:00:00+00:00,0.47729277386211555
2024-05-01 20:00:00+00:00,0.43657687614096363
2024-05-01 21:00:00+00:00,0.3896162134256192
2024-05-01 22:00:00+00:00,0.32717026476307576
2024-05-01 23:00:00+00:00,0.23611726483863563
2024-05-02 00:00:00+00:00,0.13336696183408844
2024-05-02 01:00:00+00:00,0.053830541472328686
2024-05-02 02:00:00+00:00,0.004338310060177884
2024-05-02 03:00:00+00:00,1.6974464376722217e-08
2024-05-02 04:00:00+00:00,1.7522027743713256e-08
2024-05-02 05:00:00+00:00,1.8890936161190856e-08
2024-05-02 06:00:00+00:00,1.8617154477695335e-08
2024-05-02 07:00:00+00:00,6.237659355639589e-08
2024-05-02 08:00:00+00:00,1.5057992592253582e-08
2024-05-02 09:00:00+00:00,3.969834410685035e-08
2024-05-02 10:00:00+00:00,1.587933764274014e-08
2024-05-02 11:00:00+00:00,1.5057992592253582e-08
2024-05-02 12:00:00+00:00,1.2467835345263633e-05
2024-05-02 13:00:00+00:00,0.024108034912668753
2024-05-02 14:00:00+00:00,0.17482081723006435
2024-05-02 15:00:00+00:00,0.3820100064967609
2024-05-02 16:00:00+00:00,0.5285671654685971
2024-05-02 17:00:00+00:00,0.5702369905796303
2024-05-02 18:00:00+00:00,0.5666337746660183
2024-05-02 19:00:00+00:00,0.6245400097883852
2024-05-02 20:00:00+00:00,0.6475209973042902
2024-05-02 21:00:00+00:00,0.6347490371428098
2024-05-02 22:00:00+00:00,0.650056145650978
2024-05-02 23:00:00+00:00,0.5557109820358198
2024-05-03 00:00:00+00:00,0.3938465442636081
2024-05-03 01:00:00+00:00,0.1381190076715057
2024-05-03 02:00:00+00:00,0.0058185089980457485
2024-05-03 03:00:00+00:00,6.662020965057645e-08
2024-05-03 04:00:00+00:00,4.0962302878987994e-07
2024-05-03 05:00:00+00:00,6.598138572242023e-08
2024-05-03 06:00:00+00:00,1.0107107149042934e-07
2024-05-03 07:00:00+00:00,5.037582976317561e-08
2024-05-03 08:00:00+00:00,9.983905391469949e-08
2024-05-03 09:00:00+00:00,1.7522027743713256e-08
2024-05-03 10:00:00+00:00,1.6974464376722217e-08
2024-05-03 11:00:00+00:00,1.7248246060217735e-08
2024-05-03 12:00:00+00:00,0.0002574396091773915
2024-05-03 13:00:00+00:00,0.04178459425586356
2024-05-03 14:00:00+00:00,0.22057922549590367
2024-05-03 15:00:00+00:00,0.3665776952975858
2024-05-03 16:00:00+00:00,0.4289954924497844
2024-05-03 17:00:00+00:00,0.5107992658937673
2024-05-03 18:00:00+00:00,0.5808959746629785
2024-05-03 19:00:00+00:00,0.6265691755894142
2024-05-03 20:00:00+00:00,0.6257724118904894
2024-05-03 21:00:00+00:00,0.5201224121967507
2024-05-03 22:00:00+00:00,0.4417138921073289
2024-05-03 23:00:00+00:00,0.35112357095345087
2024-05-04 00:00:00+00:00,0.22941205558872135
2024-05-04 01:00:00+00:00,0.07584058602109311
2024-05-04 02:00:00+00:00,0.004776085009985154
2024-05-04 03:00:00+00:00,2.821228987860165e-06
2024-05-04 04:00:00+00:00,8.505894973119386e-06
2024-05-04 05:00:00+00:00,1.0090087054385629e-05
2024-05-04 06:00:00+00:00,2.188200105337941e-06
2024-05-04 07:00:00+00:00,5.644465708065963e-08
2024-05-04 08:00:00+00:00,1.2014452877395052e-07
2024-05-04 09:00:00+00:00,1.67006826932267e-08
2024-05-04 10:00:00+00:00,4.412448132336125e-08
2024-05-04 11:00:00+00:00,1.53317742757491e-08
2024-05-04 12:00:00+00:00,0.0005688086887394499
2024-05-04 13:00:00+00:00,0.051681153662309236
2024-05-04 14:00:00+00:00,0.20835437134911203
2024-05-04 15:00:00+00:00,0.32899690749954164
2024-05-04 16:00:00+00:00,0.4460248856912966
2024-05-04 17:00:00+00:00,0.5098367675401329
2024-05-04 18:00:00+00:00,0.5390666400538946
2024-05-04 19:00:00+00:00,0.5552797028302351
2024-05-04 20:00:00+00:00,0.5004727603247539
2024-05-04 21:00:00+00:00,0.4023157537231567
2024-05-04 22:00:00+00:00,0.32264005089975295
2024-05-04 23:00:00+00:00,0.24687262162600393
2024-05-05 00:00:00+00:00,0.13740160210320754
2024-05-05 01:00:00+00:00,0.039541743767338024
2024-05-05 02:00:00+00:00,0.0019601252244055446
2024-05-05 03:00:00+00:00,6.192029075057004e-08
2024-05-05 04:00:00+00:00,1.8069591110704296e-08
2024-05-05 05:00:00+00:00,1.7248246060217735e-08
2024-05-05 06:00:00+00:00,3.5692005471699246e-07
2024-05-05 07:00:00+00:00,1.4784210908758062e-08
2024-05-05 08:00:00+00:00,3.4313970998105134e-08
2024-05-05 09:00:00+00:00,1.2457066599046142e-07
2024-05-05 10:00:00+00:00,2.810825283887335e-08
2024-05-05 11:00:00+00:00,9.591484978459705e-08
2024-05-05 12:00:00+00:00,4.440287166519561e-05
2024-05-05 13:00:00+00:00,0.034677839312537276
2024-05-05 14:00:00+00:00,0.17018349153055623
2024-05-05 15:00:00+00:00,0.2504495731151547
2024-05-05 16:00:00+00:00,0.3092053560867883
2024-05-05 17:00:00+00:00,0.38303230848932046
2024-05-05 18:00:00+00:00,0.4500641661949087
2024-05-05 19:00:00+00:00,0.5111082646171439
2024-05-05 20:00:00+00:00,0.49732062693034806
2024-05-05 21:00:00+00:00,0.493878881795507
2024-05-05 22:00:00+00:00,0.47821997153556445
2024-05-05 23:00:00+00:00,0.391552971155187
2024-05-06 00:00:00+00:00,0.3027306881713627
2024-05-06 01:00:00+00:00,0.12138993153618646
2024-05-06 02:00:00+00:00,0.004204139832649299
2024-05-06 03:00:00+00:00,7.361259384705202e-06
2024-05-06 04:00:00+00:00,1.4889297444939758e-05
2024-05-06 05:00:00+00:00,6.675299376707177e-06
2024-05-06 06:00:00+00:00,3.149812638335371e-06
2024-05-06 07:00:00+00:00,1.8104726426752887e-06
2024-05-06 08:00:00+00:00,5.338560307040303e-06
2024-05-06 09:00:00+00:00,5.072763922646735e-06
2024-05-06 10:00:00+00:00,3.7963480839100408e-06
2024-05-06 11:00:00+00:00,4.930260556387318e-06
2024-05-06 12:00:00+00:00,0.0005711139761447627
2024-05-06 13:00:00+00:00,0.04927800080397743
2024-05-06 14:00:00+00:00,0.23255836208755729
2024-05-06 15:00:00+00:00,0.3267321598150793
2024-05-06 16:00:00+00:00,0.3671250299199803
2024-05-06 17:00:00+00:00,0.4230563259929807
2024-05-06 18:00:00+00:00,0.46461890871959566
2024-05-06 19:00:00+00:00,0.5144655052101628
2024-05-06 20:00:00+00:00,0.5326264620141987
2024-05-06 21:00:00+00:00,0.5307486417239399
2024-05-06 22:00:00+00:00,0.4893232180082316
2024-05-06 23:00:00+00:00,0.4169220611570886
2024-05-07 00:00:00+00:00,0.30781573891403163
2024-05-07 01:00:00+00:00,0.13064425619663267
2024-05-07 02:00:00+00:00,0.0053081620073098315
2024-05-07 03:00:00+00:00,3.0508405597517407e-07
2024-05-07 04:00:00+00:00,2.377748290878005e-06
2024-05-07 05:00:00+00:00,1.5289338114807296e-06
2024-05-07 06:00:00+00:00,2.017177813714406e-06
2024-05-07 07:00:00+00:00,2.4781805384402787e-07
2024-05-07 08:00:00+00:00,1.9986062895172934e-08
2024-05-07 09:00:00+00:00,1.9438499528181895e-08
2024-05-07 10:00:00+00:00,4.330313627287469e-08
2024-05-07 11:00:00+00:00,1.3912672549630657e-07
2024-05-07 12:00:00+00:00,0.0009378090864589985
2024-05-07 13:00:00+00:00,0.10945372204166338
2024-05-07 14:00:00+00:00,0.4339638986887212
2024-05-07 15:00:00+00:00,0.5876898579672335
2024-05-07 16:00:00+00:00,0.6499160846911171
2024-05-07 17:00:00+00:00,0.7113837928270068
2024-05-07 18:00:00+00:00,0.7663427886601707
2024-05-07 19:00:00+00:00,0.7763115586700925
2024-05-07 20:00:00+00:00,0.741623750783938
2024-05-07 21:00:00+00:00,0.6904724652027008
2024-05-07 22:00:00+00:00,0.6665333106050244
2024-05-07 23:00:00+00:00,0.5745455150634853
2024-05-08 00:00:00+00:00,0.4342238561311509
2024-05-08 01:00:00+00:00,0.1771245421176792
2024-05-08 02:00:00+00:00,0.008021807387513697
2024-05-08 03:00:00+00:00,7.638098296999755e-06
2024-05-08 04:00:00+00:00,7.992782467968202e-06
2024-05-08 05:00:00+00:00,5.142395730815763e-06
2024-05-08 06:00:00+00:00,6.092326911984051e-06
2024-05-08 07:00:00+00:00,6.049251927114089e-06
2024-05-08 08:00:00+00:00,7.038151367899907e-06
2024-05-08 09:00:00+00:00,7.719228935875594e-06
2024-05-08 10:00:00+00:00,2.554748149257859e-06
2024-05-08 11:00:00+00:00,1.67006826932267e-08
2024-05-08 12:00:00+00:00,0.0004429360995834061
2024-05-08 13:00:00+00:00,0.08338078272589172
2024-05-08 14:00:00+00:00,0.35544434447545575
2024-05-08 15:00:00+00:00,0.5077158003678531
2024-05-08 16:00:00+00:00,0.5777928081721624
2024-05-08 17:00:00+00:00,0.639721504066046
2024-05-08 18:00:00+00:00,0.7249830972801133
2024-05-08 19:00:00+00:00,0.7387137808021156
2024-05-08 20:00:00+00:00,0.7331169085261937
2024-05-08 21:00:00+00:00,0.7273158317098692
2024-05-08 22:00:00+00:00,0.6685719285361551
2024-05-08 23:00:00+00:00,0.5864541462096179
2024-05-09 00:00:00+00:00,0.46053192914974
2024-05-09 01:00:00+00:00,0.188161588818101
2024-05-09 02:00:00+00:00,0.008388474298314534
2024-05-09 03:00:00+00:00,9.155715798896003e-06
2024-05-09 04:00:00+00:00,1.2850855920473866e-06
2024-05-09 05:00:00+00:00,1.0248561018848952e-07
2024-05-09 06:00:00+00:00,1.7522027743713256e-08
2024-05-09 07:00:00+00:00,1.6153119326235657e-08
2024-05-09 08:00:00+00:00,4.398759048161349e-08
2024-05-09 09:00:00+00:00,6.757844554281077e-08
2024-05-09 10:00:00+00:00,1.587933764274014e-08
2024-05-09 11:00:00+00:00,9.121493088459062e-08
2024-05-09 12:00:00+00:00,0.001211550569677325
2024-05-09 13:00:00+00:00,0.09109285071931436
2024-05-09 14:00:00+00:00,0.35854581986244327
2024-05-09 15:00:00+00:00,0.4803994089387102
2024-05-09 16:00:00+00:00,0.5872006361993475
2024-05-09 17:00:00+00:00,0.672001914428278
2024-05-09 18:00:00+00:00,0.6864085464921972
2024-05-09 19:00:00+00:00,0.6847282204445391
2024-05-09 20:00:00+00:00,0.6589616715796756
2024-05-09 21:00:00+00:00,0.6111885346141716
2024-05-09 22:00:00+00:00,0.5511344261051676
2024-05-09 23:00:00+00:00,0.46056031446964246
2024-05-10 00:00:00+00:00,0.3384266663521803
2024-05-10 01:00:00+00:00,0.1518092209219444
2024-05-10 02:00:00+00:00,0.00920843816583814
2024-05-10 03:00:00+00:00,2.769758031363007e-08
2024-05-10 04:00:00+00:00,5.630776623891188e-08
2024-05-10 05:00:00+00:00,1.3908109521572397e-07
2024-05-10 06:00:00+00:00,1.3962865858271502e-08
2024-05-10 07:00:00+00:00,1.049040150593666e-07
2024-05-10 08:00:00+00:00,1.4510429225262541e-08
2024-05-10 09:00:00+00:00,1.5331774275749103e-08
2024-05-10 10:00:00+00:00,1.5057992592253582e-08
2024-05-10 11:00:00+00:00,1.1498830706811826e-08
2024-05-10 12:00:00+00:00,0.0020923104890985056
2024-05-10 13:00:00+00:00,0.07412992674248457
2024-05-10 14:00:00+00:00,0.2819228936459662
2024-05-10 15:00:00+00:00,0.4587445977213411
2024-05-10 16:00:00+00:00,0.5036834984224625
2024-05-10 17:00:00+00:00,0.5374206892587013
2024-05-10 18:00:00+00:00,0.6134973844667502
2024-05-10 19:00:00+00:00,0.6831680171143807
2024-05-10 20:00:00+00:00,0.6858740279098191
2024-05-10 21:00:00+00:00,0.63501353032639
2024-05-10 22:00:00+00:00,0.5229686121731386
2024-05-10 23:00:00+00:00,0.3787333008393048
2024-05-11 00:00:00+00:00,0.2183654577861194
2024-05-11 01:00:00+00:00,0.060313341114426586
2024-05-11 02:00:00+00:00,0.0026634027452297113
2024-05-11 03:00:00+00:00,7.711517418457137e-08
2024-05-11 04:00:00+00:00,5.060398116608855e-08
2024-05-11 05:00:00+00:00,8.911593797779165e-08
2024-05-11 06:00:00+00:00,7.725206502631913e-08
2024-05-11 07:00:00+00:00,1.67006826932267e-08
2024-05-11 08:00:00+00:00,1.4784210908758059e-08
2024-05-11 09:00:00+00:00,1.5331774275749103e-08
2024-05-11 10:00:00+00:00,1.2867739124289425e-08
2024-05-11 11:00:00+00:00,1.3415302491280463e-08
2024-05-11 12:00:00+00:00,0.002870348022805254
2024-05-11 13:00:00+00:00,0.07277860496522799
2024-05-11 14:00:00+00:00,0.1992344676089559
2024-05-11 15:00:00+00:00,0.3105560537330671
2024-05-11 16:00:00+00:00,0.3776141626303351
2024-05-11 17:00:00+00:00,0.46186605374122025
2024-05-11 18:00:00+00:00,0.4712618806852002
2024-05-11 19:00:00+00:00,0.47742727281018543
2024-05-11 20:00:00+00:00,0.4270014290197414
2024-05-11 21:00:00+00:00,0.3379627400953775
2024-05-11 22:00:00+00:00,0.2642079520728473
2024-05-11 23:00:00+00:00,0.1628238764786421
2024-05-12 00:00:00+00:00,0.09469214457341935
2024-05-12 01:00:00+00:00,0.04814472304870307
2024-05-12 02:00:00+00:00,0.0032449004849146893
2024-05-12 03:00:00+00:00,1.724824606021774e-08
2024-05-12 04:00:00+00:00,1.597972426002183e-07
2024-05-12 05:00:00+00:00,5.192725930298356e-08
2024-05-12 06:00:00+00:00,1.6974464376722217e-08
2024-05-12 07:00:00+00:00,1.5605555959244618e-08
2024-05-12 08:00:00+00:00,1.4510429225262543e-08
2024-05-12 09:00:00+00:00,1.53317742757491e-08
2024-05-12 10:00:00+00:00,1.4510429225262543e-08
2024-05-12 11:00:00+00:00,1.4784210908758062e-08
2024-05-12 12:00:00+00:00,0.0013701961496259193
2024-05-12 13:00:00+00:00,0.029296049744648358
2024-05-12 14:00:00+00:00,0.07475505816419496
2024-05-12 15:00:00+00:00,0.1369965983189816
2024-05-12 16:00:00+00:00,0.19752445860747594
2024-05-12 17:00:00+00:00,0.25239448123417957
2024-05-12 18:00:00+00:00,0.31660066971493456
2024-05-12 19:00:00+00:00,0.39775667026576356
2024-05-12 20:00:00+00:00,0.4364529421086478
2024-05-12 21:00:00+00:00,0.4179058602732622
2024-05-12 22:00:00+00:00,0.3874411820823665
2024-05-12 23:00:00+00:00,0.3433271804830256
2024-05-13 00:00:00+00:00,0.25067237514338414
2024-05-13 01:00:00+00:00,0.12815591101125953
2024-05-13 02:00:00+00:00,0.008134607038173671
2024-05-13 03:00:00+00:00,1.9803541772842588e-08
2024-05-13 04:00:00+00:00,8.473543104186333e-08
2024-05-13 05:00:00+00:00,1.587933764274014e-08
2024-05-13 06:00:00+00:00,1.6153119326235657e-08
2024-05-13 07:00:00+00:00,5.2292301547644245e-08
2024-05-13 08:00:00+00:00,5.352431912337409e-08
2024-05-13 09:00:00+00:00,8.592181833701058e-08
2024-05-13 10:00:00+00:00,8.236265645156882e-08
2024-05-13 11:00:00+00:00,1.53317742757491e-08
2024-05-13 12:00:00+00:00,0.0006311131864525253
2024-05-13 13:00:00+00:00,0.0786999631555379
2024-05-13 14:00:00+00:00,0.3049883543556906
2024-05-13 15:00:00+00:00,0.4264164454004015
2024-05-13 16:00:00+00:00,0.5425932999011499
2024-05-13 17:00:00+00:00,0.5508325754108746
2024-05-13 18:00:00+00:00,0.4658076844405194
2024-05-13 19:00:00+00:00,0.4616106971087212
2024-05-13 20:00:00+00:00,0.50207462829907
2024-05-13 21:00:00+00:00,0.4776696306077642
2024-05-13 22:00:00+00:00,0.4398826283467182
2024-05-13 23:00:00+00:00,0.464263713535115
2024-05-14 00:00:00+00:00,0.44048476329340225
2024-05-14 01:00:00+00:00,0.20635079792977162
2024-05-14 02:00:00+00:00,0.009488543476137914
2024-05-14 03:00:00+00:00,3.179517950994635e-07
2024-05-14 04:00:00+00:00,1.9164717844686377e-08
2024-05-14 05:00:00+00:00,1.7795809427208778e-08
2024-05-14 06:00:00+00:00,7.090945602533959e-08
2024-05-14 07:00:00+00:00,1.6426901009731178e-08
2024-05-14 08:00:00+00:00,1.5331774275749103e-08
2024-05-14 09:00:00+00:00,1.4510429225262543e-08
2024-05-14 10:00:00+00:00,1.560555595924462e-08
2024-05-14 11:00:00+00:00,1.0937578255646008e-07
2024-05-14 12:00:00+00:00,0.004823204799816798
2024-05-14 13:00:00+00:00,0.203371879955165
2024-05-14 14:00:00+00:00,0.6304242784089896
2024-05-14 15:00:00+00:00,0.8046479320201788
2024-05-14 16:00:00+00:00,0.8480432547838723
2024-05-14 17:00:00+00:00,0.8682282805322266
2024-05-14 18:00:00+00:00,0.8739080082716302
2024-05-14 19:00:00+00:00,0.87669733954874
2024-05-14 20:00:00+00:00,0.8573973346754077
2024-05-14 21:00:00+00:00,0.8390767598188834
2024-05-14 22:00:00+00:00,0.7944889086543607
2024-05-14 23:00:00+00:00,0.731060998772085
2024-05-15 00:00:00+00:00,0.5600538736499499
2024-05-15 01:00:00+00:00,0.21086844046827274
2024-05-15 02:00:00+00:00,0.009651568467895704
2024-05-15 03:00:00+00:00,1.8941129469831703e-07
2024-05-15 04:00:00+00:00,1.3994807054679314e-07
2024-05-15 05:00:00+00:00,1.1094090118044283e-06
2024-05-15 06:00:00+00:00,9.708298496751126e-07
2024-05-15 07:00:00+00:00,1.4181891205067918e-07
2024-05-15 08:00:00+00:00,1.270347011419211e-07
2024-05-15 09:00:00+00:00,3.8480015615295286e-07
2024-05-15 10:00:00+00:00,5.560049688988178e-07
2024-05-15 11:00:00+00:00,9.306295724818539e-07
2024-05-15 12:00:00+00:00,0.0050019920875476334
2024-05-15 13:00:00+00:00,0.17412042144398004
2024-05-15 14:00:00+00:00,0.4746834645824989
2024-05-15 15:00:00+00:00,0.5918801078512128
2024-05-15 16:00:00+00:00,0.637838140791823
2024-05-15 17:00:00+00:00,0.6707031561789568
2024-05-15 18:00:00+00:00,0.6723883708723555
2024-05-15 19:00:00+00:00,0.6717505401785168
2024-05-15 20:00:00+00:00,0.6834879457501258
2024-05-15 21:00:00+00:00,0.6347818210848697
2024-05-15 22:00:00+00:00,0.5792688940877991
2024-05-15 23:00:00+00:00,0.41693095837734795
2024-05-16 00:00:00+00:00,0.3002518771137054
2024-05-16 01:00:00+00:00,0.12184359914767841
2024-05-16 02:00:00+00:00,0.008623828304126585
2024-05-16 03:00:00+00:00,2.492782228226706e-07
2024-05-16 04:00:00+00:00,3.1452952405576946e-07
2024-05-16 05:00:00+00:00,1.980810480090085e-07
2024-05-16 06:00:00+00:00,1.904151608711339e-07
2024-05-16 07:00:00+00:00,1.9201222069152444e-07
2024-05-16 08:00:00+00:00,1.5696816520409793e-07
2024-05-16 09:00:00+00:00,1.1170292686617201e-07
2024-05-16 10:00:00+00:00,5.375247052628702e-08
2024-05-16 11:00:00+00:00,8.966350134478267e-08
2024-05-16 12:00:00+00:00,0.0009193676085615462
2024-05-16 13:00:00+00:00,0.05480517880387617
2024-05-16 14:00:00+00:00,0.20757400511966603
2024-05-16 15:00:00+00:00,0.3004382893582124
2024-05-16 16:00:00+00:00,0.3414533438987827
2024-05-16 17:00:00+00:00,0.3126633368861331
2024-05-16 18:00:00+00:00,0.3143994652534122
2024-05-16 19:00:00+00:00,0.2876224156185655
2024-05-16 20:00:00+00:00,0.2842416367365686
2024-05-16 21:00:00+00:00,0.2792325009548141
2024-05-16 22:00:00+00:00,0.23895776481726397
2024-05-16 23:00:00+00:00,0.19061748945944124
2024-05-17 00:00:00+00:00,0.12941400236813821
2024-05-17 01:00:00+00:00,0.06434698769292543
2024-05-17 02:00:00+00:00,0.005476723047229022
2024-05-17 03:00:00+00:00,6.721340329815007e-08
2024-05-17 04:00:00+00:00,5.898626370910971e-07
2024-05-17 05:00:00+00:00,1.1726982109724758e-07
2024-05-17 06:00:00+00:00,2.208505580197192e-08
2024-05-17 07:00:00+00:00,1.7522027743713256e-08
2024-05-17 08:00:00+00:00,1.560555595924462e-08
2024-05-17 09:00:00+00:00,3.394892875344444e-08
2024-05-17 10:00:00+00:00,6.055138233309243e-08
2024-05-17 11:00:00+00:00,5.626213595832928e-08
2024-05-17 12:00:00+00:00,0.0027304953195448787
2024-05-17 13:00:00+00:00,0.12612040346820483
2024-05-17 14:00:00+00:00,0.39313935677530143
2024-05-17 15:00:00+00:00,0.5675253107693927
2024-05-17 16:00:00+00:00,0.6188235358471375
2024-05-17 17:00:00+00:00,0.637458071126858
2024-05-17 18:00:00+00:00,0.6813582813094763
2024-05-17 19:00:00+00:00,0.6856180401649093
2024-05-17 20:00:00+00:00,0.6763950519627624
2024-05-17 21:00:00+00:00,0.6463919998062253
2024-05-17 22:00:00+00:00,0.6141913755866517
2024-05-17 23:00:00+00:00,0.5902735370376587
2024-05-18 00:00:00+00:00,0.5140458662435246
2024-05-18 01:00:00+00:00,0.22454691934449625
2024-05-18 02:00:00+00:00,0.013593607010642732
2024-05-18 03:00:00+00:00,1.0370850170810284e-06
2024-05-18 04:00:00+00:00,2.0136642821095466e-07
2024-05-18 05:00:00+00:00,1.8617154477695335e-08
2024-05-18 06:00:00+00:00,1.697446437672222e-08
2024-05-18 07:00:00+00:00,1.7522027743713256e-08
2024-05-18 08:00:00+00:00,1.5057992592253582e-08
2024-05-18 09:00:00+00:00,1.642690100973118e-08
2024-05-18 10:00:00+00:00,1.587933764274014e-08
2024-05-18 11:00:00+00:00,2.8230998293640503e-06
2024-05-18 12:00:00+00:00,0.004264653068067825
2024-05-18 13:00:00+00:00,0.17866600655177126
2024-05-18 14:00:00+00:00,0.5234264695113633
2024-05-18 15:00:00+00:00,0.7846825356722754
2024-05-18 16:00:00+00:00,0.8768507635187907
2024-05-18 17:00:00+00:00,0.8904143493183416
2024-05-18 18:00:00+00:00,0.8719803135827615
2024-05-18 19:00:00+00:00,0.8606012346648987
2024-05-18 20:00:00+00:00,0.8438572219591638
2024-05-18 21:00:00+00:00,0.8268073639018524
2024-05-18 22:00:00+00:00,0.8043841503495639
2024-05-18 23:00:00+00:00,0.7751621560406357
2024-05-19 00:00:00+00:00,0.6364593380411947
2024-05-19 01:00:00+00:00,0.26363751479376357
2024-05-19 02:00:00+00:00,0.014621915043253702
2024-05-19 03:00:00+00:00,4.538342076463481e-06
2024-05-19 04:00:00+00:00,1.0033277355060309e-05
2024-05-19 05:00:00+00:00,7.401915964704287e-06
2024-05-19 06:00:00+00:00,1.53317742757491e-08
2024-05-19 07:00:00+00:00,1.9986062895172934e-08
2024-05-19 08:00:00+00:00,2.0533626262163973e-08
2024-05-19 09:00:00+00:00,1.7522027743713256e-08
2024-05-19 10:00:00+00:00,5.822697584021547e-06
2024-05-19 11:00:00+00:00,8.728794330737265e-05
2024-05-19 12:00:00+00:00,0.005154150091093837
2024-05-19 13:00:00+00:00,0.1333120036746583
2024-05-19 14:00:00+00:00,0.4017071137693031
2024-05-19 15:00:00+00:00,0.5625070926909608
2024-05-19 16:00:00+00:00,0.6458601503214797
2024-05-19 17:00:00+00:00,0.6593126682764097
2024-05-19 18:00:00+00:00,0.6417481787731673
2024-05-19 19:00:00+00:00,0.6209096818222201
2024-05-19 20:00:00+00:00,0.6196810589568444
2024-05-19 21:00:00+00:00,0.6093451708895377
2024-05-19 22:00:00+00:00,0.5848056172579414
2024-05-19 23:00:00+00:00,0.540177980276064
2024-05-20 00:00:00+00:00,0.4133000283652608
2024-05-20 01:00:00+00:00,0.1543271201555967
2024-05-20 02:00:00+00:00,0.009195607752283366
2024-05-20 03:00:00+00:00,8.630602529951595e-06
2024-05-20 04:00:00+00:00,6.961629387362907e-06
2024-05-20 05:00:00+00:00,2.3659756784876982e-06
2024-05-20 06:00:00+00:00,1.8343372794199817e-08
2024-05-20 07:00:00+00:00,1.7248246060217735e-08
2024-05-20 08:00:00+00:00,1.026316270863538e-06
2024-05-20 09:00:00+00:00,1.7522027743713256e-08
2024-05-20 10:00:00+00:00,1.8890936161190856e-08
2024-05-20 11:00:00+00:00,4.912419116679526e-06
2024-05-20 12:00:00+00:00,0.004543226478587884
2024-05-20 13:00:00+00:00,0.16814860834663073
2024-05-20 14:00:00+00:00,0.4627169094912194
2024-05-20 15:00:00+00:00,0.5906405637888523
2024-05-20 16:00:00+00:00,0.7158139217348329
2024-05-20 17:00:00+00:00,0.816834961174033
2024-05-20 18:00:00+00:00,0.8237857837138941
2024-05-20 19:00:00+00:00,0.8295346775131929
2024-05-20 20:00:00+00:00,0.8237148107861484
2024-05-20 21:00:00+00:00,0.8104217857654775
2024-05-20 22:00:00+00:00,0.7841466440291243
2024-05-20 23:00:00+00:00,0.6962388661086415
2024-05-21 00:00:00+00:00,0.48828378170842246
2024-05-21 01:00:00+00:00,0.15170846323922102
2024-05-21 02:00:00+00:00,0.008221476551808103
2024-05-21 03:00:00+00:00,5.934719922851797e-06
2024-05-21 04:00:00+00:00,6.363142627241702e-06
2024-05-21 05:00:00+00:00,1.4784210908758062e-08
2024-05-21 06:00:00+00:00,2.821137727299e-06
2024-05-21 07:00:00+00:00,1.8617154477695335e-08
2024-05-21 08:00:00+00:00,1.6153119326235657e-08
2024-05-21 09:00:00+00:00,1.8617154477695335e-08
2024-05-21 10:00:00+00:00,1.8343372794199817e-08
2024-05-21 11:00:00+00:00,3.4754759508532915e-06
2024-05-21 12:00:00+00:00,0.002462225272010649
2024-05-21 13:00:00+00:00,0.0883113557128102
2024-05-21 14:00:00+00:00,0.3002310644126472
2024-05-21 15:00:00+00:00,0.43978591204668543
2024-05-21 16:00:00+00:00,0.559806264126488
2024-05-21 17:00:00+00:00,0.6536983631343124
2024-05-21 18:00:00+00:00,0.6866339926582955
2024-05-21 19:00:00+00:00,0.7138282028510907
2024-05-21 20:00:00+00:00,0.683637742569173
2024-05-21 21:00:00+00:00,0.668404127787971
2024-05-21 22:00:00+00:00,0.5845652717101062
2024-05-21 23:00:00+00:00,0.5024500194001063
2024-05-22 00:00:00+00:00,0.34017884489687267
2024-05-22 01:00:00+00:00,0.14194589386632592
2024-05-22 02:00:00+00:00,0.015327248208218113
2024-05-22 03:00:00+00:00,3.272786244505442e-06
2024-05-22 04:00:00+00:00,2.220962646796238e-06
2024-05-22 05:00:00+00:00,1.67006826932267e-08
2024-05-22 06:00:00+00:00,1.5057992592253582e-08
2024-05-22 07:00:00+00:00,1.3962865858271502e-08
2024-05-22 08:00:00+00:00,1.3415302491280463e-08
2024-05-22 09:00:00+00:00,1.615311932623566e-08
2024-05-22 10:00:00+00:00,1.7795809427208778e-08
2024-05-22 11:00:00+00:00,1.67006826932267e-08
2024-05-22 12:00:00+00:00,0.0021547634221143162
2024-05-22 13:00:00+00:00,0.08692091956777766
2024-05-22 14:00:00+00:00,0.24781785206692714
2024-05-22 15:00:00+00:00,0.40349120407887223
2024-05-22 16:00:00+00:00,0.5276287052836645
2024-05-22 17:00:00+00:00,0.5919234974112371
2024-05-22 18:00:00+00:00,0.6316482118504299
2024-05-22 19:00:00+00:00,0.6563181201511226
2024-05-22 20:00:00+00:00,0.6452928158558453
2024-05-22 21:00:00+00:00,0.5488051287762967
2024-05-22 22:00:00+00:00,0.46299820091503263
2024-05-22 23:00:00+00:00,0.41096410802931477
2024-05-23 00:00:00+00:00,0.35095176281713514
2024-05-23 01:00:00+00:00,0.1811506402613824
2024-05-23 02:00:00+00:00,0.01619745425441307
2024-05-23 03:00:00+00:00,3.267584392519027e-07
2024-05-23 04:00:00+00:00,2.879270704761215e-07
2024-05-23 05:00:00+00:00,5.653591764182481e-08
2024-05-23 06:00:00+00:00,5.525826978551238e-08
2024-05-23 07:00:00+00:00,4.713607984181197e-08
2024-05-23 08:00:00+00:00,2.7651950033047482e-08
2024-05-23 09:00:00+00:00,1.7978330549539124e-08
2024-05-23 10:00:00+00:00,1.921034812526896e-08
2024-05-23 11:00:00+00:00,3.089169995441113e-08
2024-05-23 12:00:00+00:00,0.0014217770750992811
2024-05-23 13:00:00+00:00,0.05675299603580932
2024-05-23 14:00:00+00:00,0.20638149711557224
2024-05-23 15:00:00+00:00,0.3557139080045537
2024-05-23 16:00:00+00:00,0.46695204177548266
2024-05-23 17:00:00+00:00,0.5663273619019029
2024-05-23 18:00:00+00:00,0.6114580464897919
2024-05-23 19:00:00+00:00,0.6289424077145321
2024-05-23 20:00:00+00:00,0.6400800892609619
2024-05-23 21:00:00+00:00,0.6032402765313057
2024-05-23 22:00:00+00:00,0.5460982443891365
2024-05-23 23:00:00+00:00,0.5111069087133564
2024-05-24 00:00:00+00:00,0.4277109738596036
2024-05-24 01:00:00+00:00,0.205780492887241
2024-05-24 02:00:00+00:00,0.017190482733658523
2024-05-24 03:00:00+00:00,1.0759620161373921e-07
2024-05-24 04:00:00+00:00,1.8343372794199817e-08
2024-05-24 05:00:00+00:00,1.67006826932267e-08
2024-05-24 06:00:00+00:00,1.7795809427208778e-08
2024-05-24 07:00:00+00:00,1.5331774275749103e-08
2024-05-24 08:00:00+00:00,2.247747621498216e-07
2024-05-24 09:00:00+00:00,1.8617154477695335e-08
2024-05-24 10:00:00+00:00,1.6974464376722217e-08
2024-05-24 11:00:00+00:00,3.985120554680201e-06
2024-05-24 12:00:00+00:00,0.003393478336646383
2024-05-24 13:00:00+00:00,0.13563067863925188
2024-05-24 14:00:00+00:00,0.39814172567770606
2024-05-24 15:00:00+00:00,0.5202467376912436
2024-05-24 16:00:00+00:00,0.6275793938623304
2024-05-24 17:00:00+00:00,0.7191001130606467
2024-05-24 18:00:00+00:00,0.7664931480093169
2024-05-24 19:00:00+00:00,0.7694076562419553
2024-05-24 20:00:00+00:00,0.7455968780581911
2024-05-24 21:00:00+00:00,0.6709438595594523
2024-05-24 22:00:00+00:00,0.6525621038965046
2024-05-24 23:00:00+00:00,0.6097087139056995
2024-05-25 00:00:00+00:00,0.4789840625390534
2024-05-25 01:00:00+00:00,0.21790190948493066
2024-05-25 02:00:00+00:00,0.017565472607637623
2024-05-25 03:00:00+00:00,1.2759139056502867e-05
2024-05-25 04:00:00+00:00,1.2643055622700767e-05
2024-05-25 05:00:00+00:00,1.3137550973374257e-05
2024-05-25 06:00:00+00:00,1.3239169608231678e-05
2024-05-25 07:00:00+00:00,1.3284161064886109e-05
2024-05-25 08:00:00+00:00,1.3299036536356032e-05
2024-05-25 09:00:00+00:00,1.3247428689017126e-05
2024-05-25 10:00:00+00:00,1.3231138678849143e-05
2024-05-25 11:00:00+00:00,1.3243732636289936e-05
2024-05-25 12:00:00+00:00,0.002460913355813619
2024-05-25 13:00:00+00:00,0.11599391513126613
2024-05-25 14:00:00+00:00,0.36756291278540115
2024-05-25 15:00:00+00:00,0.5458441773596272
2024-05-25 16:00:00+00:00,0.6623941430900727
2024-05-25 17:00:00+00:00,0.7080544057329704
2024-05-25 18:00:00+00:00,0.7392381881249891
2024-05-25 19:00:00+00:00,0.7414859901377818
2024-05-25 20:00:00+00:00,0.7281976702834931
2024-05-25 21:00:00+00:00,0.7012270580022811
2024-05-25 22:00:00+00:00,0.6020524372350001
2024-05-25 23:00:00+00:00,0.5339091829538458
2024-05-26 00:00:00+00:00,0.4325696740896433
2024-05-26 01:00:00+00:00,0.18248185879718326
2024-05-26 02:00:00+00:00,0.012302815397638776
2024-05-26 03:00:00+00:00,1.3227488256402537e-05
2024-05-26 04:00:00+00:00,1.306349302798872e-05
2024-05-26 05:00:00+00:00,1.3117610540759668e-05
2024-05-26 06:00:00+00:00,1.3182496799748106e-05
2024-05-26 07:00:00+00:00,1.0950811037014959e-05
2024-05-26 08:00:00+00:00,1.3243002551800617e-05
2024-05-26 09:00:00+00:00,1.3420686864389208e-05
2024-05-26 10:00:00+00:00,1.3483109088226187e-05
2024-05-26 11:00:00+00:00,1.3612242782274908e-05
2024-05-26 12:00:00+00:00,0.001451948181662732
2024-05-26 13:00:00+00:00,0.12114069803103879
2024-05-26 14:00:00+00:00,0.37881396801142075
2024-05-26 15:00:00+00:00,0.5553556405150292
2024-05-26 16:00:00+00:00,0.6624844090480121
2024-05-26 17:00:00+00:00,0.7630769765933797
2024-05-26 18:00:00+00:00,0.8052571991622391
2024-05-26 19:00:00+00:00,0.799523466708118
2024-05-26 20:00:00+00:00,0.8147399057497757
2024-05-26 21:00:00+00:00,0.7814239085950953
2024-05-26 22:00:00+00:00,0.7515196320787839
2024-05-26 23:00:00+00:00,0.7077487526217661
2024-05-27 00:00:00+00:00,0.5604310858098538
2024-05-27 01:00:00+00:00,0.2630709395703678
2024-05-27 02:00:00+00:00,0.022274790615359568
2024-05-27 03:00:00+00:00,1.198246605070666e-05
2024-05-27 04:00:00+00:00,1.2866050803907866e-05
2024-05-27 05:00:00+00:00,1.2912913102066183e-05
2024-05-27 06:00:00+00:00,1.2936275805724467e-05
2024-05-27 07:00:00+00:00,1.2997420381705133e-05
2024-05-27 08:00:00+00:00,1.2558730864184147e-05
2024-05-27 09:00:00+00:00,1.2201993330589487e-05
2024-05-27 10:00:00+00:00,1.1942813336880393e-05
2024-05-27 11:00:00+00:00,1.2126292695102974e-05
2024-05-27 12:00:00+00:00,0.004021415838091483
2024-05-27 13:00:00+00:00,0.14943611870623533
2024-05-27 14:00:00+00:00,0.4271954094113253
2024-05-27 15:00:00+00:00,0.5851760728053087
2024-05-27 16:00:00+00:00,0.6731184507986488
2024-05-27 17:00:00+00:00,0.7515714328509492
2024-05-27 18:00:00+00:00,0.7937861447936051
2024-05-27 19:00:00+00:00,0.8191677643686216
2024-05-27 20:00:00+00:00,0.8110297414932738
2024-05-27 21:00:00+00:00,0.7838687402886021
2024-05-27 22:00:00+00:00,0.7230797126707884
2024-05-27 23:00:00+00:00,0.635450068467442
2024-05-28 00:00:00+00:00,0.46973575404858087
2024-05-28 01:00:00+00:00,0.21539423371564292
2024-05-28 02:00:00+00:00,0.02275824804679041
2024-05-28 03:00:00+00:00,1.4401281594108994e-05
2024-05-28 04:00:00+00:00,1.4786766204470686e-05
2024-05-28 05:00:00+00:00,1.565739195798644e-05
2024-05-28 06:00:00+00:00,1.4864428942022247e-05
2024-05-28 07:00:00+00:00,1.7661838923418302e-05
2024-05-28 08:00:00+00:00,1.4392611840798302e-05
2024-05-28 09:00:00+00:00,1.4402422351123559e-05
2024-05-28 10:00:00+00:00,1.39109842292491e-05
2024-05-28 11:00:00+00:00,1.3474074292670835e-05
2024-05-28 12:00:00+00:00,0.0013727158537196898
2024-05-28 13:00:00+00:00,0.11103448605684031
2024-05-28 14:00:00+00:00,0.3616229616246623
2024-05-28 15:00:00+00:00,0.4365264576925184
2024-05-28 16:00:00+00:00,0.4737298691985393
2024-05-28 17:00:00+00:00,0.48212751500072976
2024-05-28 18:00:00+00:00,0.5078385358752191
2024-05-28 19:00:00+00:00,0.5118987321586933
2024-05-28 20:00:00+00:00,0.491954221520297
2024-05-28 21:00:00+00:00,0.4321947888458976
2024-05-28 22:00:00+00:00,0.4423059860651406
2024-05-28 23:00:00+00:00,0.4515466007883737
2024-05-29 00:00:00+00:00,0.3292131548748562
2024-05-29 01:00:00+00:00,0.11384421151407477
2024-05-29 02:00:00+00:00,0.010828845768785202
2024-05-29 03:00:00+00:00,1.7674524141420262e-05
2024-05-29 04:00:00+00:00,1.9902057548620393e-05
2024-05-29 05:00:00+00:00,1.4351635848835141e-05
2024-05-29 06:00:00+00:00,1.623958870793966e-05
2024-05-29 07:00:00+00:00,1.4358526021203113e-05
2024-05-29 08:00:00+00:00,1.3955291231694792e-05
2024-05-29 09:00:00+00:00,1.4266489745268033e-05
2024-05-29 10:00:00+00:00,1.928244396858945e-05
2024-05-29 11:00:00+00:00,1.4696737660881242e-05
2024-05-29 12:00:00+00:00,0.001829432754341843
2024-05-29 13:00:00+00:00,0.08401623763354168
2024-05-29 14:00:00+00:00,0.3075403875945144
2024-05-29 15:00:00+00:00,0.4492532982675165
2024-05-29 16:00:00+00:00,0.6054053880340808
2024-05-29 17:00:00+00:00,0.6894277195003338
2024-05-29 18:00:00+00:00,0.7247789824488424
2024-05-29 19:00:00+00:00,0.7746847738703918
2024-05-29 20:00:00+00:00,0.7655633115367417
2024-05-29 21:00:00+00:00,0.7345857236216619
2024-05-29 22:00:00+00:00,0.6700807382075116
2024-05-29 23:00:00+00:00,0.6178270958655945
2024-05-30 00:00:00+00:00,0.4873238953233092
2024-05-30 01:00:00+00:00,0.21441531635503736
2024-05-30 02:00:00+00:00,0.017094707101859983
2024-05-30 03:00:00+00:00,1.3980387886015215e-05
2024-05-30 04:00:00+00:00,1.6514556778730327e-05
2024-05-30 05:00:00+00:00,2.3259716115009446e-05
2024-05-30 06:00:00+00:00,2.0818222322157567e-05
2024-05-30 07:00:00+00:00,2.1527043100727467e-05
2024-05-30 08:00:00+00:00,2.07070213283778e-05
2024-05-30 09:00:00+00:00,1.35087533059136e-05
2024-05-30 10:00:00+00:00,1.3659515752958466e-05
2024-05-30 11:00:00+00:00,1.3538504248853447e-05
2024-05-30 12:00:00+00:00,0.0024278497001337575
2024-05-30 13:00:00+00:00,0.09653282441621003
2024-05-30 14:00:00+00:00,0.2973462173681868
2024-05-30 15:00:00+00:00,0.3996632270921947
2024-05-30 16:00:00+00:00,0.4510545220629902
2024-05-30 17:00:00+00:00,0.5022146815474134
2024-05-30 18:00:00+00:00,0.5363649242542462
2024-05-30 19:00:00+00:00,0.567298211098817
2024-05-30 20:00:00+00:00,0.5766338891651688
2024-05-30 21:00:00+00:00,0.4710546321487799
2024-05-30 22:00:00+00:00,0.42347350781464
2024-05-30 23:00:00+00:00,0.380636485770522
2024-05-31 00:00:00+00:00,0.24252597025927494
2024-05-31 01:00:00+00:00,0.10405104945645388
2024-05-31 02:00:00+00:00,0.009053489459961784
2024-05-31 03:00:00+00:00,1.4618755511365601e-05
2024-05-31 04:00:00+00:00,1.4592883142275276e-05
2024-05-31 05:00:00+00:00,1.464503855298117e-05
2024-05-31 06:00:00+00:00,1.6555760922096403e-05
2024-05-31 07:00:00+00:00,1.7746528724179587e-05
2024-05-31 08:00:00+00:00,1.4685284460455014e-05
2024-05-31 09:00:00+00:00,1.4628885433654935e-05
2024-05-31 10:00:00+00:00,1.442875102301971e-05
2024-05-31 11:00:00+00:00,1.4533883189481989e-05
2024-05-31 12:00:00+00:00,0.00016841488613048445
2024-05-31 13:00:00+00:00,0.031551589375379975
2024-05-31 14:00:00+00:00,0.1482575241047757
2024-05-31 15:00:00+00:00,0.2616686839050165
2024-05-31 16:00:00+00:00,0.39396834142988424
2024-05-31 17:00:00+00:00,0.5793443982849276
2024-05-31 18:00:00+00:00,0.6694585539543634
2024-05-31 19:00:00+00:00,0.6825757552827668
2024-05-31 20:00:00+00:00,0.6965582302521856
2024-05-31 21:00:00+00:00,0.7015004791609298
2024-05-31 22:00:00+00:00,0.6787116532592549
2024-05-31 23:00:00+00:00,0.5740818722619855
2024-06-01 00:00:00+00:00,0.42886229679378846
2024-06-01 01:00:00+00:00,0.18428370681489536
2024-06-01 02:00:00+00:00,0.01276413005096271
2024-06-01 03:00:00+00:00,1.1769600791788894e-05
2024-06-01 04:00:00+00:00,1.0903811848014896e-05
2024-06-01 05:00:00+00:00,1.1747972038792749e-05
2024-06-01 06:00:00+00:00,1.1983424286598895e-05
2024-06-01 07:00:00+00:00,1.1934417365253197e-05
2024-06-01 08:00:00+00:00,1.1828463853740431e-05
2024-06-01 09:00:00+00:00,1.2335598792135297e-05
2024-06-01 10:00:00+00:00,1.5549521974689203e-05
2024-06-01 11:00:00+00:00,1.3225845566301562e-05
2024-06-01 12:00:00+00:00,0.005749173056616019
2024-06-01 13:00:00+00:00,0.119083684206661
2024-06-01 14:00:00+00:00,0.33883095574873345
2024-06-01 15:00:00+00:00,0.5055939146580254
2024-06-01 16:00:00+00:00,0.5319936104053166
2024-06-01 17:00:00+00:00,0.592247579497642
2024-06-01 18:00:00+00:00,0.6524916847378441
2024-06-01 19:00:00+00:00,0.6554533309667961
2024-06-01 20:00:00+00:00,0.6667296673303605
2024-06-01 21:00:00+00:00,0.6591954052085939
2024-06-01 22:00:00+00:00,0.6238622680677017
2024-06-01 23:00:00+00:00,0.5530989031350626
2024-06-02 00:00:00+00:00,0.39881991425572727
2024-06-02 01:00:00+00:00,0.1310470707768871
2024-06-02 02:00:00+00:00,0.007107152748112404
2024-06-02 03:00:00+00:00,1.3261619706278312e-05
2024-06-02 04:00:00+00:00,1.3303508303853125e-05
2024-06-02 05:00:00+00:00,1.3417766526431921e-05
2024-06-02 06:00:00+00:00,1.4005484540335637e-05
2024-06-02 07:00:00+00:00,1.4922790070887377e-05
2024-06-02 08:00:00+00:00,1.339020583696004e-05
2024-06-02 09:00:00+00:00,1.3250303396693828e-05
2024-06-02 10:00:00+00:00,1.3219548587581167e-05
2024-06-02 11:00:00+00:00,1.3063584288549884e-05
2024-06-02 12:00:00+00:00,0.003298637167363895
2024-06-02 13:00:00+00:00,0.07979989087949148
2024-06-02 14:00:00+00:00,0.25427499608376747
2024-06-02 15:00:00+00:00,0.39188904592882545
2024-06-02 16:00:00+00:00,0.4965040328590455
2024-06-02 17:00:00+00:00,0.5729175748594499
2024-06-02 18:00:00+00:00,0.6398379583371383
2024-06-02 19:00:00+00:00,0.6767207829906167
2024-06-02 20:00:00+00:00,0.6789302724052936
2024-06-02 21:00:00+00:00,0.64245918898386
2024-06-02 22:00:00+00:00,0.5342279781334212
2024-06-02 23:00:00+00:00,0.4673312307304021
2024-06-03 00:00:00+00:00,0.3183996203467205
2024-06-03 01:00:00+00:00,0.11423538617479483
2024-06-03 02:00:00+00:00,0.013544504265707814
2024-06-03 03:00:00+00:00,1.4704905481105525e-05
2024-06-03 04:00:00+00:00,1.3855269656657762e-05
2024-06-03 05:00:00+00:00,1.337606044997944e-05
2024-06-03 06:00:00+00:00,1.340362113945132e-05
2024-06-03 07:00:00+00:00,1.7483743938304465e-05
2024-06-03 08:00:00+00:00,2.2185624940375936e-05
2024-06-03 09:00:00+00:00,2.0112367511825534e-05
2024-06-03 10:00:00+00:00,2.5330098835883145e-05
2024-06-03 11:00:00+00:00,1.499429272056029e-05
2024-06-03 12:00:00+00:00,0.003944495231423316
2024-06-03 13:00:00+00:00,0.11965502482840942
2024-06-03 14:00:00+00:00,0.2830963695794409
2024-06-03 15:00:00+00:00,0.33965869903153306
2024-06-03 16:00:00+00:00,0.4209383916372999
2024-06-03 17:00:00+00:00,0.5357627582789714
2024-06-03 18:00:00+00:00,0.6407986149613879
2024-06-03 19:00:00+00:00,0.6815375502704489
2024-06-03 20:00:00+00:00,0.6525551853877325
2024-06-03 21:00:00+00:00,0.6176357665476822
2024-06-03 22:00:00+00:00,0.5950606547650346
2024-06-03 23:00:00+00:00,0.5273492637570564
2024-06-04 00:00:00+00:00,0.4257381662919037
2024-06-04 01:00:00+00:00,0.21644173758594992
2024-06-04 02:00:00+00:00,0.02027196334236726
2024-06-04 03:00:00+00:00,1.3306383011529828e-05
2024-06-04 04:00:00+00:00,1.3368303302280399e-05
2024-06-04 05:00:00+00:00,1.3438573934377582e-05
2024-06-04 06:00:00+00:00,1.35260471822544e-05
2024-06-04 07:00:00+00:00,1.4502808968405248e-05
2024-06-04 08:00:00+00:00,1.3755704384426559e-05
2024-06-04 09:00:00+00:00,1.7434098193030614e-05
2024-06-04 10:00:00+00:00,2.2343642602033437e-05
2024-06-04 11:00:00+00:00,1.2370095284255734e-05
2024-06-04 12:00:00+00:00,0.0011207784806657884
2024-06-04 13:00:00+00:00,0.10606380952892341
2024-06-04 14:00:00+00:00,0.3413336633387017
2024-06-04 15:00:00+00:00,0.497834831596265
2024-06-04 16:00:00+00:00,0.535062529819126
2024-06-04 17:00:00+00:00,0.6005598990022875
2024-06-04 18:00:00+00:00,0.6682264148195661
2024-06-04 19:00:00+00:00,0.7162163594089697
2024-06-04 20:00:00+00:00,0.7231459832155989
2024-06-04 21:00:00+00:00,0.6898165934366767
2024-06-04 22:00:00+00:00,0.6793983858335334
2024-06-04 23:00:00+00:00,0.6246441752773533
2024-06-05 00:00:00+00:00,0.4642214265851907
2024-06-05 01:00:00+00:00,0.17495235495544553
2024-06-05 02:00:00+00:00,0.011528370427182856
2024-06-05 03:00:00+00:00,0.00030437500704520124
2024-06-05 04:00:00+00:00,0.00033469902067888443
2024-06-05 05:00:00+00:00,0.0003367005929366396
2024-06-05 06:00:00+00:00,0.0003352697642284114
2024-06-05 07:00:00+00:00,0.00033030108297577357
2024-06-05 08:00:00+00:00,0.00032843589962667976
2024-06-05 09:00:00+00:00,0.00032760332952716986
2024-06-05 10:00:00+00:00,5.0311582328115334e-05
2024-06-05 11:00:00+00:00,5.615627370737768e-06
2024-06-05 12:00:00+00:00,0.0008352657995958527
2024-06-05 13:00:00+00:00,0.07212554215364626
2024-06-05 14:00:00+00:00,0.2533087134284433
2024-06-05 15:00:00+00:00,0.38073299454403864
2024-06-05 16:00:00+00:00,0.4899534903198736
2024-06-05 17:00:00+00:00,0.5594680001032478
2024-06-05 18:00:00+00:00,0.6093632959214392
2024-06-05 19:00:00+00:00,0.665386292157728
2024-06-05 20:00:00+00:00,0.6951966581799595
2024-06-05 21:00:00+00:00,0.7188784785744067
2024-06-05 22:00:00+00:00,0.7130118850711372
2024-06-05 23:00:00+00:00,0.656907938116169
2024-06-06 00:00:00+00:00,0.5183999856444946
2024-06-06 01:00:00+00:00,0.23061495734938675
2024-06-06 02:00:00+00:00,0.02040924017065847
2024-06-06 03:00:00+00:00,1.4236647541767021e-08
2024-06-06 04:00:00+00:00,1.67006826932267e-08
2024-06-06 05:00:00+00:00,1.3689084174775984e-08
2024-06-06 06:00:00+00:00,5.753978381464171e-08
2024-06-06 07:00:00+00:00,1.5742446800992381e-06
2024-06-06 08:00:00+00:00,1.6097906686730728e-06
2024-06-06 09:00:00+00:00,1.212214033956996e-06
2024-06-06 10:00:00+00:00,1.7522027743713256e-08
2024-06-06 11:00:00+00:00,3.9397184255005275e-07
2024-06-06 12:00:00+00:00,0.010292382332588123
2024-06-06 13:00:00+00:00,0.2326634874551078
2024-06-06 14:00:00+00:00,0.5931441256233033
2024-06-06 15:00:00+00:00,0.7368533123842841
2024-06-06 16:00:00+00:00,0.794822242325784
2024-06-06 17:00:00+00:00,0.817595179079306
2024-06-06 18:00:00+00:00,0.8254115070620079
2024-06-06 19:00:00+00:00,0.8253348211318727
2024-06-06 20:00:00+00:00,0.8238315804993704
2024-06-06 21:00:00+00:00,0.821246379704718
2024-06-06 22:00:00+00:00,0.8062357963351657
2024-06-06 23:00:00+00:00,0.7322433122414121
2024-06-07 00:00:00+00:00,0.6087430099335936
2024-06-07 01:00:00+00:00,0.2584921911047337
2024-06-07 02:00:00+00:00,0.015376965182359956
2024-06-07 03:00:00+00:00,8.20427881846849e-06
2024-06-07 04:00:00+00:00,7.4075284892159436e-06
2024-06-07 05:00:00+00:00,7.405840168834389e-06
2024-06-07 06:00:00+00:00,8.114615317123707e-06
2024-06-07 07:00:00+00:00,1.297542658646433e-06
2024-06-07 08:00:00+00:00,1.898219672235603e-08
2024-06-07 09:00:00+00:00,2.1172450190320187e-08
2024-06-07 10:00:00+00:00,2.2541358607797784e-08
2024-06-07 11:00:00+00:00,1.6061858765070485e-08
2024-06-07 12:00:00+00:00,0.0066494746912600594
2024-06-07 13:00:00+00:00,0.18348052092776027
2024-06-07 14:00:00+00:00,0.5120312327742553
2024-06-07 15:00:00+00:00,0.7096276072592252
2024-06-07 16:00:00+00:00,0.7748954989778897
2024-06-07 17:00:00+00:00,0.7933224364670223
2024-06-07 18:00:00+00:00,0.7829595750175852
2024-06-07 19:00:00+00:00,0.7783289425501541
2024-06-07 20:00:00+00:00,0.7695391921877555
2024-06-07 21:00:00+00:00,0.7649385862245287
2024-06-07 22:00:00+00:00,0.7315896436878556
2024-06-07 23:00:00+00:00,0.6491076615885282
2024-06-08 00:00:00+00:00,0.5077753087332326
2024-06-08 01:00:00+00:00,0.22674479571587403
2024-06-08 02:00:00+00:00,0.024288652248432633
2024-06-08 03:00:00+00:00,2.142296043071859e-06
2024-06-08 04:00:00+00:00,2.192717503115617e-06
2024-06-08 05:00:00+00:00,2.2173122243496313e-06
2024-06-08 06:00:00+00:00,2.0646333055202965e-06
2024-06-08 07:00:00+00:00,4.225227091105772e-06
2024-06-08 08:00:00+00:00,4.1117902135774615e-06
2024-06-08 09:00:00+00:00,4.844247477489142e-06
2024-06-08 10:00:00+00:00,6.899526575490009e-06
2024-06-08 11:00:00+00:00,8.259080785448177e-07
2024-06-08 12:00:00+00:00,0.008893042715947753
2024-06-08 13:00:00+00:00,0.2071843276797124
2024-06-08 14:00:00+00:00,0.5368229068932214
2024-06-08 15:00:00+00:00,0.6319790719499729
2024-06-08 16:00:00+00:00,0.718511158922442
2024-06-08 17:00:00+00:00,0.7897778629473252
2024-06-08 18:00:00+00:00,0.79673901777977
2024-06-08 19:00:00+00:00,0.809381649132122
2024-06-08 20:00:00+00:00,0.8145852227033928
2024-06-08 21:00:00+00:00,0.7948299191641894
2024-06-08 22:00:00+00:00,0.7657228182513456
2024-06-08 23:00:00+00:00,0.7062890772714986
2024-06-09 00:00:00+00:00,0.5433838164496206
2024-06-09 01:00:00+00:00,0.22999246527436584
2024-06-09 02:00:00+00:00,0.017584716220237436
2024-06-09 03:00:00+00:00,8.432868272075016e-05
2024-06-09 04:00:00+00:00,8.640974292728018e-05
2024-06-09 05:00:00+00:00,8.6909668281343e-05
2024-06-09 06:00:00+00:00,8.472374969003418e-05
2024-06-09 07:00:00+00:00,4.41324666224632e-05
2024-06-09 08:00:00+00:00,1.251182293574525e-07
2024-06-09 09:00:00+00:00,1.6426901009731178e-08
2024-06-09 10:00:00+00:00,8.537425497001954e-08
2024-06-09 11:00:00+00:00,1.4784210908758062e-08
2024-06-09 12:00:00+00:00,0.00952285817722051
2024-06-09 13:00:00+00:00,0.2028016505676396
2024-06-09 14:00:00+00:00,0.5234776267140513
2024-06-09 15:00:00+00:00,0.6486894161706589
2024-06-09 16:00:00+00:00,0.7035423197306266
2024-06-09 17:00:00+00:00,0.7463674508430368
2024-06-09 18:00:00+00:00,0.7615795677845177
2024-06-09 19:00:00+00:00,0.7528709714693289
2024-06-09 20:00:00+00:00,0.7486798154136074
2024-06-09 21:00:00+00:00,0.6970802439930609
2024-06-09 22:00:00+00:00,0.6403416600075919
2024-06-09 23:00:00+00:00,0.5717350990375845
2024-06-10 00:00:00+00:00,0.44217510883807076
2024-06-10 01:00:00+00:00,0.1627355068695335
2024-06-10 02:00:00+00:00,0.009063741397621396
2024-06-10 03:00:00+00:00,4.529261650627547e-07
2024-06-10 04:00:00+00:00,1.8069591110704296e-08
2024-06-10 05:00:00+00:00,1.8617154477695338e-07
2024-06-10 06:00:00+00:00,1.587933764274014e-08
2024-06-10 07:00:00+00:00,1.67006826932267e-08
2024-06-10 08:00:00+00:00,1.560555595924462e-08
2024-06-10 09:00:00+00:00,6.698525189523714e-08
2024-06-10 10:00:00+00:00,1.3689084174775984e-08
2024-06-10 11:00:00+00:00,0.00015832119428393278
2024-06-10 12:00:00+00:00,0.006911106947508221
2024-06-10 13:00:00+00:00,0.13476280881779248
2024-06-10 14:00:00+00:00,0.3783838870113739
2024-06-10 15:00:00+00:00,0.4420307291090435
2024-06-10 16:00:00+00:00,0.4898545922992353
2024-06-10 17:00:00+00:00,0.5752260284130416
2024-06-10 18:00:00+00:00,0.5897545774683537
2024-06-10 19:00:00+00:00,0.6025084148338163
2024-06-10 20:00:00+00:00,0.6181714961577068
2024-06-10 21:00:00+00:00,0.5821691441810335
2024-06-10 22:00:00+00:00,0.5764063776356805
2024-06-10 23:00:00+00:00,0.5131987045841505
2024-06-11 00:00:00+00:00,0.3756858635227697
2024-06-11 01:00:00+00:00,0.16726553798358254
2024-06-11 02:00:00+00:00,0.013706335249913597
2024-06-11 03:00:00+00:00,3.970747016296686e-07
2024-06-11 04:00:00+00:00,9.071299779818216e-08
2024-06-11 05:00:00+00:00,1.8890936161190856e-08
2024-06-11 06:00:00+00:00,1.7248246060217735e-08
2024-06-11 07:00:00+00:00,1.8069591110704296e-08
2024-06-11 08:00:00+00:00,1.7795809427208778e-08
2024-06-11 09:00:00+00:00,5.207783922890609e-07
2024-06-11 10:00:00+00:00,4.02778486702492e-07
2024-06-11 11:00:00+00:00,1.2590763321153122e-06
2024-06-11 12:00:00+00:00,0.004085687320309632
2024-06-11 13:00:00+00:00,0.1330114777186711
2024-06-11 14:00:00+00:00,0.39346245461655416
2024-06-11 15:00:00+00:00,0.5507836617578223
2024-06-11 16:00:00+00:00,0.5807264609540613
2024-06-11 17:00:00+00:00,0.6085236490673441
2024-06-11 18:00:00+00:00,0.6357028491337114
2024-06-11 19:00:00+00:00,0.6705712495327572
2024-06-11 20:00:00+00:00,0.6127369306985567
2024-06-11 21:00:00+00:00,0.5808469039961308
2024-06-11 22:00:00+00:00,0.6003952335563124
2024-06-11 23:00:00+00:00,0.5692723835594696
2024-06-12 00:00:00+00:00,0.4665819314668182
2024-06-12 01:00:00+00:00,0.23415508515647718
2024-06-12 02:00:00+00:00,0.02819474243479165
2024-06-12 03:00:00+00:00,5.837938097736131e-07
2024-06-12 04:00:00+00:00,2.1560307575272171e-07
2024-06-12 05:00:00+00:00,1.7020094657304804e-07
2024-06-12 06:00:00+00:00,1.6874077759440527e-07
2024-06-12 07:00:00+00:00,5.13386286834682e-07
2024-06-12 08:00:00+00:00,2.804893347411599e-07
2024-06-12 09:00:00+00:00,6.301541748455211e-08
2024-06-12 10:00:00+00:00,4.475417919540095e-07
2024-06-12 11:00:00+00:00,6.584905790873073e-07
2024-06-12 12:00:00+00:00,0.00784182632038226
2024-06-12 13:00:00+00:00,0.1728539247156364
2024-06-12 14:00:00+00:00,0.4782768023617097
2024-06-12 15:00:00+00:00,0.6237298434721871
2024-06-12 16:00:00+00:00,0.6729962060905809
2024-06-12 17:00:00+00:00,0.7212610297717279
2024-06-12 18:00:00+00:00,0.7003653392339049
2024-06-12 19:00:00+00:00,0.6894968094032907
2024-06-12 20:00:00+00:00,0.6741607129817345
2024-06-12 21:00:00+00:00,0.6832440507140246
2024-06-12 22:00:00+00:00,0.6711582418883086
2024-06-12 23:00:00+00:00,0.6681880286198076
2024-06-13 00:00:00+00:00,0.6105522621487844
2024-06-13 01:00:00+00:00,0.29060291915416175
2024-06-13 02:00:00+00:00,0.024285387995050596
2024-06-13 03:00:00+00:00,9.81279183928525e-07
2024-06-13 04:00:00+00:00,2.617809197022994e-07
2024-06-13 05:00:00+00:00,1.9488692836822742e-07
2024-06-13 06:00:00+00:00,1.100602367651989e-07
2024-06-13 07:00:00+00:00,4.491388517744e-07
2024-06-13 08:00:00+00:00,4.166044617190157e-07
2024-06-13 09:00:00+00:00,1.0545157842635766e-07
2024-06-13 10:00:00+00:00,8.774702956031405e-08
2024-06-13 11:00:00+00:00,8.51917338476892e-08
2024-06-13 12:00:00+00:00,0.009232571656196023
2024-06-13 13:00:00+00:00,0.23197296907334014
2024-06-13 14:00:00+00:00,0.5972264059587131
2024-06-13 15:00:00+00:00,0.7487384624161804
2024-06-13 16:00:00+00:00,0.7820302500604553
2024-06-13 17:00:00+00:00,0.7907190714440572
2024-06-13 18:00:00+00:00,0.7828564117977299
2024-06-13 19:00:00+00:00,0.7838500675108123
2024-06-13 20:00:00+00:00,0.7921850242889154
2024-06-13 21:00:00+00:00,0.8069175348577556
2024-06-13 22:00:00+00:00,0.7999457899216418
2024-06-13 23:00:00+00:00,0.7455790569695884
2024-06-14 00:00:00+00:00,0.6189347397156248
2024-06-14 01:00:00+00:00,0.3320886092454706
2024-06-14 02:00:00+00:00,0.034393814634917134
2024-06-14 03:00:00+00:00,4.6451625633073164e-07
2024-06-14 04:00:00+00:00,4.960011499327164e-07
2024-06-14 05:00:00+00:00,5.77953133859042e-07
2024-06-14 06:00:00+00:00,5.675950601667948e-07
2024-06-14 07:00:00+00:00,7.490666860437418e-07
2024-06-14 08:00:00+00:00,1.3333167986231807e-07
2024-06-14 09:00:00+00:00,1.2867739124289424e-07
2024-06-14 10:00:00+00:00,4.3668178517535385e-08
2024-06-14 11:00:00+00:00,1.0412830028946265e-07
2024-06-14 12:00:00+00:00,0.009726135008388615
2024-06-14 13:00:00+00:00,0.25695016213281024
2024-06-14 14:00:00+00:00,0.6551965929231827
2024-06-14 15:00:00+00:00,0.787685377192319
2024-06-14 16:00:00+00:00,0.7803775589427356
2024-06-14 17:00:00+00:00,0.8018706829112829
2024-06-14 18:00:00+00:00,0.8231334543178122
2024-06-14 19:00:00+00:00,0.8377199945773047
2024-06-14 20:00:00+00:00,0.8420165057490395
2024-06-14 21:00:00+00:00,0.8419261241639691
2024-06-14 22:00:00+00:00,0.8272257013559977
2024-06-14 23:00:00+00:00,0.7826093014239075
2024-06-15 00:00:00+00:00,0.6748305339245327
2024-06-15 01:00:00+00:00,0.3322375406862465
2024-06-15 02:00:00+00:00,0.03088372651918213
2024-06-15 03:00:00+00:00,4.580823867685869e-07
2024-06-15 04:00:00+00:00,1.961645762245398e-07
2024-06-15 05:00:00+00:00,1.49895471713797e-07
2024-06-15 06:00:00+00:00,1.9744222408085225e-07
2024-06-15 07:00:00+00:00,1.750833865953848e-07
2024-06-15 08:00:00+00:00,4.144598385316342e-07
2024-06-15 09:00:00+00:00,2.2710190645953353e-07
2024-06-15 10:00:00+00:00,1.5788077081574966e-07
2024-06-15 11:00:00+00:00,1.2758226450891215e-07
2024-06-15 12:00:00+00:00,0.00977519020657117
2024-06-15 13:00:00+00:00,0.22440667577225243
2024-06-15 14:00:00+00:00,0.5784279549385275
2024-06-15 15:00:00+00:00,0.7048925212844949
2024-06-15 16:00:00+00:00,0.7240060083704811
2024-06-15 17:00:00+00:00,0.735721202170999
2024-06-15 18:00:00+00:00,0.7855416869616542
2024-06-15 19:00:00+00:00,0.8165383627531864
2024-06-15 20:00:00+00:00,0.8249960512057117
2024-06-15 21:00:00+00:00,0.8117550678850876
2024-06-15 22:00:00+00:00,0.8030914653080671
2024-06-15 23:00:00+00:00,0.7508814690596117
2024-06-16 00:00:00+00:00,0.6167341549589431
2024-06-16 01:00:00+00:00,0.28991190016258583
2024-06-16 02:00:00+00:00,0.025710899589203598
2024-06-16 03:00:00+00:00,2.503277192760701e-07
2024-06-16 04:00:00+00:00,1.7522027743713256e-08
2024-06-16 05:00:00+00:00,1.560555595924462e-08
2024-06-16 06:00:00+00:00,8.360790680866761e-06
2024-06-16 07:00:00+00:00,1.4510429225262541e-08
2024-06-16 08:00:00+00:00,1.2867739124289425e-08
2024-06-16 09:00:00+00:00,1.3689084174775984e-08
2024-06-16 10:00:00+00:00,2.8179436076582188e-06
2024-06-16 11:00:00+00:00,2.9623178154215223e-07
2024-06-16 12:00:00+00:00,0.008396592062121018
2024-06-16 13:00:00+00:00,0.22006834764248343
2024-06-16 14:00:00+00:00,0.5052532753505294
2024-06-16 15:00:00+00:00,0.5877201544201777
2024-06-16 16:00:00+00:00,0.6386570488202842
2024-06-16 17:00:00+00:00,0.6944306696412526
2024-06-16 18:00:00+00:00,0.7516231472449934
2024-06-16 19:00:00+00:00,0.7676280982968957
2024-06-16 20:00:00+00:00,0.7590849648168352
2024-06-16 21:00:00+00:00,0.7372954008101451
2024-06-16 22:00:00+00:00,0.7123709329010642
2024-06-16 23:00:00+00:00,0.6574946379359917
2024-06-17 00:00:00+00:00,0.5268914160011905
2024-06-17 01:00:00+00:00,0.26012925887068483
2024-06-17 02:00:00+00:00,0.034570606738629495
2024-06-17 03:00:00+00:00,3.7886365664915835e-06
2024-06-17 04:00:00+00:00,1.7795809427208778e-08
2024-06-17 05:00:00+00:00,1.4510429225262541e-08
2024-06-17 06:00:00+00:00,1.6426901009731178e-08
2024-06-17 07:00:00+00:00,1.560555595924462e-08
2024-06-17 08:00:00+00:00,1.4784210908758062e-08
2024-06-17 09:00:00+00:00,1.3962865858271502e-08
2024-06-17 10:00:00+00:00,3.160718275394609e-06
2024-06-17 11:00:00+00:00,7.6087580265851506e-06
2024-06-17 12:00:00+00:00,0.007424401471848653
2024-06-17 13:00:00+00:00,0.1782019122386451
2024-06-17 14:00:00+00:00,0.3739443402417871
2024-06-17 15:00:00+00:00,0.41159149052965716
2024-06-17 16:00:00+00:00,0.47824000838496195
2024-06-17 17:00:00+00:00,0.5117721140620131
2024-06-17 18:00:00+00:00,0.504425899802161
2024-06-17 19:00:00+00:00,0.5727306673438775
2024-06-17 20:00:00+00:00,0.6057386316313303
2024-06-17 21:00:00+00:00,0.5461506980393562
2024-06-17 22:00:00+00:00,0.5337180375259643
2024-06-17 23:00:00+00:00,0.4583698365463282
2024-06-18 00:00:00+00:00,0.36882604053886886
2024-06-18 01:00:00+00:00,0.20346319764544146
2024-06-18 02:00:00+00:00,0.026971799444221834
2024-06-18 03:00:00+00:00,0.0008638930056157918
2024-06-18 04:00:00+00:00,1.7795809427208778e-08
2024-06-18 05:00:00+00:00,1.560555595924462e-08
2024-06-18 06:00:00+00:00,1.6426901009731178e-08
2024-06-18 07:00:00+00:00,1.4510429225262541e-08
2024-06-18 08:00:00+00:00,1.4784210908758062e-08
2024-06-18 09:00:00+00:00,1.7795809427208778e-08
2024-06-18 10:00:00+00:00,2.594857165889953e-06
2024-06-18 11:00:00+00:00,3.66173875619141e-06
2024-06-18 12:00:00+00:00,0.005636602241813166
2024-06-18 13:00:00+00:00,0.15519111331967833
2024-06-18 14:00:00+00:00,0.3880494865167671
2024-06-18 15:00:00+00:00,0.48164710489632706
2024-06-18 16:00:00+00:00,0.47731599602450964
2024-06-18 17:00:00+00:00,0.5322875342072669
2024-06-18 18:00:00+00:00,0.5555658805270143
2024-06-18 19:00:00+00:00,0.5835210529462195
2024-06-18 20:00:00+00:00,0.6129797669752576
2024-06-18 21:00:00+00:00,0.5980727012359498
2024-06-18 22:00:00+00:00,0.5752840433449679
2024-06-18 23:00:00+00:00,0.5081246573554926
2024-06-19 00:00:00+00:00,0.40546964055235446
2024-06-19 01:00:00+00:00,0.23641397619442672
2024-06-19 02:00:00+00:00,0.030935483942580784
2024-06-19 03:00:00+00:00,3.080043939324596e-08
2024-06-19 04:00:00+00:00,1.7248246060217735e-08
2024-06-19 05:00:00+00:00,1.587933764274014e-08
2024-06-19 06:00:00+00:00,7.70786699601053e-07
2024-06-19 07:00:00+00:00,1.642690100973118e-08
2024-06-19 08:00:00+00:00,1.7795809427208778e-08
2024-06-19 09:00:00+00:00,1.53317742757491e-08
2024-06-19 10:00:00+00:00,1.6800613007702562e-06
2024-06-19 11:00:00+00:00,4.3216895042573605e-06
2024-06-19 12:00:00+00:00,0.0035320512017969785
2024-06-19 13:00:00+00:00,0.10664209439492231
2024-06-19 14:00:00+00:00,0.2169512328418685
2024-06-19 15:00:00+00:00,0.26901290841085357
2024-06-19 16:00:00+00:00,0.351237847291251
2024-06-19 17:00:00+00:00,0.39722492586755404
2024-06-19 18:00:00+00:00,0.45627735339224795
2024-06-19 19:00:00+00:00,0.44794203180005177
2024-06-19 20:00:00+00:00,0.43892343786901405
2024-06-19 21:00:00+00:00,0.3974232509006734
2024-06-19 22:00:00+00:00,0.33702209641025843
2024-06-19 23:00:00+00:00,0.2844062167170281
2024-06-20 00:00:00+00:00,0.20352102239035835
2024-06-20 01:00:00+00:00,0.10732772782700219
2024-06-20 02:00:00+00:00,0.010587777711087197
2024-06-20 03:00:00+00:00,3.523980939112581e-06
2024-06-20 04:00:00+00:00,9.760317016615274e-07
2024-06-20 05:00:00+00:00,1.4510429225262543e-08
2024-06-20 06:00:00+00:00,2.769758031363007e-06
2024-06-20 07:00:00+00:00,1.560555595924462e-08
2024-06-20 08:00:00+00:00,1.5057992592253582e-08
2024-06-20 09:00:00+00:00,1.3689084174775984e-08
2024-06-20 10:00:00+00:00,1.697446437672222e-08
2024-06-20 11:00:00+00:00,4.663870978346177e-06
2024-06-20 12:00:00+00:00,0.004632230576747967
2024-06-20 13:00:00+00:00,0.07659959915006798
2024-06-20 14:00:00+00:00,0.20477158050732475
2024-06-20 15:00:00+00:00,0.2965170432110487
2024-06-20 16:00:00+00:00,0.36156877279176275
2024-06-20 17:00:00+00:00,0.4403356793105983
2024-06-20 18:00:00+00:00,0.4973325415898018
2024-06-20 19:00:00+00:00,0.5791170298063689
2024-06-20 20:00:00+00:00,0.5841357875997597
2024-06-20 21:00:00+00:00,0.5755446976986729
2024-06-20 22:00:00+00:00,0.5530052297359208
2024-06-20 23:00:00+00:00,0.5063357762771348
2024-06-21 00:00:00+00:00,0.4014558485759124
2024-06-21 01:00:00+00:00,0.17408393752498885
2024-06-21 02:00:00+00:00,0.012113462783481287
2024-06-21 03:00:00+00:00,9.087863571669697e-06
2024-06-21 04:00:00+00:00,1.6974464376722217e-08
2024-06-21 05:00:00+00:00,1.6164983199187132e-06
2024-06-21 06:00:00+00:00,4.036682771738525e-06
2024-06-21 07:00:00+00:00,1.4510429225262543e-08
2024-06-21 08:00:00+00:00,1.5331774275749103e-08
2024-06-21 09:00:00+00:00,1.3415302491280463e-08
2024-06-21 10:00:00+00:00,1.7676714394888224e-06
2024-06-21 11:00:00+00:00,1.35412420656884e-06
2024-06-21 12:00:00+00:00,0.008265428276889178
2024-06-21 13:00:00+00:00,0.1630376861474771
2024-06-21 14:00:00+00:00,0.466680643544063
2024-06-21 15:00:00+00:00,0.6016531698158674
2024-06-21 16:00:00+00:00,0.6609227788589799
2024-06-21 17:00:00+00:00,0.7010682074967425
2024-06-21 18:00:00+00:00,0.7476182445035116
2024-06-21 19:00:00+00:00,0.7434347316110482
2024-06-21 20:00:00+00:00,0.7719823844309112
2024-06-21 21:00:00+00:00,0.7754766080844749
2024-06-21 22:00:00+00:00,0.7707582988581155
2024-06-21 23:00:00+00:00,0.7237611409074703
2024-06-22 00:00:00+00:00,0.6309128731711902
2024-06-22 01:00:00+00:00,0.3166688791359972
2024-06-22 02:00:00+00:00,0.03086173756075107
2024-06-22 03:00:00+00:00,3.8370502941897077e-07
2024-06-22 04:00:00+00:00,2.341745999498345e-07
2024-06-22 05:00:00+00:00,2.7966798969067334e-07
2024-06-22 06:00:00+00:00,4.17790849014163e-07
2024-06-22 07:00:00+00:00,3.8557587092285686e-08
2024-06-22 08:00:00+00:00,1.0567972982927057e-07
2024-06-22 09:00:00+00:00,7.387542426320771e-08
2024-06-22 10:00:00+00:00,2.4412200111683833e-08
2024-06-22 11:00:00+00:00,1.0677485656325265e-08
2024-06-22 12:00:00+00:00,0.00831463524138495
2024-06-22 13:00:00+00:00,0.23950841749114132
2024-06-22 14:00:00+00:00,0.6025520103232969
2024-06-22 15:00:00+00:00,0.743601462374783
2024-06-22 16:00:00+00:00,0.8442657765093036
2024-06-22 17:00:00+00:00,0.8638520132425579
2024-06-22 18:00:00+00:00,0.8688694751816104
2024-06-22 19:00:00+00:00,0.8776001561419285
2024-06-22 20:00:00+00:00,0.8705322417390645
2024-06-22 21:00:00+00:00,0.8585659729321654
2024-06-22 22:00:00+00:00,0.8334416020036022
2024-06-22 23:00:00+00:00,0.7910036524460583
2024-06-23 00:00:00+00:00,0.6971782406787668
2024-06-23 01:00:00+00:00,0.37496207112972874
2024-06-23 02:00:00+00:00,0.04575430929773459
2024-06-23 03:00:00+00:00,2.852805142023315e-07
2024-06-23 04:00:00+00:00,3.089626298246939e-07
2024-06-23 05:00:00+00:00,6.497751954960333e-08
2024-06-23 06:00:00+00:00,3.8466326531120515e-08
2024-06-23 07:00:00+00:00,2.660245357964799e-08
2024-06-23 08:00:00+00:00,1.6133498305585147e-06
2024-06-23 09:00:00+00:00,2.0382590033435613e-06
2024-06-23 10:00:00+00:00,6.306104776513469e-08
2024-06-23 11:00:00+00:00,7.977085651447792e-07
2024-06-23 12:00:00+00:00,0.009035186835008145
2024-06-23 13:00:00+00:00,0.26424472752370115
2024-06-23 14:00:00+00:00,0.6840889982552939
2024-06-23 15:00:00+00:00,0.8141040666807935
2024-06-23 16:00:00+00:00,0.8542599353442324
2024-06-23 17:00:00+00:00,0.8671997331231636
2024-06-23 18:00:00+00:00,0.8739529361196734
2024-06-23 19:00:00+00:00,0.8561677142864682
2024-06-23 20:00:00+00:00,0.8415476459463
2024-06-23 21:00:00+00:00,0.83476453909978
2024-06-23 22:00:00+00:00,0.8193673886783502
2024-06-23 23:00:00+00:00,0.7900786603122214
2024-06-24 00:00:00+00:00,0.6925334237192047
2024-06-24 01:00:00+00:00,0.36318206695337896
2024-06-24 02:00:00+00:00,0.044750106921010356
2024-06-24 03:00:00+00:00,2.948172428440921e-07
2024-06-24 04:00:00+00:00,4.25411105871455e-07
2024-06-24 05:00:00+00:00,6.132709710299641e-08
2024-06-24 06:00:00+00:00,3.920097404850015e-07
2024-06-24 07:00:00+00:00,6.710389062475187e-07
2024-06-24 08:00:00+00:00,7.047596835980501e-07
2024-06-24 09:00:00+00:00,7.629839216214306e-07
2024-06-24 10:00:00+00:00,3.7804687462673007e-07
2024-06-24 11:00:00+00:00,5.051272060492337e-08
2024-06-24 12:00:00+00:00,0.00837208873833901
2024-06-24 13:00:00+00:00,0.2345818538544565
2024-06-24 14:00:00+00:00,0.6137612506902751
2024-06-24 15:00:00+00:00,0.7555289369559547
2024-06-24 16:00:00+00:00,0.797898736001128
2024-06-24 17:00:00+00:00,0.8033682403379689
2024-06-24 18:00:00+00:00,0.8223223780425588
2024-06-24 19:00:00+00:00,0.8121549559672966
2024-06-24 20:00:00+00:00,0.8111341510586126
2024-06-24 21:00:00+00:00,0.80714923661591
2024-06-24 22:00:00+00:00,0.7821017769854376
2024-06-24 23:00:00+00:00,0.7421042651535319
2024-06-25 00:00:00+00:00,0.6721155541780337
2024-06-25 01:00:00+00:00,0.36418312147956694
2024-06-25 02:00:00+00:00,0.04350793606028752
2024-06-25 03:00:00+00:00,4.1327345123648696e-07
2024-06-25 04:00:00+00:00,3.1762325707926885e-06
2024-06-25 05:00:00+00:00,4.900692134569802e-06
2024-06-25 06:00:00+00:00,2.0074129336697327e-06
2024-06-25 07:00:00+00:00,4.3440027114622446e-08
2024-06-25 08:00:00+00:00,1.6153119326235657e-08
2024-06-25 09:00:00+00:00,2.9112119011690257e-08
2024-06-25 10:00:00+00:00,6.06882731748402e-08
2024-06-25 11:00:00+00:00,4.275557290588365e-08
2024-06-25 12:00:00+00:00,0.007528316906879196
2024-06-25 13:00:00+00:00,0.21332731967180826
2024-06-25 14:00:00+00:00,0.5272816520926693
2024-06-25 15:00:00+00:00,0.5553199966495036
2024-06-25 16:00:00+00:00,0.6358341112978282
2024-06-25 17:00:00+00:00,0.7296639306764422
2024-06-25 18:00:00+00:00,0.7554000790056915
2024-06-25 19:00:00+00:00,0.8027162048921543
2024-06-25 20:00:00+00:00,0.7917924845983516
2024-06-25 21:00:00+00:00,0.8038018455014759
2024-06-25 22:00:00+00:00,0.7934868173625678
2024-06-25 23:00:00+00:00,0.7543147855515446
2024-06-26 00:00:00+00:00,0.6595541446338583
2024-06-26 01:00:00+00:00,0.32568656114587746
2024-06-26 02:00:00+00:00,0.027100840417540406
2024-06-26 03:00:00+00:00,0.0002972765780766518
2024-06-26 04:00:00+00:00,3.7759057182090425e-07
2024-06-26 05:00:00+00:00,1.1467345813209841e-06
2024-06-26 06:00:00+00:00,7.974347834612835e-07
2024-06-26 07:00:00+00:00,2.2586988888380372e-07
2024-06-26 08:00:00+00:00,3.7567410003643557e-07
2024-06-26 09:00:00+00:00,1.7248246060217735e-08
2024-06-26 10:00:00+00:00,2.8674068318097423e-07
2024-06-26 11:00:00+00:00,1.5331774275749103e-08
2024-06-26 12:00:00+00:00,0.0070680689982547205
2024-06-26 13:00:00+00:00,0.18734737076113867
2024-06-26 14:00:00+00:00,0.5113265182646352
2024-06-26 15:00:00+00:00,0.6729003893458995
2024-06-26 16:00:00+00:00,0.7611498825358943
2024-06-26 17:00:00+00:00,0.7656249458168938
2024-06-26 18:00:00+00:00,0.7490971543859528
2024-06-26 19:00:00+00:00,0.778476863280215
2024-06-26 20:00:00+00:00,0.8058916304458047
2024-06-26 21:00:00+00:00,0.804574510708468
2024-06-26 22:00:00+00:00,0.7856667729304032
2024-06-26 23:00:00+00:00,0.7509967613099788
2024-06-27 00:00:00+00:00,0.6301914673330842
2024-06-27 01:00:00+00:00,0.3119155009856476
2024-06-27 02:00:00+00:00,0.03235273745981451
2024-06-27 03:00:00+00:00,4.579820001513052e-05
2024-06-27 04:00:00+00:00,1.925597840585155e-08
2024-06-27 05:00:00+00:00,1.8069591110704296e-08
2024-06-27 06:00:00+00:00,1.8069591110704296e-08
2024-06-27 07:00:00+00:00,1.7795809427208778e-08
2024-06-27 08:00:00+00:00,1.1311746556423219e-07
2024-06-27 09:00:00+00:00,4.900692134569802e-08
2024-06-27 10:00:00+00:00,7.725206502631913e-08
2024-06-27 11:00:00+00:00,1.3141520807784943e-08
2024-06-27 12:00:00+00:00,0.008207879047606456
2024-06-27 13:00:00+00:00,0.17334308953693225
2024-06-27 14:00:00+00:00,0.48748572585121214
2024-06-27 15:00:00+00:00,0.6253581592134316
2024-06-27 16:00:00+00:00,0.7399954435755559
2024-06-27 17:00:00+00:00,0.7870705776525199
2024-06-27 18:00:00+00:00,0.7947559632937414
2024-06-27 19:00:00+00:00,0.7938645790023106
2024-06-27 20:00:00+00:00,0.8052879966812944
2024-06-27 21:00:00+00:00,0.8001425358732713
2024-06-27 22:00:00+00:00,0.7729591416996643
2024-06-27 23:00:00+00:00,0.7056166646200239
2024-06-28 00:00:00+00:00,0.5898807248430595
2024-06-28 01:00:00+00:00,0.30290800839994253
2024-06-28 02:00:00+00:00,0.03250714092946819
2024-06-28 03:00:00+00:00,7.902708294098176e-07
2024-06-28 04:00:00+00:00,1.7289313312742064e-07
2024-06-28 05:00:00+00:00,9.769443072731793e-08
2024-06-28 06:00:00+00:00,1.996324775488164e-07
2024-06-28 07:00:00+00:00,4.483175067239134e-07
2024-06-28 08:00:00+00:00,4.4316128501808114e-07
2024-06-28 09:00:00+00:00,1.8138036531578175e-07
2024-06-28 10:00:00+00:00,5.617087539716412e-07
2024-06-28 11:00:00+00:00,3.258002033596684e-08
2024-06-28 12:00:00+00:00,0.004221848670761718
2024-06-28 13:00:00+00:00,0.193407213978309
2024-06-28 14:00:00+00:00,0.543503356240286
2024-06-28 15:00:00+00:00,0.603654348603713
2024-06-28 16:00:00+00:00,0.6918659589872048
2024-06-28 17:00:00+00:00,0.7056463197393745
2024-06-28 18:00:00+00:00,0.7564255715587299
2024-06-28 19:00:00+00:00,0.8057944554701917
2024-06-28 20:00:00+00:00,0.8289929392165605
2024-06-28 21:00:00+00:00,0.8417444080510488
2024-06-28 22:00:00+00:00,0.8102283569527253
2024-06-28 23:00:00+00:00,0.7672455212480127
2024-06-29 00:00:00+00:00,0.6418518729013369
2024-06-29 01:00:00+00:00,0.3315380295800422
2024-06-29 02:00:00+00:00,0.035760750592255995
2024-06-29 03:00:00+00:00,1.3962865858271502e-08
2024-06-29 04:00:00+00:00,6.397912901045633e-06
2024-06-29 05:00:00+00:00,4.116992065563877e-06
2024-06-29 06:00:00+00:00,2.600515320682193e-06
2024-06-29 07:00:00+00:00,1.6678780158547057e-06
2024-06-29 08:00:00+00:00,3.0024724623341985e-08
2024-06-29 09:00:00+00:00,4.2737320793650613e-07
2024-06-29 10:00:00+00:00,5.224667126706166e-08
2024-06-29 11:00:00+00:00,1.4784210908758062e-08
2024-06-29 12:00:00+00:00,0.005681454434851258
2024-06-29 13:00:00+00:00,0.20056555176358049
2024-06-29 14:00:00+00:00,0.5164870681851017
2024-06-29 15:00:00+00:00,0.6376496500424051
2024-06-29 16:00:00+00:00,0.7474550230733958
2024-06-29 17:00:00+00:00,0.7954211046687448
2024-06-29 18:00:00+00:00,0.8166070362798329
2024-06-29 19:00:00+00:00,0.8072345916605318
2024-06-29 20:00:00+00:00,0.8191322066074354
2024-06-29 21:00:00+00:00,0.8233730615677075
2024-06-29 22:00:00+00:00,0.8045451858610881
2024-06-29 23:00:00+00:00,0.7528149028970207
2024-06-30 00:00:00+00:00,0.6343677169343752
2024-06-30 01:00:00+00:00,0.35046845281714084
2024-06-30 02:00:00+00:00,0.04459274451018202
2024-06-30 03:00:00+00:00,3.0476464401109597e-07
2024-06-30 04:00:00+00:00,1.1658536688850879e-07
2024-06-30 05:00:00+00:00,3.285836504752062e-07
2024-06-30 06:00:00+00:00,4.658851647482093e-08
2024-06-30 07:00:00+00:00,7.83471917603012e-08
2024-06-30 08:00:00+00:00,1.615311932623566e-08
2024-06-30 09:00:00+00:00,1.67006826932267e-08
2024-06-30 10:00:00+00:00,1.8069591110704296e-08
2024-06-30 11:00:00+00:00,1.587933764274014e-08
2024-06-30 12:00:00+00:00,0.0041161773369040745
2024-06-30 13:00:00+00:00,0.19689119162614965
2024-06-30 14:00:00+00:00,0.5910259801819445
2024-06-30 15:00:00+00:00,0.7572944859942026
2024-06-30 16:00:00+00:00,0.8321407889314857
2024-06-30 17:00:00+00:00,0.8524263329404812
2024-06-30 18:00:00+00:00,0.8561266456650356
2024-06-30 19:00:00+00:00,0.8422928237916811
2024-06-30 20:00:00+00:00,0.8379304192550353
2024-06-30 21:00:00+00:00,0.8312747163955179
2024-06-30 22:00:00+00:00,0.802344602473315
2024-06-30 23:00:00+00:00,0.7634284180028285
2024-07-01 00:00:00+00:00,0.6563465886550267
2024-07-01 01:00:00+00:00,0.3560060659146454
2024-07-01 02:00:00+00:00,0.04482489823626541
2024-07-01 03:00:00+00:00,3.988086522918069e-07
2024-07-01 04:00:00+00:00,1.8890936161190856e-08
2024-07-01 05:00:00+00:00,4.5682299102450755e-06
2024-07-01 06:00:00+00:00,2.3313879258060975e-06
2024-07-01 07:00:00+00:00,1.3497893299134947e-06
2024-07-01 08:00:00+00:00,1.642690100973118e-08
2024-07-01 09:00:00+00:00,1.587933764274014e-08
2024-07-01 10:00:00+00:00,1.7248246060217735e-08
2024-07-01 11:00:00+00:00,1.3962865858271502e-08
2024-07-01 12:00:00+00:00,0.007409151649556829
2024-07-01 13:00:00+00:00,0.221824877308211
2024-07-01 14:00:00+00:00,0.6366225476986981
2024-07-01 15:00:00+00:00,0.7619073316413719
2024-07-01 16:00:00+00:00,0.8296149132966363
2024-07-01 17:00:00+00:00,0.8117200586911343
2024-07-01 18:00:00+00:00,0.7814683376585416
2024-07-01 19:00:00+00:00,0.7320725648265988
2024-07-01 20:00:00+00:00,0.7111770290210572
2024-07-01 21:00:00+00:00,0.6893576937203223
2024-07-01 22:00:00+00:00,0.6714407555191874
2024-07-01 23:00:00+00:00,0.6176965188857709
2024-07-02 00:00:00+00:00,0.502785780191784
2024-07-02 01:00:00+00:00,0.2710670497634384
2024-07-02 02:00:00+00:00,0.047533363347605585
2024-07-02 03:00:00+00:00,2.6693714140813165e-06
2024-07-02 04:00:00+00:00,7.158615308637935e-06
2024-07-02 05:00:00+00:00,1.7522027743713256e-08
2024-07-02 06:00:00+00:00,9.148871256808614e-08
2024-07-02 07:00:00+00:00,2.3949052763770578e-06
2024-07-02 08:00:00+00:00,2.5370892306723984e-06
2024-07-02 09:00:00+00:00,1.642690100973118e-08
2024-07-02 10:00:00+00:00,1.003136088327584e-06
2024-07-02 11:00:00+00:00,4.7272970683559724e-08
2024-07-02 12:00:00+00:00,0.006363959044221886
2024-07-02 13:00:00+00:00,0.21386595255406537
2024-07-02 14:00:00+00:00,0.5989896384388766
2024-07-02 15:00:00+00:00,0.6794760868092601
2024-07-02 16:00:00+00:00,0.7406221190347008
2024-07-02 17:00:00+00:00,0.7883915057843345
2024-07-02 18:00:00+00:00,0.8312855963427291
2024-07-02 19:00:00+00:00,0.8765299791783937
2024-07-02 20:00:00+00:00,0.8836655731891327
2024-07-02 21:00:00+00:00,0.8633884540357322
2024-07-02 22:00:00+00:00,0.8296522052822662
2024-07-02 23:00:00+00:00,0.7541901978198293
2024-07-03 00:00:00+00:00,0.6200051410888796
2024-07-03 01:00:00+00:00,0.27593880769146045
2024-07-03 02:00:00+00:00,0.019771799022525027
2024-07-03 03:00:00+00:00,1.1028838816811183e-07
2024-07-03 04:00:00+00:00,2.200292129692326e-07
2024-07-03 05:00:00+00:00,3.9876302201122436e-07
2024-07-03 06:00:00+00:00,3.612549313723382e-07
2024-07-03 07:00:00+00:00,1.229736061700709e-07
2024-07-03 08:00:00+00:00,3.8238175128207576e-08
2024-07-03 09:00:00+00:00,3.842069625053792e-08
2024-07-03 10:00:00+00:00,4.051968915733691e-08
2024-07-03 11:00:00+00:00,3.5317837170922034e-08
2024-07-03 12:00:00+00:00,0.005238014303188538
2024-07-03 13:00:00+00:00,0.20607280530146282
2024-07-03 14:00:00+00:00,0.6115629191568486
2024-07-03 15:00:00+00:00,0.7766739695077325
2024-07-03 16:00:00+00:00,0.8439613489361751
2024-07-03 17:00:00+00:00,0.875750079427306
2024-07-03 18:00:00+00:00,0.871836000337053
2024-07-03 19:00:00+00:00,0.8639255039122954
2024-07-03 20:00:00+00:00,0.8765130946513
2024-07-03 21:00:00+00:00,0.8578662814950923
2024-07-03 22:00:00+00:00,0.835778272181949
2024-07-03 23:00:00+00:00,0.7887591871931635
2024-07-04 00:00:00+00:00,0.6626275506450059
2024-07-04 01:00:00+00:00,0.31968833523439455
2024-07-04 02:00:00+00:00,0.02730124057892975
2024-07-04 03:00:00+00:00,3.6761579248555074e-06
2024-07-04 04:00:00+00:00,5.594683071950361e-06
2024-07-04 05:00:00+00:00,9.37811778645553e-06
2024-07-04 06:00:00+00:00,5.32140332154125e-07
2024-07-04 07:00:00+00:00,1.6974464376722217e-08
2024-07-04 08:00:00+00:00,1.67006826932267e-08
2024-07-04 09:00:00+00:00,1.3164335948076236e-07
2024-07-04 10:00:00+00:00,1.615311932623566e-08
2024-07-04 11:00:00+00:00,1.3141520807784943e-08
2024-07-04 12:00:00+00:00,0.005761043637218737
2024-07-04 13:00:00+00:00,0.19602459730792338
2024-07-04 14:00:00+00:00,0.5505819818039536
2024-07-04 15:00:00+00:00,0.756625556803978
2024-07-04 16:00:00+00:00,0.8653143144329517
2024-07-04 17:00:00+00:00,0.875840899884415
2024-07-04 18:00:00+00:00,0.8805248860137201
2024-07-04 19:00:00+00:00,0.8699354717726199
2024-07-04 20:00:00+00:00,0.8585243900118402
2024-07-04 21:00:00+00:00,0.8463052707243424
2024-07-04 22:00:00+00:00,0.8294390123979339
2024-07-04 23:00:00+00:00,0.7661586734896185
2024-07-05 00:00:00+00:00,0.5929530627862295
2024-07-05 01:00:00+00:00,0.24917764067963666
2024-07-05 02:00:00+00:00,0.016212343369336885
2024-07-05 03:00:00+00:00,6.511591619061032e-05
2024-07-05 04:00:00+00:00,1.23293018134149e-07
2024-07-05 05:00:00+00:00,3.057228799033303e-08
2024-07-05 06:00:00+00:00,1.319171411642579e-07
2024-07-05 07:00:00+00:00,1.6426901009731178e-08
2024-07-05 08:00:00+00:00,1.2593957440793902e-08
2024-07-05 09:00:00+00:00,1.4236647541767021e-08
2024-07-05 10:00:00+00:00,1.587933764274014e-08
2024-07-05 11:00:00+00:00,1.6613985160119785e-07
2024-07-05 12:00:00+00:00,0.005204569360884127
2024-07-05 13:00:00+00:00,0.15938638358401827
2024-07-05 14:00:00+00:00,0.47192673860490053
2024-07-05 15:00:00+00:00,0.6145888485950006
2024-07-05 16:00:00+00:00,0.7015585240719505
2024-07-05 17:00:00+00:00,0.7462033473795974
2024-07-05 18:00:00+00:00,0.7257044927601457
2024-07-05 19:00:00+00:00,0.7092984366664509
2024-07-05 20:00:00+00:00,0.7395690814433766
2024-07-05 21:00:00+00:00,0.6858671478673735
2024-07-05 22:00:00+00:00,0.6456724493409581
2024-07-05 23:00:00+00:00,0.5553349718231366
2024-07-06 00:00:00+00:00,0.5096850135927212
2024-07-06 01:00:00+00:00,0.2931692753273879
2024-07-06 02:00:00+00:00,0.03593499059437537
2024-07-06 03:00:00+00:00,0.0001248110919388511
2024-07-06 04:00:00+00:00,0.000124942826558893
2024-07-06 05:00:00+00:00,0.00012381329459335168
2024-07-06 06:00:00+00:00,9.917796240961899e-05
2024-07-06 07:00:00+00:00,1.6974464376722217e-08
2024-07-06 08:00:00+00:00,1.6426901009731178e-08
2024-07-06 09:00:00+00:00,1.8617154477695335e-08
2024-07-06 10:00:00+00:00,1.9164717844686377e-08
2024-07-06 11:00:00+00:00,1.7522027743713256e-08
2024-07-06 12:00:00+00:00,0.004454880369073801
2024-07-06 13:00:00+00:00,0.16123361511375556
2024-07-06 14:00:00+00:00,0.5068195995265251
2024-07-06 15:00:00+00:00,0.7488419664486011
2024-07-06 16:00:00+00:00,0.8406692488084377
2024-07-06 17:00:00+00:00,0.8449172137877697
2024-07-06 18:00:00+00:00,0.8516488102532302
2024-07-06 19:00:00+00:00,0.814446904135796
2024-07-06 20:00:00+00:00,0.7986694634726248
2024-07-06 21:00:00+00:00,0.7084888126205072
2024-07-06 22:00:00+00:00,0.6050259043988094
2024-07-06 23:00:00+00:00,0.528641059875057
2024-07-07 00:00:00+00:00,0.42710122417732616
2024-07-07 01:00:00+00:00,0.2265438697567615
2024-07-07 02:00:00+00:00,0.030928953382454088
2024-07-07 03:00:00+00:00,2.6511193018482822e-08
2024-07-07 04:00:00+00:00,8.765576899914887e-08
2024-07-07 05:00:00+00:00,1.587933764274014e-08
2024-07-07 06:00:00+00:00,5.507574866318203e-08
2024-07-07 07:00:00+00:00,2.5708100080229293e-07
2024-07-07 08:00:00+00:00,5.119717481366217e-08
2024-07-07 09:00:00+00:00,6.862794199621025e-08
2024-07-07 10:00:00+00:00,1.4236647541767021e-08
2024-07-07 11:00:00+00:00,4.178364792947456e-07
2024-07-07 12:00:00+00:00,0.0038598204430243463
2024-07-07 13:00:00+00:00,0.16187468688079387
2024-07-07 14:00:00+00:00,0.5189827513584165
2024-07-07 15:00:00+00:00,0.6648846195745913
2024-07-07 16:00:00+00:00,0.7737742950404876
2024-07-07 17:00:00+00:00,0.79105818478371
2024-07-07 18:00:00+00:00,0.7998576997523716
2024-07-07 19:00:00+00:00,0.803260169581437
2024-07-07 20:00:00+00:00,0.7771202990856527
2024-07-07 21:00:00+00:00,0.7023463519017682
2024-07-07 22:00:00+00:00,0.6157541831281835
2024-07-07 23:00:00+00:00,0.5670901198167446
2024-07-08 00:00:00+00:00,0.45470608344140045
2024-07-08 01:00:00+00:00,0.2668027518814746
2024-07-08 02:00:00+00:00,0.033679793692681204
2024-07-08 03:00:00+00:00,0.0003295816303418279
2024-07-08 04:00:00+00:00,0.00034053116373098654
2024-07-08 05:00:00+00:00,0.00033994892135075276
2024-07-08 06:00:00+00:00,0.00034238293177758913
2024-07-08 07:00:00+00:00,0.0003413502728977246
2024-07-08 08:00:00+00:00,0.0003381703442742047
2024-07-08 09:00:00+00:00,0.00033718413701997325
2024-07-08 10:00:00+00:00,9.133110557895389e-05
2024-07-08 11:00:00+00:00,4.909818190686319e-08
2024-07-08 12:00:00+00:00,0.0003539499797538719
2024-07-08 13:00:00+00:00,0.060734407989435184
2024-07-08 14:00:00+00:00,0.18347482298336337
2024-07-08 15:00:00+00:00,0.20058202698705735
2024-07-08 16:00:00+00:00,0.2658938853975349
2024-07-08 17:00:00+00:00,0.3053311840991757
2024-07-08 18:00:00+00:00,0.34911539982703893
2024-07-08 19:00:00+00:00,0.4986462773855306
2024-07-08 20:00:00+00:00,0.5804345020376231
2024-07-08 21:00:00+00:00,0.5872802675184638
2024-07-08 22:00:00+00:00,0.5792459085184097
2024-07-08 23:00:00+00:00,0.595816331362263
2024-07-09 00:00:00+00:00,0.5239415183831013
2024-07-09 01:00:00+00:00,0.2731716981784733
2024-07-09 02:00:00+00:00,0.035533052389289804
2024-07-09 03:00:00+00:00,0.00033153967131190727
2024-07-09 04:00:00+00:00,9.226442733799011e-08
2024-07-09 05:00:00+00:00,1.8343372794199817e-08
2024-07-09 06:00:00+00:00,1.7248246060217735e-08
2024-07-09 07:00:00+00:00,1.8069591110704296e-08
2024-07-09 08:00:00+00:00,1.9438499528181895e-08
2024-07-09 09:00:00+00:00,1.67006826932267e-08
2024-07-09 10:00:00+00:00,4.7911794611715945e-08
2024-07-09 11:00:00+00:00,3.915078073985931e-08
2024-07-09 12:00:00+00:00,0.0037922464692490333
2024-07-09 13:00:00+00:00,0.18509317571788494
2024-07-09 14:00:00+00:00,0.5663859997327895
2024-07-09 15:00:00+00:00,0.7736521539131567
2024-07-09 16:00:00+00:00,0.8324001342437014
2024-07-09 17:00:00+00:00,0.8455103836619673
2024-07-09 18:00:00+00:00,0.8423708712381283
2024-07-09 19:00:00+00:00,0.8299185788897092
2024-07-09 20:00:00+00:00,0.8279750280890106
2024-07-09 21:00:00+00:00,0.8188423872492234
2024-07-09 22:00:00+00:00,0.7951866037666585
2024-07-09 23:00:00+00:00,0.7196267861551026
2024-07-10 00:00:00+00:00,0.6009972612718372
2024-07-10 01:00:00+00:00,0.315186998904811
2024-07-10 02:00:00+00:00,0.04116542059736771
2024-07-10 03:00:00+00:00,1.6280884111866902e-07
2024-07-10 04:00:00+00:00,3.796439344471206e-08
2024-07-10 05:00:00+00:00,5.731163241172878e-08
2024-07-10 06:00:00+00:00,1.3689084174775984e-08
2024-07-10 07:00:00+00:00,1.3141520807784943e-08
2024-07-10 08:00:00+00:00,1.2046394073802865e-08
2024-07-10 09:00:00+00:00,1.2867739124289425e-08
2024-07-10 10:00:00+00:00,1.642690100973118e-08
2024-07-10 11:00:00+00:00,1.67006826932267e-08
2024-07-10 12:00:00+00:00,0.004154272232951253
2024-07-10 13:00:00+00:00,0.18079464367228382
2024-07-10 14:00:00+00:00,0.5553300382772
2024-07-10 15:00:00+00:00,0.673579204747085
2024-07-10 16:00:00+00:00,0.7427806202156186
2024-07-10 17:00:00+00:00,0.778399142729098
2024-07-10 18:00:00+00:00,0.7499838801907786
2024-07-10 19:00:00+00:00,0.7365190566161508
2024-07-10 20:00:00+00:00,0.7390909402590455
2024-07-10 21:00:00+00:00,0.6820394929848466
2024-07-10 22:00:00+00:00,0.6514382749403214
2024-07-10 23:00:00+00:00,0.6113999063940059
2024-07-11 00:00:00+00:00,0.48160944440055103
2024-07-11 01:00:00+00:00,0.2534470310378043
2024-07-11 02:00:00+00:00,0.027188027974230495
2024-07-11 03:00:00+00:00,1.4054126419436675e-08
2024-07-11 04:00:00+00:00,1.6883203815557046e-08
2024-07-11 05:00:00+00:00,1.642690100973118e-08
2024-07-11 06:00:00+00:00,1.4236647541767021e-08
2024-07-11 07:00:00+00:00,1.4784210908758059e-08
2024-07-11 08:00:00+00:00,4.7364231244724895e-08
2024-07-11 09:00:00+00:00,1.1498830706811826e-08
2024-07-11 10:00:00+00:00,1.2867739124289425e-08
2024-07-11 11:00:00+00:00,1.587933764274014e-08
2024-07-11 12:00:00+00:00,0.0031896103651933303
2024-07-11 13:00:00+00:00,0.183122489273778
2024-07-11 14:00:00+00:00,0.5792561318458834
2024-07-11 15:00:00+00:00,0.7318162934438649
2024-07-11 16:00:00+00:00,0.7715878872013104
2024-07-11 17:00:00+00:00,0.7847898427604314
2024-07-11 18:00:00+00:00,0.7704439886331883
2024-07-11 19:00:00+00:00,0.7387899085370284
2024-07-11 20:00:00+00:00,0.75796070296618
2024-07-11 21:00:00+00:00,0.735037697984702
2024-07-11 22:00:00+00:00,0.7027803861724339
2024-07-11 23:00:00+00:00,0.6447462535715799
2024-07-12 00:00:00+00:00,0.5385349199766246
2024-07-12 01:00:00+00:00,0.2920383287318879
2024-07-12 02:00:00+00:00,0.036450070631595
2024-07-12 03:00:00+00:00,1.4008496138854089e-07
2024-07-12 04:00:00+00:00,1.8014378471199367e-06
2024-07-12 05:00:00+00:00,5.840675914571085e-08
2024-07-12 06:00:00+00:00,2.1555744547213913e-07
2024-07-12 07:00:00+00:00,9.260209141430126e-07
2024-07-12 08:00:00+00:00,5.681426235337859e-07
2024-07-12 09:00:00+00:00,1.4236647541767021e-08
2024-07-12 10:00:00+00:00,1.1225049023316306e-08
2024-07-12 11:00:00+00:00,3.331010482528822e-08
2024-07-12 12:00:00+00:00,0.0030443837837887434
2024-07-12 13:00:00+00:00,0.15797996721279262
2024-07-12 14:00:00+00:00,0.5099008492003839
2024-07-12 15:00:00+00:00,0.7299181560886554
2024-07-12 16:00:00+00:00,0.7566534741853531
2024-07-12 17:00:00+00:00,0.7380805762430132
2024-07-12 18:00:00+00:00,0.7497459363471314
2024-07-12 19:00:00+00:00,0.7453311029831384
2024-07-12 20:00:00+00:00,0.7533575600962437
2024-07-12 21:00:00+00:00,0.729150050076778
2024-07-12 22:00:00+00:00,0.6427019611043864
2024-07-12 23:00:00+00:00,0.5765870636450167
2024-07-13 00:00:00+00:00,0.48196914895188003
2024-07-13 01:00:00+00:00,0.2802142812504839
2024-07-13 02:00:00+00:00,0.037869367700944616
2024-07-13 03:00:00+00:00,4.9235072748610955e-08
2024-07-13 04:00:00+00:00,7.132012855058287e-08
2024-07-13 05:00:00+00:00,2.026897063478497e-07
2024-07-13 06:00:00+00:00,1.7955515409247831e-07
2024-07-13 07:00:00+00:00,1.3689084174775984e-08
2024-07-13 08:00:00+00:00,1.8763171375559615e-07
2024-07-13 09:00:00+00:00,4.3805069359283146e-08
2024-07-13 10:00:00+00:00,1.6426901009731178e-08
2024-07-13 11:00:00+00:00,1.4510429225262543e-08
2024-07-13 12:00:00+00:00,0.002824592258951066
2024-07-13 13:00:00+00:00,0.13874856491102064
2024-07-13 14:00:00+00:00,0.4404265981922225
2024-07-13 15:00:00+00:00,0.6042629080657518
2024-07-13 16:00:00+00:00,0.6720483645024815
2024-07-13 17:00:00+00:00,0.7076495471899276
2024-07-13 18:00:00+00:00,0.7426496940728882
2024-07-13 19:00:00+00:00,0.7334647244729592
2024-07-13 20:00:00+00:00,0.7301549123586201
2024-07-13 21:00:00+00:00,0.6825397688707248
2024-07-13 22:00:00+00:00,0.6062619892295991
2024-07-13 23:00:00+00:00,0.5340589912717237
2024-07-14 00:00:00+00:00,0.46063026988776146
2024-07-14 01:00:00+00:00,0.2561451833863208
2024-07-14 02:00:00+00:00,0.03498478417135461
2024-07-14 03:00:00+00:00,1.4118008812252297e-07
2024-07-14 04:00:00+00:00,3.296787772091882e-07
2024-07-14 05:00:00+00:00,1.4866345413806718e-07
2024-07-14 06:00:00+00:00,1.4784210908758059e-08
2024-07-14 07:00:00+00:00,1.3689084174775984e-08
2024-07-14 08:00:00+00:00,1.1225049023316306e-08
2024-07-14 09:00:00+00:00,1.2320175757298384e-08
2024-07-14 10:00:00+00:00,1.4236647541767021e-08
2024-07-14 11:00:00+00:00,1.587933764274014e-08
2024-07-14 12:00:00+00:00,0.002488789441784888
2024-07-14 13:00:00+00:00,0.1370633822044486
2024-07-14 14:00:00+00:00,0.46470181779865727
2024-07-14 15:00:00+00:00,0.5871200386134093
2024-07-14 16:00:00+00:00,0.7670366200284601
2024-07-14 17:00:00+00:00,0.811071912314134
2024-07-14 18:00:00+00:00,0.8359343195737212
2024-07-14 19:00:00+00:00,0.8276203233844159
2024-07-14 20:00:00+00:00,0.79000217990087
2024-07-14 21:00:00+00:00,0.7537462892933364
2024-07-14 22:00:00+00:00,0.7168519505686374
2024-07-14 23:00:00+00:00,0.6460176789634201
2024-07-15 00:00:00+00:00,0.526693346908315
2024-07-15 01:00:00+00:00,0.2739817709982264
2024-07-15 02:00:00+00:00,0.03197280614586028
2024-07-15 03:00:00+00:00,4.549338974083885e-08
2024-07-15 04:00:00+00:00,1.2753663422832957e-07
2024-07-15 05:00:00+00:00,1.9877462827386377e-06
2024-07-15 06:00:00+00:00,1.6581131358100322e-06
2024-07-15 07:00:00+00:00,2.0634012879445663e-07
2024-07-15 08:00:00+00:00,9.06673675175996e-08
2024-07-15 09:00:00+00:00,1.2593957440793902e-08
2024-07-15 10:00:00+00:00,1.5057992592253582e-08
2024-07-15 11:00:00+00:00,1.2593957440793902e-08
2024-07-15 12:00:00+00:00,0.0024433099236493465
2024-07-15 13:00:00+00:00,0.13640274745847675
2024-07-15 14:00:00+00:00,0.515357684472342
2024-07-15 15:00:00+00:00,0.7455621293675098
2024-07-15 16:00:00+00:00,0.8129588090147641
2024-07-15 17:00:00+00:00,0.8664054194965245
2024-07-15 18:00:00+00:00,0.8831319479107576
2024-07-15 19:00:00+00:00,0.8830345433235725
2024-07-15 20:00:00+00:00,0.8714100840583451
2024-07-15 21:00:00+00:00,0.8481625434254734
2024-07-15 22:00:00+00:00,0.8270300655434645
2024-07-15 23:00:00+00:00,0.784952430750992
2024-07-16 00:00:00+00:00,0.6619684386727577
2024-07-16 01:00:00+00:00,0.3197461813342828
2024-07-16 02:00:00+00:00,0.030888753333412233
2024-07-16 03:00:00+00:00,2.7620008836639675e-07
2024-07-16 04:00:00+00:00,1.3880731353222847e-07
2024-07-16 05:00:00+00:00,1.9032390030996875e-07
2024-07-16 06:00:00+00:00,3.574676180839835e-07
2024-07-16 07:00:00+00:00,5.980760875959627e-07
2024-07-16 08:00:00+00:00,2.9358522526836223e-07
2024-07-16 09:00:00+00:00,1.1471452538462272e-07
2024-07-16 10:00:00+00:00,8.318400150205538e-08
2024-07-16 11:00:00+00:00,9.039358583410407e-08
2024-07-16 12:00:00+00:00,0.002890577797029019
2024-07-16 13:00:00+00:00,0.15957406302704738
2024-07-16 14:00:00+00:00,0.5770496914465552
2024-07-16 15:00:00+00:00,0.7889408910771686
2024-07-16 16:00:00+00:00,0.8717611305833457
2024-07-16 17:00:00+00:00,0.8975289251092388
2024-07-16 18:00:00+00:00,0.9058172934621274
2024-07-16 19:00:00+00:00,0.9095584240697226
2024-07-16 20:00:00+00:00,0.8952685973106443
2024-07-16 21:00:00+00:00,0.8691533308446713
2024-07-16 22:00:00+00:00,0.8392576345094298
2024-07-16 23:00:00+00:00,0.7861655136311216
2024-07-17 00:00:00+00:00,0.6253949874128898
2024-07-17 01:00:00+00:00,0.307173682217387
2024-07-17 02:00:00+00:00,0.028557705490087317
2024-07-17 03:00:00+00:00,8.163257196224745e-08
2024-07-17 04:00:00+00:00,1.7795809427208778e-08
2024-07-17 05:00:00+00:00,1.7522027743713256e-08
2024-07-17 06:00:00+00:00,5.690095988648551e-08
2024-07-17 07:00:00+00:00,1.642690100973118e-08
2024-07-17 08:00:00+00:00,1.724824606021774e-08
2024-07-17 09:00:00+00:00,2.9796573220429057e-08
2024-07-17 10:00:00+00:00,1.67006826932267e-08
2024-07-17 11:00:00+00:00,1.642690100973118e-08
2024-07-17 12:00:00+00:00,0.0023186978709943966
2024-07-17 13:00:00+00:00,0.12681690667194342
2024-07-17 14:00:00+00:00,0.4477233074305861
2024-07-17 15:00:00+00:00,0.5965475915613938
2024-07-17 16:00:00+00:00,0.7137532525143079
2024-07-17 17:00:00+00:00,0.7436101590955895
2024-07-17 18:00:00+00:00,0.7131221159195215
2024-07-17 19:00:00+00:00,0.7133531570881037
2024-07-17 20:00:00+00:00,0.6685600379238592
2024-07-17 21:00:00+00:00,0.5778740727359116
2024-07-17 22:00:00+00:00,0.5172886073666711
2024-07-17 23:00:00+00:00,0.40543216139131344
2024-07-18 00:00:00+00:00,0.31296772905016385
2024-07-18 01:00:00+00:00,0.16410452124052263
2024-07-18 02:00:00+00:00,0.019328543921650072
2024-07-18 03:00:00+00:00,7.451424819136392e-08
2024-07-18 04:00:00+00:00,1.7156985499052567e-08
2024-07-18 05:00:00+00:00,1.587933764274014e-08
2024-07-18 06:00:00+00:00,4.2071118697144854e-08
2024-07-18 07:00:00+00:00,5.233793182822684e-08
2024-07-18 08:00:00+00:00,2.1742828697602514e-07
2024-07-18 09:00:00+00:00,3.80145867533529e-07
2024-07-18 10:00:00+00:00,3.6417526932962373e-07
2024-07-18 11:00:00+00:00,1.53317742757491e-08
2024-07-18 12:00:00+00:00,0.0011774966912785406
2024-07-18 13:00:00+00:00,0.0806415672772064
2024-07-18 14:00:00+00:00,0.32298210734687305
2024-07-18 15:00:00+00:00,0.4913271295023208
2024-07-18 16:00:00+00:00,0.5541102466050678
2024-07-18 17:00:00+00:00,0.6504508046399233
2024-07-18 18:00:00+00:00,0.6937269980573253
2024-07-18 19:00:00+00:00,0.7288040139391068
2024-07-18 20:00:00+00:00,0.7619443363843857
2024-07-18 21:00:00+00:00,0.6862282793688369
2024-07-18 22:00:00+00:00,0.6544783652797496
2024-07-18 23:00:00+00:00,0.6407335609198577
2024-07-19 00:00:00+00:00,0.493925569694733
2024-07-19 01:00:00+00:00,0.20596160499213725
2024-07-19 02:00:00+00:00,0.019704106318759643
2024-07-19 03:00:00+00:00,9.130619144575579e-08
2024-07-19 04:00:00+00:00,1.67006826932267e-08
2024-07-19 05:00:00+00:00,4.8596248820454734e-08
2024-07-19 06:00:00+00:00,9.509350473411049e-08
2024-07-19 07:00:00+00:00,2.432550257857692e-07
2024-07-19 08:00:00+00:00,6.009507952726655e-08
2024-07-19 09:00:00+00:00,1.615311932623566e-08
2024-07-19 10:00:00+00:00,1.4784210908758062e-08
2024-07-19 11:00:00+00:00,8.770596230778971e-07
2024-07-19 12:00:00+00:00,0.00216218641926865
2024-07-19 13:00:00+00:00,0.11635043199682388
2024-07-19 14:00:00+00:00,0.4231822506462869
2024-07-19 15:00:00+00:00,0.6119928991770844
2024-07-19 16:00:00+00:00,0.697706153365425
2024-07-19 17:00:00+00:00,0.7796887835007953
2024-07-19 18:00:00+00:00,0.8203298933745935
2024-07-19 19:00:00+00:00,0.8196273659699519
2024-07-19 20:00:00+00:00,0.7988061573284513
2024-07-19 21:00:00+00:00,0.8053658707326753
2024-07-19 22:00:00+00:00,0.7808004675927593
2024-07-19 23:00:00+00:00,0.717463431281239
2024-07-20 00:00:00+00:00,0.5629891058783809
2024-07-20 01:00:00+00:00,0.28242191825829027
2024-07-20 02:00:00+00:00,0.028577900585297838
2024-07-20 03:00:00+00:00,2.2714753674011614e-07
2024-07-20 04:00:00+00:00,4.8596248820454734e-08
2024-07-20 05:00:00+00:00,1.53317742757491e-08
2024-07-20 06:00:00+00:00,1.4510429225262543e-08
2024-07-20 07:00:00+00:00,1.6974464376722217e-08
2024-07-20 08:00:00+00:00,4.217606834248481e-07
2024-07-20 09:00:00+00:00,2.3276006125177428e-07
2024-07-20 10:00:00+00:00,1.587933764274014e-08
2024-07-20 11:00:00+00:00,1.9986062895172934e-08
2024-07-20 12:00:00+00:00,0.0022152979668738737
2024-07-20 13:00:00+00:00,0.1209597072570586
2024-07-20 14:00:00+00:00,0.48290964830842165
2024-07-20 15:00:00+00:00,0.7022955930970601
2024-07-20 16:00:00+00:00,0.7674666905791726
2024-07-20 17:00:00+00:00,0.7704669472350817
2024-07-20 18:00:00+00:00,0.7909011200192019
2024-07-20 19:00:00+00:00,0.7751400243506869
2024-07-20 20:00:00+00:00,0.7596624983802641
2024-07-20 21:00:00+00:00,0.7154862188856637
2024-07-20 22:00:00+00:00,0.6577141311756852
2024-07-20 23:00:00+00:00,0.5644846743723969
2024-07-21 00:00:00+00:00,0.4639947878717094
2024-07-21 01:00:00+00:00,0.1886654265580513
2024-07-21 02:00:00+00:00,0.014730747460428984
2024-07-21 03:00:00+00:00,3.0038413707516763e-07
2024-07-21 04:00:00+00:00,1.7248246060217735e-08
2024-07-21 05:00:00+00:00,3.285380201946236e-08
2024-07-21 06:00:00+00:00,1.3415302491280463e-08
2024-07-21 07:00:00+00:00,1.2320175757298384e-08
2024-07-21 08:00:00+00:00,1.3689084174775984e-08
2024-07-21 09:00:00+00:00,1.4236647541767021e-08
2024-07-21 10:00:00+00:00,1.5057992592253582e-08
2024-07-21 11:00:00+00:00,1.3689084174775984e-08
2024-07-21 12:00:00+00:00,0.0008671411971390632
2024-07-21 13:00:00+00:00,0.07923122912025551
2024-07-21 14:00:00+00:00,0.3605190215845068
2024-07-21 15:00:00+00:00,0.5064392413869263
2024-07-21 16:00:00+00:00,0.5844408357903342
2024-07-21 17:00:00+00:00,0.6041108224318306
2024-07-21 18:00:00+00:00,0.65034111711129
2024-07-21 19:00:00+00:00,0.6905299486787492
2024-07-21 20:00:00+00:00,0.6872855915135854
2024-07-21 21:00:00+00:00,0.604780399480779
2024-07-21 22:00:00+00:00,0.5007632338842984
2024-07-21 23:00:00+00:00,0.45999738738717927
2024-07-22 00:00:00+00:00,0.3027779665720497
2024-07-22 01:00:00+00:00,0.10060028353455365
2024-07-22 02:00:00+00:00,0.004993729082558055
2024-07-22 03:00:00+00:00,7.716080446515396e-08
2024-07-22 04:00:00+00:00,1.5331774275749102e-07
2024-07-22 05:00:00+00:00,3.726168712374022e-07
2024-07-22 06:00:00+00:00,1.4236647541767021e-08
2024-07-22 07:00:00+00:00,1.2867739124289425e-08
2024-07-22 08:00:00+00:00,5.0056417799097505e-08
2024-07-22 09:00:00+00:00,1.2593957440793902e-08
2024-07-22 10:00:00+00:00,1.5057992592253582e-08
2024-07-22 11:00:00+00:00,1.3752966567591603e-07
2024-07-22 12:00:00+00:00,0.0005507148223194756
2024-07-22 13:00:00+00:00,0.07741902941709046
2024-07-22 14:00:00+00:00,0.2696937440470816
2024-07-22 15:00:00+00:00,0.35058214339902916
2024-07-22 16:00:00+00:00,0.3935827785179611
2024-07-22 17:00:00+00:00,0.4169629743161553
2024-07-22 18:00:00+00:00,0.47627720794846634
2024-07-22 19:00:00+00:00,0.4848389938552116
2024-07-22 20:00:00+00:00,0.44309159306920226
2024-07-22 21:00:00+00:00,0.42257920692693474
2024-07-22 22:00:00+00:00,0.41685313433675447
2024-07-22 23:00:00+00:00,0.37646431323480095
2024-07-23 00:00:00+00:00,0.27002695369540225
2024-07-23 01:00:00+00:00,0.1488365340815633
2024-07-23 02:00:00+00:00,0.012944117278182026
2024-07-23 03:00:00+00:00,8.213404874585007e-06
2024-07-23 04:00:00+00:00,1.2646888566269706e-06
2024-07-23 05:00:00+00:00,3.4329941596309033e-06
2024-07-23 06:00:00+00:00,2.500539375925746e-08
2024-07-23 07:00:00+00:00,1.4784210908758062e-08
2024-07-23 08:00:00+00:00,1.4236647541767021e-08
2024-07-23 09:00:00+00:00,2.5475385649258104e-07
2024-07-23 10:00:00+00:00,1.67006826932267e-08
2024-07-23 11:00:00+00:00,1.8069591110704296e-08
2024-07-23 12:00:00+00:00,0.0005779070929059341
2024-07-23 13:00:00+00:00,0.058216175791625496
2024-07-23 14:00:00+00:00,0.24740137664764159
2024-07-23 15:00:00+00:00,0.3971258793659828
2024-07-23 16:00:00+00:00,0.49733727664401783
2024-07-23 17:00:00+00:00,0.5594555735633066
2024-07-23 18:00:00+00:00,0.5935531173115309
2024-07-23 19:00:00+00:00,0.5884385023906606
2024-07-23 20:00:00+00:00,0.5746804894334485
2024-07-23 21:00:00+00:00,0.5423553591147315
2024-07-23 22:00:00+00:00,0.5497238682384157
2024-07-23 23:00:00+00:00,0.5432014752474866
2024-07-24 00:00:00+00:00,0.42898891333903916
2024-07-24 01:00:00+00:00,0.20457437186465022
2024-07-24 02:00:00+00:00,0.018425203812252315
2024-07-24 03:00:00+00:00,3.915534376791757e-07
2024-07-24 04:00:00+00:00,2.2851644515759374e-07
2024-07-24 05:00:00+00:00,3.193663337975237e-07
2024-07-24 06:00:00+00:00,1.8288616457500713e-07
2024-07-24 07:00:00+00:00,2.619178105440471e-08
2024-07-24 08:00:00+00:00,4.745549180589008e-08
2024-07-24 09:00:00+00:00,1.4204706345359212e-07
2024-07-24 10:00:00+00:00,5.215541070589649e-08
2024-07-24 11:00:00+00:00,1.5664875324001983e-07
2024-07-24 12:00:00+00:00,0.00034631781339334786
2024-07-24 13:00:00+00:00,0.06133545191611051
2024-07-24 14:00:00+00:00,0.2648083713666118
2024-07-24 15:00:00+00:00,0.4649299990437737
2024-07-24 16:00:00+00:00,0.5917857285060001
2024-07-24 17:00:00+00:00,0.6875769202758486
2024-07-24 18:00:00+00:00,0.7011144543793065
2024-07-24 19:00:00+00:00,0.7410680111551208
2024-07-24 20:00:00+00:00,0.7597293095982693
2024-07-24 21:00:00+00:00,0.7455599954218081
2024-07-24 22:00:00+00:00,0.7113787967675859
2024-07-24 23:00:00+00:00,0.6136916028202473
2024-07-25 00:00:00+00:00,0.4743793557825106
2024-07-25 01:00:00+00:00,0.22009531112284306
2024-07-25 02:00:00+00:00,0.017430638277005438
2024-07-25 03:00:00+00:00,6.730922688737351e-07
2024-07-25 04:00:00+00:00,1.3839664100698518e-07
2024-07-25 05:00:00+00:00,1.733950662138291e-07
2024-07-25 06:00:00+00:00,2.6830604982560925e-08
2024-07-25 07:00:00+00:00,2.7195647227221615e-08
2024-07-25 08:00:00+00:00,2.5187914881587805e-08
2024-07-25 09:00:00+00:00,2.1902534679641573e-08
2024-07-25 10:00:00+00:00,6.187466046998744e-08
2024-07-25 11:00:00+00:00,9.33595540719722e-08
2024-07-25 12:00:00+00:00,0.0004987496442533279
2024-07-25 13:00:00+00:00,0.0694567651652301
2024-07-25 14:00:00+00:00,0.32679435306616833
2024-07-25 15:00:00+00:00,0.49607162485157974
2024-07-25 16:00:00+00:00,0.5546154313052705
2024-07-25 17:00:00+00:00,0.5843730250866632
2024-07-25 18:00:00+00:00,0.6107639939059023
2024-07-25 19:00:00+00:00,0.6392512554600868
2024-07-25 20:00:00+00:00,0.6691512821545857
2024-07-25 21:00:00+00:00,0.6506513577996436
2024-07-25 22:00:00+00:00,0.6147093138590168
2024-07-25 23:00:00+00:00,0.5950782821987265
2024-07-26 00:00:00+00:00,0.49060104555658895
2024-07-26 01:00:00+00:00,0.245679942188946
2024-07-26 02:00:00+00:00,0.01964369835239842
2024-07-26 03:00:00+00:00,1.932442382672543e-07
2024-07-26 04:00:00+00:00,6.488625898843816e-08
2024-07-26 05:00:00+00:00,1.4327908102932195e-08
2024-07-26 06:00:00+00:00,1.6153119326235657e-08
2024-07-26 07:00:00+00:00,1.53317742757491e-08
2024-07-26 08:00:00+00:00,8.564803665351505e-08
2024-07-26 09:00:00+00:00,1.4510429225262541e-08
2024-07-26 10:00:00+00:00,1.587933764274014e-08
2024-07-26 11:00:00+00:00,1.7248246060217735e-08
2024-07-26 12:00:00+00:00,0.00014950752306828387
2024-07-26 13:00:00+00:00,0.05047351867263898
2024-07-26 14:00:00+00:00,0.27027980098188126
2024-07-26 15:00:00+00:00,0.44628754166288964
2024-07-26 16:00:00+00:00,0.5423076978303603
2024-07-26 17:00:00+00:00,0.6397614952652936
2024-07-26 18:00:00+00:00,0.6613966402424042
2024-07-26 19:00:00+00:00,0.6480747658418772
2024-07-26 20:00:00+00:00,0.644509913267253
2024-07-26 21:00:00+00:00,0.6378802055679111
2024-07-26 22:00:00+00:00,0.5899023444243692
2024-07-26 23:00:00+00:00,0.5305335936036595
2024-07-27 00:00:00+00:00,0.4415773570448789
2024-07-27 01:00:00+00:00,0.22148269761370315
2024-07-27 02:00:00+00:00,0.017522427647492282
2024-07-27 03:00:00+00:00,3.055859890615825e-07
2024-07-27 04:00:00+00:00,4.9052551626280605e-08
2024-07-27 05:00:00+00:00,1.642690100973118e-08
2024-07-27 06:00:00+00:00,3.1119851357324065e-07
2024-07-27 07:00:00+00:00,1.3415302491280463e-08
2024-07-27 08:00:00+00:00,1.4236647541767021e-08
2024-07-27 09:00:00+00:00,1.5605555959244618e-08
2024-07-27 10:00:00+00:00,1.67006826932267e-08
2024-07-27 11:00:00+00:00,1.4510429225262541e-08
2024-07-27 12:00:00+00:00,0.00022386188275648643
2024-07-27 13:00:00+00:00,0.052157442713551404
2024-07-27 14:00:00+00:00,0.24570685903515888
2024-07-27 15:00:00+00:00,0.42213005110069596
2024-07-27 16:00:00+00:00,0.5731989798570315
2024-07-27 17:00:00+00:00,0.6367083759293295
2024-07-27 18:00:00+00:00,0.6959345834116539
2024-07-27 19:00:00+00:00,0.6947424268976116
2024-07-27 20:00:00+00:00,0.7198574307965465
2024-07-27 21:00:00+00:00,0.7336999328725459
2024-07-27 22:00:00+00:00,0.7139859436738359
2024-07-27 23:00:00+00:00,0.6412322500127288
2024-07-28 00:00:00+00:00,0.5042011681606263
2024-07-28 01:00:00+00:00,0.2263447549547459
2024-07-28 02:00:00+00:00,0.016129660205794503
2024-07-28 03:00:00+00:00,5.0102048079680095e-08
2024-07-28 04:00:00+00:00,0.0001567583571739792
2024-07-28 05:00:00+00:00,0.00021539901713795638
2024-07-28 06:00:00+00:00,0.00021723586408280843
2024-07-28 07:00:00+00:00,0.0002148337492220993
2024-07-28 08:00:00+00:00,0.0002156686008356383
2024-07-28 09:00:00+00:00,0.0002061617600276593
2024-07-28 10:00:00+00:00,5.254783111890674e-07
2024-07-28 11:00:00+00:00,6.457141005241831e-07
2024-07-28 12:00:00+00:00,0.00027718086561723883
2024-07-28 13:00:00+00:00,0.055847327139411755
2024-07-28 14:00:00+00:00,0.23813929725790126
2024-07-28 15:00:00+00:00,0.3594015562272535
2024-07-28 16:00:00+00:00,0.4962779069842876
2024-07-28 17:00:00+00:00,0.5689025350317248
2024-07-28 18:00:00+00:00,0.6229656863504216
2024-07-28 19:00:00+00:00,0.6421858056070837
2024-07-28 20:00:00+00:00,0.6602586427190578
2024-07-28 21:00:00+00:00,0.6498116289023039
2024-07-28 22:00:00+00:00,0.6566525654674413
2024-07-28 23:00:00+00:00,0.6078039258458345
2024-07-29 00:00:00+00:00,0.5213153813860903
2024-07-29 01:00:00+00:00,0.2706151141861368
2024-07-29 02:00:00+00:00,0.020631417976649493
2024-07-29 03:00:00+00:00,0.00020233707553950748
2024-07-29 04:00:00+00:00,0.0002116670533799484
2024-07-29 05:00:00+00:00,0.00020457583399573095
2024-07-29 06:00:00+00:00,8.210256385224807e-07
2024-07-29 07:00:00+00:00,1.4510429225262541e-08
2024-07-29 08:00:00+00:00,5.525826978551237e-07
2024-07-29 09:00:00+00:00,9.554980753993635e-08
2024-07-29 10:00:00+00:00,1.310090985806644e-06
2024-07-29 11:00:00+00:00,2.3544768477808865e-06
2024-07-29 12:00:00+00:00,0.0005098102873757052
2024-07-29 13:00:00+00:00,0.08834795703851334
2024-07-29 14:00:00+00:00,0.3675709356838543
2024-07-29 15:00:00+00:00,0.484464357296495
2024-07-29 16:00:00+00:00,0.569002932463383
2024-07-29 17:00:00+00:00,0.6490417399784733
2024-07-29 18:00:00+00:00,0.7210737440267596
2024-07-29 19:00:00+00:00,0.7940053991587798
2024-07-29 20:00:00+00:00,0.8270399194938169
2024-07-29 21:00:00+00:00,0.8272402836072846
2024-07-29 22:00:00+00:00,0.8245697397687741
2024-07-29 23:00:00+00:00,0.7854713967997969
2024-07-30 00:00:00+00:00,0.6634451978175541
2024-07-30 01:00:00+00:00,0.2903686783903051
2024-07-30 02:00:00+00:00,0.01568367819372165
2024-07-30 03:00:00+00:00,3.8849620888014243e-07
2024-07-30 04:00:00+00:00,1.182736872700645e-07
2024-07-30 05:00:00+00:00,3.9985814874520645e-07
2024-07-30 06:00:00+00:00,1.9155591788569856e-07
2024-07-30 07:00:00+00:00,2.3526972668381655e-07
2024-07-30 08:00:00+00:00,4.6907928438899025e-08
2024-07-30 09:00:00+00:00,3.299069286121012e-07
2024-07-30 10:00:00+00:00,1.3689084174775984e-08
2024-07-30 11:00:00+00:00,1.1357376837005807e-07
2024-07-30 12:00:00+00:00,0.0008066781550291786
2024-07-30 13:00:00+00:00,0.11228265990038575
2024-07-30 14:00:00+00:00,0.45350920834567326
2024-07-30 15:00:00+00:00,0.5547318005671501
2024-07-30 16:00:00+00:00,0.6312675435161836
2024-07-30 17:00:00+00:00,0.7399109422278535
2024-07-30 18:00:00+00:00,0.8132701873116428
2024-07-30 19:00:00+00:00,0.8804717555751788
2024-07-30 20:00:00+00:00,0.8791418633747438
2024-07-30 21:00:00+00:00,0.8630320485080589
2024-07-30 22:00:00+00:00,0.8557053604947648
2024-07-30 23:00:00+00:00,0.8051898450351556
2024-07-31 00:00:00+00:00,0.6405389308899692
2024-07-31 01:00:00+00:00,0.2683089187382403
2024-07-31 02:00:00+00:00,0.014338429167986683
2024-07-31 03:00:00+00:00,1.292705848904679e-07
2024-07-31 04:00:00+00:00,5.334179800104374e-08
2024-07-31 05:00:00+00:00,3.919321690080111e-06
2024-07-31 06:00:00+00:00,3.1955341794791226e-06
2024-07-31 07:00:00+00:00,8.089016729716877e-06
2024-07-31 08:00:00+00:00,6.366199856040736e-06
2024-07-31 09:00:00+00:00,8.458348220752332e-06
2024-07-31 10:00:00+00:00,3.966640291044253e-06
2024-07-31 11:00:00+00:00,1.0005351623343765e-06
2024-07-31 12:00:00+00:00,0.00043269461125804745
2024-07-31 13:00:00+00:00,0.09939551960213766
2024-07-31 14:00:00+00:00,0.4231107374103889
2024-07-31 15:00:00+00:00,0.5630228827809766
2024-07-31 16:00:00+00:00,0.6749699958500701
2024-07-31 17:00:00+00:00,0.7855580426794262
2024-07-31 18:00:00+00:00,0.887324121339215
2024-07-31 19:00:00+00:00,0.9326555216218836
2024-07-31 20:00:00+00:00,0.9383934190711254
2024-07-31 21:00:00+00:00,0.9170502471102097
2024-07-31 22:00:00+00:00,0.8771680627552475
2024-07-31 23:00:00+00:00,0.7696677820601202
2024-08-01 00:00:00+00:00,0.5439313435405386
2024-08-01 01:00:00+00:00,0.18950927714737537
2024-08-01 02:00:00+00:00,0.0064539707046075145
2024-08-01 03:00:00+00:00,5.7129111289398435e-08
2024-08-01 04:00:00+00:00,0.00013563774298240084
2024-08-01 05:00:00+00:00,0.000158400317190463
2024-08-01 06:00:00+00:00,0.0003017903254318812
2024-08-01 07:00:00+00:00,0.00016473361761420367
2024-08-01 08:00:00+00:00,0.00015848039833288543
2024-08-01 09:00:00+00:00,0.00015995192925139325
2024-08-01 10:00:00+00:00,0.00015836947112078916
2024-08-01 11:00:00+00:00,0.00015819516344896367
2024-08-01 12:00:00+00:00,0.0006704814411096412
2024-08-01 13:00:00+00:00,0.10638458953444367
2024-08-01 14:00:00+00:00,0.4943463861507617
2024-08-01 15:00:00+00:00,0.7670458680086863
2024-08-01 16:00:00+00:00,0.8785660955206519
2024-08-01 17:00:00+00:00,0.9112191807045776
2024-08-01 18:00:00+00:00,0.9116836458549942
2024-08-01 19:00:00+00:00,0.9038491815240811
2024-08-01 20:00:00+00:00,0.9193879404107076
2024-08-01 21:00:00+00:00,0.9126301996196847
2024-08-01 22:00:00+00:00,0.8943553884666834
2024-08-01 23:00:00+00:00,0.8397778327583315
2024-08-02 00:00:00+00:00,0.6777052786530235
2024-08-02 01:00:00+00:00,0.27583857183662586
2024-08-02 02:00:00+00:00,0.01596337579746442
2024-08-02 03:00:00+00:00,2.290640085245848e-08
2024-08-02 04:00:00+00:00,1.716748046358656e-06
2024-08-02 05:00:00+00:00,4.925560637487311e-06
2024-08-02 06:00:00+00:00,5.24748226699746e-08
2024-08-02 07:00:00+00:00,3.500800756576627e-06
2024-08-02 08:00:00+00:00,2.4852988622111624e-06
2024-08-02 09:00:00+00:00,1.9712281211677413e-08
2024-08-02 10:00:00+00:00,1.925597840585155e-08
2024-08-02 11:00:00+00:00,1.2146780691084555e-07
2024-08-02 12:00:00+00:00,0.00031821914291339684
2024-08-02 13:00:00+00:00,0.09749478200538922
2024-08-02 14:00:00+00:00,0.47194642296038053
2024-08-02 15:00:00+00:00,0.7192727026155175
2024-08-02 16:00:00+00:00,0.8186433457294385
2024-08-02 17:00:00+00:00,0.8705109667120033
2024-08-02 18:00:00+00:00,0.9000281686764564
2024-08-02 19:00:00+00:00,0.8821577902903498
2024-08-02 20:00:00+00:00,0.873015441152066
2024-08-02 21:00:00+00:00,0.8796757154812435
2024-08-02 22:00:00+00:00,0.850783889699326
2024-08-02 23:00:00+00:00,0.7701230413470594
2024-08-03 00:00:00+00:00,0.6415905464592292
2024-08-03 01:00:00+00:00,0.2732033700649651
2024-08-03 02:00:00+00:00,0.01599278154733166
2024-08-03 03:00:00+00:00,7.702272723611105e-05
2024-08-03 04:00:00+00:00,7.70626537316208e-05
2024-08-03 05:00:00+00:00,7.677837708359128e-05
2024-08-03 06:00:00+00:00,7.727497142717159e-05
2024-08-03 07:00:00+00:00,7.654082584287834e-05
2024-08-03 08:00:00+00:00,7.588228963351046e-05
2024-08-03 09:00:00+00:00,7.625294440268281e-05
2024-08-03 10:00:00+00:00,4.659403773877142e-05
2024-08-03 11:00:00+00:00,1.2593957440793902e-08
2024-08-03 12:00:00+00:00,0.0006280755786741425
2024-08-03 13:00:00+00:00,0.10420564329563817
2024-08-03 14:00:00+00:00,0.501817273334063
2024-08-03 15:00:00+00:00,0.7396611900889367
2024-08-03 16:00:00+00:00,0.8185106392756806
2024-08-03 17:00:00+00:00,0.8481544551388281
2024-08-03 18:00:00+00:00,0.8892116045258414
2024-08-03 19:00:00+00:00,0.8799196472953508
2024-08-03 20:00:00+00:00,0.8624269157888316
2024-08-03 21:00:00+00:00,0.8302232953937743
2024-08-03 22:00:00+00:00,0.7816904892271213
2024-08-03 23:00:00+00:00,0.6912952194075123
2024-08-04 00:00:00+00:00,0.49591384433049046
2024-08-04 01:00:00+00:00,0.1648354026626944
2024-08-04 02:00:00+00:00,0.005064260400448207
2024-08-04 03:00:00+00:00,8.729072675448817e-08
2024-08-04 04:00:00+00:00,3.663198925170053e-07
2024-08-04 05:00:00+00:00,6.292415692338693e-08
2024-08-04 06:00:00+00:00,1.560555595924462e-08
2024-08-04 07:00:00+00:00,4.280120318646624e-08
2024-08-04 08:00:00+00:00,5.7996086620467575e-08
2024-08-04 09:00:00+00:00,1.3780344735941157e-08
2024-08-04 10:00:00+00:00,1.587933764274014e-08
2024-08-04 11:00:00+00:00,1.6426901009731178e-08
2024-08-04 12:00:00+00:00,0.0007060307150636782
2024-08-04 13:00:00+00:00,0.08219434669760481
2024-08-04 14:00:00+00:00,0.3965374020185799
2024-08-04 15:00:00+00:00,0.6003966161538141
2024-08-04 16:00:00+00:00,0.7385459094638874
2024-08-04 17:00:00+00:00,0.8088874685391239
2024-08-04 18:00:00+00:00,0.8341606178645019
2024-08-04 19:00:00+00:00,0.8067895134474264
2024-08-04 20:00:00+00:00,0.7723937035828605
2024-08-04 21:00:00+00:00,0.7717590182298928
2024-08-04 22:00:00+00:00,0.7251704843243045
2024-08-04 23:00:00+00:00,0.6346627124090952
2024-08-05 00:00:00+00:00,0.4744619730102975
2024-08-05 01:00:00+00:00,0.22811340023568294
2024-08-05 02:00:00+00:00,0.012287781224052984
2024-08-05 03:00:00+00:00,1.9300239778016656e-06
2024-08-05 04:00:00+00:00,4.6542886194238345e-08
2024-08-05 05:00:00+00:00,1.042651911312104e-07
2024-08-05 06:00:00+00:00,8.838585348847026e-08
2024-08-05 07:00:00+00:00,2.1459920957990485e-07
2024-08-05 08:00:00+00:00,1.2867739124289425e-08
2024-08-05 09:00:00+00:00,2.779796693091176e-07
2024-08-05 10:00:00+00:00,1.724824606021774e-08
2024-08-05 11:00:00+00:00,1.0129922289334227e-07
2024-08-05 12:00:00+00:00,0.00042888197316396943
2024-08-05 13:00:00+00:00,0.11718040021210466
2024-08-05 14:00:00+00:00,0.5658332582871881
2024-08-05 15:00:00+00:00,0.8427862273922615
2024-08-05 16:00:00+00:00,0.9162158157059244
2024-08-05 17:00:00+00:00,0.8865244901421978
2024-08-05 18:00:00+00:00,0.8850375106815263
2024-08-05 19:00:00+00:00,0.8696180675408874
2024-08-05 20:00:00+00:00,0.8587866661569777
2024-08-05 21:00:00+00:00,0.8358091722322447
2024-08-05 22:00:00+00:00,0.7857376885465165
2024-08-05 23:00:00+00:00,0.730854353467974
2024-08-06 00:00:00+00:00,0.5774778578000287
2024-08-06 01:00:00+00:00,0.2299063477477554
2024-08-06 02:00:00+00:00,0.013734840440563258
2024-08-06 03:00:00+00:00,1.0180115597975072e-07
2024-08-06 04:00:00+00:00,7.551355133612258e-07
2024-08-06 05:00:00+00:00,7.148896058873844e-07
2024-08-06 06:00:00+00:00,2.473161207576194e-08
2024-08-06 07:00:00+00:00,2.6556823299065404e-08
2024-08-06 08:00:00+00:00,2.4001527586440555e-08
2024-08-06 09:00:00+00:00,1.3314915873998772e-07
2024-08-06 10:00:00+00:00,1.0056913840402088e-07
2024-08-06 11:00:00+00:00,3.194119640781063e-08
2024-08-06 12:00:00+00:00,0.0004223805251562819
2024-08-06 13:00:00+00:00,0.12128978726132497
2024-08-06 14:00:00+00:00,0.5775390825027821
2024-08-06 15:00:00+00:00,0.8372984326137519
2024-08-06 16:00:00+00:00,0.8791513486780592
2024-08-06 17:00:00+00:00,0.8815919332419401
2024-08-06 18:00:00+00:00,0.8532302803057387
2024-08-06 19:00:00+00:00,0.8474514207817692
2024-08-06 20:00:00+00:00,0.8683646908871197
2024-08-06 21:00:00+00:00,0.8752041297751879
2024-08-06 22:00:00+00:00,0.8636882527363074
2024-08-06 23:00:00+00:00,0.8013148802214178
2024-08-07 00:00:00+00:00,0.6189660265738091
2024-08-07 01:00:00+00:00,0.23781238545527628
2024-08-07 02:00:00+00:00,0.012512015130487062
2024-08-07 03:00:00+00:00,3.552317343354367e-07
2024-08-07 04:00:00+00:00,2.619178105440471e-08
2024-08-07 05:00:00+00:00,9.71012370797443e-08
2024-08-07 06:00:00+00:00,2.391026702527538e-08
2024-08-07 07:00:00+00:00,6.908424480203613e-08
2024-08-07 08:00:00+00:00,1.8890936161190856e-08
2024-08-07 09:00:00+00:00,1.587933764274014e-08
2024-08-07 10:00:00+00:00,1.6426901009731178e-08
2024-08-07 11:00:00+00:00,1.587933764274014e-08
2024-08-07 12:00:00+00:00,0.00033830089250695147
2024-08-07 13:00:00+00:00,0.11531515777179747
2024-08-07 14:00:00+00:00,0.5665800831575469
2024-08-07 15:00:00+00:00,0.8362804139356307
2024-08-07 16:00:00+00:00,0.902753203237803
2024-08-07 17:00:00+00:00,0.9311139547934418
2024-08-07 18:00:00+00:00,0.9260318204188958
2024-08-07 19:00:00+00:00,0.9216329332409066
2024-08-07 20:00:00+00:00,0.9039433443079823
2024-08-07 21:00:00+00:00,0.8905130803321529
2024-08-07 22:00:00+00:00,0.8664053298786535
2024-08-07 23:00:00+00:00,0.7944565165851505
2024-08-08 00:00:00+00:00,0.6280103976435415
2024-08-08 01:00:00+00:00,0.24268401046229107
2024-08-08 02:00:00+00:00,0.012285470643535126
2024-08-08 03:00:00+00:00,5.054009877327292e-07
2024-08-08 04:00:00+00:00,2.500539375925746e-08
2024-08-08 05:00:00+00:00,1.3926361633805432e-07
2024-08-08 06:00:00+00:00,6.315230832629986e-08
2024-08-08 07:00:00+00:00,4.868750938161991e-08
2024-08-08 08:00:00+00:00,1.1813679642831671e-07
2024-08-08 09:00:00+00:00,2.4275309269936073e-08
2024-08-08 10:00:00+00:00,2.299766141362365e-08
2024-08-08 11:00:00+00:00,1.67006826932267e-08
2024-08-08 12:00:00+00:00,0.0002825499525819889
2024-08-08 13:00:00+00:00,0.10644284991164928
2024-08-08 14:00:00+00:00,0.5417113521798949
2024-08-08 15:00:00+00:00,0.807079595225382
2024-08-08 16:00:00+00:00,0.8826249519621974
2024-08-08 17:00:00+00:00,0.9021622855373642
2024-08-08 18:00:00+00:00,0.9185947337746754
2024-08-08 19:00:00+00:00,0.9265840485694707
2024-08-08 20:00:00+00:00,0.9200083184804595
2024-08-08 21:00:00+00:00,0.9180533082279863
2024-08-08 22:00:00+00:00,0.8837442887997785
2024-08-08 23:00:00+00:00,0.8164908697532899
2024-08-09 00:00:00+00:00,0.6293665070410973
2024-08-09 01:00:00+00:00,0.22676134997099684
2024-08-09 02:00:00+00:00,0.00928975292289613
2024-08-09 03:00:00+00:00,1.832968371002504e-07
2024-08-09 04:00:00+00:00,4.289246374763141e-08
2024-08-09 05:00:00+00:00,1.5094496816719652e-07
2024-08-09 06:00:00+00:00,2.4822872636927115e-08
2024-08-09 07:00:00+00:00,2.3727745902945033e-08
2024-08-09 08:00:00+00:00,2.3180182535953998e-08
2024-08-09 09:00:00+00:00,2.3088921974788826e-08
2024-08-09 10:00:00+00:00,1.816085167186947e-08
2024-08-09 11:00:00+00:00,1.761328830487843e-08
2024-08-09 12:00:00+00:00,8.075272889205402e-05
2024-08-09 13:00:00+00:00,0.07553666124802642
2024-08-09 14:00:00+00:00,0.42040682204869534
2024-08-09 15:00:00+00:00,0.6998139095219795
2024-08-09 16:00:00+00:00,0.8299598536231193
2024-08-09 17:00:00+00:00,0.8751223265916066
2024-08-09 18:00:00+00:00,0.8741164714404893
2024-08-09 19:00:00+00:00,0.8559888283917011
2024-08-09 20:00:00+00:00,0.8692739574117292
2024-08-09 21:00:00+00:00,0.8441631550577697
2024-08-09 22:00:00+00:00,0.7351019162620129
2024-08-09 23:00:00+00:00,0.5867301983189843
2024-08-10 00:00:00+00:00,0.43755051777415843
2024-08-10 01:00:00+00:00,0.1764904187928772
2024-08-10 02:00:00+00:00,0.008968733312772537
2024-08-10 03:00:00+00:00,1.9986062895172936e-07
2024-08-10 04:00:00+00:00,3.331010482528822e-08
2024-08-10 05:00:00+00:00,4.275557290588365e-08
2024-08-10 06:00:00+00:00,2.208505580197192e-08
2024-08-10 07:00:00+00:00,3.4131449875774784e-08
2024-08-10 08:00:00+00:00,3.445086183985289e-08
2024-08-10 09:00:00+00:00,3.486153436509617e-08
2024-08-10 10:00:00+00:00,1.6153119326235657e-08
2024-08-10 11:00:00+00:00,1.7430767182548085e-08
2024-08-10 12:00:00+00:00,0.0001098057566903898
2024-08-10 13:00:00+00:00,0.07059246164478732
2024-08-10 14:00:00+00:00,0.4219080870269392
2024-08-10 15:00:00+00:00,0.7271460283855612
2024-08-10 16:00:00+00:00,0.8357282522683743
2024-08-10 17:00:00+00:00,0.858467343217577
2024-08-10 18:00:00+00:00,0.8439644697279549
2024-08-10 19:00:00+00:00,0.826038851962999
2024-08-10 20:00:00+00:00,0.8267437193796896
2024-08-10 21:00:00+00:00,0.7959108620904944
2024-08-10 22:00:00+00:00,0.7726305778527309
2024-08-10 23:00:00+00:00,0.7160016487246142
2024-08-11 00:00:00+00:00,0.552012759497528
2024-08-11 01:00:00+00:00,0.20219043017578872
2024-08-11 02:00:00+00:00,0.009076633320794393
2024-08-11 03:00:00+00:00,3.168566683654814e-07
2024-08-11 04:00:00+00:00,2.784359721149435e-07
2024-08-11 05:00:00+00:00,1.2758226450891215e-07
2024-08-11 06:00:00+00:00,1.3775781707882897e-07
2024-08-11 07:00:00+00:00,6.1785681422851395e-06
2024-08-11 08:00:00+00:00,5.568171878931879e-06
2024-08-11 09:00:00+00:00,2.3545224780614687e-08
2024-08-11 10:00:00+00:00,2.0533626262163973e-08
2024-08-11 11:00:00+00:00,2.0624886823329145e-08
2024-08-11 12:00:00+00:00,7.092688679252214e-05
2024-08-11 13:00:00+00:00,0.08203808995410528
2024-08-11 14:00:00+00:00,0.4673378592587412
2024-08-11 15:00:00+00:00,0.658500886328867
2024-08-11 16:00:00+00:00,0.7009800975239304
2024-08-11 17:00:00+00:00,0.8161467149520869
2024-08-11 18:00:00+00:00,0.85744215337582
2024-08-11 19:00:00+00:00,0.8856000034549788
2024-08-11 20:00:00+00:00,0.884857387841113
2024-08-11 21:00:00+00:00,0.8574442635025151
2024-08-11 22:00:00+00:00,0.8179173979444639
2024-08-11 23:00:00+00:00,0.7643114864037744
2024-08-12 00:00:00+00:00,0.6087311884511728
2024-08-12 01:00:00+00:00,0.22677648603699918
2024-08-12 02:00:00+00:00,0.008281438390916067
2024-08-12 03:00:00+00:00,2.0497122037697905e-07
2024-08-12 04:00:00+00:00,4.6771037597151264e-08
2024-08-12 05:00:00+00:00,2.464035151459677e-08
2024-08-12 06:00:00+00:00,3.3153136660084124e-06
2024-08-12 07:00:00+00:00,7.226011233058415e-06
2024-08-12 08:00:00+00:00,2.4001527586440555e-08
2024-08-12 09:00:00+00:00,2.1720013557311227e-08
2024-08-12 10:00:00+00:00,2.3636485341779862e-08
2024-08-12 11:00:00+00:00,2.3545224780614687e-08
2024-08-12 12:00:00+00:00,2.73395651321791e-05
2024-08-12 13:00:00+00:00,0.07186924982661355
2024-08-12 14:00:00+00:00,0.4490831544044245
2024-08-12 15:00:00+00:00,0.700470739067593
2024-08-12 16:00:00+00:00,0.8075279575866716
2024-08-12 17:00:00+00:00,0.8346849435091732
2024-08-12 18:00:00+00:00,0.8616855399953193
2024-08-12 19:00:00+00:00,0.8880141700941349
2024-08-12 20:00:00+00:00,0.9022519837177222
2024-08-12 21:00:00+00:00,0.8734713153982966
2024-08-12 22:00:00+00:00,0.8156080250776094
2024-08-12 23:00:00+00:00,0.7753992577318242
2024-08-13 00:00:00+00:00,0.6347094270476656
2024-08-13 01:00:00+00:00,0.23137927673243003
2024-08-13 02:00:00+00:00,0.007349539201507284
2024-08-13 03:00:00+00:00,5.092339313016665e-07
2024-08-13 04:00:00+00:00,2.9203379572855432e-08
2024-08-13 05:00:00+00:00,2.6830604982560925e-08
2024-08-13 06:00:00+00:00,2.7925731716543004e-08
2024-08-13 07:00:00+00:00,2.610052049323954e-08
2024-08-13 08:00:00+00:00,2.546169656508333e-08
2024-08-13 09:00:00+00:00,2.573547824857885e-08
2024-08-13 10:00:00+00:00,2.582673880974402e-08
2024-08-13 11:00:00+00:00,2.1172450190320187e-08
2024-08-13 12:00:00+00:00,0.00010556446774051899
2024-08-13 13:00:00+00:00,0.08910780629674958
2024-08-13 14:00:00+00:00,0.5176910518397198
2024-08-13 15:00:00+00:00,0.8086997798331478
2024-08-13 16:00:00+00:00,0.8866520238104578
2024-08-13 17:00:00+00:00,0.8861863328481838
2024-08-13 18:00:00+00:00,0.8888675544005021
2024-08-13 19:00:00+00:00,0.8975044803291067
2024-08-13 20:00:00+00:00,0.8518388444468886
2024-08-13 21:00:00+00:00,0.8378982797950584
2024-08-13 22:00:00+00:00,0.8275694335751722
2024-08-13 23:00:00+00:00,0.7356386956422728
2024-08-14 00:00:00+00:00,0.5781655452335588
2024-08-14 01:00:00+00:00,0.21842611215599578
2024-08-14 02:00:00+00:00,0.00606257323122737
2024-08-14 03:00:00+00:00,2.1272836807601878e-07
2024-08-14 04:00:00+00:00,2.7971361997125593e-08
2024-08-14 05:00:00+00:00,2.6739344421395754e-08
2024-08-14 06:00:00+00:00,2.3727745902945033e-08
2024-08-14 07:00:00+00:00,2.5735478248578844e-08
2024-08-14 08:00:00+00:00,2.5552957126248497e-08
2024-08-14 09:00:00+00:00,2.2541358607797784e-08
2024-08-14 10:00:00+00:00,2.4549090953431594e-08
2024-08-14 11:00:00+00:00,2.5552957126248497e-08
2024-08-14 12:00:00+00:00,8.27798541069354e-05
2024-08-14 13:00:00+00:00,0.09826644676847952
2024-08-14 14:00:00+00:00,0.5349563849798468
2024-08-14 15:00:00+00:00,0.7325239287021149
2024-08-14 16:00:00+00:00,0.8136378104506036
2024-08-14 17:00:00+00:00,0.8837437968140932
2024-08-14 18:00:00+00:00,0.9000931273050699
2024-08-14 19:00:00+00:00,0.8951462066313086
2024-08-14 20:00:00+00:00,0.8755427932002741
2024-08-14 21:00:00+00:00,0.8224257538995213
2024-08-14 22:00:00+00:00,0.7747850564962641
2024-08-14 23:00:00+00:00,0.7064848443623489
2024-08-15 00:00:00+00:00,0.5192452284593096
2024-08-15 01:00:00+00:00,0.14406003985922186
2024-08-15 02:00:00+00:00,0.0022769958556368842
2024-08-15 03:00:00+00:00,7.661324109816291e-08
2024-08-15 04:00:00+00:00,1.9959597332435037e-06
2024-08-15 05:00:00+00:00,2.610052049323954e-08
2024-08-15 06:00:00+00:00,2.97144387153804e-07
2024-08-15 07:00:00+00:00,2.537043600391815e-08
2024-08-15 08:00:00+00:00,2.372774590294504e-08
2024-08-15 09:00:00+00:00,2.3180182535953998e-08
2024-08-15 10:00:00+00:00,2.3453964219449512e-08
2024-08-15 11:00:00+00:00,2.4822872636927115e-08
2024-08-15 12:00:00+00:00,0.00011060930593144914
2024-08-15 13:00:00+00:00,0.09360894413461258
2024-08-15 14:00:00+00:00,0.5270317635648438
2024-08-15 15:00:00+00:00,0.8128676912763773
2024-08-15 16:00:00+00:00,0.8889621437818964
2024-08-15 17:00:00+00:00,0.9204272135822639
2024-08-15 18:00:00+00:00,0.9240693527184063
2024-08-15 19:00:00+00:00,0.9008032583571467
2024-08-15 20:00:00+00:00,0.84650696674007
2024-08-15 21:00:00+00:00,0.8243654888223761
2024-08-15 22:00:00+00:00,0.7938364596613136
2024-08-15 23:00:00+00:00,0.7541393758628128
2024-08-16 00:00:00+00:00,0.5798029292629847
2024-08-16 01:00:00+00:00,0.17398315762031882
2024-08-16 02:00:00+00:00,0.0032662043046828067
2024-08-16 03:00:00+00:00,3.2383810129461713e-07
2024-08-16 04:00:00+00:00,2.610052049323954e-08
2024-08-16 05:00:00+00:00,2.8290773961203696e-08
2024-08-16 06:00:00+00:00,2.5370436003918158e-08
2024-08-16 07:00:00+00:00,2.5187914881587805e-08
2024-08-16 08:00:00+00:00,2.6556823299065407e-08
2024-08-16 09:00:00+00:00,6.84454208738799e-08
2024-08-16 10:00:00+00:00,6.1372727383579e-08
2024-08-16 11:00:00+00:00,2.3819006464110208e-08
2024-08-16 12:00:00+00:00,9.95106984156272e-05
2024-08-16 13:00:00+00:00,0.0860032312904324
2024-08-16 14:00:00+00:00,0.5152691256800901
2024-08-16 15:00:00+00:00,0.7971831740330562
2024-08-16 16:00:00+00:00,0.879476922053294
2024-08-16 17:00:00+00:00,0.9094088323131565
2024-08-16 18:00:00+00:00,0.8952579478876106
2024-08-16 19:00:00+00:00,0.8997847777180648
2024-08-16 20:00:00+00:00,0.8558010027948832
2024-08-16 21:00:00+00:00,0.8881550310897053
2024-08-16 22:00:00+00:00,0.8843241259166621
2024-08-16 23:00:00+00:00,0.8393194732588689
2024-08-17 00:00:00+00:00,0.6565691137074529
2024-08-17 01:00:00+00:00,0.2159196037461762
2024-08-17 02:00:00+00:00,0.005346730728190579
2024-08-17 03:00:00+00:00,7.214147360106942e-08
2024-08-17 04:00:00+00:00,9.659930399333584e-08
2024-08-17 05:00:00+00:00,5.4436924735025825e-08
2024-08-17 06:00:00+00:00,2.509665432042263e-08
2024-08-17 07:00:00+00:00,2.6374302176735058e-08
2024-08-17 08:00:00+00:00,2.1993795240806744e-08
2024-08-17 09:00:00+00:00,2.619178105440471e-08
2024-08-17 10:00:00+00:00,2.3180182535953998e-08
2024-08-17 11:00:00+00:00,2.3180182535953998e-08
2024-08-17 12:00:00+00:00,7.642341913093935e-06
2024-08-17 13:00:00+00:00,0.08272836763614286
2024-08-17 14:00:00+00:00,0.526957449268542
2024-08-17 15:00:00+00:00,0.8135554184082514
2024-08-17 16:00:00+00:00,0.8762120178009354
2024-08-17 17:00:00+00:00,0.9120185980781002
2024-08-17 18:00:00+00:00,0.8992126538069198
2024-08-17 19:00:00+00:00,0.8774939083607363
2024-08-17 20:00:00+00:00,0.8662689395098231
2024-08-17 21:00:00+00:00,0.8335170087344513
2024-08-17 22:00:00+00:00,0.7747949513313478
2024-08-17 23:00:00+00:00,0.6999978093176074
2024-08-18 00:00:00+00:00,0.5477529880481374
2024-08-18 01:00:00+00:00,0.18753420184599115
2024-08-18 02:00:00+00:00,0.005742830630136162
2024-08-18 03:00:00+00:00,9.509350473411049e-08
2024-08-18 04:00:00+00:00,2.591799937090919e-08
2024-08-18 05:00:00+00:00,2.464035151459677e-08
2024-08-18 06:00:00+00:00,2.546169656508333e-08
2024-08-18 07:00:00+00:00,2.308892197478882e-08
2024-08-18 08:00:00+00:00,5.630776623891188e-08
2024-08-18 09:00:00+00:00,2.2541358607797784e-08
2024-08-18 10:00:00+00:00,2.4001527586440555e-08
2024-08-18 11:00:00+00:00,2.5187914881587805e-08
2024-08-18 12:00:00+00:00,5.4347717536486865e-05
2024-08-18 13:00:00+00:00,0.09638889761334783
2024-08-18 14:00:00+00:00,0.5743058574833904
2024-08-18 15:00:00+00:00,0.8494797870946521
2024-08-18 16:00:00+00:00,0.9073906943014478
2024-08-18 17:00:00+00:00,0.9343684724075527
2024-08-18 18:00:00+00:00,0.946873491685942
2024-08-18 19:00:00+00:00,0.952940983040071
2024-08-18 20:00:00+00:00,0.9502207820943467
2024-08-18 21:00:00+00:00,0.9317508729272993
2024-08-18 22:00:00+00:00,0.8886032391750164
2024-08-18 23:00:00+00:00,0.811868718175438
2024-08-19 00:00:00+00:00,0.6013505052142595
2024-08-19 01:00:00+00:00,0.19865301385686143
2024-08-19 02:00:00+00:00,0.006111312576607731
2024-08-19 03:00:00+00:00,5.611611906046501e-07
2024-08-19 04:00:00+00:00,1.7978330549539124e-08
2024-08-19 05:00:00+00:00,1.870841503886051e-08
2024-08-19 06:00:00+00:00,1.697446437672222e-08
2024-08-19 07:00:00+00:00,1.8343372794199817e-08
2024-08-19 08:00:00+00:00,1.6426901009731178e-08
2024-08-19 09:00:00+00:00,3.0344136587420096e-08
2024-08-19 10:00:00+00:00,3.5317837170922034e-08
2024-08-19 11:00:00+00:00,3.741683007772102e-08
2024-08-19 12:00:00+00:00,9.034795555352148e-09
2024-08-19 13:00:00+00:00,0.07484330019103903
2024-08-19 14:00:00+00:00,0.5157693270973506
2024-08-19 15:00:00+00:00,0.8118159924774854
2024-08-19 16:00:00+00:00,0.890497581687941
2024-08-19 17:00:00+00:00,0.9182241051060236
2024-08-19 18:00:00+00:00,0.9255313301619593
2024-08-19 19:00:00+00:00,0.9310730394897517
2024-08-19 20:00:00+00:00,0.947092457622113
2024-08-19 21:00:00+00:00,0.9040927345612294
2024-08-19 22:00:00+00:00,0.8516389758782682
2024-08-19 23:00:00+00:00,0.7749160933380552
2024-08-20 00:00:00+00:00,0.6018876185625429
2024-08-20 01:00:00+00:00,0.20289543726676812
2024-08-20 02:00:00+00:00,0.006161763970115552
2024-08-20 03:00:00+00:00,1.9590037689996666e-05
2024-08-20 04:00:00+00:00,3.0945634946059756e-05
2024-08-20 05:00:00+00:00,3.9798685093851455e-05
2024-08-20 06:00:00+00:00,4.2156310430992545e-05
2024-08-20 07:00:00+00:00,4.147605420806734e-05
2024-08-20 08:00:00+00:00,9.012162936183185e-06
2024-08-20 09:00:00+00:00,1.615311932623566e-08
2024-08-20 10:00:00+00:00,1.8617154477695335e-08
2024-08-20 11:00:00+00:00,1.587933764274014e-08
2024-08-20 12:00:00+00:00,2.919516612235056e-05
2024-08-20 13:00:00+00:00,0.06305640173559605
2024-08-20 14:00:00+00:00,0.47931393912352893
2024-08-20 15:00:00+00:00,0.7794501132687117
2024-08-20 16:00:00+00:00,0.8619066218532314
2024-08-20 17:00:00+00:00,0.9146635359827286
2024-08-20 18:00:00+00:00,0.9469288010616418
2024-08-20 19:00:00+00:00,0.953055276078554
2024-08-20 20:00:00+00:00,0.9242423508468092
2024-08-20 21:00:00+00:00,0.9074886560343588
2024-08-20 22:00:00+00:00,0.8747240325576192
2024-08-20 23:00:00+00:00,0.8061331390638617
2024-08-21 00:00:00+00:00,0.6139341923740209
2024-08-21 01:00:00+00:00,0.19160341403408446
2024-08-21 02:00:00+00:00,0.005664775152759625
2024-08-21 03:00:00+00:00,2.935395949877796e-07
2024-08-21 04:00:00+00:00,8.523736412827179e-08
2024-08-21 05:00:00+00:00,4.918944246802836e-08
2024-08-21 06:00:00+00:00,4.745549180589008e-08
2024-08-21 07:00:00+00:00,9.148871256808614e-08
2024-08-21 08:00:00+00:00,1.560555595924462e-08
2024-08-21 09:00:00+00:00,1.3962865858271502e-08
2024-08-21 10:00:00+00:00,1.5057992592253582e-08
2024-08-21 11:00:00+00:00,1.8343372794199817e-08
2024-08-21 12:00:00+00:00,3.488799992783407e-05
2024-08-21 13:00:00+00:00,0.0789225631328849
2024-08-21 14:00:00+00:00,0.5216380482037127
2024-08-21 15:00:00+00:00,0.8159725226792409
2024-08-21 16:00:00+00:00,0.8880731862000474
2024-08-21 17:00:00+00:00,0.8992967112176226
2024-08-21 18:00:00+00:00,0.9349739085225157
2024-08-21 19:00:00+00:00,0.9434614035869233
2024-08-21 20:00:00+00:00,0.9221666497342126
2024-08-21 21:00:00+00:00,0.9044488935941268
2024-08-21 22:00:00+00:00,0.8636690680780301
2024-08-21 23:00:00+00:00,0.7915689452304182
2024-08-22 00:00:00+00:00,0.5961080097437361
2024-08-22 01:00:00+00:00,0.17985805989574932
2024-08-22 02:00:00+00:00,0.003395976046944913
2024-08-22 03:00:00+00:00,1.6180497494585212e-07
2024-08-22 04:00:00+00:00,1.502605139584577e-07
2024-08-22 05:00:00+00:00,5.069524172725372e-08
2024-08-22 06:00:00+00:00,1.697446437672222e-08
2024-08-22 07:00:00+00:00,1.615311932623566e-08
2024-08-22 08:00:00+00:00,4.772471046132733e-07
2024-08-22 09:00:00+00:00,6.10076851389183e-08
2024-08-22 10:00:00+00:00,2.5644217687413672e-08
2024-08-22 11:00:00+00:00,2.5917999370909193e-08
2024-08-22 12:00:00+00:00,6.363735820889276e-06
2024-08-22 13:00:00+00:00,0.053619440188797676
2024-08-22 14:00:00+00:00,0.41040908990649405
2024-08-22 15:00:00+00:00,0.7457219207694341
2024-08-22 16:00:00+00:00,0.8386151995833894
2024-08-22 17:00:00+00:00,0.8613621069996559
2024-08-22 18:00:00+00:00,0.8960969905967909
2024-08-22 19:00:00+00:00,0.9007274853976656
2024-08-22 20:00:00+00:00,0.8433580857351733
2024-08-22 21:00:00+00:00,0.8320972948781189
2024-08-22 22:00:00+00:00,0.800713013945826
2024-08-22 23:00:00+00:00,0.6844165127426648
2024-08-23 00:00:00+00:00,0.5007855819530377
2024-08-23 01:00:00+00:00,0.1503661618839814
2024-08-23 02:00:00+00:00,0.0014600638464763091
2024-08-23 03:00:00+00:00,3.0412582008293976e-07
2024-08-23 04:00:00+00:00,9.021106471177373e-08
2024-08-23 05:00:00+00:00,2.664808386023058e-08
2024-08-23 06:00:00+00:00,6.889716065164753e-07
2024-08-23 07:00:00+00:00,5.5212639504929793e-08
2024-08-23 08:00:00+00:00,2.4822872636927115e-08
2024-08-23 09:00:00+00:00,2.4822872636927115e-08
2024-08-23 10:00:00+00:00,2.217631636313709e-08
2024-08-23 11:00:00+00:00,1.80695911107043e-08
2024-08-23 12:00:00+00:00,0.0001404785225585657
2024-08-23 13:00:00+00:00,0.05415941373432857
2024-08-23 14:00:00+00:00,0.3835444260718338
2024-08-23 15:00:00+00:00,0.6987596467119915
2024-08-23 16:00:00+00:00,0.7961991949966861
2024-08-23 17:00:00+00:00,0.8712604958153106
2024-08-23 18:00:00+00:00,0.8645017244187704
2024-08-23 19:00:00+00:00,0.885584927164644
2024-08-23 20:00:00+00:00,0.8745771119064176
2024-08-23 21:00:00+00:00,0.7975209048208376
2024-08-23 22:00:00+00:00,0.6984326163162673
2024-08-23 23:00:00+00:00,0.5781210688058813
2024-08-24 00:00:00+00:00,0.4113878708325607
2024-08-24 01:00:00+00:00,0.11828685730979764
2024-08-24 02:00:00+00:00,0.0020804504034603218
2024-08-24 03:00:00+00:00,5.023437589336959e-07
2024-08-24 04:00:00+00:00,2.5735934551384673e-06
2024-08-24 05:00:00+00:00,2.1120431670456037e-06
2024-08-24 06:00:00+00:00,1.8069591110704296e-08
2024-08-24 07:00:00+00:00,1.5331774275749103e-08
2024-08-24 08:00:00+00:00,9.965653279236913e-08
2024-08-24 09:00:00+00:00,4.4580784129187114e-08
2024-08-24 10:00:00+00:00,1.2219789140016692e-07
2024-08-24 11:00:00+00:00,9.664493427391844e-08
2024-08-24 12:00:00+00:00,3.0166406644550917e-05
2024-08-24 13:00:00+00:00,0.05867801656208455
2024-08-24 14:00:00+00:00,0.4343271162697219
2024-08-24 15:00:00+00:00,0.7557357668345507
2024-08-24 16:00:00+00:00,0.8520628972467392
2024-08-24 17:00:00+00:00,0.9060514229337296
2024-08-24 18:00:00+00:00,0.921077625502695
2024-08-24 19:00:00+00:00,0.9340890202034589
2024-08-24 20:00:00+00:00,0.9163351632105874
2024-08-24 21:00:00+00:00,0.9072469587807217
2024-08-24 22:00:00+00:00,0.8479218585708717
2024-08-24 23:00:00+00:00,0.7302947992845908
2024-08-25 00:00:00+00:00,0.537921933829806
2024-08-25 01:00:00+00:00,0.13373855772779783
2024-08-25 02:00:00+00:00,0.0013112443367786495
2024-08-25 03:00:00+00:00,1.4470274578349863e-06
2024-08-25 04:00:00+00:00,1.1047547231850042e-06
2024-08-25 05:00:00+00:00,3.1063726112207485e-06
2024-08-25 06:00:00+00:00,1.7795809427208778e-08
2024-08-25 07:00:00+00:00,1.642690100973118e-08
2024-08-25 08:00:00+00:00,1.7522027743713256e-08
2024-08-25 09:00:00+00:00,1.6974464376722217e-08
2024-08-25 10:00:00+00:00,1.4784210908758062e-08
2024-08-25 11:00:00+00:00,1.67006826932267e-08
2024-08-25 12:00:00+00:00,1.1124206103228787e-06
2024-08-25 13:00:00+00:00,0.056696107669880286
2024-08-25 14:00:00+00:00,0.4520726498431123
2024-08-25 15:00:00+00:00,0.7891725731686718
2024-08-25 16:00:00+00:00,0.884709347103414
2024-08-25 17:00:00+00:00,0.9189236268897137
2024-08-25 18:00:00+00:00,0.9199625427305425
2024-08-25 19:00:00+00:00,0.8909522753875525
2024-08-25 20:00:00+00:00,0.902412209109245
2024-08-25 21:00:00+00:00,0.8846898756588233
2024-08-25 22:00:00+00:00,0.8324585350709105
2024-08-25 23:00:00+00:00,0.7700644421650205
2024-08-26 00:00:00+00:00,0.5629949110083069
2024-08-26 01:00:00+00:00,0.14078150579642285
2024-08-26 02:00:00+00:00,0.0014161748174007541
2024-08-26 03:00:00+00:00,3.513075302053343e-07
2024-08-26 04:00:00+00:00,3.344699566703599e-08
2024-08-26 05:00:00+00:00,1.8617154477695335e-08
2024-08-26 06:00:00+00:00,1.6426901009731178e-08
2024-08-26 07:00:00+00:00,1.8617154477695335e-08
2024-08-26 08:00:00+00:00,1.7522027743713256e-08
2024-08-26 09:00:00+00:00,1.615311932623566e-08
2024-08-26 10:00:00+00:00,1.4784210908758062e-08
2024-08-26 11:00:00+00:00,1.4784210908758062e-08
2024-08-26 12:00:00+00:00,9.467416245555652e-06
2024-08-26 13:00:00+00:00,0.06663240945365358
2024-08-26 14:00:00+00:00,0.45564192513268187
2024-08-26 15:00:00+00:00,0.7218830409948521
2024-08-26 16:00:00+00:00,0.7249124300752476
2024-08-26 17:00:00+00:00,0.732581986845917
2024-08-26 18:00:00+00:00,0.7243230672722502
2024-08-26 19:00:00+00:00,0.7523410186528259
2024-08-26 20:00:00+00:00,0.7182485950327553
2024-08-26 21:00:00+00:00,0.7061744923361107
2024-08-26 22:00:00+00:00,0.6602538513114452
2024-08-26 23:00:00+00:00,0.6080327429945412
2024-08-27 00:00:00+00:00,0.43309843905868217
2024-08-27 01:00:00+00:00,0.12016680082264233
2024-08-27 02:00:00+00:00,0.0006723329810048408
2024-08-27 03:00:00+00:00,5.712454826134017e-07
2024-08-27 04:00:00+00:00,1.0536031786519247e-07
2024-08-27 05:00:00+00:00,2.7013126104891272e-08
2024-08-27 06:00:00+00:00,3.0663548551498206e-08
2024-08-27 07:00:00+00:00,2.2906400852458476e-08
2024-08-27 08:00:00+00:00,2.299766141362365e-08
2024-08-27 09:00:00+00:00,0.0020297182924663574
2024-08-27 10:00:00+00:00,0.001367240813243427
2024-08-27 11:00:00+00:00,5.6444657080659626e-08
2024-08-27 12:00:00+00:00,3.824867009274158e-06
2024-08-27 13:00:00+00:00,0.05706868310882291
2024-08-27 14:00:00+00:00,0.40308930402070126
2024-08-27 15:00:00+00:00,0.7160039113477074
2024-08-27 16:00:00+00:00,0.7596190876021595
2024-08-27 17:00:00+00:00,0.7368840933395476
2024-08-27 18:00:00+00:00,0.7170959195714235
2024-08-27 19:00:00+00:00,0.7054121662662446
2024-08-27 20:00:00+00:00,0.7569825908887661
2024-08-27 21:00:00+00:00,0.7491738496246653
2024-08-27 22:00:00+00:00,0.6734205713960516
2024-08-27 23:00:00+00:00,0.5903779344197129
2024-08-28 00:00:00+00:00,0.4029910759438425
2024-08-28 01:00:00+00:00,0.10566327199093062
2024-08-28 02:00:00+00:00,0.0003901774109379272
2024-08-28 03:00:00+00:00,3.0522094681692185e-07
2024-08-28 04:00:00+00:00,3.0969271431401535e-07
2024-08-28 05:00:00+00:00,4.373662393840926e-07
2024-08-28 06:00:00+00:00,3.8256427240440613e-07
2024-08-28 07:00:00+00:00,3.717955261869156e-07
2024-08-28 08:00:00+00:00,3.553686251771845e-07
2024-08-28 09:00:00+00:00,9.021699664824947e-06
2024-08-28 10:00:00+00:00,3.289030624392843e-07
2024-08-28 11:00:00+00:00,5.220104098647908e-07
2024-08-28 12:00:00+00:00,1.577895102545845e-07
2024-08-28 13:00:00+00:00,0.059922525564014714
2024-08-28 14:00:00+00:00,0.4568740946116157
2024-08-28 15:00:00+00:00,0.7741748383278959
2024-08-28 16:00:00+00:00,0.8536804521358047
2024-08-28 17:00:00+00:00,0.8436528295132657
2024-08-28 18:00:00+00:00,0.8301010215735872
2024-08-28 19:00:00+00:00,0.7733365821478619
2024-08-28 20:00:00+00:00,0.7046181801737594
2024-08-28 21:00:00+00:00,0.665687779543727
2024-08-28 22:00:00+00:00,0.6404401895637144
2024-08-28 23:00:00+00:00,0.5560931150108122
2024-08-29 00:00:00+00:00,0.4168702722487963
2024-08-29 01:00:00+00:00,0.11038734733332606
2024-08-29 02:00:00+00:00,0.00038693250479485776
2024-08-29 03:00:00+00:00,2.010470162468766e-07
2024-08-29 04:00:00+00:00,1.312326869555191e-07
2024-08-29 05:00:00+00:00,1.3036571162444995e-07
2024-08-29 06:00:00+00:00,2.290640085245848e-08
2024-08-29 07:00:00+00:00,2.0624886823329148e-08
2024-08-29 08:00:00+00:00,2.071614738449432e-08
2024-08-29 09:00:00+00:00,2.1081189629155013e-08
2024-08-29 10:00:00+00:00,1.925597840585155e-08
2024-08-29 11:00:00+00:00,0.0020848485236845547
2024-08-29 12:00:00+00:00,0.0013915916862580079
2024-08-29 13:00:00+00:00,0.04675307176929861
2024-08-29 14:00:00+00:00,0.41188435205867546
2024-08-29 15:00:00+00:00,0.7284894366401472
2024-08-29 16:00:00+00:00,0.7818523564417698
2024-08-29 17:00:00+00:00,0.7403405846752736
2024-08-29 18:00:00+00:00,0.7781359161508463
2024-08-29 19:00:00+00:00,0.7795199720418963
2024-08-29 20:00:00+00:00,0.7175045721810362
2024-08-29 21:00:00+00:00,0.6296631213869119
2024-08-29 22:00:00+00:00,0.6023525313460119
2024-08-29 23:00:00+00:00,0.543767430811672
2024-08-30 00:00:00+00:00,0.3826213408730526
2024-08-30 01:00:00+00:00,0.0821099452802168
2024-08-30 02:00:00+00:00,0.0008287140670189631
2024-08-30 03:00:00+00:00,2.4275309269936076e-08
2024-08-30 04:00:00+00:00,2.071614738449432e-08
2024-08-30 05:00:00+00:00,2.3180182535953998e-08
2024-08-30 06:00:00+00:00,8.989165274769561e-08
2024-08-30 07:00:00+00:00,8.35034134661335e-08
2024-08-30 08:00:00+00:00,1.1898095661909458e-06
2024-08-30 09:00:00+00:00,5.7585414095224306e-08
2024-08-30 10:00:00+00:00,1.723912000410122e-07
2024-08-30 11:00:00+00:00,1.9164717844686377e-08
2024-08-30 12:00:00+00:00,1.3415302491280463e-08
2024-08-30 13:00:00+00:00,0.018108890737419416
2024-08-30 14:00:00+00:00,0.20259702312579655
2024-08-30 15:00:00+00:00,0.3855076607717096
2024-08-30 16:00:00+00:00,0.4782353502177687
2024-08-30 17:00:00+00:00,0.5778081067275939
2024-08-30 18:00:00+00:00,0.6539196359549485
2024-08-30 19:00:00+00:00,0.6916937577460218
2024-08-30 20:00:00+00:00,0.7124267183374813
2024-08-30 21:00:00+00:00,0.6411760394389874
2024-08-30 22:00:00+00:00,0.6185823562234034
2024-08-30 23:00:00+00:00,0.5481282977447531
2024-08-31 00:00:00+00:00,0.35425174703601203
2024-08-31 01:00:00+00:00,0.06012014565492927
2024-08-31 02:00:00+00:00,0.0004248994079050018
2024-08-31 03:00:00+00:00,1.7522027743713256e-08
2024-08-31 04:00:00+00:00,9.30401421078941e-08
2024-08-31 05:00:00+00:00,1.6061858765070485e-08
2024-08-31 06:00:00+00:00,1.9529760089347067e-08
2024-08-31 07:00:00+00:00,1.243425145875485e-07
2024-08-31 08:00:00+00:00,1.615311932623566e-08
2024-08-31 09:00:00+00:00,1.6974464376722217e-08
2024-08-31 10:00:00+00:00,1.5057992592253582e-08
2024-08-31 11:00:00+00:00,9.993031447586468e-08
2024-08-31 12:00:00+00:00,1.0677485656325265e-08
2024-08-31 13:00:00+00:00,0.028412117973163318
2024-08-31 14:00:00+00:00,0.2289299034114666
2024-08-31 15:00:00+00:00,0.4466803451421054
2024-08-31 16:00:00+00:00,0.6015004172041349
2024-08-31 17:00:00+00:00,0.6587134315369968
2024-08-31 18:00:00+00:00,0.6780364348474573
2024-08-31 19:00:00+00:00,0.6825289319984984
2024-08-31 20:00:00+00:00,0.7117390371552997
2024-08-31 21:00:00+00:00,0.6946940129873923
2024-08-31 22:00:00+00:00,0.6278294335632755
2024-08-31 23:00:00+00:00,0.5532663147025836
2024-09-01 00:00:00+00:00,0.34590956452045774
2024-09-01 01:00:00+00:00,0.05476111788553365
2024-09-01 02:00:00+00:00,0.00020552229727557493
2024-09-01 03:00:00+00:00,7.609761892757969e-07
2024-09-01 04:00:00+00:00,2.538868811615119e-07
2024-09-01 05:00:00+00:00,1.4784210908758062e-08
2024-09-01 06:00:00+00:00,1.697446437672222e-08
2024-09-01 07:00:00+00:00,1.944762558429841e-07
2024-09-01 08:00:00+00:00,1.011623320515945e-07
2024-09-01 09:00:00+00:00,1.6153119326235657e-08
2024-09-01 10:00:00+00:00,1.8069591110704296e-08
2024-09-01 11:00:00+00:00,9.77856912884831e-08
2024-09-01 12:00:00+00:00,9.44090505253717e-08
2024-09-01 13:00:00+00:00,0.026101474987448768
2024-09-01 14:00:00+00:00,0.186117134956605
2024-09-01 15:00:00+00:00,0.3675675177933176
2024-09-01 16:00:00+00:00,0.4914496725411633
2024-09-01 17:00:00+00:00,0.5687770770392981
2024-09-01 18:00:00+00:00,0.6093701222114143
2024-09-01 19:00:00+00:00,0.6437916978983654
2024-09-01 20:00:00+00:00,0.6323400558831089
2024-09-01 21:00:00+00:00,0.6122635677803174
2024-09-01 22:00:00+00:00,0.5304201025173579
2024-09-01 23:00:00+00:00,0.38331316295756684
2024-09-02 00:00:00+00:00,0.17534324698220768
2024-09-02 01:00:00+00:00,0.020475776329332212
2024-09-02 02:00:00+00:00,2.435881268340221e-06
2024-09-02 03:00:00+00:00,2.0807407945659495e-08
2024-09-02 04:00:00+00:00,7.49705509971898e-08
2024-09-02 05:00:00+00:00,5.849801970687603e-08
2024-09-02 06:00:00+00:00,1.748096049118893e-07
2024-09-02 07:00:00+00:00,1.3063949330794547e-07
2024-09-02 08:00:00+00:00,2.0291785775076263e-07
2024-09-02 09:00:00+00:00,1.6153119326235657e-08
2024-09-02 10:00:00+00:00,1.53317742757491e-08
2024-09-02 11:00:00+00:00,1.860802842157882e-07
2024-09-02 12:00:00+00:00,2.8696427155582892e-06
2024-09-02 13:00:00+00:00,0.019872601696705076
2024-09-02 14:00:00+00:00,0.12429465335128768
2024-09-02 15:00:00+00:00,0.22685108045759353
2024-09-02 16:00:00+00:00,0.30590074828847075
2024-09-02 17:00:00+00:00,0.3941627650283835
2024-09-02 18:00:00+00:00,0.4468947904407489
2024-09-02 19:00:00+00:00,0.433542500127203
2024-09-02 20:00:00+00:00,0.42861194064684766
2024-09-02 21:00:00+00:00,0.3804005606561181
2024-09-02 22:00:00+00:00,0.31463638848457354
2024-09-02 23:00:00+00:00,0.18917710458407178
2024-09-03 00:00:00+00:00,0.09518594926416594
2024-09-03 01:00:00+00:00,0.013337089224393672
2024-09-03 02:00:00+00:00,3.3325162817880476e-06
2024-09-03 03:00:00+00:00,1.587933764274014e-08
2024-09-03 04:00:00+00:00,1.6974464376722217e-08
2024-09-03 05:00:00+00:00,1.560555595924462e-08
2024-09-03 06:00:00+00:00,1.4510429225262541e-08
2024-09-03 07:00:00+00:00,7.97617304583614e-08
2024-09-03 08:00:00+00:00,1.3415302491280463e-08
2024-09-03 09:00:00+00:00,1.3415302491280463e-08
2024-09-03 10:00:00+00:00,2.796406115223238e-06
2024-09-03 11:00:00+00:00,1.9175669112026198e-05
2024-09-03 12:00:00+00:00,1.0700300796616558e-07
2024-09-03 13:00:00+00:00,0.008480696061340179
2024-09-03 14:00:00+00:00,0.07039442786974898
2024-09-03 15:00:00+00:00,0.14993533939187512
2024-09-03 16:00:00+00:00,0.22743413843346244
2024-09-03 17:00:00+00:00,0.3066025304593699
2024-09-03 18:00:00+00:00,0.3483577281370526
2024-09-03 19:00:00+00:00,0.39164220431735564
2024-09-03 20:00:00+00:00,0.3849133621868917
2024-09-03 21:00:00+00:00,0.33033173922348014
2024-09-03 22:00:00+00:00,0.2748371230648136
2024-09-03 23:00:00+00:00,0.22590626443087852
2024-09-04 00:00:00+00:00,0.11292652515320128
2024-09-04 01:00:00+00:00,0.01978072457918867
2024-09-04 02:00:00+00:00,1.3855999741147083e-05
2024-09-04 03:00:00+00:00,2.0533626262163973e-08
2024-09-04 04:00:00+00:00,2.1081189629155013e-08
2024-09-04 05:00:00+00:00,1.8343372794199817e-08
2024-09-04 06:00:00+00:00,1.6426901009731178e-08
2024-09-04 07:00:00+00:00,1.587933764274014e-08
2024-09-04 08:00:00+00:00,1.8069591110704296e-08
2024-09-04 09:00:00+00:00,1.9164717844686377e-08
2024-09-04 10:00:00+00:00,1.12478641636076e-07
2024-09-04 11:00:00+00:00,4.143229476898864e-08
2024-09-04 12:00:00+00:00,1.3689084174775984e-08
2024-09-04 13:00:00+00:00,0.00463271088108138
2024-09-04 14:00:00+00:00,0.05578049566156208
2024-09-04 15:00:00+00:00,0.16451765967175888
2024-09-04 16:00:00+00:00,0.3083833991798694
2024-09-04 17:00:00+00:00,0.3997630297787758
2024-09-04 18:00:00+00:00,0.46627898523511857
2024-09-04 19:00:00+00:00,0.5078901414866743
2024-09-04 20:00:00+00:00,0.5273892080483755
2024-09-04 21:00:00+00:00,0.5076836369976092
2024-09-04 22:00:00+00:00,0.4658150495328477
2024-09-04 23:00:00+00:00,0.37621770515910713
2024-09-05 00:00:00+00:00,0.26451851354207334
2024-09-05 01:00:00+00:00,0.056500639868040235
2024-09-05 02:00:00+00:00,7.958527816334852e-05
2024-09-05 03:00:00+00:00,2.0524500206047457e-07
2024-09-05 04:00:00+00:00,1.4236647541767021e-08
2024-09-05 05:00:00+00:00,1.587933764274014e-08
2024-09-05 06:00:00+00:00,6.817163919038439e-08
2024-09-05 07:00:00+00:00,2.769758031363007e-08
2024-09-05 08:00:00+00:00,2.0944298787407252e-08
2024-09-05 09:00:00+00:00,1.3689084174775984e-08
2024-09-05 10:00:00+00:00,0.0004913841868828091
2024-09-05 11:00:00+00:00,0.00212055586093053
2024-09-05 12:00:00+00:00,0.0008376439129289754
2024-09-05 13:00:00+00:00,0.011828419409847144
2024-09-05 14:00:00+00:00,0.1290195519552054
2024-09-05 15:00:00+00:00,0.2812727021197901
2024-09-05 16:00:00+00:00,0.40181609092572834
2024-09-05 17:00:00+00:00,0.5016087971605739
2024-09-05 18:00:00+00:00,0.6038081396237408
2024-09-05 19:00:00+00:00,0.6137929517345162
2024-09-05 20:00:00+00:00,0.6220957658585226
2024-09-05 21:00:00+00:00,0.5897340506866336
2024-09-05 22:00:00+00:00,0.5447294045539707
2024-09-05 23:00:00+00:00,0.4579181031567998
2024-09-06 00:00:00+00:00,0.30733608015782904
2024-09-06 01:00:00+00:00,0.07047037627765905
2024-09-06 02:00:00+00:00,3.5566978502902956e-05
2024-09-06 03:00:00+00:00,1.1088158181568546e-07
2024-09-06 04:00:00+00:00,1.6974464376722217e-08
2024-09-06 05:00:00+00:00,1.4510429225262541e-08
2024-09-06 06:00:00+00:00,5.493885782143427e-08
2024-09-06 07:00:00+00:00,1.4510429225262543e-08
2024-09-06 08:00:00+00:00,1.6153119326235657e-08
2024-09-06 09:00:00+00:00,1.3962865858271502e-08
2024-09-06 10:00:00+00:00,1.4784210908758059e-08
2024-09-06 11:00:00+00:00,2.0259844578668455e-08
2024-09-06 12:00:00+00:00,4.8733139662202495e-08
2024-09-06 13:00:00+00:00,0.02734157149561631
2024-09-06 14:00:00+00:00,0.29441531508834073
2024-09-06 15:00:00+00:00,0.5462794848063817
2024-09-06 16:00:00+00:00,0.6648088004372662
2024-09-06 17:00:00+00:00,0.7034449443924514
2024-09-06 18:00:00+00:00,0.7213081080836345
2024-09-06 19:00:00+00:00,0.7125317623462416
2024-09-06 20:00:00+00:00,0.6992530500387901
2024-09-06 21:00:00+00:00,0.6802497609473861
2024-09-06 22:00:00+00:00,0.6281309242346548
2024-09-06 23:00:00+00:00,0.5343521608051359
2024-09-07 00:00:00+00:00,0.3302548702702896
2024-09-07 01:00:00+00:00,0.05479783351508966
2024-09-07 02:00:00+00:00,2.475045738164255e-05
2024-09-07 03:00:00+00:00,2.1151916564058024e-06
2024-09-07 04:00:00+00:00,1.0850652571136183e-05
2024-09-07 05:00:00+00:00,8.596653601198151e-06
2024-09-07 06:00:00+00:00,4.194791693957187e-06
2024-09-07 07:00:00+00:00,4.112611558627949e-06
2024-09-07 08:00:00+00:00,4.797613330733739e-06
2024-09-07 09:00:00+00:00,4.803180224964815e-06
2024-09-07 10:00:00+00:00,5.103929404284642e-06
2024-09-07 11:00:00+00:00,3.919823623166521e-06
2024-09-07 12:00:00+00:00,6.845910995805468e-06
2024-09-07 13:00:00+00:00,0.054518717241121506
2024-09-07 14:00:00+00:00,0.48086443342510604
2024-09-07 15:00:00+00:00,0.8000472048629268
2024-09-07 16:00:00+00:00,0.8934860637237276
2024-09-07 17:00:00+00:00,0.923153879106729
2024-09-07 18:00:00+00:00,0.9353404065100178
2024-09-07 19:00:00+00:00,0.9526988422144765
2024-09-07 20:00:00+00:00,0.9570977215440576
2024-09-07 21:00:00+00:00,0.9514609781221561
2024-09-07 22:00:00+00:00,0.9230023560485372
2024-09-07 23:00:00+00:00,0.8368722862215391
2024-09-08 00:00:00+00:00,0.5099678654352395
2024-09-08 01:00:00+00:00,0.07781778240043995
2024-09-08 02:00:00+00:00,3.63498572268584e-05
2024-09-08 03:00:00+00:00,8.730943516952704e-06
2024-09-08 04:00:00+00:00,1.8343372794199817e-08
2024-09-08 05:00:00+00:00,1.7248246060217735e-08
2024-09-08 06:00:00+00:00,3.822813646647941e-06
2024-09-08 07:00:00+00:00,1.3553881653409778e-05
2024-09-08 08:00:00+00:00,9.181633798266913e-06
2024-09-08 09:00:00+00:00,8.922088762313158e-06
2024-09-08 10:00:00+00:00,6.717644277087817e-06
2024-09-08 11:00:00+00:00,1.67006826932267e-08
2024-09-08 12:00:00+00:00,4.892934986870762e-07
2024-09-08 13:00:00+00:00,0.05354304282455695
2024-09-08 14:00:00+00:00,0.47332418789590724
2024-09-08 15:00:00+00:00,0.7877368164814014
2024-09-08 16:00:00+00:00,0.8185855964113754
2024-09-08 17:00:00+00:00,0.9191839458152259
2024-09-08 18:00:00+00:00,0.9722438836566395
2024-09-08 19:00:00+00:00,0.9957922958492436
2024-09-08 20:00:00+00:00,1.0
2024-09-08 21:00:00+00:00,0.9890802417834602
2024-09-08 22:00:00+00:00,0.9600149423599857
2024-09-08 23:00:00+00:00,0.8802031033740447
2024-09-09 00:00:00+00:00,0.5424409835148998
2024-09-09 01:00:00+00:00,0.0811830480365352
2024-09-09 02:00:00+00:00,2.661208156885092e-05
2024-09-09 03:00:00+00:00,5.538922869078441e-06
2024-09-09 04:00:00+00:00,1.7248246060217735e-08
2024-09-09 05:00:00+00:00,1.615311932623566e-08
2024-09-09 06:00:00+00:00,3.027021553287631e-06
2024-09-09 07:00:00+00:00,8.25018288073457e-06
2024-09-09 08:00:00+00:00,8.238227747221935e-06
2024-09-09 09:00:00+00:00,6.999000587160047e-06
2024-09-09 10:00:00+00:00,1.0718279127166098e-05
2024-09-09 11:00:00+00:00,7.660092092240561e-06
2024-09-09 12:00:00+00:00,8.650862374530264e-06
2024-09-09 13:00:00+00:00,0.04852212452864124
2024-09-09 14:00:00+00:00,0.4637577886661309
2024-09-09 15:00:00+00:00,0.8414137996937636
2024-09-09 16:00:00+00:00,0.9339710444819211
2024-09-09 17:00:00+00:00,0.9636060427040184
2024-09-09 18:00:00+00:00,0.9481608516736947
2024-09-09 19:00:00+00:00,0.965942532003933
2024-09-09 20:00:00+00:00,0.9892415685986957
2024-09-09 21:00:00+00:00,0.9688664287580618
2024-09-09 22:00:00+00:00,0.918076212575476
2024-09-09 23:00:00+00:00,0.8433140476319712
2024-09-10 00:00:00+00:00,0.5085034298428412
2024-09-10 01:00:00+00:00,0.08228063876003847
2024-09-10 02:00:00+00:00,5.0060159482105275e-05
2024-09-10 03:00:00+00:00,3.0650315770129253e-06
2024-09-10 04:00:00+00:00,1.4656446123126818e-07
2024-09-10 05:00:00+00:00,6.502314983018592e-08
2024-09-10 06:00:00+00:00,2.4366569831101247e-08
2024-09-10 07:00:00+00:00,2.2815140291293305e-08
2024-09-10 08:00:00+00:00,2.3180182535953998e-08
2024-09-10 09:00:00+00:00,3.090219491894513e-06
2024-09-10 10:00:00+00:00,1.1601681359244975e-05
2024-09-10 11:00:00+00:00,1.1934462995533778e-05
2024-09-10 12:00:00+00:00,5.881925688217744e-06
2024-09-10 13:00:00+00:00,0.044643937258858464
2024-09-10 14:00:00+00:00,0.44539552420568546
2024-09-10 15:00:00+00:00,0.7928558565812523
2024-09-10 16:00:00+00:00,0.8758478680389327
2024-09-10 17:00:00+00:00,0.9047105352045826
2024-09-10 18:00:00+00:00,0.8989803234460204
2024-09-10 19:00:00+00:00,0.8763234228076996
2024-09-10 20:00:00+00:00,0.8658440313865345
2024-09-10 21:00:00+00:00,0.8239988913608622
2024-09-10 22:00:00+00:00,0.7584493651699352
2024-09-10 23:00:00+00:00,0.7030286798306925
2024-09-11 00:00:00+00:00,0.4446227912377267
2024-09-11 01:00:00+00:00,0.0718593690456562
2024-09-11 02:00:00+00:00,1.199163773710376e-06
2024-09-11 03:00:00+00:00,4.197985813597968e-08
2024-09-11 04:00:00+00:00,2.664808386023058e-08
2024-09-11 05:00:00+00:00,2.819951340003852e-08
2024-09-11 06:00:00+00:00,2.9203379572855425e-08
2024-09-11 07:00:00+00:00,1.5213135546234377e-07
2024-09-11 08:00:00+00:00,2.7469428910717136e-08
2024-09-11 09:00:00+00:00,9.586921950401446e-08
2024-09-11 10:00:00+00:00,1.898219672235603e-08
2024-09-11 11:00:00+00:00,1.492110175050582e-07
2024-09-11 12:00:00+00:00,0.0010218780872529533
2024-09-11 13:00:00+00:00,0.018174884945250682
2024-09-11 14:00:00+00:00,0.2573428137544522
2024-09-11 15:00:00+00:00,0.5129711925983593
2024-09-11 16:00:00+00:00,0.6174009260650477
2024-09-11 17:00:00+00:00,0.673223527980623
2024-09-11 18:00:00+00:00,0.7010762606024414
2024-09-11 19:00:00+00:00,0.7341896885147147
2024-09-11 20:00:00+00:00,0.7501483567273919
2024-09-11 21:00:00+00:00,0.7401371886121824
2024-09-11 22:00:00+00:00,0.7818741030577807
2024-09-11 23:00:00+00:00,0.6822922266062966
2024-09-12 00:00:00+00:00,0.4305521420024305
2024-09-12 01:00:00+00:00,0.0619846749852115
2024-09-12 02:00:00+00:00,5.319030546950956e-06
2024-09-12 03:00:00+00:00,2.676033435046374e-06
2024-09-12 04:00:00+00:00,2.0729836468669096e-07
2024-09-12 05:00:00+00:00,1.351614541136798e-06
2024-09-12 06:00:00+00:00,3.1722171061014207e-07
2024-09-12 07:00:00+00:00,1.0025428946800102e-06
2024-09-12 08:00:00+00:00,5.032107342647652e-07
2024-09-12 09:00:00+00:00,5.973003728260587e-08
2024-09-12 10:00:00+00:00,0.0020861618544202832
2024-09-12 11:00:00+00:00,0.0014306296233139865
2024-09-12 12:00:00+00:00,3.200097207537381e-06
2024-09-12 13:00:00+00:00,0.01543643179603276
2024-09-12 14:00:00+00:00,0.24474793403442718
2024-09-12 15:00:00+00:00,0.5690723670574794
2024-09-12 16:00:00+00:00,0.7085446120197901
2024-09-12 17:00:00+00:00,0.7616916959399685
2024-09-12 18:00:00+00:00,0.8167825119955807
2024-09-12 19:00:00+00:00,0.8509770922315167
2024-09-12 20:00:00+00:00,0.8659751618616613
2024-09-12 21:00:00+00:00,0.8657794957049917
2024-09-12 22:00:00+00:00,0.8435043159545992
2024-09-12 23:00:00+00:00,0.7959105045772461
2024-09-13 00:00:00+00:00,0.4562211818323966
2024-09-13 01:00:00+00:00,0.056501713776693746
2024-09-13 02:00:00+00:00,0.004621380836782442
2024-09-13 03:00:00+00:00,0.003237708422610384
2024-09-13 04:00:00+00:00,9.071299779818219e-08
2024-09-13 05:00:00+00:00,7.029344723747467e-07
2024-09-13 06:00:00+00:00,1.7924943121257496e-06
2024-09-13 07:00:00+00:00,3.4856515034232085e-06
2024-09-13 08:00:00+00:00,1.1034770753286918e-06
2024-09-13 09:00:00+00:00,5.181774662958535e-07
2024-09-13 10:00:00+00:00,1.9164717844686377e-08
2024-09-13 11:00:00+00:00,6.041449149134467e-07
2024-09-13 12:00:00+00:00,2.6401680345084615e-07
2024-09-13 13:00:00+00:00,0.04545672768123225
2024-09-13 14:00:00+00:00,0.43340560823595886
2024-09-13 15:00:00+00:00,0.7902389087926661
2024-09-13 16:00:00+00:00,0.8816433707514416
2024-09-13 17:00:00+00:00,0.9438913414447799
2024-09-13 18:00:00+00:00,0.9617709715984261
2024-09-13 19:00:00+00:00,0.9556435941058244
2024-09-13 20:00:00+00:00,0.9381973595358067
2024-09-13 21:00:00+00:00,0.9174631370845681
2024-09-13 22:00:00+00:00,0.8899576696976587
2024-09-13 23:00:00+00:00,0.7673716412445502
2024-09-14 00:00:00+00:00,0.39379596296069147
2024-09-14 01:00:00+00:00,0.04568109669892712
2024-09-14 02:00:00+00:00,8.616685294373908e-06
2024-09-14 03:00:00+00:00,3.6161997361699885e-07
2024-09-14 04:00:00+00:00,6.922113564378389e-08
2024-09-14 05:00:00+00:00,1.2069209214094157e-07
2024-09-14 06:00:00+00:00,1.0212056794382883e-05
2024-09-14 07:00:00+00:00,5.918201761280901e-06
2024-09-14 08:00:00+00:00,3.6873829738788234e-06
2024-09-14 09:00:00+00:00,7.5433698345103044e-06
2024-09-14 10:00:00+00:00,1.5057992592253582e-08
2024-09-14 11:00:00+00:00,5.975467763412046e-06
2024-09-14 12:00:00+00:00,1.4236647541767021e-08
2024-09-14 13:00:00+00:00,0.03041357893866414
2024-09-14 14:00:00+00:00,0.2732004863224929
2024-09-14 15:00:00+00:00,0.5459938731988635
2024-09-14 16:00:00+00:00,0.701064688991437
2024-09-14 17:00:00+00:00,0.7614568184968069
2024-09-14 18:00:00+00:00,0.8005430201150964
2024-09-14 19:00:00+00:00,0.8066894496187498
2024-09-14 20:00:00+00:00,0.7742012441149662
2024-09-14 21:00:00+00:00,0.7125322400040187
2024-09-14 22:00:00+00:00,0.6185921206927755
2024-09-14 23:00:00+00:00,0.46618397546194934
2024-09-15 00:00:00+00:00,0.21687461718236548
2024-09-15 01:00:00+00:00,0.030523764111137577
2024-09-15 02:00:00+00:00,1.1982283529584329e-05
2024-09-15 03:00:00+00:00,2.9291354753818655e-05
2024-09-15 04:00:00+00:00,1.6974464376722217e-08
2024-09-15 05:00:00+00:00,1.53317742757491e-08
2024-09-15 06:00:00+00:00,8.780726153068306e-06
2024-09-15 07:00:00+00:00,1.4236647541767021e-08
2024-09-15 08:00:00+00:00,1.483486052020473e-06
2024-09-15 09:00:00+00:00,2.1755605176165644e-06
2024-09-15 10:00:00+00:00,4.670076696505408e-06
2024-09-15 11:00:00+00:00,1.7056598881770875e-07
2024-09-15 12:00:00+00:00,5.347868884279151e-08
2024-09-15 13:00:00+00:00,0.022251979946835768
2024-09-15 14:00:00+00:00,0.3097210443300178
2024-09-15 15:00:00+00:00,0.6754319181162103
2024-09-15 16:00:00+00:00,0.7766502049381931
2024-09-15 17:00:00+00:00,0.8370101704801254
2024-09-15 18:00:00+00:00,0.8595766925449744
2024-09-15 19:00:00+00:00,0.8438701699163212
2024-09-15 20:00:00+00:00,0.8244043535012567
2024-09-15 21:00:00+00:00,0.8111923272023204
2024-09-15 22:00:00+00:00,0.7593494344095602
2024-09-15 23:00:00+00:00,0.5769784680998297
2024-09-16 00:00:00+00:00,0.3252454291306974
2024-09-16 01:00:00+00:00,0.041002406146204734
2024-09-16 02:00:00+00:00,1.2690511114506655e-05
2024-09-16 03:00:00+00:00,9.074037596653173e-07
2024-09-16 04:00:00+00:00,1.4236647541767021e-08
2024-09-16 05:00:00+00:00,1.642690100973118e-08
2024-09-16 06:00:00+00:00,6.815475598656883e-06
2024-09-16 07:00:00+00:00,1.2706207931027069e-06
2024-09-16 08:00:00+00:00,1.9164717844686377e-08
2024-09-16 09:00:00+00:00,1.8069591110704296e-08
2024-09-16 10:00:00+00:00,1.697446437672222e-08
2024-09-16 11:00:00+00:00,1.3410739463222205e-07
2024-09-16 12:00:00+00:00,1.3689084174775984e-08
2024-09-16 13:00:00+00:00,0.030948967142929575
2024-09-16 14:00:00+00:00,0.39946206358184144
2024-09-16 15:00:00+00:00,0.7840749505079877
2024-09-16 16:00:00+00:00,0.8822642716073181
2024-09-16 17:00:00+00:00,0.9086104775319781
2024-09-16 18:00:00+00:00,0.9130447154009403
2024-09-16 19:00:00+00:00,0.8952878597229199
2024-09-16 20:00:00+00:00,0.8726120543224628
2024-09-16 21:00:00+00:00,0.8406171966590568
2024-09-16 22:00:00+00:00,0.7813194881697496
2024-09-16 23:00:00+00:00,0.7008203042511646
2024-09-17 00:00:00+00:00,0.3714518720411513
2024-09-17 01:00:00+00:00,0.040421505250589775
2024-09-17 02:00:00+00:00,0.0013843061731390698
2024-09-17 03:00:00+00:00,0.00032700356511919235
2024-09-17 04:00:00+00:00,0.00026127542745400545
2024-09-17 05:00:00+00:00,1.4875471469923234e-08
2024-09-17 06:00:00+00:00,1.6677867552935406e-07
2024-09-17 07:00:00+00:00,2.0670517103911734e-08
2024-09-17 08:00:00+00:00,1.8890936161190856e-08
2024-09-17 09:00:00+00:00,1.8890936161190856e-08
2024-09-17 10:00:00+00:00,1.7795809427208778e-08
2024-09-17 11:00:00+00:00,8.153218534496576e-07
2024-09-17 12:00:00+00:00,1.3689084174775984e-08
2024-09-17 13:00:00+00:00,0.02872820590819183
2024-09-17 14:00:00+00:00,0.3755148301429881
2024-09-17 15:00:00+00:00,0.7293844550183842
2024-09-17 16:00:00+00:00,0.8157327252879665
2024-09-17 17:00:00+00:00,0.8232595319238188
2024-09-17 18:00:00+00:00,0.8424412683117329
2024-09-17 19:00:00+00:00,0.834215739608488
2024-09-17 20:00:00+00:00,0.8160501596813142
2024-09-17 21:00:00+00:00,0.7655473330444993
2024-09-17 22:00:00+00:00,0.7110363389565179
2024-09-17 23:00:00+00:00,0.6372824265334418
2024-09-18 00:00:00+00:00,0.3428037066644322
2024-09-18 01:00:00+00:00,0.033537922442698695
2024-09-18 02:00:00+00:00,5.864175509071117e-06
2024-09-18 03:00:00+00:00,1.536827850021517e-07
2024-09-18 04:00:00+00:00,9.734764059489026e-07
2024-09-18 05:00:00+00:00,4.9178947503494364e-06
2024-09-18 06:00:00+00:00,1.3450985370696046e-05
2024-09-18 07:00:00+00:00,5.146639346909943e-07
2024-09-18 08:00:00+00:00,2.3636485341779862e-08
2024-09-18 09:00:00+00:00,2.4457830392266422e-08
2024-09-18 10:00:00+00:00,2.2815140291293305e-08
2024-09-18 11:00:00+00:00,2.9189690488680655e-07
2024-09-18 12:00:00+00:00,0.00208823406235238
2024-09-18 13:00:00+00:00,0.028252525382371513
2024-09-18 14:00:00+00:00,0.3541577114693333
2024-09-18 15:00:00+00:00,0.6879620576854054
2024-09-18 16:00:00+00:00,0.7381222553063396
2024-09-18 17:00:00+00:00,0.8207321760882975
2024-09-18 18:00:00+00:00,0.872811194905587
2024-09-18 19:00:00+00:00,0.8702432920940005
2024-09-18 20:00:00+00:00,0.8538527913173259
2024-09-18 21:00:00+00:00,0.8476111963043558
2024-09-18 22:00:00+00:00,0.8224904686342851
2024-09-18 23:00:00+00:00,0.7274746122641877
2024-09-19 00:00:00+00:00,0.3811250657028813
2024-09-19 01:00:00+00:00,0.03374874994454621
2024-09-19 02:00:00+00:00,1.1174034369624973e-05
2024-09-19 03:00:00+00:00,1.1567276127685705e-07
2024-09-19 04:00:00+00:00,2.4822872636927115e-08
2024-09-19 05:00:00+00:00,2.345396421944952e-08
2024-09-19 06:00:00+00:00,9.023114203523006e-06
2024-09-19 07:00:00+00:00,7.342824751349838e-07
2024-09-19 08:00:00+00:00,8.005558946531324e-06
2024-09-19 09:00:00+00:00,5.270890600936327e-06
2024-09-19 10:00:00+00:00,1.8568786380277795e-06
2024-09-19 11:00:00+00:00,0.0019104821713182448
2024-09-19 12:00:00+00:00,0.001152855016485807
2024-09-19 13:00:00+00:00,0.030490060445142266
2024-09-19 14:00:00+00:00,0.37152321986728226
2024-09-19 15:00:00+00:00,0.716686489148048
2024-09-19 16:00:00+00:00,0.7945468544107818
2024-09-19 17:00:00+00:00,0.8711114826963323
2024-09-19 18:00:00+00:00,0.88298747870075
2024-09-19 19:00:00+00:00,0.8816552256352278
2024-09-19 20:00:00+00:00,0.8796211964676338
2024-09-19 21:00:00+00:00,0.8473819511436174
2024-09-19 22:00:00+00:00,0.8227913558452038
2024-09-19 23:00:00+00:00,0.7118053634603131
2024-09-20 00:00:00+00:00,0.37461476765664453
2024-09-20 01:00:00+00:00,0.03643511243242637
2024-09-20 02:00:00+00:00,5.987833569449928e-06
2024-09-20 03:00:00+00:00,1.100602367651989e-07
2024-09-20 04:00:00+00:00,2.4822872636927115e-08
2024-09-20 05:00:00+00:00,9.101872067808552e-07
2024-09-20 06:00:00+00:00,3.50121142910187e-07
2024-09-20 07:00:00+00:00,2.5574859660928143e-06
2024-09-20 08:00:00+00:00,2.1081189629155013e-08
2024-09-20 09:00:00+00:00,0.0010041030852336902
2024-09-20 10:00:00+00:00,0.002077831499136565
2024-09-20 11:00:00+00:00,0.00043321233242153744
2024-09-20 12:00:00+00:00,1.2217051323181738e-06
2024-09-20 13:00:00+00:00,0.0286356609915191
2024-09-20 14:00:00+00:00,0.37284303900075766
2024-09-20 15:00:00+00:00,0.7253836989286505
2024-09-20 16:00:00+00:00,0.8565989730496872
2024-09-20 17:00:00+00:00,0.8975960672380386
2024-09-20 18:00:00+00:00,0.9054233113071338
2024-09-20 19:00:00+00:00,0.9078851142252675
2024-09-20 20:00:00+00:00,0.894362079052204
2024-09-20 21:00:00+00:00,0.8819851102506328
2024-09-20 22:00:00+00:00,0.8500927898052626
2024-09-20 23:00:00+00:00,0.7366225846500992
2024-09-21 00:00:00+00:00,0.35787437005551914
2024-09-21 01:00:00+00:00,0.02610636290310477
2024-09-21 02:00:00+00:00,8.429651337293942e-05
2024-09-21 03:00:00+00:00,2.3016643610346006e-05
2024-09-21 04:00:00+00:00,1.6974464376722217e-08
2024-09-21 05:00:00+00:00,1.8343372794199817e-08
2024-09-21 06:00:00+00:00,6.352054469060134e-06
2024-09-21 07:00:00+00:00,8.19793620946751e-07
2024-09-21 08:00:00+00:00,7.903164596904001e-08
2024-09-21 09:00:00+00:00,1.4784210908758059e-08
2024-09-21 10:00:00+00:00,2.6605191396482947e-06
2024-09-21 11:00:00+00:00,4.498324320392553e-06
2024-09-21 12:00:00+00:00,1.2885261152033136e-05
2024-09-21 13:00:00+00:00,0.028000480413116
2024-09-21 14:00:00+00:00,0.34970532068836807
2024-09-21 15:00:00+00:00,0.7082460873166487
2024-09-21 16:00:00+00:00,0.810773674716718
2024-09-21 17:00:00+00:00,0.835087834246366
2024-09-21 18:00:00+00:00,0.8306220551304054
2024-09-21 19:00:00+00:00,0.8225559133166473
2024-09-21 20:00:00+00:00,0.8113623017314412
2024-09-21 21:00:00+00:00,0.7675499595898875
2024-09-21 22:00:00+00:00,0.7356545995290065
2024-09-21 23:00:00+00:00,0.6335728555162177
2024-09-22 00:00:00+00:00,0.28588527174939204
2024-09-22 01:00:00+00:00,0.015014011253120407
2024-09-22 02:00:00+00:00,2.1015025722310263e-06
2024-09-22 03:00:00+00:00,3.911336390978159e-06
2024-09-22 04:00:00+00:00,1.4646407461398648e-06
2024-09-22 05:00:00+00:00,7.392196714940196e-06
2024-09-22 06:00:00+00:00,7.662601757672604e-06
2024-09-22 07:00:00+00:00,1.3141520807784943e-08
2024-09-22 08:00:00+00:00,1.7697248021150393e-06
2024-09-22 09:00:00+00:00,2.8236017624504595e-06
2024-09-22 10:00:00+00:00,1.7930418754927407e-06
2024-09-22 11:00:00+00:00,6.048293691221855e-06
2024-09-22 12:00:00+00:00,7.936292180606959e-06
2024-09-22 13:00:00+00:00,0.02501094135187985
2024-09-22 14:00:00+00:00,0.30689546901230186
2024-09-22 15:00:00+00:00,0.5240466793422707
2024-09-22 16:00:00+00:00,0.594251486063661
2024-09-22 17:00:00+00:00,0.6821781823897337
2024-09-22 18:00:00+00:00,0.704755233778718
2024-09-22 19:00:00+00:00,0.7089145016604177
2024-09-22 20:00:00+00:00,0.6984826558964929
2024-09-22 21:00:00+00:00,0.6414390988278911
2024-09-22 22:00:00+00:00,0.5605962056421628
2024-09-22 23:00:00+00:00,0.48186941941063877
2024-09-23 00:00:00+00:00,0.19879252068259498
2024-09-23 01:00:00+00:00,0.010237395289190394
2024-09-23 02:00:00+00:00,9.194045234585376e-07
2024-09-23 03:00:00+00:00,1.8870858837734519e-06
2024-09-23 04:00:00+00:00,2.251854346750649e-07
2024-09-23 05:00:00+00:00,1.6974464376722217e-08
2024-09-23 06:00:00+00:00,1.8069591110704296e-08
2024-09-23 07:00:00+00:00,1.8617154477695335e-08
2024-09-23 08:00:00+00:00,1.7522027743713256e-08
2024-09-23 09:00:00+00:00,1.642690100973118e-08
2024-09-23 10:00:00+00:00,1.587933764274014e-08
2024-09-23 11:00:00+00:00,1.615311932623566e-08
2024-09-23 12:00:00+00:00,1.615311932623566e-08
2024-09-23 13:00:00+00:00,0.013099696685796592
2024-09-23 14:00:00+00:00,0.14956401221488808
2024-09-23 15:00:00+00:00,0.29114306107542803
2024-09-23 16:00:00+00:00,0.37985893552258154
2024-09-23 17:00:00+00:00,0.5032112962016705
2024-09-23 18:00:00+00:00,0.5959580920957059
2024-09-23 19:00:00+00:00,0.6850884140155851
2024-09-23 20:00:00+00:00,0.6897114957210763
2024-09-23 21:00:00+00:00,0.6914341399754009
2024-09-23 22:00:00+00:00,0.6795306148120351
2024-09-23 23:00:00+00:00,0.5728968111196828
2024-09-24 00:00:00+00:00,0.30019928506684457
2024-09-24 01:00:00+00:00,0.021754678698948694
2024-09-24 02:00:00+00:00,7.5890913756540565e-06
2024-09-24 03:00:00+00:00,7.136438992274798e-06
2024-09-24 04:00:00+00:00,7.354414842617813e-06
2024-09-24 05:00:00+00:00,2.772404587636797e-06
2024-09-24 06:00:00+00:00,1.7412971373120876e-06
2024-09-24 07:00:00+00:00,1.67006826932267e-08
2024-09-24 08:00:00+00:00,1.7795809427208778e-08
2024-09-24 09:00:00+00:00,5.20267333146536e-06
2024-09-24 10:00:00+00:00,3.481316626767863e-06
2024-09-24 11:00:00+00:00,5.8954778815507724e-06
2024-09-24 12:00:00+00:00,5.587747269301808e-06
2024-09-24 13:00:00+00:00,0.02196104611465094
2024-09-24 14:00:00+00:00,0.2751608271499742
2024-09-24 15:00:00+00:00,0.5634269993300268
2024-09-24 16:00:00+00:00,0.7145047096794908
2024-09-24 17:00:00+00:00,0.8111287378015364
2024-09-24 18:00:00+00:00,0.8798170992173083
2024-09-24 19:00:00+00:00,0.8725486519145687
2024-09-24 20:00:00+00:00,0.8473980766109936
2024-09-24 21:00:00+00:00,0.8190648363272326
2024-09-24 22:00:00+00:00,0.7348211965399851
2024-09-24 23:00:00+00:00,0.6051389070129575
2024-09-25 00:00:00+00:00,0.28244226940906036
2024-09-25 01:00:00+00:00,0.01826278830415227
2024-09-25 02:00:00+00:00,1.591146136027028e-05
2024-09-25 03:00:00+00:00,3.2771667514413704e-07
2024-09-25 04:00:00+00:00,7.027063209718337e-08
2024-09-25 05:00:00+00:00,1.7522027743713256e-08
2024-09-25 06:00:00+00:00,1.1681351829142173e-07
2024-09-25 07:00:00+00:00,6.018634008843173e-08
2024-09-25 08:00:00+00:00,1.1124662406034614e-07
2024-09-25 09:00:00+00:00,1.7795809427208778e-08
2024-09-25 10:00:00+00:00,1.6153119326235657e-08
2024-09-25 11:00:00+00:00,1.2593957440793903e-07
2024-09-25 12:00:00+00:00,1.560555595924462e-08
2024-09-25 13:00:00+00:00,0.016126825059571064
2024-09-25 14:00:00+00:00,0.3056268182153028
2024-09-25 15:00:00+00:00,0.6836708524026969
2024-09-25 16:00:00+00:00,0.7763646005858896
2024-09-25 17:00:00+00:00,0.796230132463812
2024-09-25 18:00:00+00:00,0.7613739855746836
2024-09-25 19:00:00+00:00,0.7180582948601911
2024-09-25 20:00:00+00:00,0.7238601359380851
2024-09-25 21:00:00+00:00,0.727813398160947
2024-09-25 22:00:00+00:00,0.7003449299957876
2024-09-25 23:00:00+00:00,0.6602681373765809
2024-09-26 00:00:00+00:00,0.31887680954650766
2024-09-26 01:00:00+00:00,0.02027192332461119
2024-09-26 02:00:00+00:00,2.3081621129895606e-05
2024-09-26 03:00:00+00:00,2.4012113811535716e-05
2024-09-26 04:00:00+00:00,5.126744544575935e-06
2024-09-26 05:00:00+00:00,2.372774590294504e-08
2024-09-26 06:00:00+00:00,1.67006826932267e-08
2024-09-26 07:00:00+00:00,1.67006826932267e-08
2024-09-26 08:00:00+00:00,8.771235054707128e-06
2024-09-26 09:00:00+00:00,1.3603390507841885e-05
2024-09-26 10:00:00+00:00,1.642690100973118e-08
2024-09-26 11:00:00+00:00,1.6174109255303648e-05
2024-09-26 12:00:00+00:00,5.3722354541102516e-06
2024-09-26 13:00:00+00:00,0.030620362365634462
2024-09-26 14:00:00+00:00,0.4584549200451503
2024-09-26 15:00:00+00:00,0.9016735195247205
2024-09-26 16:00:00+00:00,0.9880205789948076
2024-09-26 17:00:00+00:00,0.9850864444940363
2024-09-26 18:00:00+00:00,0.9549044432904238
2024-09-26 19:00:00+00:00,0.9391666983248033
2024-09-26 20:00:00+00:00,0.9471178063837337
2024-09-26 21:00:00+00:00,0.9609521920648348
2024-09-26 22:00:00+00:00,0.9442918143702955
2024-09-26 23:00:00+00:00,0.8183770803570212
2024-09-27 00:00:00+00:00,0.3613395375784254
2024-09-27 01:00:00+00:00,0.01924396682768183
2024-09-27 02:00:00+00:00,2.0890455056319798e-06
2024-09-27 03:00:00+00:00,6.827521992730687e-06
2024-09-27 04:00:00+00:00,1.5205378398535337e-06
2024-09-27 05:00:00+00:00,1.1772612390307344e-07
2024-09-27 06:00:00+00:00,1.5751116554303071e-06
2024-09-27 07:00:00+00:00,4.098101129402686e-06
2024-09-27 08:00:00+00:00,1.6137605030837577e-06
2024-09-27 09:00:00+00:00,4.801902577108502e-06
2024-09-27 10:00:00+00:00,1.5057992592253582e-08
2024-09-27 11:00:00+00:00,5.362105531820918e-06
2024-09-27 12:00:00+00:00,3.2320840342257748e-06
2024-09-27 13:00:00+00:00,0.030737194227298675
2024-09-27 14:00:00+00:00,0.4550693362033475
2024-09-27 15:00:00+00:00,0.9090938185605633
2024-09-27 16:00:00+00:00,0.9783783640043467
2024-09-27 17:00:00+00:00,0.9840863097374141
2024-09-27 18:00:00+00:00,0.9848637786721945
2024-09-27 19:00:00+00:00,0.9805312969221253
2024-09-27 20:00:00+00:00,0.9784949081670918
2024-09-27 21:00:00+00:00,0.8896783106705978
2024-09-27 22:00:00+00:00,0.8629926352619453
2024-09-27 23:00:00+00:00,0.7546432293452099
2024-09-28 00:00:00+00:00,0.3402438234202884
2024-09-28 01:00:00+00:00,0.01614639132388488
2024-09-28 02:00:00+00:00,2.3760919116928575e-05
2024-09-28 03:00:00+00:00,2.406668762711249e-05
2024-09-28 04:00:00+00:00,5.623247627595061e-06
2024-09-28 05:00:00+00:00,2.5644217687413672e-08
2024-09-28 06:00:00+00:00,1.3464355042906742e-05
2024-09-28 07:00:00+00:00,1.9568272046158773e-05
2024-09-28 08:00:00+00:00,9.924768547834918e-06
2024-09-28 09:00:00+00:00,1.3729238821688657e-05
2024-09-28 10:00:00+00:00,6.5655129216254735e-06
2024-09-28 11:00:00+00:00,1.1659677445865443e-05
2024-09-28 12:00:00+00:00,1.024851538856837e-05
2024-09-28 13:00:00+00:00,0.028175909357826236
2024-09-28 14:00:00+00:00,0.45337543656175466
2024-09-28 15:00:00+00:00,0.8874579200449989
2024-09-28 16:00:00+00:00,0.977060194496775
2024-09-28 17:00:00+00:00,0.9893030789470058
2024-09-28 18:00:00+00:00,0.9818023883915721
2024-09-28 19:00:00+00:00,0.9773085560985212
2024-09-28 20:00:00+00:00,0.9749543178514775
2024-09-28 21:00:00+00:00,0.9738354878294228
2024-09-28 22:00:00+00:00,0.9481453996636298
2024-09-28 23:00:00+00:00,0.8170615284761251
2024-09-29 00:00:00+00:00,0.34014032609551886
2024-09-29 01:00:00+00:00,0.014329062457770374
2024-09-29 02:00:00+00:00,1.8918633741504486e-05
2024-09-29 03:00:00+00:00,4.259039129017469e-06
2024-09-29 04:00:00+00:00,1.4537807393612093e-07
2024-09-29 05:00:00+00:00,1.8069591110704296e-08
2024-09-29 06:00:00+00:00,2.8651983262295454e-05
2024-09-29 07:00:00+00:00,2.295248743584689e-06
2024-09-29 08:00:00+00:00,1.9261317148679708e-05
2024-09-29 09:00:00+00:00,1.546971461395026e-05
2024-09-29 10:00:00+00:00,8.628138494800138e-06
2024-09-29 11:00:00+00:00,9.779481734459963e-06
2024-09-29 12:00:00+00:00,1.0743695193450599e-05
2024-09-29 13:00:00+00:00,0.02481207067186536
2024-09-29 14:00:00+00:00,0.4359214024991376
2024-09-29 15:00:00+00:00,0.8854990076278211
2024-09-29 16:00:00+00:00,0.9666662698687887
2024-09-29 17:00:00+00:00,0.9829036659504857
2024-09-29 18:00:00+00:00,0.9763710026785243
2024-09-29 19:00:00+00:00,0.9760011748212967
2024-09-29 20:00:00+00:00,0.9791166608034159
2024-09-29 21:00:00+00:00,0.9769739630769841
2024-09-29 22:00:00+00:00,0.9512271513162049
2024-09-29 23:00:00+00:00,0.8097914257524362
2024-09-30 00:00:00+00:00,0.3301528634586353
2024-09-30 01:00:00+00:00,0.013159602536550281
2024-09-30 02:00:00+00:00,2.579160349369543e-06
2024-09-30 03:00:00+00:00,5.978479361930498e-07
2024-09-30 04:00:00+00:00,1.8343372794199817e-08
2024-09-30 05:00:00+00:00,1.7248246060217735e-08
2024-09-30 06:00:00+00:00,4.6246289370451525e-07
2024-09-30 07:00:00+00:00,1.6974464376722217e-08
2024-09-30 08:00:00+00:00,9.45413783390612e-07
2024-09-30 09:00:00+00:00,1.9998383070930233e-06
2024-09-30 10:00:00+00:00,1.9408839845803216e-06
2024-09-30 11:00:00+00:00,1.5122331287875026e-06
2024-09-30 12:00:00+00:00,4.210762292161092e-07
2024-09-30 13:00:00+00:00,0.026362759312807484
2024-09-30 14:00:00+00:00,0.44825916275203376
2024-09-30 15:00:00+00:00,0.8840063599280652
2024-09-30 16:00:00+00:00,0.9567052481086612
2024-09-30 17:00:00+00:00,0.9527072787057929
2024-09-30 18:00:00+00:00,0.9233695169983859
2024-09-30 19:00:00+00:00,0.9006847382663615
2024-09-30 20:00:00+00:00,0.8726767412683857
2024-09-30 21:00:00+00:00,0.8520681085441938
2024-09-30 22:00:00+00:00,0.8200858165474546
2024-09-30 23:00:00+00:00,0.7074720883365553
2024-10-01 00:00:00+00:00,0.2956659621843543
2024-10-01 01:00:00+00:00,0.01166943091833997
2024-10-01 02:00:00+00:00,1.129851377505427e-06
2024-10-01 03:00:00+00:00,8.414223739428971e-08
2024-10-01 04:00:00+00:00,8.719946619332301e-08
2024-10-01 05:00:00+00:00,2.2541358607797784e-08
2024-10-01 06:00:00+00:00,1.7522027743713256e-08
2024-10-01 07:00:00+00:00,1.7522027743713256e-08
2024-10-01 08:00:00+00:00,1.0129922289334226e-07
2024-10-01 09:00:00+00:00,5.7813565498137225e-08
2024-10-01 10:00:00+00:00,5.753978381464171e-08
2024-10-01 11:00:00+00:00,9.769443072731793e-08
2024-10-01 12:00:00+00:00,1.6130304185944366e-07
2024-10-01 13:00:00+00:00,0.02443007540905982
2024-10-01 14:00:00+00:00,0.4223072803424963
2024-10-01 15:00:00+00:00,0.861996868828974
2024-10-01 16:00:00+00:00,0.9442587202335881
2024-10-01 17:00:00+00:00,0.9534683544603408
2024-10-01 18:00:00+00:00,0.9304128571680119
2024-10-01 19:00:00+00:00,0.9062263838030217
2024-10-01 20:00:00+00:00,0.8933436072653965
2024-10-01 21:00:00+00:00,0.8962096895870518
2024-10-01 22:00:00+00:00,0.8763496392747359
2024-10-01 23:00:00+00:00,0.741652647619286
2024-10-02 00:00:00+00:00,0.27869030215739005
2024-10-02 01:00:00+00:00,0.009223810596693888
2024-10-02 02:00:00+00:00,1.3447243687688274e-07
2024-10-02 03:00:00+00:00,3.5591618854417555e-08
2024-10-02 04:00:00+00:00,1.1594654296035257e-07
2024-10-02 05:00:00+00:00,3.5865400537913076e-08
2024-10-02 06:00:00+00:00,3.258002033596684e-08
2024-10-02 07:00:00+00:00,3.0207245745672335e-08
2024-10-02 08:00:00+00:00,1.4505866197204285e-07
2024-10-02 09:00:00+00:00,2.7378168349551968e-08
2024-10-02 10:00:00+00:00,2.5552957126248497e-08
2024-10-02 11:00:00+00:00,6.205718159231778e-08
2024-10-02 12:00:00+00:00,1.4510429225262543e-08
2024-10-02 13:00:00+00:00,0.02173296863279255
2024-10-02 14:00:00+00:00,0.4100585779402307
2024-10-02 15:00:00+00:00,0.8614315679680544
2024-10-02 16:00:00+00:00,0.9463172091936767
2024-10-02 17:00:00+00:00,0.9422895302345329
2024-10-02 18:00:00+00:00,0.9230644648379769
2024-10-02 19:00:00+00:00,0.9154422388515565
2024-10-02 20:00:00+00:00,0.9134797580551766
2024-10-02 21:00:00+00:00,0.9201028588093022
2024-10-02 22:00:00+00:00,0.8876381480175787
2024-10-02 23:00:00+00:00,0.7489636834881045
2024-10-03 00:00:00+00:00,0.27214801952034856
2024-10-03 01:00:00+00:00,0.008305100976778342
2024-10-03 02:00:00+00:00,2.263261916896296e-08
2024-10-03 03:00:00+00:00,1.934723896701672e-07
2024-10-03 04:00:00+00:00,2.3704930762653743e-07
2024-10-03 05:00:00+00:00,6.1372727383579e-08
2024-10-03 06:00:00+00:00,3.805565400587723e-08
2024-10-03 07:00:00+00:00,3.9424562423354826e-08
2024-10-03 08:00:00+00:00,3.6686745588399634e-08
2024-10-03 09:00:00+00:00,2.4275309269936076e-08
2024-10-03 10:00:00+00:00,1.8525893916530163e-08
2024-10-03 11:00:00+00:00,1.8069591110704296e-08
2024-10-03 12:00:00+00:00,1.560555595924462e-08
2024-10-03 13:00:00+00:00,0.02007862624647902
2024-10-03 14:00:00+00:00,0.38391969693708067
2024-10-03 15:00:00+00:00,0.8261542334205646
2024-10-03 16:00:00+00:00,0.9230891079273083
2024-10-03 17:00:00+00:00,0.9280530344134489
2024-10-03 18:00:00+00:00,0.908966166162313
2024-10-03 19:00:00+00:00,0.8988456876983693
2024-10-03 20:00:00+00:00,0.8971887983666844
2024-10-03 21:00:00+00:00,0.891198827474892
2024-10-03 22:00:00+00:00,0.8639365649204599
2024-10-03 23:00:00+00:00,0.7111418139889085
2024-10-04 00:00:00+00:00,0.25522744724281127
2024-10-04 01:00:00+00:00,0.007288770299626653
2024-10-04 02:00:00+00:00,4.8276836856376624e-08
2024-10-04 03:00:00+00:00,3.458775268160065e-08
2024-10-04 04:00:00+00:00,3.750809063888619e-08
2024-10-04 05:00:00+00:00,3.71430483942255e-08
2024-10-04 06:00:00+00:00,4.015464691267621e-08
2024-10-04 07:00:00+00:00,3.741683007772102e-08
2024-10-04 08:00:00+00:00,3.623044278257377e-08
2024-10-04 09:00:00+00:00,1.879967560002568e-08
2024-10-04 10:00:00+00:00,1.67006826932267e-08
2024-10-04 11:00:00+00:00,1.587933764274014e-08
2024-10-04 12:00:00+00:00,9.176249425158168e-08
2024-10-04 13:00:00+00:00,0.019508348399595653
2024-10-04 14:00:00+00:00,0.38912249762265916
2024-10-04 15:00:00+00:00,0.8212201446661576
2024-10-04 16:00:00+00:00,0.9160056439568393
2024-10-04 17:00:00+00:00,0.9173799184953133
2024-10-04 18:00:00+00:00,0.900224481733614
2024-10-04 19:00:00+00:00,0.8695570061489084
2024-10-04 20:00:00+00:00,0.8510041179972094
2024-10-04 21:00:00+00:00,0.8441755235559941
2024-10-04 22:00:00+00:00,0.8306244695198116
2024-10-04 23:00:00+00:00,0.6733537324804661
2024-10-05 00:00:00+00:00,0.23473743572610622
2024-10-05 01:00:00+00:00,0.005415374823306116
2024-10-05 02:00:00+00:00,6.379113225445607e-07
2024-10-05 03:00:00+00:00,1.3666269034484688e-07
2024-10-05 04:00:00+00:00,2.5644217687413672e-08
2024-10-05 05:00:00+00:00,4.997884632210712e-07
2024-10-05 06:00:00+00:00,2.5096654320422636e-08
2024-10-05 07:00:00+00:00,2.5187914881587805e-08
2024-10-05 08:00:00+00:00,1.9347238967016724e-08
2024-10-05 09:00:00+00:00,1.560555595924462e-08
2024-10-05 10:00:00+00:00,1.587933764274014e-08
2024-10-05 11:00:00+00:00,1.4784210908758062e-08
2024-10-05 12:00:00+00:00,1.4510429225262543e-08
2024-10-05 13:00:00+00:00,0.012644330304588842
2024-10-05 14:00:00+00:00,0.28747149761789415
2024-10-05 15:00:00+00:00,0.7331256076197749
2024-10-05 16:00:00+00:00,0.865251466159185
2024-10-05 17:00:00+00:00,0.863504032479219
2024-10-05 18:00:00+00:00,0.8292818752638008
2024-10-05 19:00:00+00:00,0.8477458362043625
2024-10-05 20:00:00+00:00,0.8458933633524459
2024-10-05 21:00:00+00:00,0.8303779997951284
2024-10-05 22:00:00+00:00,0.7901724507074025
2024-10-05 23:00:00+00:00,0.6341858698169194
2024-10-06 00:00:00+00:00,0.2229986632994423
2024-10-06 01:00:00+00:00,0.005387573616625282
2024-10-06 02:00:00+00:00,8.336652262438574e-08
2024-10-06 03:00:00+00:00,1.4784210908758062e-08
2024-10-06 04:00:00+00:00,1.67006826932267e-08
2024-10-06 05:00:00+00:00,1.6153119326235657e-08
2024-10-06 06:00:00+00:00,1.8617154477695335e-08
2024-10-06 07:00:00+00:00,1.8343372794199817e-08
2024-10-06 08:00:00+00:00,1.8069591110704296e-08
2024-10-06 09:00:00+00:00,1.724824606021774e-08
2024-10-06 10:00:00+00:00,1.8617154477695335e-08
2024-10-06 11:00:00+00:00,1.8069591110704296e-08
2024-10-06 12:00:00+00:00,1.587933764274014e-08
2024-10-06 13:00:00+00:00,0.017563078021773208
2024-10-06 14:00:00+00:00,0.3833375903981922
2024-10-06 15:00:00+00:00,0.8558388977846714
2024-10-06 16:00:00+00:00,0.9507084376941123
2024-10-06 17:00:00+00:00,0.9209737064628725
2024-10-06 18:00:00+00:00,0.8840760159202828
2024-10-06 19:00:00+00:00,0.8703983370341386
2024-10-06 20:00:00+00:00,0.8871159130154729
2024-10-06 21:00:00+00:00,0.8895033409490315
2024-10-06 22:00:00+00:00,0.8598092104463271
2024-10-06 23:00:00+00:00,0.7025523340153813
2024-10-07 00:00:00+00:00,0.23459464671429034
2024-10-07 01:00:00+00:00,0.004472082574180911
2024-10-07 02:00:00+00:00,3.631257728762242e-07
2024-10-07 03:00:00+00:00,7.5609374925346e-08
2024-10-07 04:00:00+00:00,1.523595068652567e-07
2024-10-07 05:00:00+00:00,1.0184678626033332e-07
2024-10-07 06:00:00+00:00,1.9164717844686377e-08
2024-10-07 07:00:00+00:00,4.5767171424334364e-08
2024-10-07 08:00:00+00:00,1.8069591110704296e-08
2024-10-07 09:00:00+00:00,1.6426901009731178e-08
2024-10-07 10:00:00+00:00,1.724824606021774e-08
2024-10-07 11:00:00+00:00,1.7795809427208778e-08
2024-10-07 12:00:00+00:00,1.67006826932267e-08
2024-10-07 13:00:00+00:00,0.015655927134719177
2024-10-07 14:00:00+00:00,0.349092664585369
2024-10-07 15:00:00+00:00,0.8056552546411195
2024-10-07 16:00:00+00:00,0.9160992027327163
2024-10-07 17:00:00+00:00,0.9279554010816673
2024-10-07 18:00:00+00:00,0.8843739529054105
2024-10-07 19:00:00+00:00,0.8665850013899613
2024-10-07 20:00:00+00:00,0.8787410543365813
2024-10-07 21:00:00+00:00,0.8790120030184767
2024-10-07 22:00:00+00:00,0.8450308657208104
2024-10-07 23:00:00+00:00,0.6559327652220182
2024-10-08 00:00:00+00:00,0.19302519229557102
2024-10-08 01:00:00+00:00,0.0023523436321636506
2024-10-08 02:00:00+00:00,4.7542189338996983e-07
2024-10-08 03:00:00+00:00,1.0702126007839865e-06
2024-10-08 04:00:00+00:00,1.8206481952452056e-08
2024-10-08 05:00:00+00:00,2.3864636744692797e-08
2024-10-08 06:00:00+00:00,7.004248069427044e-08
2024-10-08 07:00:00+00:00,1.724824606021774e-08
2024-10-08 08:00:00+00:00,1.53317742757491e-08
2024-10-08 09:00:00+00:00,1.67006826932267e-08
2024-10-08 10:00:00+00:00,1.587933764274014e-08
2024-10-08 11:00:00+00:00,3.1621784443732524e-08
2024-10-08 12:00:00+00:00,8.441601907778523e-08
2024-10-08 13:00:00+00:00,0.0124937203083114
2024-10-08 14:00:00+00:00,0.32513815165659354
2024-10-08 15:00:00+00:00,0.7769619233175531
2024-10-08 16:00:00+00:00,0.9020062390125672
2024-10-08 17:00:00+00:00,0.910894843636165
2024-10-08 18:00:00+00:00,0.8957887126949565
2024-10-08 19:00:00+00:00,0.8897323606961839
2024-10-08 20:00:00+00:00,0.8936341217553029
2024-10-08 21:00:00+00:00,0.8929504350478835
2024-10-08 22:00:00+00:00,0.8604130659740011
2024-10-08 23:00:00+00:00,0.6617735524288437
2024-10-09 00:00:00+00:00,0.19686786141125112
2024-10-09 01:00:00+00:00,0.003061272143826006
2024-10-09 02:00:00+00:00,8.577123841108805e-07
2024-10-09 03:00:00+00:00,2.0871290338475115e-07
2024-10-09 04:00:00+00:00,5.7585414095224306e-08
2024-10-09 05:00:00+00:00,1.298637785380415e-07
2024-10-09 06:00:00+00:00,1.251182293574525e-07
2024-10-09 07:00:00+00:00,1.1352813808947549e-07
2024-10-09 08:00:00+00:00,6.899298424087095e-08
2024-10-09 09:00:00+00:00,1.5057992592253582e-08
2024-10-09 10:00:00+00:00,1.5331774275749103e-08
2024-10-09 11:00:00+00:00,1.560555595924462e-08
2024-10-09 12:00:00+00:00,3.6873829738788235e-07
2024-10-09 13:00:00+00:00,0.014198776872918626
2024-10-09 14:00:00+00:00,0.3453103225335626
2024-10-09 15:00:00+00:00,0.8079322264039683
2024-10-09 16:00:00+00:00,0.9142455224579453
2024-10-09 17:00:00+00:00,0.921137974879776
2024-10-09 18:00:00+00:00,0.918478603615466
2024-10-09 19:00:00+00:00,0.9109296492278061
2024-10-09 20:00:00+00:00,0.9181603382947087
2024-10-09 21:00:00+00:00,0.9126455406569074
2024-10-09 22:00:00+00:00,0.8705739240421407
2024-10-09 23:00:00+00:00,0.6694409934602932
2024-10-10 00:00:00+00:00,0.19581405718558292
2024-10-10 01:00:00+00:00,0.0025893653334704354
2024-10-10 02:00:00+00:00,2.4553653981489853e-07
2024-10-10 03:00:00+00:00,1.918525147094854e-06
2024-10-10 04:00:00+00:00,8.841323165681981e-07
2024-10-10 05:00:00+00:00,2.308892197478882e-08
2024-10-10 06:00:00+00:00,1.8434633355364988e-08
2024-10-10 07:00:00+00:00,1.560555595924462e-08
2024-10-10 08:00:00+00:00,1.724824606021774e-08
2024-10-10 09:00:00+00:00,1.642690100973118e-08
2024-10-10 10:00:00+00:00,1.587933764274014e-08
2024-10-10 11:00:00+00:00,1.615311932623566e-08
2024-10-10 12:00:00+00:00,1.697446437672222e-08
2024-10-10 13:00:00+00:00,0.012671617258007509
2024-10-10 14:00:00+00:00,0.3220212466183785
2024-10-10 15:00:00+00:00,0.7923953848561016
2024-10-10 16:00:00+00:00,0.9145970269740719
2024-10-10 17:00:00+00:00,0.9295304302831805
2024-10-10 18:00:00+00:00,0.9154177410490386
2024-10-10 19:00:00+00:00,0.9129817260383459
2024-10-10 20:00:00+00:00,0.9109100373788419
2024-10-10 21:00:00+00:00,0.9022914856691013
2024-10-10 22:00:00+00:00,0.8639074227310932
2024-10-10 23:00:00+00:00,0.6660367431376794
2024-10-11 00:00:00+00:00,0.18807065903083978
2024-10-11 01:00:00+00:00,0.0022450563931797358
2024-10-11 02:00:00+00:00,1.7522027743713256e-08
2024-10-11 03:00:00+00:00,1.4126678565562987e-06
2024-10-11 04:00:00+00:00,1.9438499528181895e-08
2024-10-11 05:00:00+00:00,1.67006826932267e-08
2024-10-11 06:00:00+00:00,1.7795809427208778e-08
2024-10-11 07:00:00+00:00,1.6974464376722217e-08
2024-10-11 08:00:00+00:00,1.7522027743713256e-08
2024-10-11 09:00:00+00:00,1.6974464376722217e-08
2024-10-11 10:00:00+00:00,1.6153119326235657e-08
2024-10-11 11:00:00+00:00,1.587933764274014e-08
2024-10-11 12:00:00+00:00,2.5044635800558486e-06
2024-10-11 13:00:00+00:00,0.01009208369857308
2024-10-11 14:00:00+00:00,0.3009381768391423
2024-10-11 15:00:00+00:00,0.757318131331819
2024-10-11 16:00:00+00:00,0.8946682545844908
2024-10-11 17:00:00+00:00,0.9196408278974638
2024-10-11 18:00:00+00:00,0.9255696261962834
2024-10-11 19:00:00+00:00,0.9211386973896386
2024-10-11 20:00:00+00:00,0.9120659021230049
2024-10-11 21:00:00+00:00,0.8898325633321742
2024-10-11 22:00:00+00:00,0.8675410704826919
2024-10-11 23:00:00+00:00,0.6551719014201235
2024-10-12 00:00:00+00:00,0.17235571939500016
2024-10-12 01:00:00+00:00,0.0018266488509234994
2024-10-12 02:00:00+00:00,4.734050349882195e-06
2024-10-12 03:00:00+00:00,2.269969568141936e-06
2024-10-12 04:00:00+00:00,1.0266767500801404e-05
2024-10-12 05:00:00+00:00,1.9712281211677413e-08
2024-10-12 06:00:00+00:00,2.0761777665076906e-08
2024-10-12 07:00:00+00:00,1.9164717844686377e-08
2024-10-12 08:00:00+00:00,1.8069591110704296e-08
2024-10-12 09:00:00+00:00,1.6153119326235657e-08
2024-10-12 10:00:00+00:00,1.7522027743713256e-08
2024-10-12 11:00:00+00:00,1.6153119326235657e-08
2024-10-12 12:00:00+00:00,1.9709543394842457e-06
2024-10-12 13:00:00+00:00,0.00845229837563157
2024-10-12 14:00:00+00:00,0.2783202908208042
2024-10-12 15:00:00+00:00,0.7725222790360566
2024-10-12 16:00:00+00:00,0.9237771526459353
2024-10-12 17:00:00+00:00,0.9412289523306031
2024-10-12 18:00:00+00:00,0.934186410006433
2024-10-12 19:00:00+00:00,0.9258411541089603
2024-10-12 20:00:00+00:00,0.9287403872857616
2024-10-12 21:00:00+00:00,0.9287114430405523
2024-10-12 22:00:00+00:00,0.8862468983302737
2024-10-12 23:00:00+00:00,0.660025916332953
2024-10-13 00:00:00+00:00,0.17281618021451384
2024-10-13 01:00:00+00:00,0.0015271234300986152
2024-10-13 02:00:00+00:00,8.33359503363954e-06
2024-10-13 03:00:00+00:00,1.6523180901760437e-06
2024-10-13 04:00:00+00:00,9.013714365722994e-06
2024-10-13 05:00:00+00:00,1.587933764274014e-08
2024-10-13 06:00:00+00:00,2.8905870143456966e-06
2024-10-13 07:00:00+00:00,9.614847682117989e-06
2024-10-13 08:00:00+00:00,1.8617154477695335e-08
2024-10-13 09:00:00+00:00,1.67006826932267e-08
2024-10-13 10:00:00+00:00,1.7248246060217735e-08
2024-10-13 11:00:00+00:00,1.587933764274014e-08
2024-10-13 12:00:00+00:00,3.8849620888014233e-07
2024-10-13 13:00:00+00:00,0.01017932277184995
2024-10-13 14:00:00+00:00,0.31154698130293396
2024-10-13 15:00:00+00:00,0.73827641593164
2024-10-13 16:00:00+00:00,0.9435279715499026
2024-10-13 17:00:00+00:00,0.9535029428518466
2024-10-13 18:00:00+00:00,0.9392436413815695
2024-10-13 19:00:00+00:00,0.9255546400257527
2024-10-13 20:00:00+00:00,0.9269858926849179
2024-10-13 21:00:00+00:00,0.9223008849848909
2024-10-13 22:00:00+00:00,0.8785567597477659
2024-10-13 23:00:00+00:00,0.6388641359167718
2024-10-14 00:00:00+00:00,0.16010892652871636
2024-10-14 01:00:00+00:00,0.0013712646739063219
2024-10-14 02:00:00+00:00,1.5057992592253582e-08
2024-10-14 03:00:00+00:00,1.3942788534815164e-06
2024-10-14 04:00:00+00:00,2.7923450202513873e-06
2024-10-14 05:00:00+00:00,6.292415692338693e-08
2024-10-14 06:00:00+00:00,1.8617154477695335e-08
2024-10-14 07:00:00+00:00,1.6426901009731178e-08
2024-10-14 08:00:00+00:00,1.7795809427208778e-08
2024-10-14 09:00:00+00:00,1.53317742757491e-08
2024-10-14 10:00:00+00:00,1.5331774275749103e-08
2024-10-14 11:00:00+00:00,9.796821241081345e-08
2024-10-14 12:00:00+00:00,2.306291271485675e-06
2024-10-14 13:00:00+00:00,0.007993046712923054
2024-10-14 14:00:00+00:00,0.29991383416917455
2024-10-14 15:00:00+00:00,0.8017577824633332
2024-10-14 16:00:00+00:00,0.9249521231536202
2024-10-14 17:00:00+00:00,0.941410732782219
2024-10-14 18:00:00+00:00,0.9353392004104415
2024-10-14 19:00:00+00:00,0.9219869251548883
2024-10-14 20:00:00+00:00,0.9217200584666333
2024-10-14 21:00:00+00:00,0.9210497656611036
2024-10-14 22:00:00+00:00,0.8823130727360984
2024-10-14 23:00:00+00:00,0.6494451773207972
2024-10-15 00:00:00+00:00,0.15976738118636918
2024-10-15 01:00:00+00:00,0.0011024207799634857
2024-10-15 02:00:00+00:00,1.7873380904199175e-07
2024-10-15 03:00:00+00:00,7.583752632825894e-08
2024-10-15 04:00:00+00:00,3.002472462334199e-08
2024-10-15 05:00:00+00:00,2.208505580197192e-08
2024-10-15 06:00:00+00:00,2.0624886823329145e-08
2024-10-15 07:00:00+00:00,1.743076718254808e-08
2024-10-15 08:00:00+00:00,1.642690100973118e-08
2024-10-15 09:00:00+00:00,1.3689084174775984e-08
2024-10-15 10:00:00+00:00,5.030920955352503e-06
2024-10-15 11:00:00+00:00,3.851971395940214e-06
2024-10-15 12:00:00+00:00,2.5012694604150676e-06
2024-10-15 13:00:00+00:00,0.008903408227375734
2024-10-15 14:00:00+00:00,0.31659692223688113
2024-10-15 15:00:00+00:00,0.8153987114515807
2024-10-15 16:00:00+00:00,0.9335787941329665
2024-10-15 17:00:00+00:00,0.9346079949220171
2024-10-15 18:00:00+00:00,0.9187297276287685
2024-10-15 19:00:00+00:00,0.8995392190931942
2024-10-15 20:00:00+00:00,0.9018524922539118
2024-10-15 21:00:00+00:00,0.9072690021760778
2024-10-15 22:00:00+00:00,0.8546169888675199
2024-10-15 23:00:00+00:00,0.6266682677668963
2024-10-16 00:00:00+00:00,0.14904526131285614
2024-10-16 01:00:00+00:00,0.0007501453858767142
2024-10-16 02:00:00+00:00,2.6219159222754264e-07
2024-10-16 03:00:00+00:00,3.0718761191003133e-06
2024-10-16 04:00:00+00:00,1.4283236058241842e-05
2024-10-16 05:00:00+00:00,1.560555595924462e-08
2024-10-16 06:00:00+00:00,1.6153119326235657e-08
2024-10-16 07:00:00+00:00,1.4236647541767021e-08
2024-10-16 08:00:00+00:00,2.6007434720851066e-06
2024-10-16 09:00:00+00:00,1.3141520807784943e-08
2024-10-16 10:00:00+00:00,4.186578243452321e-06
2024-10-16 11:00:00+00:00,2.614706337943378e-06
2024-10-16 12:00:00+00:00,1.044098391206572e-05
2024-10-16 13:00:00+00:00,0.0056468288546670554
2024-10-16 14:00:00+00:00,0.19956363062710367
2024-10-16 15:00:00+00:00,0.5695594173259427
2024-10-16 16:00:00+00:00,0.7058443669753456
2024-10-16 17:00:00+00:00,0.8056218745850742
2024-10-16 18:00:00+00:00,0.8348569106670168
2024-10-16 19:00:00+00:00,0.8770298390986342
2024-10-16 20:00:00+00:00,0.8822885370148171
2024-10-16 21:00:00+00:00,0.8466839642256754
2024-10-16 22:00:00+00:00,0.8342798841928959
2024-10-16 23:00:00+00:00,0.5874341599746054
2024-10-17 00:00:00+00:00,0.13291838341342016
2024-10-17 01:00:00+00:00,0.0005392581539919221
2024-10-17 02:00:00+00:00,1.3962865858271502e-08
2024-10-17 03:00:00+00:00,1.1028838816811184e-07
2024-10-17 04:00:00+00:00,1.2867739124289425e-08
2024-10-17 05:00:00+00:00,7.80223041625532e-06
2024-10-17 06:00:00+00:00,1.4127134868368814e-07
2024-10-17 07:00:00+00:00,1.3689084174775984e-08
2024-10-17 08:00:00+00:00,4.9819140340068055e-06
2024-10-17 09:00:00+00:00,1.2768265112619385e-06
2024-10-17 10:00:00+00:00,1.6248486612653266e-06
2024-10-17 11:00:00+00:00,2.3180182535953995e-06
2024-10-17 12:00:00+00:00,1.138972870593886e-05
2024-10-17 13:00:00+00:00,0.0101068492010668
2024-10-17 14:00:00+00:00,0.29343290048614046
2024-10-17 15:00:00+00:00,0.7233925792448985
2024-10-17 16:00:00+00:00,0.7202972294949279
2024-10-17 17:00:00+00:00,0.6326181782383055
2024-10-17 18:00:00+00:00,0.6518684660918656
2024-10-17 19:00:00+00:00,0.6753027162505224
2024-10-17 20:00:00+00:00,0.6678085560270642
2024-10-17 21:00:00+00:00,0.6581941268202494
2024-10-17 22:00:00+00:00,0.6232871618983088
2024-10-17 23:00:00+00:00,0.4063950427655231
2024-10-18 00:00:00+00:00,0.07823157138258646
2024-10-18 01:00:00+00:00,0.0002602326842821322
2024-10-18 02:00:00+00:00,8.48266916030285e-08
2024-10-18 03:00:00+00:00,1.3689084174775984e-08
2024-10-18 04:00:00+00:00,1.3962865858271502e-08
2024-10-18 05:00:00+00:00,3.6698153158545277e-06
2024-10-18 06:00:00+00:00,1.2867739124289425e-08
2024-10-18 07:00:00+00:00,1.2593957440793902e-08
2024-10-18 08:00:00+00:00,1.0403703972829747e-08
2024-10-18 09:00:00+00:00,6.819764845031647e-06
2024-10-18 10:00:00+00:00,5.138699678088573e-06
2024-10-18 11:00:00+00:00,1.1800309970620976e-05
2024-10-18 12:00:00+00:00,6.001431393063538e-06
2024-10-18 13:00:00+00:00,0.008143469305638142
2024-10-18 14:00:00+00:00,0.21161467698179365
2024-10-18 15:00:00+00:00,0.49329829191588453
2024-10-18 16:00:00+00:00,0.5244591139720592
2024-10-18 17:00:00+00:00,0.507252250697756
2024-10-18 18:00:00+00:00,0.502289984241223
2024-10-18 19:00:00+00:00,0.5165682147489455
2024-10-18 20:00:00+00:00,0.5091520681598964
2024-10-18 21:00:00+00:00,0.466805966744641
2024-10-18 22:00:00+00:00,0.428808440696895
2024-10-18 23:00:00+00:00,0.25773223352021135
2024-10-19 00:00:00+00:00,0.04275175889888116
2024-10-19 01:00:00+00:00,0.00025478383558692383
2024-10-19 02:00:00+00:00,9.9717221065544e-06
2024-10-19 03:00:00+00:00,6.6229158145983675e-06
2024-10-19 04:00:00+00:00,1.1120099377976357e-06
2024-10-19 05:00:00+00:00,2.3956353608663795e-06
2024-10-19 06:00:00+00:00,8.532178014734957e-06
2024-10-19 07:00:00+00:00,1.9431654986094507e-06
2024-10-19 08:00:00+00:00,1.147510296090888e-06
2024-10-19 09:00:00+00:00,2.5349446074850164e-06
2024-10-19 10:00:00+00:00,4.6400063416014845e-06
2024-10-19 11:00:00+00:00,2.288586722619631e-06
2024-10-19 12:00:00+00:00,6.120115752858846e-06
2024-10-19 13:00:00+00:00,0.0068486911575408056
2024-10-19 14:00:00+00:00,0.20633189216376926
2024-10-19 15:00:00+00:00,0.5125084691101225
2024-10-19 16:00:00+00:00,0.6443260996215949
2024-10-19 17:00:00+00:00,0.6909645222080707
2024-10-19 18:00:00+00:00,0.6648945531954136
2024-10-19 19:00:00+00:00,0.6456173626866579
2024-10-19 20:00:00+00:00,0.6342190571306596
2024-10-19 21:00:00+00:00,0.6302184831970059
2024-10-19 22:00:00+00:00,0.5859908473691732
2024-10-19 23:00:00+00:00,0.3862384516177744
2024-10-20 00:00:00+00:00,0.06574478436725817
2024-10-20 01:00:00+00:00,6.754905964211559e-05
2024-10-20 02:00:00+00:00,2.278548060891462e-06
2024-10-20 03:00:00+00:00,1.6153119326235657e-08
2024-10-20 04:00:00+00:00,9.90998433692616e-07
2024-10-20 05:00:00+00:00,2.798824520094115e-06
2024-10-20 06:00:00+00:00,1.5057992592253582e-08
2024-10-20 07:00:00+00:00,1.1498830706811826e-08
2024-10-20 08:00:00+00:00,8.02362853764203e-07
2024-10-20 09:00:00+00:00,1.2593957440793902e-08
2024-10-20 10:00:00+00:00,5.8315498584545685e-08
2024-10-20 11:00:00+00:00,8.464417048069815e-08
2024-10-20 12:00:00+00:00,3.650422446606929e-08
2024-10-20 13:00:00+00:00,0.006728071115612903
2024-10-20 14:00:00+00:00,0.23256469360840012
2024-10-20 15:00:00+00:00,0.600960124109749
2024-10-20 16:00:00+00:00,0.7504053066323982
2024-10-20 17:00:00+00:00,0.8025475942064899
2024-10-20 18:00:00+00:00,0.8207453364544112
2024-10-20 19:00:00+00:00,0.813941432192977
2024-10-20 20:00:00+00:00,0.8147293896127916
2024-10-20 21:00:00+00:00,0.7938204159177699
2024-10-20 22:00:00+00:00,0.7741896854173312
2024-10-20 23:00:00+00:00,0.5533148077357094
2024-10-21 00:00:00+00:00,0.10674511041149227
2024-10-21 01:00:00+00:00,0.00017078373651664884
2024-10-21 02:00:00+00:00,1.278195419679416e-06
2024-10-21 03:00:00+00:00,3.78539681657022e-06
2024-10-21 04:00:00+00:00,1.615311932623566e-08
2024-10-21 05:00:00+00:00,1.7011105492030035e-05
2024-10-21 06:00:00+00:00,1.4236647541767021e-08
2024-10-21 07:00:00+00:00,1.3107754400153828e-06
2024-10-21 08:00:00+00:00,1.2867739124289425e-08
2024-10-21 09:00:00+00:00,1.2939378664804084e-06
2024-10-21 10:00:00+00:00,1.5057992592253582e-08
2024-10-21 11:00:00+00:00,4.6176018738354345e-06
2024-10-21 12:00:00+00:00,2.643362154149242e-07
2024-10-21 13:00:00+00:00,0.00728285807543213
2024-10-21 14:00:00+00:00,0.24871467553343377
2024-10-21 15:00:00+00:00,0.6120732391800886
2024-10-21 16:00:00+00:00,0.6560938130993487
2024-10-21 17:00:00+00:00,0.6401272864853798
2024-10-21 18:00:00+00:00,0.6636319570347147
2024-10-21 19:00:00+00:00,0.6808943655020077
2024-10-21 20:00:00+00:00,0.6947248053502258
2024-10-21 21:00:00+00:00,0.7353274655525454
2024-10-21 22:00:00+00:00,0.6946844369254487
2024-10-21 23:00:00+00:00,0.5185580956162098
2024-10-22 00:00:00+00:00,0.10584447261857118
2024-10-22 01:00:00+00:00,0.00019211310924189252
2024-10-22 02:00:00+00:00,6.009507952726657e-08
2024-10-22 03:00:00+00:00,1.0079728980693381e-07
2024-10-22 04:00:00+00:00,5.758541409522429e-08
2024-10-22 05:00:00+00:00,3.6686745588399634e-08
2024-10-22 06:00:00+00:00,1.5331774275749103e-08
2024-10-22 07:00:00+00:00,1.4784210908758062e-08
2024-10-22 08:00:00+00:00,1.5057992592253582e-08
2024-10-22 09:00:00+00:00,1.5057992592253582e-08
2024-10-22 10:00:00+00:00,1.587933764274014e-08
2024-10-22 11:00:00+00:00,1.724824606021774e-08
2024-10-22 12:00:00+00:00,1.7795809427208778e-08
2024-10-22 13:00:00+00:00,0.003916655877827915
2024-10-22 14:00:00+00:00,0.2060556003585389
2024-10-22 15:00:00+00:00,0.6498477952801726
2024-10-22 16:00:00+00:00,0.7826772481514449
2024-10-22 17:00:00+00:00,0.8267227112897699
2024-10-22 18:00:00+00:00,0.8060300785577682
2024-10-22 19:00:00+00:00,0.7843288137070336
2024-10-22 20:00:00+00:00,0.7880628574757517
2024-10-22 21:00:00+00:00,0.7827767172350446
2024-10-22 22:00:00+00:00,0.7477309477373885
2024-10-22 23:00:00+00:00,0.5326710778423834
2024-10-23 00:00:00+00:00,0.10695355204285896
2024-10-23 01:00:00+00:00,0.0001378122083732834
2024-10-23 02:00:00+00:00,3.414513895994956e-07
2024-10-23 03:00:00+00:00,1.8069591110704296e-08
2024-10-23 04:00:00+00:00,1.8617154477695335e-08
2024-10-23 05:00:00+00:00,1.7248246060217735e-08
2024-10-23 06:00:00+00:00,1.8069591110704296e-08
2024-10-23 07:00:00+00:00,1.8343372794199817e-08
2024-10-23 08:00:00+00:00,1.67006826932267e-08
2024-10-23 09:00:00+00:00,1.7795809427208778e-08
2024-10-23 10:00:00+00:00,1.6426901009731178e-08
2024-10-23 11:00:00+00:00,1.67006826932267e-08
2024-10-23 12:00:00+00:00,1.724824606021774e-08
2024-10-23 13:00:00+00:00,0.0036052138810774865
2024-10-23 14:00:00+00:00,0.22004783336346023
2024-10-23 15:00:00+00:00,0.6929445159517686
2024-10-23 16:00:00+00:00,0.8602803016154174
2024-10-23 17:00:00+00:00,0.8611174820615863
2024-10-23 18:00:00+00:00,0.8458463820048857
2024-10-23 19:00:00+00:00,0.8343949329144554
2024-10-23 20:00:00+00:00,0.8454925771750543
2024-10-23 21:00:00+00:00,0.8575168339920142
2024-10-23 22:00:00+00:00,0.8021000499048705
2024-10-23 23:00:00+00:00,0.5697039237246289
2024-10-24 00:00:00+00:00,0.10518275474662911
2024-10-24 01:00:00+00:00,0.00011846077142045308
2024-10-24 02:00:00+00:00,9.60836818227526e-07
2024-10-24 03:00:00+00:00,1.5290707023224772e-07
2024-10-24 04:00:00+00:00,2.574004127663711e-07
2024-10-24 05:00:00+00:00,1.488459752603975e-07
2024-10-24 06:00:00+00:00,9.56684462694511e-07
2024-10-24 07:00:00+00:00,2.0671429709523385e-06
2024-10-24 08:00:00+00:00,1.7248246060217735e-08
2024-10-24 09:00:00+00:00,1.7248246060217735e-08
2024-10-24 10:00:00+00:00,1.7522027743713256e-08
2024-10-24 11:00:00+00:00,1.697446437672222e-08
2024-10-24 12:00:00+00:00,1.3479184884096084e-06
2024-10-24 13:00:00+00:00,0.003204625556582397
2024-10-24 14:00:00+00:00,0.19724265895359755
2024-10-24 15:00:00+00:00,0.6005757665673178
2024-10-24 16:00:00+00:00,0.7714423495126529
2024-10-24 17:00:00+00:00,0.7727142254122533
2024-10-24 18:00:00+00:00,0.6938919980645175
2024-10-24 19:00:00+00:00,0.6530746775536724
2024-10-24 20:00:00+00:00,0.6732094953916961
2024-10-24 21:00:00+00:00,0.6833992372449234
2024-10-24 22:00:00+00:00,0.6441656344885779
2024-10-24 23:00:00+00:00,0.4451680268215841
2024-10-25 00:00:00+00:00,0.09039507999764175
2024-10-25 01:00:00+00:00,6.75846056306894e-05
2024-10-25 02:00:00+00:00,6.01680879761987e-07
2024-10-25 03:00:00+00:00,2.737816834955196e-08
2024-10-25 04:00:00+00:00,1.8069591110704296e-08
2024-10-25 05:00:00+00:00,2.0259844578668455e-08
2024-10-25 06:00:00+00:00,1.9438499528181895e-08
2024-10-25 07:00:00+00:00,1.724824606021774e-08
2024-10-25 08:00:00+00:00,1.8617154477695335e-08
2024-10-25 09:00:00+00:00,1.724824606021774e-08
2024-10-25 10:00:00+00:00,1.86764738424527e-07
2024-10-25 11:00:00+00:00,1.724824606021774e-08
2024-10-25 12:00:00+00:00,5.909121335444965e-08
2024-10-25 13:00:00+00:00,0.003150110649697856
2024-10-25 14:00:00+00:00,0.18443635799051408
2024-10-25 15:00:00+00:00,0.6210819169667015
2024-10-25 16:00:00+00:00,0.767157633814079
2024-10-25 17:00:00+00:00,0.8387817015568974
2024-10-25 18:00:00+00:00,0.8467835179534455
2024-10-25 19:00:00+00:00,0.8362933801449004
2024-10-25 20:00:00+00:00,0.8418443247677011
2024-10-25 21:00:00+00:00,0.8423581783998696
2024-10-25 22:00:00+00:00,0.7955016408819555
2024-10-25 23:00:00+00:00,0.549103401235247
2024-10-26 00:00:00+00:00,0.09541947463648365
2024-10-26 01:00:00+00:00,4.26144840783223e-05
2024-10-26 02:00:00+00:00,3.32690375727639e-07
2024-10-26 03:00:00+00:00,5.635339651949447e-08
2024-10-26 04:00:00+00:00,1.6153119326235657e-08
2024-10-26 05:00:00+00:00,1.8617154477695335e-08
2024-10-26 06:00:00+00:00,1.8069591110704296e-08
2024-10-26 07:00:00+00:00,1.8890936161190856e-08
2024-10-26 08:00:00+00:00,1.7795809427208778e-08
2024-10-26 09:00:00+00:00,1.6974464376722217e-08
2024-10-26 10:00:00+00:00,1.7522027743713256e-08
2024-10-26 11:00:00+00:00,1.53317742757491e-08
2024-10-26 12:00:00+00:00,1.642690100973118e-08
2024-10-26 13:00:00+00:00,0.0022576372547300026
2024-10-26 14:00:00+00:00,0.17889135109923474
2024-10-26 15:00:00+00:00,0.6671291315985237
2024-10-26 16:00:00+00:00,0.8279637976099837
2024-10-26 17:00:00+00:00,0.81734613448352
2024-10-26 18:00:00+00:00,0.8194773477984136
2024-10-26 19:00:00+00:00,0.8121661051787937
2024-10-26 20:00:00+00:00,0.8215329615488922
2024-10-26 21:00:00+00:00,0.8133905212973419
2024-10-26 22:00:00+00:00,0.7694161008554614
2024-10-26 23:00:00+00:00,0.5119778436576533
2024-10-27 00:00:00+00:00,0.08671590029871522
2024-10-27 01:00:00+00:00,2.9942818269696242e-05
2024-10-27 02:00:00+00:00,5.435479022997716e-07
2024-10-27 03:00:00+00:00,1.7964641465364348e-07
2024-10-27 04:00:00+00:00,1.7522027743713256e-08
2024-10-27 05:00:00+00:00,1.7522027743713256e-08
2024-10-27 06:00:00+00:00,1.6974464376722217e-08
2024-10-27 07:00:00+00:00,1.53317742757491e-08
2024-10-27 08:00:00+00:00,1.67006826932267e-08
2024-10-27 09:00:00+00:00,1.587933764274014e-08
2024-10-27 10:00:00+00:00,1.5057992592253582e-08
2024-10-27 11:00:00+00:00,1.560555595924462e-08
2024-10-27 12:00:00+00:00,1.67006826932267e-08
2024-10-27 13:00:00+00:00,0.0019929258671481285
2024-10-27 14:00:00+00:00,0.18339676011388137
2024-10-27 15:00:00+00:00,0.6538709286876554
2024-10-27 16:00:00+00:00,0.8192048191224229
2024-10-27 17:00:00+00:00,0.8519505778091522
2024-10-27 18:00:00+00:00,0.8644972325283194
2024-10-27 19:00:00+00:00,0.8473882467534293
2024-10-27 20:00:00+00:00,0.8401043419193606
2024-10-27 21:00:00+00:00,0.8408719735588411
2024-10-27 22:00:00+00:00,0.7898348099481647
2024-10-27 23:00:00+00:00,0.5231549552421403
2024-10-28 00:00:00+00:00,0.08213069587846314
2024-10-28 01:00:00+00:00,4.1338615802952586e-05
2024-10-28 02:00:00+00:00,6.44847125193114e-07
2024-10-28 03:00:00+00:00,1.3637065654911833e-06
2024-10-28 04:00:00+00:00,2.733253806896938e-08
2024-10-28 05:00:00+00:00,3.4286592829755574e-07
2024-10-28 06:00:00+00:00,2.3622796257605087e-07
2024-10-28 07:00:00+00:00,1.92833565742011e-07
2024-10-28 08:00:00+00:00,2.1651568136437347e-07
2024-10-28 09:00:00+00:00,1.4054126419436676e-07
2024-10-28 10:00:00+00:00,1.5354589416040393e-07
2024-10-28 11:00:00+00:00,1.642690100973118e-08
2024-10-28 12:00:00+00:00,3.7503527610827936e-07
2024-10-28 13:00:00+00:00,0.002084862030247607
2024-10-28 14:00:00+00:00,0.13197602804521588
2024-10-28 15:00:00+00:00,0.38170236354028086
2024-10-28 16:00:00+00:00,0.5082116954730138
2024-10-28 17:00:00+00:00,0.5378045844294994
2024-10-28 18:00:00+00:00,0.5467264655284056
2024-10-28 19:00:00+00:00,0.5536789372834979
2024-10-28 20:00:00+00:00,0.5543934993552313
2024-10-28 21:00:00+00:00,0.5276209124987162
2024-10-28 22:00:00+00:00,0.46721871608647464
2024-10-28 23:00:00+00:00,0.29969099175814684
2024-10-29 00:00:00+00:00,0.051067108436678346
2024-10-29 01:00:00+00:00,9.505745681245024e-06
2024-10-29 02:00:00+00:00,7.158022114990361e-07
2024-10-29 03:00:00+00:00,4.0255033529957905e-07
2024-10-29 04:00:00+00:00,1.7480960491188931e-07
2024-10-29 05:00:00+00:00,4.4443893287439356e-07
2024-10-29 06:00:00+00:00,1.9986062895172934e-08
2024-10-29 07:00:00+00:00,5.783181761037027e-07
2024-10-29 08:00:00+00:00,1.7522027743713256e-08
2024-10-29 09:00:00+00:00,3.4131449875774784e-08
2024-10-29 10:00:00+00:00,1.7795809427208778e-08
2024-10-29 11:00:00+00:00,1.8890936161190856e-08
2024-10-29 12:00:00+00:00,4.6196096061810676e-07
2024-10-29 13:00:00+00:00,0.001565196606132236
2024-10-29 14:00:00+00:00,0.11158719756897752
2024-10-29 15:00:00+00:00,0.2773264089640512
2024-10-29 16:00:00+00:00,0.3177666923983789
2024-10-29 17:00:00+00:00,0.3678812655337761
2024-10-29 18:00:00+00:00,0.3982152597418403
2024-10-29 19:00:00+00:00,0.40797799037214694
2024-10-29 20:00:00+00:00,0.41426333738646004
2024-10-29 21:00:00+00:00,0.3987217191239311
2024-10-29 22:00:00+00:00,0.36187084342400827
2024-10-29 23:00:00+00:00,0.2436388931677265
2024-10-30 00:00:00+00:00,0.04082167509978165
2024-10-30 01:00:00+00:00,4.1044437384036653e-07
2024-10-30 02:00:00+00:00,7.775856114078584e-07
2024-10-30 03:00:00+00:00,2.9623178154215223e-07
2024-10-30 04:00:00+00:00,4.223995073530042e-07
2024-10-30 05:00:00+00:00,1.8343372794199817e-08
2024-10-30 06:00:00+00:00,3.6879761675263975e-05
2024-10-30 07:00:00+00:00,6.239028264057067e-07
2024-10-30 08:00:00+00:00,1.8343372794199817e-08
2024-10-30 09:00:00+00:00,3.107422107674148e-08
2024-10-30 10:00:00+00:00,1.7248246060217735e-08
2024-10-30 11:00:00+00:00,6.245416503338629e-07
2024-10-30 12:00:00+00:00,1.4527768731883926e-06
2024-10-30 13:00:00+00:00,0.0006834594686220987
2024-10-30 14:00:00+00:00,0.09391916570387854
2024-10-30 15:00:00+00:00,0.27494956894390826
2024-10-30 16:00:00+00:00,0.3148237087260339
2024-10-30 17:00:00+00:00,0.4033732730293791
2024-10-30 18:00:00+00:00,0.4748133690176169
2024-10-30 19:00:00+00:00,0.5345400386029947
2024-10-30 20:00:00+00:00,0.5641518340099368
2024-10-30 21:00:00+00:00,0.5585865401696922
2024-10-30 22:00:00+00:00,0.5272660861437936
2024-10-30 23:00:00+00:00,0.33799263167084215
2024-10-31 00:00:00+00:00,0.055462182429010125
2024-10-31 01:00:00+00:00,0.0002726605018713249
2024-10-31 02:00:00+00:00,1.3133307357280079e-06
2024-10-31 03:00:00+00:00,7.350125596243051e-07
2024-10-31 04:00:00+00:00,1.0710795761150555e-06
2024-10-31 05:00:00+00:00,1.5676739196953454e-06
2024-10-31 06:00:00+00:00,5.192725930298356e-08
2024-10-31 07:00:00+00:00,1.8115677694092713e-06
2024-10-31 08:00:00+00:00,1.67006826932267e-08
2024-10-31 09:00:00+00:00,1.4784210908758059e-08
2024-10-31 10:00:00+00:00,1.642690100973118e-08
2024-10-31 11:00:00+00:00,3.06635485514982e-08
2024-10-31 12:00:00+00:00,1.5368278500215168e-07
2024-10-31 13:00:00+00:00,0.00038455576037015255
2024-10-31 14:00:00+00:00,0.07607612441886902
2024-10-31 15:00:00+00:00,0.37040480622153793
2024-10-31 16:00:00+00:00,0.5719662515896816
2024-10-31 17:00:00+00:00,0.6436372941549301
2024-10-31 18:00:00+00:00,0.6920779085832821
2024-10-31 19:00:00+00:00,0.6986585362159387
2024-10-31 20:00:00+00:00,0.7254919150176259
2024-10-31 21:00:00+00:00,0.7509288357092614
2024-10-31 22:00:00+00:00,0.7187807445365958
2024-10-31 23:00:00+00:00,0.46127037219385847
2024-11-01 00:00:00+00:00,0.06791985604767886
2024-11-01 01:00:00+00:00,1.2190585760443839e-06
2024-11-01 02:00:00+00:00,8.062870578943053e-08
2024-11-01 03:00:00+00:00,1.120679691108327e-07
2024-11-01 04:00:00+00:00,1.5057992592253582e-08
2024-11-01 05:00:00+00:00,1.4510429225262541e-08
2024-11-01 06:00:00+00:00,1.53317742757491e-08
2024-11-01 07:00:00+00:00,1.4236647541767021e-08
2024-11-01 08:00:00+00:00,1.3689084174775984e-08
2024-11-01 09:00:00+00:00,2.1172450190320187e-08
2024-11-01 10:00:00+00:00,1.4510429225262541e-08
2024-11-01 11:00:00+00:00,1.4784210908758062e-08
2024-11-01 12:00:00+00:00,1.4784210908758062e-08
2024-11-01 13:00:00+00:00,0.0003623128237973649
2024-11-01 14:00:00+00:00,0.05320254031664216
2024-11-01 15:00:00+00:00,0.1652715310894571
2024-11-01 16:00:00+00:00,0.2621855938990087
2024-11-01 17:00:00+00:00,0.3633829136983244
2024-11-01 18:00:00+00:00,0.4420281966284712
2024-11-01 19:00:00+00:00,0.4685420158977529
2024-11-01 20:00:00+00:00,0.4490798632748071
2024-11-01 21:00:00+00:00,0.39291235279142406
2024-11-01 22:00:00+00:00,0.3678160449873521
2024-11-01 23:00:00+00:00,0.23138468506143606
2024-11-02 00:00:00+00:00,0.03383453468952034
2024-11-02 01:00:00+00:00,3.3812037911696674e-08
2024-11-02 02:00:00+00:00,9.185375481274684e-08
2024-11-02 03:00:00+00:00,1.8617154477695335e-08
2024-11-02 04:00:00+00:00,1.8343372794199817e-08
2024-11-02 05:00:00+00:00,1.8069591110704296e-08
2024-11-02 06:00:00+00:00,2.071614738449432e-08
2024-11-02 07:00:00+00:00,1.7248246060217735e-08
2024-11-02 08:00:00+00:00,5.375247052628702e-08
2024-11-02 09:00:00+00:00,4.791179461171594e-08
2024-11-02 10:00:00+00:00,1.0084292008751641e-07
2024-11-02 11:00:00+00:00,5.037582976317561e-08
2024-11-02 12:00:00+00:00,1.67006826932267e-08
2024-11-02 13:00:00+00:00,0.0001356199928032542
2024-11-02 14:00:00+00:00,0.02975157843276414
2024-11-02 15:00:00+00:00,0.14773596050661833
2024-11-02 16:00:00+00:00,0.2878435151353961
2024-11-02 17:00:00+00:00,0.3543444559022829
2024-11-02 18:00:00+00:00,0.36423425938064613
2024-11-02 19:00:00+00:00,0.33806124154324724
2024-11-02 20:00:00+00:00,0.356127168086118
2024-11-02 21:00:00+00:00,0.36867335628129666
2024-11-02 22:00:00+00:00,0.28338347836209526
2024-11-02 23:00:00+00:00,0.20584513543490088
2024-11-03 00:00:00+00:00,0.03262952380602584
2024-11-03 01:00:00+00:00,3.4829593168688355e-07
2024-11-03 02:00:00+00:00,1.379859684817419e-07
2024-11-03 03:00:00+00:00,6.182903018940486e-08
2024-11-03 04:00:00+00:00,1.9986062895172934e-08
2024-11-03 05:00:00+00:00,8.82489626467225e-08
2024-11-03 06:00:00+00:00,1.7522027743713256e-08
2024-11-03 07:00:00+00:00,3.2726949839442763e-06
2024-11-03 08:00:00+00:00,1.8069591110704296e-08
2024-11-03 09:00:00+00:00,1.4222958457592245e-07
2024-11-03 10:00:00+00:00,1.8617154477695335e-08
2024-11-03 11:00:00+00:00,1.8069591110704296e-08
2024-11-03 12:00:00+00:00,0.00037001512389914427
2024-11-03 13:00:00+00:00,0.060608242590768635
2024-11-03 14:00:00+00:00,0.27061945403649273
2024-11-03 15:00:00+00:00,0.4370416027985181
2024-11-03 16:00:00+00:00,0.5465887551668186
2024-11-03 17:00:00+00:00,0.5506634370110152
2024-11-03 18:00:00+00:00,0.5734441385781233
2024-11-03 19:00:00+00:00,0.5679869405910646
2024-11-03 20:00:00+00:00,0.5438688290979046
2024-11-03 21:00:00+00:00,0.49033397695434244
2024-11-03 22:00:00+00:00,0.31813647083801266
2024-11-03 23:00:00+00:00,0.04769999869842363
2024-11-04 00:00:00+00:00,9.928236449159194e-07
2024-11-04 01:00:00+00:00,1.7193489723518633e-07
2024-11-04 02:00:00+00:00,4.010901663209363e-08
2024-11-04 03:00:00+00:00,2.0259844578668455e-08
2024-11-04 04:00:00+00:00,9.833325465547414e-08
2024-11-04 05:00:00+00:00,4.850498825928956e-08
2024-11-04 06:00:00+00:00,1.9712281211677413e-08
2024-11-04 07:00:00+00:00,1.9164717844686377e-08
2024-11-04 08:00:00+00:00,1.7795809427208778e-08
2024-11-04 09:00:00+00:00,6.458053610853483e-07
2024-11-04 10:00:00+00:00,1.2453872479405363e-06
2024-11-04 11:00:00+00:00,5.079562834453541e-07
2024-11-04 12:00:00+00:00,0.0006420399047013925
2024-11-04 13:00:00+00:00,0.07923688978471317
2024-11-04 14:00:00+00:00,0.3047169003184379
2024-11-04 15:00:00+00:00,0.42775375375344904
2024-11-04 16:00:00+00:00,0.4881605061666857
2024-11-04 17:00:00+00:00,0.500739964996497
2024-11-04 18:00:00+00:00,0.4688789098261884
2024-11-04 19:00:00+00:00,0.4646531987803268
2024-11-04 20:00:00+00:00,0.430312031085498
2024-11-04 21:00:00+00:00,0.36229882146131387
2024-11-04 22:00:00+00:00,0.20808157208555744
2024-11-04 23:00:00+00:00,0.028987339632796413
2024-11-05 00:00:00+00:00,5.426307336600617e-06
2024-11-05 01:00:00+00:00,2.1924893517127035e-06
2024-11-05 02:00:00+00:00,8.409660711370712e-08
2024-11-05 03:00:00+00:00,1.799658266177216e-07
2024-11-05 04:00:00+00:00,1.587933764274014e-08
2024-11-05 05:00:00+00:00,1.8069591110704296e-08
2024-11-05 06:00:00+00:00,1.6153119326235657e-08
2024-11-05 07:00:00+00:00,2.1628752996146052e-08
2024-11-05 08:00:00+00:00,1.5057992592253582e-08
2024-11-05 09:00:00+00:00,1.5331774275749103e-08
2024-11-05 10:00:00+00:00,1.53317742757491e-08
2024-11-05 11:00:00+00:00,1.4784210908758062e-08
2024-11-05 12:00:00+00:00,0.00020143619690996548
2024-11-05 13:00:00+00:00,0.05641399020109766
2024-11-05 14:00:00+00:00,0.33127385603657755
2024-11-05 15:00:00+00:00,0.5007008427346825
2024-11-05 16:00:00+00:00,0.635721697542451
2024-11-05 17:00:00+00:00,0.7273368746613232
2024-11-05 18:00:00+00:00,0.7724469788062823
2024-11-05 19:00:00+00:00,0.7798416192052687
2024-11-05 20:00:00+00:00,0.7821369984970862
2024-11-05 21:00:00+00:00,0.778630817793538
2024-11-05 22:00:00+00:00,0.5041193821340305
2024-11-05 23:00:00+00:00,0.06689136558520613
2024-11-06 00:00:00+00:00,3.434134916645468e-07
2024-11-06 01:00:00+00:00,1.1439511342054463e-07
2024-11-06 02:00:00+00:00,2.413841842818832e-08
2024-11-06 03:00:00+00:00,2.8473295083534043e-08
2024-11-06 04:00:00+00:00,2.892959788935991e-08
2024-11-06 05:00:00+00:00,2.7469428910717136e-08
2024-11-06 06:00:00+00:00,2.673934442139575e-08
2024-11-06 07:00:00+00:00,2.6283041615569886e-08
2024-11-06 08:00:00+00:00,2.537043600391815e-07
2024-11-06 09:00:00+00:00,3.481590408451358e-07
2024-11-06 10:00:00+00:00,2.6533551855968286e-06
2024-11-06 11:00:00+00:00,1.1065753713802496e-05
2024-11-06 12:00:00+00:00,0.0006330885212989455
2024-11-06 13:00:00+00:00,0.17519460342287194
2024-11-06 14:00:00+00:00,0.5954244012466176
2024-11-06 15:00:00+00:00,0.7994266149774126
2024-11-06 16:00:00+00:00,0.8208465917809745
2024-11-06 17:00:00+00:00,0.8151013270035208
2024-11-06 18:00:00+00:00,0.7936725283609228
2024-11-06 19:00:00+00:00,0.7620730772017186
2024-11-06 20:00:00+00:00,0.7523404039216859
2024-11-06 21:00:00+00:00,0.742860771583043
2024-11-06 22:00:00+00:00,0.45286252642689795
2024-11-06 23:00:00+00:00,0.05293416011761061
2024-11-07 00:00:00+00:00,7.910967374883622e-06
2024-11-07 01:00:00+00:00,1.560555595924462e-08
2024-11-07 02:00:00+00:00,5.248394872609112e-07
2024-11-07 03:00:00+00:00,1.560555595924462e-08
2024-11-07 04:00:00+00:00,1.4784210908758062e-08
2024-11-07 05:00:00+00:00,1.4510429225262541e-08
2024-11-07 06:00:00+00:00,1.2867739124289425e-08
2024-11-07 07:00:00+00:00,1.7750179146626192e-08
2024-11-07 08:00:00+00:00,1.2593957440793902e-08
2024-11-07 09:00:00+00:00,1.3415302491280463e-08
2024-11-07 10:00:00+00:00,1.3689084174775984e-08
2024-11-07 11:00:00+00:00,1.148057859457879e-07
2024-11-07 12:00:00+00:00,0.00018615219753798635
2024-11-07 13:00:00+00:00,0.03348280713258225
2024-11-07 14:00:00+00:00,0.15206809259184761
2024-11-07 15:00:00+00:00,0.2624422022157344
2024-11-07 16:00:00+00:00,0.35903588893900945
2024-11-07 17:00:00+00:00,0.41860335762392387
2024-11-07 18:00:00+00:00,0.47142851872820474
2024-11-07 19:00:00+00:00,0.46234981721494295
2024-11-07 20:00:00+00:00,0.4512654725840741
2024-11-07 21:00:00+00:00,0.3838102806348351
2024-11-07 22:00:00+00:00,0.17576215002368076
2024-11-07 23:00:00+00:00,0.01823058938791973
2024-11-08 00:00:00+00:00,5.362470574065578e-07
2024-11-08 01:00:00+00:00,1.0262250103023728e-07
2024-11-08 02:00:00+00:00,4.3175371487243447e-07
2024-11-08 03:00:00+00:00,1.8722104123035286e-07
2024-11-08 04:00:00+00:00,1.6436027065847698e-07
2024-11-08 05:00:00+00:00,5.667280848357256e-08
2024-11-08 06:00:00+00:00,1.6974464376722217e-08
2024-11-08 07:00:00+00:00,1.5605555959244618e-08
2024-11-08 08:00:00+00:00,3.5363467451504616e-08
2024-11-08 09:00:00+00:00,1.560555595924462e-08
2024-11-08 10:00:00+00:00,2.5826738809744025e-08
2024-11-08 11:00:00+00:00,1.697446437672222e-08
2024-11-08 12:00:00+00:00,5.804231009469774e-05
2024-11-08 13:00:00+00:00,0.0235728831645173
2024-11-08 14:00:00+00:00,0.11212128362192597
2024-11-08 15:00:00+00:00,0.2558162128823268
2024-11-08 16:00:00+00:00,0.35843853545253673
2024-11-08 17:00:00+00:00,0.39738825051336446
2024-11-08 18:00:00+00:00,0.3885994264456617
2024-11-08 19:00:00+00:00,0.3383150064546688
2024-11-08 20:00:00+00:00,0.34694700340036466
2024-11-08 21:00:00+00:00,0.3139746077341048
2024-11-08 22:00:00+00:00,0.20731381788314332
2024-11-08 23:00:00+00:00,0.04571164932026653
2024-11-09 00:00:00+00:00,1.4770521824583285e-07
2024-11-09 01:00:00+00:00,9.030232527293889e-07
2024-11-09 02:00:00+00:00,3.3812037911696674e-07
2024-11-09 03:00:00+00:00,3.589734173432088e-07
2024-11-09 04:00:00+00:00,2.1615063911971276e-07
2024-11-09 05:00:00+00:00,1.4510429225262543e-08
2024-11-09 06:00:00+00:00,1.6709808749343216e-07
2024-11-09 07:00:00+00:00,1.2867739124289425e-08
2024-11-09 08:00:00+00:00,1.3689084174775984e-08
2024-11-09 09:00:00+00:00,1.2320175757298384e-08
2024-11-09 10:00:00+00:00,1.1225049023316306e-08
2024-11-09 11:00:00+00:00,1.2867739124289425e-08
2024-11-09 12:00:00+00:00,0.00017597454597516275
2024-11-09 13:00:00+00:00,0.13462268543570768
2024-11-09 14:00:00+00:00,0.6148543734792248
2024-11-09 15:00:00+00:00,0.8372309444249041
2024-11-09 16:00:00+00:00,0.8599365433413526
2024-11-09 17:00:00+00:00,0.8442592860581934
2024-11-09 18:00:00+00:00,0.8322554050779853
2024-11-09 19:00:00+00:00,0.8412444852522818
2024-11-09 20:00:00+00:00,0.8608631663014177
2024-11-09 21:00:00+00:00,0.8165043125252099
2024-11-09 22:00:00+00:00,0.47541220854543736
2024-11-09 23:00:00+00:00,0.05169386146730008
2024-11-10 00:00:00+00:00,1.267609194584256e-07
2024-11-10 01:00:00+00:00,5.561418597405656e-07
2024-11-10 02:00:00+00:00,1.5331774275749103e-08
2024-11-10 03:00:00+00:00,1.0951267339820787e-07
2024-11-10 04:00:00+00:00,9.500224417294533e-08
2024-11-10 05:00:00+00:00,1.3415302491280463e-08
2024-11-10 06:00:00+00:00,1.1225049023316306e-08
2024-11-10 07:00:00+00:00,1.2867739124289425e-08
2024-11-10 08:00:00+00:00,1.2867739124289425e-08
2024-11-10 09:00:00+00:00,1.2867739124289425e-08
2024-11-10 10:00:00+00:00,1.3141520807784943e-08
2024-11-10 11:00:00+00:00,1.2593957440793902e-08
2024-11-10 12:00:00+00:00,0.00014259745589797926
2024-11-10 13:00:00+00:00,0.10469055427965697
2024-11-10 14:00:00+00:00,0.551058833111513
2024-11-10 15:00:00+00:00,0.7693898948833899
2024-11-10 16:00:00+00:00,0.7885510933557953
2024-11-10 17:00:00+00:00,0.7916551909324869
2024-11-10 18:00:00+00:00,0.812812135953465
2024-11-10 19:00:00+00:00,0.8271226276627531
2024-11-10 20:00:00+00:00,0.8412577946012614
2024-11-10 21:00:00+00:00,0.8242725504814241
2024-11-10 22:00:00+00:00,0.4846638322583152
2024-11-10 23:00:00+00:00,0.05271841517731555
2024-11-11 00:00:00+00:00,1.9716844239735674e-06
2024-11-11 01:00:00+00:00,2.8336404241786286e-07
2024-11-11 02:00:00+00:00,5.516700922434721e-08
2024-11-11 03:00:00+00:00,1.434159718710697e-07
2024-11-11 04:00:00+00:00,1.199163773710376e-07
2024-11-11 05:00:00+00:00,1.4510429225262543e-08
2024-11-11 06:00:00+00:00,4.5904062266082124e-08
2024-11-11 07:00:00+00:00,1.3962865858271502e-08
2024-11-11 08:00:00+00:00,1.2046394073802865e-08
2024-11-11 09:00:00+00:00,1.1772612390307347e-08
2024-11-11 10:00:00+00:00,1.4236647541767021e-08
2024-11-11 11:00:00+00:00,1.3141520807784943e-08
2024-11-11 12:00:00+00:00,0.00027141123604953484
2024-11-11 13:00:00+00:00,0.13295226572196395
2024-11-11 14:00:00+00:00,0.598536916697471
2024-11-11 15:00:00+00:00,0.7992054251126263
2024-11-11 16:00:00+00:00,0.8343899525974813
2024-11-11 17:00:00+00:00,0.83669549790514
2024-11-11 18:00:00+00:00,0.8334764274900455
2024-11-11 19:00:00+00:00,0.8410936267991266
2024-11-11 20:00:00+00:00,0.8576555032739478
2024-11-11 21:00:00+00:00,0.8174707066096795
2024-11-11 22:00:00+00:00,0.4645406412439355
2024-11-11 23:00:00+00:00,0.046940247499660345
2024-11-12 00:00:00+00:00,1.743031087974226e-06
2024-11-12 01:00:00+00:00,1.1335474302326166e-06
2024-11-12 02:00:00+00:00,1.1316309584481479e-07
2024-11-12 03:00:00+00:00,1.4236647541767021e-08
2024-11-12 04:00:00+00:00,5.699222044765067e-08
2024-11-12 05:00:00+00:00,5.069524172725372e-08
2024-11-12 06:00:00+00:00,8.17694628039952e-08
2024-11-12 07:00:00+00:00,1.8621717505753596e-07
2024-11-12 08:00:00+00:00,1.47796478806998e-07
2024-11-12 09:00:00+00:00,1.0951267339820786e-08
2024-11-12 10:00:00+00:00,2.097350216698011e-06
2024-11-12 11:00:00+00:00,3.7931539642692597e-06
2024-11-12 12:00:00+00:00,0.0003235305988337711
2024-11-12 13:00:00+00:00,0.1279144881324997
2024-11-12 14:00:00+00:00,0.44828771297977044
2024-11-12 15:00:00+00:00,0.6195479663796524
2024-11-12 16:00:00+00:00,0.6060497136964275
2024-11-12 17:00:00+00:00,0.6288669791267785
2024-11-12 18:00:00+00:00,0.6331296813634605
2024-11-12 19:00:00+00:00,0.6281971198545445
2024-11-12 20:00:00+00:00,0.6196260754269782
2024-11-12 21:00:00+00:00,0.5719500316676246
2024-11-12 22:00:00+00:00,0.31508303418907746
2024-11-12 23:00:00+00:00,0.028676418003765747
2024-11-13 00:00:00+00:00,1.560555595924462e-08
2024-11-13 01:00:00+00:00,5.325555677074266e-06
2024-11-13 02:00:00+00:00,1.560555595924462e-08
2024-11-13 03:00:00+00:00,1.4510429225262543e-08
2024-11-13 04:00:00+00:00,2.230773157121494e-06
2024-11-13 05:00:00+00:00,1.3962865858271502e-08
2024-11-13 06:00:00+00:00,1.3415302491280463e-08
2024-11-13 07:00:00+00:00,1.8900062217307373e-07
2024-11-13 08:00:00+00:00,1.0129922289334227e-07
2024-11-13 09:00:00+00:00,1.6148556298177402e-07
2024-11-13 10:00:00+00:00,3.969834410685035e-08
2024-11-13 11:00:00+00:00,3.3647768901599366e-07
2024-11-13 12:00:00+00:00,0.0003734695186603684
2024-11-13 13:00:00+00:00,0.11526429611643697
2024-11-13 14:00:00+00:00,0.4689615111746377
2024-11-13 15:00:00+00:00,0.6121478200028594
2024-11-13 16:00:00+00:00,0.660169040864222
2024-11-13 17:00:00+00:00,0.688994290652231
2024-11-13 18:00:00+00:00,0.7384188728006436
2024-11-13 19:00:00+00:00,0.7866717770311574
2024-11-13 20:00:00+00:00,0.7737736705900979
2024-11-13 21:00:00+00:00,0.739691951833852
2024-11-13 22:00:00+00:00,0.4613384209507032
2024-11-13 23:00:00+00:00,0.046918608525481346
2024-11-14 00:00:00+00:00,5.580765836372673e-06
2024-11-14 01:00:00+00:00,3.5307798509193866e-06
2024-11-14 02:00:00+00:00,0.00014801048482293035
2024-11-14 03:00:00+00:00,1.4122571840310553e-07
2024-11-14 04:00:00+00:00,3.723430895539067e-08
2024-11-14 05:00:00+00:00,7.771293086020325e-07
2024-11-14 06:00:00+00:00,8.514610356710661e-07
2024-11-14 07:00:00+00:00,4.0610949718502076e-08
2024-11-14 08:00:00+00:00,7.123799404553421e-07
2024-11-14 09:00:00+00:00,4.051968915733691e-08
2024-11-14 10:00:00+00:00,3.431397099810513e-08
2024-11-14 11:00:00+00:00,3.3036323141792706e-08
2024-11-14 12:00:00+00:00,0.0002960408188179141
2024-11-14 13:00:00+00:00,0.15577320416175033
2024-11-14 14:00:00+00:00,0.7028772797004765
2024-11-14 15:00:00+00:00,0.905187307480496
2024-11-14 16:00:00+00:00,0.8932893099693201
2024-11-14 17:00:00+00:00,0.8650373676050437
2024-11-14 18:00:00+00:00,0.8480539591913941
2024-11-14 19:00:00+00:00,0.8629319066972327
2024-11-14 20:00:00+00:00,0.8878169627291082
2024-11-14 21:00:00+00:00,0.8496528567257048
2024-11-14 22:00:00+00:00,0.4840126147352803
2024-11-14 23:00:00+00:00,0.04632101365482441
2024-11-15 00:00:00+00:00,1.9762474520318258e-07
2024-11-15 01:00:00+00:00,1.8525893916530165e-07
2024-11-15 02:00:00+00:00,1.819370547388893e-06
2024-11-15 03:00:00+00:00,4.793050302675479e-06
2024-11-15 04:00:00+00:00,1.549741219426389e-06
2024-11-15 05:00:00+00:00,1.90734572835212e-08
2024-11-15 06:00:00+00:00,7.538122352243308e-08
2024-11-15 07:00:00+00:00,1.8252112233034642e-08
2024-11-15 08:00:00+00:00,1.898219672235603e-08
2024-11-15 09:00:00+00:00,6.853668143504508e-08
2024-11-15 10:00:00+00:00,8.688918028536141e-07
2024-11-15 11:00:00+00:00,1.6609422132061524e-08
2024-11-15 12:00:00+00:00,0.0002458188999911436
2024-11-15 13:00:00+00:00,0.14575754091633997
2024-11-15 14:00:00+00:00,0.6383438056594684
2024-11-15 15:00:00+00:00,0.8542641216486941
2024-11-15 16:00:00+00:00,0.8208993969212458
2024-11-15 17:00:00+00:00,0.8163514116606959
2024-11-15 18:00:00+00:00,0.8117818253447303
2024-11-15 19:00:00+00:00,0.8162932027088166
2024-11-15 20:00:00+00:00,0.7981457015900701
2024-11-15 21:00:00+00:00,0.7254674615677406
2024-11-15 22:00:00+00:00,0.3970454999840465
2024-11-15 23:00:00+00:00,0.035802600267201466
2024-11-16 00:00:00+00:00,1.7248702363023565e-06
2024-11-16 01:00:00+00:00,4.984195548035936e-07
2024-11-16 02:00:00+00:00,1.1977948652928986e-07
2024-11-16 03:00:00+00:00,1.3415302491280463e-08
2024-11-16 04:00:00+00:00,1.3150646863901462e-07
2024-11-16 05:00:00+00:00,5.3798100806869605e-08
2024-11-16 06:00:00+00:00,1.6810195366624906e-07
2024-11-16 07:00:00+00:00,1.3415302491280463e-08
2024-11-16 08:00:00+00:00,1.1225049023316306e-08
2024-11-16 09:00:00+00:00,3.445086183985289e-08
2024-11-16 10:00:00+00:00,6.228533299523071e-08
2024-11-16 11:00:00+00:00,1.5829144334099293e-07
2024-11-16 12:00:00+00:00,4.2996728938762615e-05
2024-11-16 13:00:00+00:00,0.05488741757411595
2024-11-16 14:00:00+00:00,0.25485826332010314
2024-11-16 15:00:00+00:00,0.4166424348734743
2024-11-16 16:00:00+00:00,0.46836564468774866
2024-11-16 17:00:00+00:00,0.5177945293153173
2024-11-16 18:00:00+00:00,0.5540942600818959
2024-11-16 19:00:00+00:00,0.5976478302100794
2024-11-16 20:00:00+00:00,0.6104490712769792
2024-11-16 21:00:00+00:00,0.5403067051227988
2024-11-16 22:00:00+00:00,0.31351675600840456
2024-11-16 23:00:00+00:00,0.029487273839133663
2024-11-17 00:00:00+00:00,6.624604134979922e-07
2024-11-17 01:00:00+00:00,3.6535253056865444e-06
2024-11-17 02:00:00+00:00,1.0541370529347411e-05
2024-11-17 03:00:00+00:00,2.5694410996054516e-07
2024-11-17 04:00:00+00:00,7.615693829233705e-08
2024-11-17 05:00:00+00:00,1.560555595924462e-08
2024-11-17 06:00:00+00:00,2.6889924347318287e-07
2024-11-17 07:00:00+00:00,1.67006826932267e-08
2024-11-17 08:00:00+00:00,1.6153119326235657e-08
2024-11-17 09:00:00+00:00,1.560555595924462e-08
2024-11-17 10:00:00+00:00,1.53317742757491e-08
2024-11-17 11:00:00+00:00,1.642690100973118e-08
2024-11-17 12:00:00+00:00,2.103496615492485e-05
2024-11-17 13:00:00+00:00,0.01737206200136736
2024-11-17 14:00:00+00:00,0.09788623720107431
2024-11-17 15:00:00+00:00,0.21991893854393038
2024-11-17 16:00:00+00:00,0.34580486638922436
2024-11-17 17:00:00+00:00,0.3868713400046627
2024-11-17 18:00:00+00:00,0.3705722494564737
2024-11-17 19:00:00+00:00,0.3057667643693778
2024-11-17 20:00:00+00:00,0.24413357327540605
2024-11-17 21:00:00+00:00,0.15673349400980452
2024-11-17 22:00:00+00:00,0.05793329219043189
2024-11-17 23:00:00+00:00,0.004210860351634064
2024-11-18 00:00:00+00:00,5.680513629726207e-07
2024-11-18 01:00:00+00:00,4.6018137967538596e-07
2024-11-18 02:00:00+00:00,3.3953491781502693e-07
2024-11-18 03:00:00+00:00,5.630776623891188e-08
2024-11-18 04:00:00+00:00,1.0459372915140502e-06
2024-11-18 05:00:00+00:00,8.508039596306769e-06
2024-11-18 06:00:00+00:00,3.198819559681069e-06
2024-11-18 07:00:00+00:00,8.30927409408902e-08
2024-11-18 08:00:00+00:00,5.425896664075373e-07
2024-11-18 09:00:00+00:00,4.681666787773386e-07
2024-11-18 10:00:00+00:00,7.588315660884153e-08
2024-11-18 11:00:00+00:00,2.2611172937089143e-06
2024-11-18 12:00:00+00:00,2.8706283296188733e-05
2024-11-18 13:00:00+00:00,0.023391168968068775
2024-11-18 14:00:00+00:00,0.16706112623607577
2024-11-18 15:00:00+00:00,0.22892186965300665
2024-11-18 16:00:00+00:00,0.2477027577607172
2024-11-18 17:00:00+00:00,0.25582808857352096
2024-11-18 18:00:00+00:00,0.2979563848413132
2024-11-18 19:00:00+00:00,0.304723759781627
2024-11-18 20:00:00+00:00,0.37351056907531927
2024-11-18 21:00:00+00:00,0.433716196398899
2024-11-18 22:00:00+00:00,0.2955357362382793
2024-11-18 23:00:00+00:00,0.03597850312800584
2024-11-19 00:00:00+00:00,4.642607267594692e-06
2024-11-19 01:00:00+00:00,2.388288885692583e-07
2024-11-19 02:00:00+00:00,1.560555595924462e-08
2024-11-19 03:00:00+00:00,9.44090505253717e-08
2024-11-19 04:00:00+00:00,1.5057992592253582e-08
2024-11-19 05:00:00+00:00,5.5303900066094965e-08
2024-11-19 06:00:00+00:00,1.3962865858271502e-08
2024-11-19 07:00:00+00:00,1.3415302491280463e-08
2024-11-19 08:00:00+00:00,1.5318085191574324e-07
2024-11-19 09:00:00+00:00,1.2593957440793902e-08
2024-11-19 10:00:00+00:00,1.4510429225262541e-08
2024-11-19 11:00:00+00:00,7.960202447632233e-07
2024-11-19 12:00:00+00:00,3.371598617107033e-05
2024-11-19 13:00:00+00:00,0.12401097865791962
2024-11-19 14:00:00+00:00,0.6737837515602223
2024-11-19 15:00:00+00:00,0.9157382234538689
2024-11-19 16:00:00+00:00,0.9104876316201406
2024-11-19 17:00:00+00:00,0.877763563241656
2024-11-19 18:00:00+00:00,0.8527517910992576
2024-11-19 19:00:00+00:00,0.8659967093014976
2024-11-19 20:00:00+00:00,0.8872939080246419
2024-11-19 21:00:00+00:00,0.8531461182191722
2024-11-19 22:00:00+00:00,0.4638663093828595
2024-11-19 23:00:00+00:00,0.039537998068865564
2024-11-20 00:00:00+00:00,3.783662865908081e-07
2024-11-20 01:00:00+00:00,1.7362321761674207e-07
2024-11-20 02:00:00+00:00,1.67006826932267e-08
2024-11-20 03:00:00+00:00,6.007682741503353e-07
2024-11-20 04:00:00+00:00,2.6524882102657596e-07
2024-11-20 05:00:00+00:00,1.3415302491280463e-08
2024-11-20 06:00:00+00:00,1.4236647541767021e-08
2024-11-20 07:00:00+00:00,5.087776284958407e-08
2024-11-20 08:00:00+00:00,6.404209879766031e-07
2024-11-20 09:00:00+00:00,1.2593957440793902e-08
2024-11-20 10:00:00+00:00,1.5057992592253582e-08
2024-11-20 11:00:00+00:00,5.653591764182481e-08
2024-11-20 12:00:00+00:00,6.50598822060549e-05
2024-11-20 13:00:00+00:00,0.12594972431629128
2024-11-20 14:00:00+00:00,0.6791465112021153
2024-11-20 15:00:00+00:00,0.9133284738258732
2024-11-20 16:00:00+00:00,0.8999093739370124
2024-11-20 17:00:00+00:00,0.8867910536172382
2024-11-20 18:00:00+00:00,0.8746962125056326
2024-11-20 19:00:00+00:00,0.8904541251426649
2024-11-20 20:00:00+00:00,0.9236815390016327
2024-11-20 21:00:00+00:00,0.8874067505221354
2024-11-20 22:00:00+00:00,0.47782675893525306
2024-11-20 23:00:00+00:00,0.040872677068254974
2024-11-21 00:00:00+00:00,6.638703891679942e-06
2024-11-21 01:00:00+00:00,6.451345959607843e-06
2024-11-21 02:00:00+00:00,1.0741139897737974e-05
2024-11-21 03:00:00+00:00,1.0606211158055266e-05
2024-11-21 04:00:00+00:00,2.7086590856629237e-06
2024-11-21 05:00:00+00:00,1.1183981770791978e-07
2024-11-21 06:00:00+00:00,7.921416709137035e-08
2024-11-21 07:00:00+00:00,8.414223739428971e-08
2024-11-21 08:00:00+00:00,2.1542055463039138e-07
2024-11-21 09:00:00+00:00,7.921416709137035e-08
2024-11-21 10:00:00+00:00,7.611130801175447e-08
2024-11-21 11:00:00+00:00,2.560816976575343e-06
2024-11-21 12:00:00+00:00,9.138339788050152e-05
2024-11-21 13:00:00+00:00,0.12109445895125265
2024-11-21 14:00:00+00:00,0.6738603508840849
2024-11-21 15:00:00+00:00,0.9207025046241804
2024-11-21 16:00:00+00:00,0.9036628690729978
2024-11-21 17:00:00+00:00,0.8682566929108855
2024-11-21 18:00:00+00:00,0.8504669369792199
2024-11-21 19:00:00+00:00,0.8590903897917677
2024-11-21 20:00:00+00:00,0.8818569864915842
2024-11-21 21:00:00+00:00,0.848570514957518
2024-11-21 22:00:00+00:00,0.4609926559937894
2024-11-21 23:00:00+00:00,0.03749786201829996
2024-11-22 00:00:00+00:00,6.230084729062879e-06
2024-11-22 01:00:00+00:00,9.26294695826508e-08
2024-11-22 02:00:00+00:00,1.8954818554006475e-07
2024-11-22 03:00:00+00:00,1.0478081330179363e-06
2024-11-22 04:00:00+00:00,1.2593957440793902e-08
2024-11-22 05:00:00+00:00,1.5605555959244618e-08
2024-11-22 06:00:00+00:00,7.400775207689721e-07
2024-11-22 07:00:00+00:00,1.4510429225262543e-08
2024-11-22 08:00:00+00:00,1.3141520807784943e-08
2024-11-22 09:00:00+00:00,1.4784210908758062e-08
2024-11-22 10:00:00+00:00,1.4510429225262543e-08
2024-11-22 11:00:00+00:00,1.3689084174775984e-08
2024-11-22 12:00:00+00:00,0.00025723185450989895
2024-11-22 13:00:00+00:00,0.11443403705374776
2024-11-22 14:00:00+00:00,0.6450028721551189
2024-11-22 15:00:00+00:00,0.9050373250374676
2024-11-22 16:00:00+00:00,0.8965973818360184
2024-11-22 17:00:00+00:00,0.8604723943279238
2024-11-22 18:00:00+00:00,0.8315108572042581
2024-11-22 19:00:00+00:00,0.8563412909611989
2024-11-22 20:00:00+00:00,0.8763354490788196
2024-11-22 21:00:00+00:00,0.835364588651381
2024-11-22 22:00:00+00:00,0.4419529501967976
2024-11-22 23:00:00+00:00,0.03636408424641096
2024-11-23 00:00:00+00:00,5.677775812891251e-07
2024-11-23 01:00:00+00:00,5.5121378943764615e-08
2024-11-23 02:00:00+00:00,5.8787771988575455e-06
2024-11-23 03:00:00+00:00,1.0073066959728325e-05
2024-11-23 04:00:00+00:00,9.916600727610634e-06
2024-11-23 05:00:00+00:00,9.420553947397335e-06
2024-11-23 06:00:00+00:00,5.6768632072796e-07
2024-11-23 07:00:00+00:00,4.051968915733691e-08
2024-11-23 08:00:00+00:00,4.352991876737015e-06
2024-11-23 09:00:00+00:00,3.826692220497461e-06
2024-11-23 10:00:00+00:00,7.069499370660143e-07
2024-11-23 11:00:00+00:00,4.977351005948547e-07
2024-11-23 12:00:00+00:00,3.22205906158178e-05
2024-11-23 13:00:00+00:00,0.10444248754078375
2024-11-23 14:00:00+00:00,0.6017712732565605
2024-11-23 15:00:00+00:00,0.894022090249988
2024-11-23 16:00:00+00:00,0.8722308928161441
2024-11-23 17:00:00+00:00,0.8274561389272285
2024-11-23 18:00:00+00:00,0.7697441714390618
2024-11-23 19:00:00+00:00,0.757344740675571
2024-11-23 20:00:00+00:00,0.7348371667275165
2024-11-23 21:00:00+00:00,0.6758146912840393
2024-11-23 22:00:00+00:00,0.3775117086875613
2024-11-23 23:00:00+00:00,0.033198033068864104
2024-11-24 00:00:00+00:00,5.450719536712301e-06
2024-11-24 01:00:00+00:00,8.085685719234347e-07
2024-11-24 02:00:00+00:00,1.7535716827888033e-07
2024-11-24 03:00:00+00:00,3.315496187130743e-07
2024-11-24 04:00:00+00:00,5.623932081803799e-07
2024-11-24 05:00:00+00:00,9.897207858363034e-08
2024-11-24 06:00:00+00:00,1.3141520807784943e-08
2024-11-24 07:00:00+00:00,1.4510429225262543e-08
2024-11-24 08:00:00+00:00,1.53317742757491e-08
2024-11-24 09:00:00+00:00,1.53317742757491e-08
2024-11-24 10:00:00+00:00,1.2046394073802865e-08
2024-11-24 11:00:00+00:00,1.2867739124289425e-08
2024-11-24 12:00:00+00:00,1.3849246459620862e-05
2024-11-24 13:00:00+00:00,0.06764591735038786
2024-11-24 14:00:00+00:00,0.3530315660919562
2024-11-24 15:00:00+00:00,0.5333105879130687
2024-11-24 16:00:00+00:00,0.5727605034785511
2024-11-24 17:00:00+00:00,0.6017627989377415
2024-11-24 18:00:00+00:00,0.6290967803381161
2024-11-24 19:00:00+00:00,0.6631092523145006
2024-11-24 20:00:00+00:00,0.6935227305927658
2024-11-24 21:00:00+00:00,0.6499296632587523
2024-11-24 22:00:00+00:00,0.3477332850937551
2024-11-24 23:00:00+00:00,0.024613881616982216
2024-11-25 00:00:00+00:00,1.1261553247782376e-07
2024-11-25 01:00:00+00:00,2.5872369090326608e-08
2024-11-25 02:00:00+00:00,3.1343439732178743e-07
2024-11-25 03:00:00+00:00,1.67006826932267e-08
2024-11-25 04:00:00+00:00,1.5605555959244618e-08
2024-11-25 05:00:00+00:00,1.587933764274014e-08
2024-11-25 06:00:00+00:00,1.560555595924462e-08
2024-11-25 07:00:00+00:00,1.615311932623566e-08
2024-11-25 08:00:00+00:00,1.6153119326235657e-08
2024-11-25 09:00:00+00:00,1.4784210908758062e-08
2024-11-25 10:00:00+00:00,1.5057992592253582e-08
2024-11-25 11:00:00+00:00,1.5605555959244618e-08
2024-11-25 12:00:00+00:00,1.0856812659014831e-06
2024-11-25 13:00:00+00:00,0.06339610940965337
2024-11-25 14:00:00+00:00,0.4024320836517345
2024-11-25 15:00:00+00:00,0.5579891872764132
2024-11-25 16:00:00+00:00,0.4985604513451525
2024-11-25 17:00:00+00:00,0.5264517136283314
2024-11-25 18:00:00+00:00,0.5834069557529008
2024-11-25 19:00:00+00:00,0.6127991827670773
2024-11-25 20:00:00+00:00,0.6414697079395179
2024-11-25 21:00:00+00:00,0.5582227389317725
2024-11-25 22:00:00+00:00,0.2783920396914711
2024-11-25 23:00:00+00:00,0.01799894754232391
2024-11-26 00:00:00+00:00,2.0679186857222426e-06
2024-11-26 01:00:00+00:00,1.3962865858271502e-08
2024-11-26 02:00:00+00:00,1.53317742757491e-08
2024-11-26 03:00:00+00:00,1.2867739124289425e-08
2024-11-26 04:00:00+00:00,1.4236647541767021e-08
2024-11-26 05:00:00+00:00,2.0351105139833627e-08
2024-11-26 06:00:00+00:00,1.2593957440793902e-08
2024-11-26 07:00:00+00:00,4.330313627287469e-08
2024-11-26 08:00:00+00:00,3.011598518450716e-09
2024-11-26 09:00:00+00:00,3.832943568937275e-09
2024-11-26 10:00:00+00:00,8.761013871856628e-09
2024-11-26 11:00:00+00:00,3.011598518450716e-09
2024-11-26 12:00:00+00:00,3.944961344739467e-05
2024-11-26 13:00:00+00:00,0.06811763342617058
2024-11-26 14:00:00+00:00,0.4891639215123305
2024-11-26 15:00:00+00:00,0.7773211026643525
2024-11-26 16:00:00+00:00,0.8032344986244052
2024-11-26 17:00:00+00:00,0.7927321919957434
2024-11-26 18:00:00+00:00,0.7717409610502183
2024-11-26 19:00:00+00:00,0.7982018301661972
2024-11-26 20:00:00+00:00,0.8162004368959555
2024-11-26 21:00:00+00:00,0.7085476820706981
2024-11-26 22:00:00+00:00,0.34265773046877823
2024-11-26 23:00:00+00:00,0.02384801819650462
2024-11-27 00:00:00+00:00,1.076450260139626e-05
2024-11-27 01:00:00+00:00,1.4336167183717643e-05
2024-11-27 02:00:00+00:00,2.725952962003724e-06
2024-11-27 03:00:00+00:00,1.1637090456977062e-06
2024-11-27 04:00:00+00:00,1.2867739124289425e-08
2024-11-27 05:00:00+00:00,1.3415302491280463e-08
2024-11-27 06:00:00+00:00,1.1498830706811826e-08
2024-11-27 07:00:00+00:00,1.1772612390307344e-08
2024-11-27 08:00:00+00:00,1.2320175757298384e-08
2024-11-27 09:00:00+00:00,1.2867739124289425e-08
2024-11-27 10:00:00+00:00,1.4784210908758059e-08
2024-11-27 11:00:00+00:00,1.1256990219724116e-07
2024-11-27 12:00:00+00:00,1.8026698646956665e-06
2024-11-27 13:00:00+00:00,0.04015881496502575
2024-11-27 14:00:00+00:00,0.27588956604795145
2024-11-27 15:00:00+00:00,0.4407190255947514
2024-11-27 16:00:00+00:00,0.5632777517170366
2024-11-27 17:00:00+00:00,0.6274644462574727
2024-11-27 18:00:00+00:00,0.6207804758954372
2024-11-27 19:00:00+00:00,0.597540168711534
2024-11-27 20:00:00+00:00,0.5456143109426186
2024-11-27 21:00:00+00:00,0.4060219398861672
2024-11-27 22:00:00+00:00,0.15849306069011682
2024-11-27 23:00:00+00:00,0.009098205309721495
2024-11-28 00:00:00+00:00,1.0962218607160608e-06
2024-11-28 01:00:00+00:00,1.01417861622857e-06
2024-11-28 02:00:00+00:00,4.452602779248801e-07
2024-11-28 03:00:00+00:00,3.472464352334841e-07
2024-11-28 04:00:00+00:00,4.555727213365447e-07
2024-11-28 05:00:00+00:00,5.31592768787134e-08
2024-11-28 06:00:00+00:00,1.3415302491280463e-08
2024-11-28 07:00:00+00:00,1.1772612390307344e-08
2024-11-28 08:00:00+00:00,1.2867739124289425e-08
2024-11-28 09:00:00+00:00,1.2867739124289425e-08
2024-11-28 10:00:00+00:00,1.2320175757298384e-08
2024-11-28 11:00:00+00:00,7.957920933603104e-08
2024-11-28 12:00:00+00:00,1.7353195705557687e-07
2024-11-28 13:00:00+00:00,0.018115076652036877
2024-11-28 14:00:00+00:00,0.1628891740489797
2024-11-28 15:00:00+00:00,0.266845036412994
2024-11-28 16:00:00+00:00,0.3760157976013988
2024-11-28 17:00:00+00:00,0.44319648188937827
2024-11-28 18:00:00+00:00,0.4845371990123819
2024-11-28 19:00:00+00:00,0.4781636796942935
2024-11-28 20:00:00+00:00,0.4190990427385333
2024-11-28 21:00:00+00:00,0.2893957138192135
2024-11-28 22:00:00+00:00,0.1270787627903481
2024-11-28 23:00:00+00:00,0.009184089528707305
2024-11-29 00:00:00+00:00,9.624338780479166e-07
2024-11-29 01:00:00+00:00,1.3962865858271502e-08
2024-11-29 02:00:00+00:00,1.3689084174775984e-08
2024-11-29 03:00:00+00:00,5.840675914571085e-08
2024-11-29 04:00:00+00:00,9.582358922343189e-09
2024-11-29 05:00:00+00:00,3.011598518450716e-09
2024-11-29 06:00:00+00:00,3.832943568937276e-09
2024-11-29 07:00:00+00:00,3.5591618854417554e-09
2024-11-29 08:00:00+00:00,3.2853802019462358e-09
2024-11-29 09:00:00+00:00,2.7378168349551966e-09
2024-11-29 10:00:00+00:00,2.4640351514596766e-09
2024-11-29 11:00:00+00:00,4.2436160941805546e-08
2024-11-29 12:00:00+00:00,1.8317363534267742e-06
2024-11-29 13:00:00+00:00,0.06169149057632777
2024-11-29 14:00:00+00:00,0.4994480777548261
2024-11-29 15:00:00+00:00,0.7964292565744049
2024-11-29 16:00:00+00:00,0.8203256756764988
2024-11-29 17:00:00+00:00,0.8125039589401811
2024-11-29 18:00:00+00:00,0.8123741588158846
2024-11-29 19:00:00+00:00,0.8152604067555891
2024-11-29 20:00:00+00:00,0.8138896821616838
2024-11-29 21:00:00+00:00,0.7162605121354367
2024-11-29 22:00:00+00:00,0.3237586861717701
2024-11-29 23:00:00+00:00,0.018097326244738848
2024-11-30 00:00:00+00:00,8.697131479041008e-07
2024-11-30 01:00:00+00:00,1.2041831045744605e-07
2024-11-30 02:00:00+00:00,2.9294640134020603e-08
2024-11-30 03:00:00+00:00,1.898219672235603e-08
2024-11-30 04:00:00+00:00,2.0328289999542335e-06
2024-11-30 05:00:00+00:00,4.162667976427046e-06
2024-11-30 06:00:00+00:00,5.219191493036256e-07
2024-11-30 07:00:00+00:00,1.162659549244307e-06
2024-11-30 08:00:00+00:00,5.550467330065836e-07
2024-11-30 09:00:00+00:00,3.832943568937275e-09
2024-11-30 10:00:00+00:00,1.820648195245206e-07
2024-11-30 11:00:00+00:00,4.0793470840832426e-08
2024-11-30 12:00:00+00:00,8.172383252341261e-08
2024-11-30 13:00:00+00:00,0.02498759142470013
2024-11-30 14:00:00+00:00,0.30392995995194727
2024-11-30 15:00:00+00:00,0.5680765944644202
2024-11-30 16:00:00+00:00,0.6626974749432736
2024-11-30 17:00:00+00:00,0.6807472998377745
2024-11-30 18:00:00+00:00,0.6987801494921839
2024-11-30 19:00:00+00:00,0.6933846725284407
2024-11-30 20:00:00+00:00,0.6589701153718369
2024-11-30 21:00:00+00:00,0.5891524599524368
2024-11-30 22:00:00+00:00,0.27097080048932737
2024-11-30 23:00:00+00:00,0.01795021599972153
2024-12-01 00:00:00+00:00,6.031501747967463e-06
2024-12-01 01:00:00+00:00,4.7811407994434244e-06
2024-12-01 02:00:00+00:00,1.7362321761674205e-06
2024-12-01 03:00:00+00:00,4.7638012928220417e-08
2024-12-01 04:00:00+00:00,1.560555595924462e-08
2024-12-01 05:00:00+00:00,2.468598179517935e-08
2024-12-01 06:00:00+00:00,8.21345050486559e-09
2024-12-01 07:00:00+00:00,6.318881255076594e-07
2024-12-01 08:00:00+00:00,4.97370058350194e-08
2024-12-01 09:00:00+00:00,2.7378168349551966e-09
2024-12-01 10:00:00+00:00,4.699918900006421e-09
2024-12-01 11:00:00+00:00,3.6869266710729977e-08
2024-12-01 12:00:00+00:00,1.120223388302501e-07
2024-12-01 13:00:00+00:00,0.04027679105160586
2024-12-01 14:00:00+00:00,0.4125554920359944
2024-12-01 15:00:00+00:00,0.749355839199857
2024-12-01 16:00:00+00:00,0.8130024373124165
2024-12-01 17:00:00+00:00,0.797238190690506
2024-12-01 18:00:00+00:00,0.7775053205030361
2024-12-01 19:00:00+00:00,0.7544741581587537
2024-12-01 20:00:00+00:00,0.7546849215956873
2024-12-01 21:00:00+00:00,0.6884888756103718
2024-12-01 22:00:00+00:00,0.328434799982548
2024-12-01 23:00:00+00:00,0.02353288010139672
2024-12-02 00:00:00+00:00,6.561178044970128e-07
2024-12-02 01:00:00+00:00,1.2822108843706836e-07
2024-12-02 02:00:00+00:00,1.4236647541767021e-08
2024-12-02 03:00:00+00:00,1.3141520807784943e-08
2024-12-02 04:00:00+00:00,1.3141520807784943e-08
2024-12-02 05:00:00+00:00,1.3962865858271502e-08
2024-12-02 06:00:00+00:00,1.1772612390307344e-08
2024-12-02 07:00:00+00:00,3.011598518450716e-09
2024-12-02 08:00:00+00:00,3.2853802019462358e-09
2024-12-02 09:00:00+00:00,1.123873810749108e-07
2024-12-02 10:00:00+00:00,1.758134710847062e-07
2024-12-02 11:00:00+00:00,2.7776064396232117e-06
2024-12-02 12:00:00+00:00,0.0004952820167107349
2024-12-02 13:00:00+00:00,0.05642754440216303
2024-12-02 14:00:00+00:00,0.42052548094679404
2024-12-02 15:00:00+00:00,0.6590005276344332
2024-12-02 16:00:00+00:00,0.6787816137879652
2024-12-02 17:00:00+00:00,0.676550679190911
2024-12-02 18:00:00+00:00,0.6800444574929362
2024-12-02 19:00:00+00:00,0.6875735355128956
2024-12-02 20:00:00+00:00,0.6678540875637196
2024-12-02 21:00:00+00:00,0.5618896151099942
2024-12-02 22:00:00+00:00,0.21630164929355092
2024-12-02 23:00:00+00:00,0.010100998669011624
2024-12-03 00:00:00+00:00,4.352763725334102e-06
2024-12-03 01:00:00+00:00,1.0818939526131283e-07
2024-12-03 02:00:00+00:00,4.775254493248271e-06
2024-12-03 03:00:00+00:00,2.504440764915557e-05
2024-12-03 04:00:00+00:00,2.3043291694206237e-08
2024-12-03 05:00:00+00:00,9.272073014381599e-08
2024-12-03 06:00:00+00:00,1.3552193333028222e-07
2024-12-03 07:00:00+00:00,9.582358922343189e-09
2024-12-03 08:00:00+00:00,3.787313288354689e-08
2024-12-03 09:00:00+00:00,5.188162902240097e-08
2024-12-03 10:00:00+00:00,4.521960805734332e-08
2024-12-03 11:00:00+00:00,8.688005422924489e-08
2024-12-03 12:00:00+00:00,1.2506803604881164e-06
2024-12-03 13:00:00+00:00,0.04542648867681128
2024-12-03 14:00:00+00:00,0.34215056098826097
2024-12-03 15:00:00+00:00,0.5381003918494321
2024-12-03 16:00:00+00:00,0.5484409612184844
2024-12-03 17:00:00+00:00,0.5295056320873993
2024-12-03 18:00:00+00:00,0.5482872983739149
2024-12-03 19:00:00+00:00,0.533904425997095
2024-12-03 20:00:00+00:00,0.48651822883723084
2024-12-03 21:00:00+00:00,0.41618419962526576
2024-12-03 22:00:00+00:00,0.18072878959504424
2024-12-03 23:00:00+00:00,0.010182700644630636
2024-12-04 00:00:00+00:00,5.034388856676781e-07
2024-12-04 01:00:00+00:00,1.5885725882021705e-06
2024-12-04 02:00:00+00:00,4.059269760626905e-07
2024-12-04 03:00:00+00:00,1.9612807200007375e-06
2024-12-04 04:00:00+00:00,3.78275026029643e-07
2024-12-04 05:00:00+00:00,4.083453809335676e-07
2024-12-04 06:00:00+00:00,4.389176689239005e-07
2024-12-04 07:00:00+00:00,2.92398837973215e-07
2024-12-04 08:00:00+00:00,2.9563858789457863e-07
2024-12-04 09:00:00+00:00,3.2903995328103206e-07
2024-12-04 10:00:00+00:00,3.0741120028488596e-07
2024-12-04 11:00:00+00:00,3.2091776333733164e-07
2024-12-04 12:00:00+00:00,4.391001900462309e-07
2024-12-04 13:00:00+00:00,0.004066624951184292
2024-12-04 14:00:00+00:00,0.07491565179208219
2024-12-04 15:00:00+00:00,0.22496597123194462
2024-12-04 16:00:00+00:00,0.3044656659711169
2024-12-04 17:00:00+00:00,0.36753392578461885
2024-12-04 18:00:00+00:00,0.4091283751021329
2024-12-04 19:00:00+00:00,0.403984322992132
2024-12-04 20:00:00+00:00,0.3878969966898205
2024-12-04 21:00:00+00:00,0.3418189618606935
2024-12-04 22:00:00+00:00,0.20245291631147747
2024-12-04 23:00:00+00:00,0.01944217586862787
2024-12-05 00:00:00+00:00,6.81223584873552e-06
2024-12-05 01:00:00+00:00,7.393519993077091e-06
2024-12-05 02:00:00+00:00,2.4695564154101698e-06
2024-12-05 03:00:00+00:00,7.07050323683296e-06
2024-12-05 04:00:00+00:00,1.3415302491280463e-08
2024-12-05 05:00:00+00:00,1.1772612390307344e-08
2024-12-05 06:00:00+00:00,1.2593957440793902e-08
2024-12-05 07:00:00+00:00,1.2320175757298384e-08
2024-12-05 08:00:00+00:00,1.1225049023316306e-08
2024-12-05 09:00:00+00:00,1.3141520807784943e-08
2024-12-05 10:00:00+00:00,1.1225049023316306e-08
2024-12-05 11:00:00+00:00,1.3415302491280463e-08
2024-12-05 12:00:00+00:00,1.1225049023316306e-08
2024-12-05 13:00:00+00:00,0.013727471287140013
2024-12-05 14:00:00+00:00,0.17581742983095872
2024-12-05 15:00:00+00:00,0.37836881642482423
2024-12-05 16:00:00+00:00,0.468146235818444
2024-12-05 17:00:00+00:00,0.4990179067262356
2024-12-05 18:00:00+00:00,0.4932859548112931
2024-12-05 19:00:00+00:00,0.4998410917265261
2024-12-05 20:00:00+00:00,0.48027738129388686
2024-12-05 21:00:00+00:00,0.40731729420781737
2024-12-05 22:00:00+00:00,0.19861536335411684
2024-12-05 23:00:00+00:00,0.015730178963166908
2024-12-06 00:00:00+00:00,5.278510857793619e-07
2024-12-06 01:00:00+00:00,3.194575943586888e-07
2024-12-06 02:00:00+00:00,1.2320175757298384e-08
2024-12-06 03:00:00+00:00,5.0102048079680095e-08
2024-12-06 04:00:00+00:00,3.011598518450716e-09
2024-12-06 05:00:00+00:00,7.912290653020517e-08
2024-12-06 06:00:00+00:00,1.3424428547396978e-07
2024-12-06 07:00:00+00:00,3.3081953422375295e-08
2024-12-06 08:00:00+00:00,1.4647320067010302e-08
2024-12-06 09:00:00+00:00,6.109894570008346e-08
2024-12-06 10:00:00+00:00,7.661324109816293e-08
2024-12-06 11:00:00+00:00,1.1065343041277253e-07
2024-12-06 12:00:00+00:00,5.205046106055655e-07
2024-12-06 13:00:00+00:00,0.037914315443790245
2024-12-06 14:00:00+00:00,0.291691556121488
2024-12-06 15:00:00+00:00,0.48428210899761226
2024-12-06 16:00:00+00:00,0.5224550155763408
2024-12-06 17:00:00+00:00,0.5350616621137104
2024-12-06 18:00:00+00:00,0.5228930781794368
2024-12-06 19:00:00+00:00,0.4687839387931274
2024-12-06 20:00:00+00:00,0.369505910182057
2024-12-06 21:00:00+00:00,0.2855947653360454
2024-12-06 22:00:00+00:00,0.0808690034254712
2024-12-06 23:00:00+00:00,0.002393953474354386
2024-12-07 00:00:00+00:00,1.026827330006063e-05
2024-12-07 01:00:00+00:00,6.681048792060583e-06
2024-12-07 02:00:00+00:00,5.4573815576773586e-08
2024-12-07 03:00:00+00:00,1.3689084174775984e-08
2024-12-07 04:00:00+00:00,1.3689084174775984e-08
2024-12-07 05:00:00+00:00,1.3689084174775984e-08
2024-12-07 06:00:00+00:00,1.2867739124289425e-08
2024-12-07 07:00:00+00:00,1.3141520807784943e-08
2024-12-07 08:00:00+00:00,1.2593957440793902e-08
2024-12-07 09:00:00+00:00,1.3689084174775984e-08
2024-12-07 10:00:00+00:00,1.3141520807784943e-08
2024-12-07 11:00:00+00:00,1.3962865858271502e-08
2024-12-07 12:00:00+00:00,9.92002299865433e-08
2024-12-07 13:00:00+00:00,0.00336346369631505
2024-12-07 14:00:00+00:00,0.05614925677409026
2024-12-07 15:00:00+00:00,0.11553379717768074
2024-12-07 16:00:00+00:00,0.1959243892419296
2024-12-07 17:00:00+00:00,0.2395032461658126
2024-12-07 18:00:00+00:00,0.2651078501989202
2024-12-07 19:00:00+00:00,0.2353423817262256
2024-12-07 20:00:00+00:00,0.1752303062883504
2024-12-07 21:00:00+00:00,0.13348416786405345
2024-12-07 22:00:00+00:00,0.07807581392561706
2024-12-07 23:00:00+00:00,0.00906826892532136
2024-12-08 00:00:00+00:00,2.8076311642465537e-07
2024-12-08 01:00:00+00:00,1.4510429225262543e-08
2024-12-08 02:00:00+00:00,6.460335124882612e-07
2024-12-08 03:00:00+00:00,2.224932481206923e-07
2024-12-08 04:00:00+00:00,3.978960466801552e-08
2024-12-08 05:00:00+00:00,1.4236647541767021e-08
2024-12-08 06:00:00+00:00,2.5872369090326608e-08
2024-12-08 07:00:00+00:00,1.3689084174775984e-08
2024-12-08 08:00:00+00:00,1.2867739124289425e-08
2024-12-08 09:00:00+00:00,1.4510429225262543e-08
2024-12-08 10:00:00+00:00,3.8146914567042405e-08
2024-12-08 11:00:00+00:00,3.600229137966083e-08
2024-12-08 12:00:00+00:00,7.59744171700067e-08
2024-12-08 13:00:00+00:00,0.0016990792260023085
2024-12-08 14:00:00+00:00,0.10394418393252312
2024-12-08 15:00:00+00:00,0.2812618955917003
2024-12-08 16:00:00+00:00,0.338614099346064
2024-12-08 17:00:00+00:00,0.358024447363901
2024-12-08 18:00:00+00:00,0.3649456508779635
2024-12-08 19:00:00+00:00,0.36777094807911925
2024-12-08 20:00:00+00:00,0.34315973154430474
2024-12-08 21:00:00+00:00,0.3247850428254319
2024-12-08 22:00:00+00:00,0.20410445827621104
2024-12-08 23:00:00+00:00,0.021747561698455948
2024-12-09 00:00:00+00:00,6.730922688737351e-06
2024-12-09 01:00:00+00:00,1.327289038558221e-05
2024-12-09 02:00:00+00:00,2.700400004877475e-07
2024-12-09 03:00:00+00:00,2.7677046687367905e-06
2024-12-09 04:00:00+00:00,1.4895092490573745e-06
2024-12-09 05:00:00+00:00,2.0381221125018134e-06
2024-12-09 06:00:00+00:00,2.819951340003852e-08
2024-12-09 07:00:00+00:00,1.1950570484579432e-07
2024-12-09 08:00:00+00:00,3.258002033596684e-08
2024-12-09 09:00:00+00:00,3.5637249135000144e-08
2024-12-09 10:00:00+00:00,2.459472123401418e-08
2024-12-09 11:00:00+00:00,1.0385451860596713e-07
2024-12-09 12:00:00+00:00,7.322884318735246e-06
2024-12-09 13:00:00+00:00,0.014499912768866393
2024-12-09 14:00:00+00:00,0.26844756274099835
2024-12-09 15:00:00+00:00,0.5655451893065394
2024-12-09 16:00:00+00:00,0.637545553820203
2024-12-09 17:00:00+00:00,0.6834765786996694
2024-12-09 18:00:00+00:00,0.6590029782999125
2024-12-09 19:00:00+00:00,0.6323943893183676
2024-12-09 20:00:00+00:00,0.6092469621599178
2024-12-09 21:00:00+00:00,0.601453225820393
2024-12-09 22:00:00+00:00,0.37629063512395666
2024-12-09 23:00:00+00:00,0.02899265642745961
2024-12-10 00:00:00+00:00,0.0009734994036103162
2024-12-10 01:00:00+00:00,0.002436591366766647
2024-12-10 02:00:00+00:00,0.003224169963991811
2024-12-10 03:00:00+00:00,0.0026118066248729155
2024-12-10 04:00:00+00:00,9.974779335353432e-08
2024-12-10 05:00:00+00:00,3.1119851357324064e-08
2024-12-10 06:00:00+00:00,2.6511193018482822e-08
2024-12-10 07:00:00+00:00,1.563977866968156e-06
2024-12-10 08:00:00+00:00,1.7522027743713256e-08
2024-12-10 09:00:00+00:00,4.076152964442461e-06
2024-12-10 10:00:00+00:00,9.125234771466834e-06
2024-12-10 11:00:00+00:00,2.0122953736920695e-08
2024-12-10 12:00:00+00:00,4.191734465158154e-06
2024-12-10 13:00:00+00:00,0.015505966366073867
2024-12-10 14:00:00+00:00,0.19256088192306628
2024-12-10 15:00:00+00:00,0.37791230851088714
2024-12-10 16:00:00+00:00,0.4865729945737677
2024-12-10 17:00:00+00:00,0.5589271792946671
2024-12-10 18:00:00+00:00,0.5342358570683392
2024-12-10 19:00:00+00:00,0.4964210869563475
2024-12-10 20:00:00+00:00,0.4363143563757581
2024-12-10 21:00:00+00:00,0.4168974110406939
2024-12-10 22:00:00+00:00,0.2585391312481507
2024-12-10 23:00:00+00:00,0.030619691417988773
2024-12-11 00:00:00+00:00,2.3545224780614688e-07
2024-12-11 01:00:00+00:00,1.145320042622924e-08
2024-12-11 02:00:00+00:00,9.299177401047655e-06
2024-12-11 03:00:00+00:00,1.2328115426119756e-05
2024-12-11 04:00:00+00:00,2.4001527586440555e-08
2024-12-11 05:00:00+00:00,6.488625898843815e-08
2024-12-11 06:00:00+00:00,7.382979398262513e-08
2024-12-11 07:00:00+00:00,1.6445153121964214e-07
2024-12-11 08:00:00+00:00,3.832943568937276e-09
2024-12-11 09:00:00+00:00,8.099374803409124e-08
2024-12-11 10:00:00+00:00,4.106725252432795e-09
2024-12-11 11:00:00+00:00,4.928070302919353e-09
2024-12-11 12:00:00+00:00,9.639989966718995e-06
2024-12-11 13:00:00+00:00,0.05137879551366578
2024-12-11 14:00:00+00:00,0.5284504315751453
2024-12-11 15:00:00+00:00,0.9054332464337553
2024-12-11 16:00:00+00:00,0.9033813865039392
2024-12-11 17:00:00+00:00,0.8681615879985812
2024-12-11 18:00:00+00:00,0.8224349247189432
2024-12-11 19:00:00+00:00,0.7772105367984483
2024-12-11 20:00:00+00:00,0.7575659489749904
2024-12-11 21:00:00+00:00,0.6747887805751095
2024-12-11 22:00:00+00:00,0.4225429056203264
2024-12-11 23:00:00+00:00,0.03227047226964227
2024-12-12 00:00:00+00:00,1.5255571707176179e-06
2024-12-12 01:00:00+00:00,7.852697506579659e-06
2024-12-12 02:00:00+00:00,4.643017940119935e-06
2024-12-12 03:00:00+00:00,1.5574253586764967e-05
2024-12-12 04:00:00+00:00,1.4071100883813396e-05
2024-12-12 05:00:00+00:00,3.227155963922855e-06
2024-12-12 06:00:00+00:00,1.0875338552931361e-05
2024-12-12 07:00:00+00:00,1.1570150835362407e-05
2024-12-12 08:00:00+00:00,8.876549742291737e-06
2024-12-12 09:00:00+00:00,5.170093311129393e-06
2024-12-12 10:00:00+00:00,7.837411362584493e-06
2024-12-12 11:00:00+00:00,1.92996009540885e-05
2024-12-12 12:00:00+00:00,1.469354354124046e-05
2024-12-12 13:00:00+00:00,0.0432510440601074
2024-12-12 14:00:00+00:00,0.389111997091231
2024-12-12 15:00:00+00:00,0.6464637638261455
2024-12-12 16:00:00+00:00,0.6178766244323077
2024-12-12 17:00:00+00:00,0.5079771577016609
2024-12-12 18:00:00+00:00,0.4109150797073674
2024-12-12 19:00:00+00:00,0.4146983937754108
2024-12-12 20:00:00+00:00,0.39993300435352686
2024-12-12 21:00:00+00:00,0.34499341297970193
2024-12-12 22:00:00+00:00,0.13738129717591163
2024-12-12 23:00:00+00:00,0.006306644354581358
2024-12-13 00:00:00+00:00,2.6852963820046394e-06
2024-12-13 01:00:00+00:00,9.46472405900128e-06
2024-12-13 02:00:00+00:00,2.29739336677207e-06
2024-12-13 03:00:00+00:00,2.007732345633811e-08
2024-12-13 04:00:00+00:00,1.0295423317007269e-05
2024-12-13 05:00:00+00:00,3.7126165190409944e-06
2024-12-13 06:00:00+00:00,4.712649748288963e-06
2024-12-13 07:00:00+00:00,9.910258118609655e-06
2024-12-13 08:00:00+00:00,3.550172720166986e-06
2024-12-13 09:00:00+00:00,5.5568099390668144e-06
2024-12-13 10:00:00+00:00,4.163078648952289e-06
2024-12-13 11:00:00+00:00,1.0268410190902379e-05
2024-12-13 12:00:00+00:00,2.1382395111280668e-05
2024-12-13 13:00:00+00:00,0.004708166618852004
2024-12-13 14:00:00+00:00,0.12607064205016968
2024-12-13 15:00:00+00:00,0.285927265752915
2024-12-13 16:00:00+00:00,0.3032734708994874
2024-12-13 17:00:00+00:00,0.33309136249574406
2024-12-13 18:00:00+00:00,0.3638425184937743
2024-12-13 19:00:00+00:00,0.3236440181892717
2024-12-13 20:00:00+00:00,0.2931619290347352
2024-12-13 21:00:00+00:00,0.25692698163086236
2024-12-13 22:00:00+00:00,0.13722299400558854
2024-12-13 23:00:00+00:00,0.011922698961636223
2024-12-14 00:00:00+00:00,7.3711155253110414e-06
2024-12-14 01:00:00+00:00,4.950520400965987e-06
2024-12-14 02:00:00+00:00,0.00460383932490892
2024-12-14 03:00:00+00:00,0.0024561249141692824
2024-12-14 04:00:00+00:00,3.051479383679897e-06
2024-12-14 05:00:00+00:00,1.4017622194970605e-07
2024-12-14 06:00:00+00:00,2.3819006464110208e-08
2024-12-14 07:00:00+00:00,4.544775946025626e-08
2024-12-14 08:00:00+00:00,1.0129922289334228e-08
2024-12-14 09:00:00+00:00,1.1772612390307344e-08
2024-12-14 10:00:00+00:00,1.5057992592253582e-08
2024-12-14 11:00:00+00:00,3.286292807557887e-07
2024-12-14 12:00:00+00:00,1.3689084174775984e-08
2024-12-14 13:00:00+00:00,0.004770262586182817
2024-12-14 14:00:00+00:00,0.17094384112481908
2024-12-14 15:00:00+00:00,0.4480629015765053
2024-12-14 16:00:00+00:00,0.5828331990990561
2024-12-14 17:00:00+00:00,0.6296120910820343
2024-12-14 18:00:00+00:00,0.6603931010105476
2024-12-14 19:00:00+00:00,0.6754998931345217
2024-12-14 20:00:00+00:00,0.6790139391295339
2024-12-14 21:00:00+00:00,0.6466300820465135
2024-12-14 22:00:00+00:00,0.3368718495853842
2024-12-14 23:00:00+00:00,0.029596869970315052
2024-12-15 00:00:00+00:00,2.221738361566142e-07
2024-12-15 01:00:00+00:00,5.370684024570443e-08
2024-12-15 02:00:00+00:00,1.1494267678753566e-07
2024-12-15 03:00:00+00:00,2.8473295083534043e-08
2024-12-15 04:00:00+00:00,1.1498830706811826e-08
2024-12-15 05:00:00+00:00,1.2046394073802865e-08
2024-12-15 06:00:00+00:00,3.34013653864534e-08
2024-12-15 07:00:00+00:00,1.3141520807784943e-08
2024-12-15 08:00:00+00:00,9.43634202447891e-08
2024-12-15 09:00:00+00:00,4.5233297141518104e-07
2024-12-15 10:00:00+00:00,1.3415302491280463e-08
2024-12-15 11:00:00+00:00,1.2046394073802865e-08
2024-12-15 12:00:00+00:00,1.2320175757298384e-08
2024-12-15 13:00:00+00:00,0.013043788230143058
2024-12-15 14:00:00+00:00,0.1822163601960008
2024-12-15 15:00:00+00:00,0.3967676024492424
2024-12-15 16:00:00+00:00,0.4792639384203024
2024-12-15 17:00:00+00:00,0.5215318600156669
2024-12-15 18:00:00+00:00,0.5303950221074174
2024-12-15 19:00:00+00:00,0.48932316521399694
2024-12-15 20:00:00+00:00,0.4226961104281394
2024-12-15 21:00:00+00:00,0.38023420483639897
2024-12-15 22:00:00+00:00,0.21877947364202094
2024-12-15 23:00:00+00:00,0.01972856027057806
2024-12-16 00:00:00+00:00,1.7248246060217735e-08
2024-12-16 01:00:00+00:00,1.724824606021774e-08
2024-12-16 02:00:00+00:00,1.8343372794199817e-08
2024-12-16 03:00:00+00:00,5.9713610381596145e-06
2024-12-16 04:00:00+00:00,1.642690100973118e-08
2024-12-16 05:00:00+00:00,3.178149042577157e-07
2024-12-16 06:00:00+00:00,2.085303822624208e-08
2024-12-16 07:00:00+00:00,5.539516062726014e-08
2024-12-16 08:00:00+00:00,1.4784210908758062e-08
2024-12-16 09:00:00+00:00,4.289246374763142e-08
2024-12-16 10:00:00+00:00,1.560555595924462e-08
2024-12-16 11:00:00+00:00,2.3056980778381014e-07
2024-12-16 12:00:00+00:00,1.3841306790799491e-05
2024-12-16 13:00:00+00:00,0.011039705074938278
2024-12-16 14:00:00+00:00,0.1890537839596179
2024-12-16 15:00:00+00:00,0.4608045662432773
2024-12-16 16:00:00+00:00,0.5591518252425347
2024-12-16 17:00:00+00:00,0.5539243722046779
2024-12-16 18:00:00+00:00,0.5761046661137431
2024-12-16 19:00:00+00:00,0.5978901875513553
2024-12-16 20:00:00+00:00,0.6231944708278473
2024-12-16 21:00:00+00:00,0.5947985951355784
2024-12-16 22:00:00+00:00,0.35501654289044515
2024-12-16 23:00:00+00:00,0.034355821403135096
2024-12-17 00:00:00+00:00,2.8637564093631357e-07
2024-12-17 01:00:00+00:00,1.802396083012171e-08
2024-12-17 02:00:00+00:00,1.5331774275749103e-08
2024-12-17 03:00:00+00:00,5.452818529619099e-08
2024-12-17 04:00:00+00:00,1.3415302491280463e-08
2024-12-17 05:00:00+00:00,1.3689084174775984e-08
2024-12-17 06:00:00+00:00,1.53317742757491e-08
2024-12-17 07:00:00+00:00,1.3962865858271502e-08
2024-12-17 08:00:00+00:00,1.0677485656325265e-08
2024-12-17 09:00:00+00:00,1.0129922289334228e-08
2024-12-17 10:00:00+00:00,1.0978645508170337e-07
2024-12-17 11:00:00+00:00,4.517397777676074e-08
2024-12-17 12:00:00+00:00,1.3141520807784943e-08
2024-12-17 13:00:00+00:00,0.009296242324509742
2024-12-17 14:00:00+00:00,0.18237676368250882
2024-12-17 15:00:00+00:00,0.417100987434654
2024-12-17 16:00:00+00:00,0.4976440911827539
2024-12-17 17:00:00+00:00,0.527187862838245
2024-12-17 18:00:00+00:00,0.5510240119143159
2024-12-17 19:00:00+00:00,0.5474399460255983
2024-12-17 20:00:00+00:00,0.5060480190881933
2024-12-17 21:00:00+00:00,0.4891686931620316
2024-12-17 22:00:00+00:00,0.32104606240791816
2024-12-17 23:00:00+00:00,0.0315701331563665
2024-12-18 00:00:00+00:00,4.0839101121415015e-08
2024-12-18 01:00:00+00:00,6.032323093017949e-08
2024-12-18 02:00:00+00:00,4.115851308549312e-08
2024-12-18 03:00:00+00:00,1.7522027743713256e-08
2024-12-18 04:00:00+00:00,3.1393633040819585e-08
2024-12-18 05:00:00+00:00,1.7273799017343988e-06
2024-12-18 06:00:00+00:00,2.675303350557053e-07
2024-12-18 07:00:00+00:00,5.4117512770947715e-08
2024-12-18 08:00:00+00:00,1.53317742757491e-08
2024-12-18 09:00:00+00:00,5.644465708065963e-08
2024-12-18 10:00:00+00:00,3.3998209456473632e-06
2024-12-18 11:00:00+00:00,2.437113285915951e-07
2024-12-18 12:00:00+00:00,9.668417631521945e-06
2024-12-18 13:00:00+00:00,0.01073437548242329
2024-12-18 14:00:00+00:00,0.21661226807440934
2024-12-18 15:00:00+00:00,0.45815517829116525
2024-12-18 16:00:00+00:00,0.5891847387216604
2024-12-18 17:00:00+00:00,0.6720230146457341
2024-12-18 18:00:00+00:00,0.7116491621576045
2024-12-18 19:00:00+00:00,0.7064342260076445
2024-12-18 20:00:00+00:00,0.7423178332100311
2024-12-18 21:00:00+00:00,0.7331708004428575
2024-12-18 22:00:00+00:00,0.3994709380325908
2024-12-18 23:00:00+00:00,0.03421524646379366
2024-12-19 00:00:00+00:00,8.761424544381871e-06
2024-12-19 01:00:00+00:00,4.552396202882918e-06
2024-12-19 02:00:00+00:00,7.110110320378644e-07
2024-12-19 03:00:00+00:00,1.3278411649532703e-07
2024-12-19 04:00:00+00:00,1.3415302491280463e-08
2024-12-19 05:00:00+00:00,5.201851986414874e-09
2024-12-19 06:00:00+00:00,2.4640351514596766e-09
2024-12-19 07:00:00+00:00,1.916471784468638e-09
2024-12-19 08:00:00+00:00,2.7378168349551966e-09
2024-12-19 09:00:00+00:00,2.7378168349551966e-09
2024-12-19 10:00:00+00:00,3.2853802019462358e-09
2024-12-19 11:00:00+00:00,4.106725252432795e-09
2024-12-19 12:00:00+00:00,3.011598518450716e-09
2024-12-19 13:00:00+00:00,0.026292263814687588
2024-12-19 14:00:00+00:00,0.3743918929393782
2024-12-19 15:00:00+00:00,0.7424782283005675
2024-12-19 16:00:00+00:00,0.7948634341033441
2024-12-19 17:00:00+00:00,0.7872957699773672
2024-12-19 18:00:00+00:00,0.7681442714531171
2024-12-19 19:00:00+00:00,0.7770458361715269
2024-12-19 20:00:00+00:00,0.80926525021056
2024-12-19 21:00:00+00:00,0.7918268857688159
2024-12-19 22:00:00+00:00,0.4311754619020018
2024-12-19 23:00:00+00:00,0.03715108466235086
2024-12-20 00:00:00+00:00,2.0921483647115961e-07
2024-12-20 01:00:00+00:00,4.6040953107829885e-08
2024-12-20 02:00:00+00:00,1.4236647541767021e-08
2024-12-20 03:00:00+00:00,1.435072324322349e-07
2024-12-20 04:00:00+00:00,2.251854346750649e-07
2024-12-20 05:00:00+00:00,1.1215922967199789e-07
2024-12-20 06:00:00+00:00,1.2867739124289425e-08
2024-12-20 07:00:00+00:00,5.165347761948804e-08
2024-12-20 08:00:00+00:00,1.713417035876127e-07
2024-12-20 09:00:00+00:00,1.1498830706811826e-08
2024-12-20 10:00:00+00:00,1.5331774275749103e-08
2024-12-20 11:00:00+00:00,6.5707604038924715e-09
2024-12-20 12:00:00+00:00,9.029776224488064e-07
2024-12-20 13:00:00+00:00,0.021223916081856198
2024-12-20 14:00:00+00:00,0.3906438410651164
2024-12-20 15:00:00+00:00,0.8455481063061854
2024-12-20 16:00:00+00:00,0.8891506012668398
2024-12-20 17:00:00+00:00,0.8431279581760689
2024-12-20 18:00:00+00:00,0.8198012856475015
2024-12-20 19:00:00+00:00,0.8311486739704577
2024-12-20 20:00:00+00:00,0.8687341697183312
2024-12-20 21:00:00+00:00,0.8500542276551422
2024-12-20 22:00:00+00:00,0.46678895646049395
2024-12-20 23:00:00+00:00,0.039659821837595234
2024-12-21 00:00:00+00:00,4.719539920656933e-07
2024-12-21 01:00:00+00:00,3.2402062241694746e-07
2024-12-21 02:00:00+00:00,5.095077129851621e-07
2024-12-21 03:00:00+00:00,1.2411436318463558e-08
2024-12-21 04:00:00+00:00,4.106725252432795e-09
2024-12-21 05:00:00+00:00,3.5591618854417554e-09
2024-12-21 06:00:00+00:00,6.246785411756107e-08
2024-12-21 07:00:00+00:00,3.5591618854417554e-09
2024-12-21 08:00:00+00:00,4.380506935928314e-09
2024-12-21 09:00:00+00:00,4.380506935928314e-09
2024-12-21 10:00:00+00:00,4.106725252432795e-09
2024-12-21 11:00:00+00:00,4.275557290588365e-08
2024-12-21 12:00:00+00:00,4.480893553210005e-08
2024-12-21 13:00:00+00:00,0.028621820871115596
2024-12-21 14:00:00+00:00,0.42871202473536907
2024-12-21 15:00:00+00:00,0.853147240495923
2024-12-21 16:00:00+00:00,0.8805293187216972
2024-12-21 17:00:00+00:00,0.8383643459751297
2024-12-21 18:00:00+00:00,0.8133508012332213
2024-12-21 19:00:00+00:00,0.8245381476440127
2024-12-21 20:00:00+00:00,0.8522987458391625
2024-12-21 21:00:00+00:00,0.8292481410711479
2024-12-21 22:00:00+00:00,0.45751774280118657
2024-12-21 23:00:00+00:00,0.04111293920393733
2024-12-22 00:00:00+00:00,4.559377635812054e-07
2024-12-22 01:00:00+00:00,1.4784210908758062e-08
2024-12-22 02:00:00+00:00,1.4510429225262543e-08
2024-12-22 03:00:00+00:00,1.2867739124289425e-08
2024-12-22 04:00:00+00:00,1.101058670457815e-07
2024-12-22 05:00:00+00:00,7.433172706903359e-08
2024-12-22 06:00:00+00:00,2.0624886823329148e-08
2024-12-22 07:00:00+00:00,4.380506935928314e-09
2024-12-22 08:00:00+00:00,4.928070302919353e-09
2024-12-22 09:00:00+00:00,6.5707604038924715e-09
2024-12-22 10:00:00+00:00,1.2958999685454597e-08
2024-12-22 11:00:00+00:00,7.811904035738827e-08
2024-12-22 12:00:00+00:00,1.2922495460988528e-07
2024-12-22 13:00:00+00:00,0.015097746559672462
2024-12-22 14:00:00+00:00,0.2475465712422195
2024-12-22 15:00:00+00:00,0.5295639313872342
2024-12-22 16:00:00+00:00,0.601229217829478
2024-12-22 17:00:00+00:00,0.6041049855432292
2024-12-22 18:00:00+00:00,0.5390759737277877
2024-12-22 19:00:00+00:00,0.4756676515560576
2024-12-22 20:00:00+00:00,0.4366907434032984
2024-12-22 21:00:00+00:00,0.4032443874271659
2024-12-22 22:00:00+00:00,0.2541750804166117
2024-12-22 23:00:00+00:00,0.03229541848092761
2024-12-23 00:00:00+00:00,2.6957457162580517e-06
2024-12-23 01:00:00+00:00,1.6639081814440206e-06
2024-12-23 02:00:00+00:00,2.1870593483233764e-07
2024-12-23 03:00:00+00:00,9.646241315158808e-08
2024-12-23 04:00:00+00:00,1.2867739124289425e-08
2024-12-23 05:00:00+00:00,5.133406565540993e-08
2024-12-23 06:00:00+00:00,1.2046394073802865e-08
2024-12-23 07:00:00+00:00,9.244694846032047e-08
2024-12-23 08:00:00+00:00,1.1225049023316306e-08
2024-12-23 09:00:00+00:00,9.345081463313736e-08
2024-12-23 10:00:00+00:00,1.0239434962732436e-07
2024-12-23 11:00:00+00:00,4.695355871948162e-08
2024-12-23 12:00:00+00:00,5.379810080686961e-07
2024-12-23 13:00:00+00:00,0.009702911477086107
2024-12-23 14:00:00+00:00,0.17962976288661103
2024-12-23 15:00:00+00:00,0.46549938281093933
2024-12-23 16:00:00+00:00,0.5238536628447338
2024-12-23 17:00:00+00:00,0.46571194001983285
2024-12-23 18:00:00+00:00,0.5226991847591677
2024-12-23 19:00:00+00:00,0.5794508234310205
2024-12-23 20:00:00+00:00,0.5650567627375531
2024-12-23 21:00:00+00:00,0.5049696037143901
2024-12-23 22:00:00+00:00,0.3014826698814438
2024-12-23 23:00:00+00:00,0.028942965781989665
2024-12-24 00:00:00+00:00,8.610433945934092e-08
2024-12-24 01:00:00+00:00,1.560555595924462e-08
2024-12-24 02:00:00+00:00,5.17127969842454e-07
2024-12-24 03:00:00+00:00,1.1977948652928986e-07
2024-12-24 04:00:00+00:00,1.3141520807784943e-08
2024-12-24 05:00:00+00:00,4.713607984181197e-08
2024-12-24 06:00:00+00:00,1.5605555959244618e-08
2024-12-24 07:00:00+00:00,4.829508896860966e-07
2024-12-24 08:00:00+00:00,1.53317742757491e-08
2024-12-24 09:00:00+00:00,5.083213256900148e-08
2024-12-24 10:00:00+00:00,2.6556823299065406e-07
2024-12-24 11:00:00+00:00,1.3141520807784943e-08
2024-12-24 12:00:00+00:00,1.2046394073802865e-08
2024-12-24 13:00:00+00:00,0.009417623890190286
2024-12-24 14:00:00+00:00,0.144605650250204
2024-12-24 15:00:00+00:00,0.37277979816968704
2024-12-24 16:00:00+00:00,0.429077676053015
2024-12-24 17:00:00+00:00,0.44220950010676413
2024-12-24 18:00:00+00:00,0.47223636136799446
2024-12-24 19:00:00+00:00,0.46045095890130033
2024-12-24 20:00:00+00:00,0.4271221542850963
2024-12-24 21:00:00+00:00,0.3868818176296901
2024-12-24 22:00:00+00:00,0.23586986872799617
2024-12-24 23:00:00+00:00,0.028959538928048662
2024-12-25 00:00:00+00:00,8.423349795545487e-08
2024-12-25 01:00:00+00:00,1.3962865858271502e-08
2024-12-25 02:00:00+00:00,1.1498830706811826e-08
2024-12-25 03:00:00+00:00,2.691273948760958e-07
2024-12-25 04:00:00+00:00,1.3962865858271502e-08
2024-12-25 05:00:00+00:00,1.2867739124289425e-08
2024-12-25 06:00:00+00:00,2.623284830692904e-07
2024-12-25 07:00:00+00:00,1.0403703972829747e-08
2024-12-25 08:00:00+00:00,1.2411436318463557e-07
2024-12-25 09:00:00+00:00,1.124330113554934e-07
2024-12-25 10:00:00+00:00,1.1225049023316306e-08
2024-12-25 11:00:00+00:00,1.9000448834589065e-07
2024-12-25 12:00:00+00:00,8.843148376905284e-08
2024-12-25 13:00:00+00:00,0.003311709421405755
2024-12-25 14:00:00+00:00,0.0812099516499667
2024-12-25 15:00:00+00:00,0.22715674689283977
2024-12-25 16:00:00+00:00,0.27296378526516774
2024-12-25 17:00:00+00:00,0.2970193717294687
2024-12-25 18:00:00+00:00,0.3498146937331077
2024-12-25 19:00:00+00:00,0.3539452402735186
2024-12-25 20:00:00+00:00,0.37823752012925754
2024-12-25 21:00:00+00:00,0.3671958899584118
2024-12-25 22:00:00+00:00,0.23678421317275006
2024-12-25 23:00:00+00:00,0.02919894973958619
2024-12-26 00:00:00+00:00,2.9292358619991476e-06
2024-12-26 01:00:00+00:00,1.3962865858271502e-08
2024-12-26 02:00:00+00:00,1.5057992592253582e-08
2024-12-26 03:00:00+00:00,6.061982775396631e-07
2024-12-26 04:00:00+00:00,6.577148643174034e-07
2024-12-26 05:00:00+00:00,1.2046394073802865e-08
2024-12-26 06:00:00+00:00,5.863491054862379e-08
2024-12-26 07:00:00+00:00,1.0403703972829747e-08
2024-12-26 08:00:00+00:00,1.0677485656325265e-08
2024-12-26 09:00:00+00:00,3.019811968955582e-07
2024-12-26 10:00:00+00:00,3.0508405597517407e-07
2024-12-26 11:00:00+00:00,3.150770874227605e-07
2024-12-26 12:00:00+00:00,1.2101561083027212e-05
2024-12-26 13:00:00+00:00,0.0018615010767113567
2024-12-26 14:00:00+00:00,0.07440455144541384
2024-12-26 15:00:00+00:00,0.234158753831036
2024-12-26 16:00:00+00:00,0.3103202066008127
2024-12-26 17:00:00+00:00,0.35309651627896776
2024-12-26 18:00:00+00:00,0.38439161999181615
2024-12-26 19:00:00+00:00,0.4216555667726812
2024-12-26 20:00:00+00:00,0.48446155331575325
2024-12-26 21:00:00+00:00,0.48428657378367646
2024-12-26 22:00:00+00:00,0.33350754245896286
2024-12-26 23:00:00+00:00,0.03600532451567172
2024-12-27 00:00:00+00:00,5.164252635214822e-06
2024-12-27 01:00:00+00:00,1.5578177790895068e-07
2024-12-27 02:00:00+00:00,2.6237411334987297e-07
2024-12-27 03:00:00+00:00,3.805109097781897e-07
2024-12-27 04:00:00+00:00,7.624819885350221e-08
2024-12-27 05:00:00+00:00,1.1498830706811826e-08
2024-12-27 06:00:00+00:00,1.2593957440793902e-08
2024-12-27 07:00:00+00:00,1.2867739124289425e-08
2024-12-27 08:00:00+00:00,1.2593957440793902e-08
2024-12-27 09:00:00+00:00,1.2867739124289425e-08
2024-12-27 10:00:00+00:00,1.2046394073802865e-08
2024-12-27 11:00:00+00:00,1.434296609552445e-06
2024-12-27 12:00:00+00:00,1.7741965696121325e-06
2024-12-27 13:00:00+00:00,0.016351839517584787
2024-12-27 14:00:00+00:00,0.2518906370603598
2024-12-27 15:00:00+00:00,0.6506961398589404
2024-12-27 16:00:00+00:00,0.7383921959697065
2024-12-27 17:00:00+00:00,0.7487812565923037
2024-12-27 18:00:00+00:00,0.756659548442674
2024-12-27 19:00:00+00:00,0.6976246340021889
2024-12-27 20:00:00+00:00,0.6139379048536492
2024-12-27 21:00:00+00:00,0.5058667553538747
2024-12-27 22:00:00+00:00,0.25118853205522546
2024-12-27 23:00:00+00:00,0.021604369451850573
2024-12-28 00:00:00+00:00,2.1003618152164618e-07
2024-12-28 01:00:00+00:00,7.859359527544718e-07
2024-12-28 02:00:00+00:00,1.560555595924462e-08
2024-12-28 03:00:00+00:00,1.5331774275749103e-08
2024-12-28 04:00:00+00:00,1.53317742757491e-08
2024-12-28 05:00:00+00:00,1.587933764274014e-08
2024-12-28 06:00:00+00:00,1.5377404556331685e-08
2024-12-28 07:00:00+00:00,1.9621020650512245e-08
2024-12-28 08:00:00+00:00,1.3415302491280463e-08
2024-12-28 09:00:00+00:00,2.838203452236887e-07
2024-12-28 10:00:00+00:00,1.0951267339820786e-08
2024-12-28 11:00:00+00:00,1.3141520807784943e-08
2024-12-28 12:00:00+00:00,1.3689084174775984e-08
2024-12-28 13:00:00+00:00,0.0033299080549499473
2024-12-28 14:00:00+00:00,0.14124249642912437
2024-12-28 15:00:00+00:00,0.40045010038217294
2024-12-28 16:00:00+00:00,0.5004764926079238
2024-12-28 17:00:00+00:00,0.4799616421110928
2024-12-28 18:00:00+00:00,0.536935910419975
2024-12-28 19:00:00+00:00,0.6047693108662946
2024-12-28 20:00:00+00:00,0.6298402978801079
2024-12-28 21:00:00+00:00,0.6051998029951695
2024-12-28 22:00:00+00:00,0.41090200905038543
2024-12-28 23:00:00+00:00,0.05397668960287991
2024-12-29 00:00:00+00:00,7.671819074350287e-07
2024-12-29 01:00:00+00:00,8.525105321244656e-07
2024-12-29 02:00:00+00:00,4.206199264102834e-07
2024-12-29 03:00:00+00:00,3.37983488275219e-07
2024-12-29 04:00:00+00:00,1.8991322778472546e-07
2024-12-29 05:00:00+00:00,1.9684903043327863e-07
2024-12-29 06:00:00+00:00,2.59727557076083e-07
2024-12-29 07:00:00+00:00,8.233619088883093e-06
2024-12-29 08:00:00+00:00,2.1423416733524413e-07
2024-12-29 09:00:00+00:00,1.0129922289334228e-08
2024-12-29 10:00:00+00:00,1.0677485656325265e-08
2024-12-29 11:00:00+00:00,1.0951267339820786e-08
2024-12-29 12:00:00+00:00,1.1225049023316306e-08
2024-12-29 13:00:00+00:00,0.013575327565871629
2024-12-29 14:00:00+00:00,0.22754478935420983
2024-12-29 15:00:00+00:00,0.5521437022496807
2024-12-29 16:00:00+00:00,0.6516191132179039
2024-12-29 17:00:00+00:00,0.7008702129181152
2024-12-29 18:00:00+00:00,0.7251618780427141
2024-12-29 19:00:00+00:00,0.7401550198307073
2024-12-29 20:00:00+00:00,0.7836256453338406
2024-12-29 21:00:00+00:00,0.8105238192252157
2024-12-29 22:00:00+00:00,0.5135593030783063
2024-12-29 23:00:00+00:00,0.06087553455323858
2024-12-30 00:00:00+00:00,4.146697378223141e-06
2024-12-30 01:00:00+00:00,1.2087005023521367e-06
2024-12-30 02:00:00+00:00,1.3415302491280463e-08
2024-12-30 03:00:00+00:00,1.1498830706811826e-08
2024-12-30 04:00:00+00:00,1.2593957440793902e-08
2024-12-30 05:00:00+00:00,2.5418347798529868e-06
2024-12-30 06:00:00+00:00,9.387517624255543e-07
2024-12-30 07:00:00+00:00,8.865963517196577e-08
2024-12-30 08:00:00+00:00,1.0951267339820786e-08
2024-12-30 09:00:00+00:00,1.1498830706811826e-08
2024-12-30 10:00:00+00:00,7.455987847194652e-08
2024-12-30 11:00:00+00:00,7.21779778255355e-07
2024-12-30 12:00:00+00:00,1.2100237804890316e-06
2024-12-30 13:00:00+00:00,0.015520331006552666
2024-12-30 14:00:00+00:00,0.2160408877999471
2024-12-30 15:00:00+00:00,0.4283844286610565
2024-12-30 16:00:00+00:00,0.4801583275569703
2024-12-30 17:00:00+00:00,0.41921954172332676
2024-12-30 18:00:00+00:00,0.40349527758528037
2024-12-30 19:00:00+00:00,0.4755421347005689
2024-12-30 20:00:00+00:00,0.5943784755451949
2024-12-30 21:00:00+00:00,0.6370435766093131
2024-12-30 22:00:00+00:00,0.46549803594194733
2024-12-30 23:00:00+00:00,0.059278334830407786
2024-12-31 00:00:00+00:00,1.2912456799260357e-06
2024-12-31 01:00:00+00:00,2.8090000726640314e-07
2024-12-31 02:00:00+00:00,3.983523494859811e-08
2024-12-31 03:00:00+00:00,1.1498830706811826e-08
2024-12-31 04:00:00+00:00,2.0396735420416216e-08
2024-12-31 05:00:00+00:00,7.113760742825253e-08
2024-12-31 06:00:00+00:00,5.5760202871920836e-08
2024-12-31 07:00:00+00:00,1.2046394073802865e-08
2024-12-31 08:00:00+00:00,5.12382420661865e-07
2024-12-31 09:00:00+00:00,9.002854358944337e-08
2024-12-31 10:00:00+00:00,1.8206481952452056e-08
2024-12-31 11:00:00+00:00,5.361557968453927e-08
2024-12-31 12:00:00+00:00,2.9903804379798133e-06
2024-12-31 13:00:00+00:00,0.01731702608793913
2024-12-31 14:00:00+00:00,0.3808667879110799
2024-12-31 15:00:00+00:00,0.6964330007762041
2024-12-31 16:00:00+00:00,0.6952885367576449
2024-12-31 17:00:00+00:00,0.8467740996353819
2024-12-31 18:00:00+00:00,0.849218432453031
2024-12-31 19:00:00+00:00,0.864945036420605
2024-12-31 20:00:00+00:00,0.8977258870289861
2024-12-31 21:00:00+00:00,0.8896793903286667
2024-12-31 22:00:00+00:00,0.5465836310232001
2024-12-31 23:00:00+00:00,0.06557945819482033
2025-01-01 00:00:00+00:00,5.779987641396246e-07
2025-01-01 01:00:00+00:00,5.288549519521787e-08
2025-01-01 02:00:00+00:00,3.3802911855580157e-07
2025-01-01 03:00:00+00:00,1.2320175757298384e-08
2025-01-01 04:00:00+00:00,1.3141520807784943e-08
2025-01-01 05:00:00+00:00,1.0951267339820786e-08
