datetime_utc,wind_cf
2024-01-01 06:00:00+00:00,0.5352462272539658
2024-01-01 07:00:00+00:00,0.5017558887128525
2024-01-01 08:00:00+00:00,0.4683127487425418
2024-01-01 09:00:00+00:00,0.4323835653906117
2024-01-01 10:00:00+00:00,0.3898409910736855
2024-01-01 11:00:00+00:00,0.3143443420123803
2024-01-01 12:00:00+00:00,0.24011812135639315
2024-01-01 13:00:00+00:00,0.18653453071546705
2024-01-01 14:00:00+00:00,0.11950999074986897
2024-01-01 15:00:00+00:00,0.0723086670813601
2024-01-01 16:00:00+00:00,0.05487007615892332
2024-01-01 17:00:00+00:00,0.06474385950785791
2024-01-01 18:00:00+00:00,0.07190681808259379
2024-01-01 19:00:00+00:00,0.07402564040492651
2024-01-01 20:00:00+00:00,0.07921468166552062
2024-01-01 21:00:00+00:00,0.09804576985046054
2024-01-01 22:00:00+00:00,0.12242643379618277
2024-01-01 23:00:00+00:00,0.1836241576398103
2024-01-02 00:00:00+00:00,0.24214534658254952
2024-01-02 01:00:00+00:00,0.2712986620403051
2024-01-02 02:00:00+00:00,0.28756980693838397
2024-01-02 03:00:00+00:00,0.293202305836666
2024-01-02 04:00:00+00:00,0.3086398356708066
2024-01-02 05:00:00+00:00,0.329200020671038
2024-01-02 06:00:00+00:00,0.33121155927987417
2024-01-02 07:00:00+00:00,0.3268745394502813
2024-01-02 08:00:00+00:00,0.3360425830081659
2024-01-02 09:00:00+00:00,0.3685953186910385
2024-01-02 10:00:00+00:00,0.3804224499926301
2024-01-02 11:00:00+00:00,0.36899769009982997
2024-01-02 12:00:00+00:00,0.28955884865543063
2024-01-02 13:00:00+00:00,0.21606494660260875
2024-01-02 14:00:00+00:00,0.1691090415833907
2024-01-02 15:00:00+00:00,0.1212723371736913
2024-01-02 16:00:00+00:00,0.11008438889060283
2024-01-02 17:00:00+00:00,0.1207351349911706
2024-01-02 18:00:00+00:00,0.13050644640254622
2024-01-02 19:00:00+00:00,0.13794839835851946
2024-01-02 20:00:00+00:00,0.14628026292190716
2024-01-02 21:00:00+00:00,0.18091513122145117
2024-01-02 22:00:00+00:00,0.18788227233382637
2024-01-02 23:00:00+00:00,0.17813896875194088
2024-01-03 00:00:00+00:00,0.13027231130365763
2024-01-03 01:00:00+00:00,0.10460821596824998
2024-01-03 02:00:00+00:00,0.10993792171374843
2024-01-03 03:00:00+00:00,0.1151356470196902
2024-01-03 04:00:00+00:00,0.12759945897768785
2024-01-03 05:00:00+00:00,0.14172995461182974
2024-01-03 06:00:00+00:00,0.16562817062168023
2024-01-03 07:00:00+00:00,0.17452515304322724
2024-01-03 08:00:00+00:00,0.19595391459392783
2024-01-03 09:00:00+00:00,0.22272044941933897
2024-01-03 10:00:00+00:00,0.21880103346258883
2024-01-03 11:00:00+00:00,0.22892440787195645
2024-01-03 12:00:00+00:00,0.21497305299836025
2024-01-03 13:00:00+00:00,0.22086912246858392
2024-01-03 14:00:00+00:00,0.17257579709852722
2024-01-03 15:00:00+00:00,0.1496155848469016
2024-01-03 16:00:00+00:00,0.14603780671706487
2024-01-03 17:00:00+00:00,0.14591954519860423
2024-01-03 18:00:00+00:00,0.1380436832717911
2024-01-03 19:00:00+00:00,0.12828920785209694
2024-01-03 20:00:00+00:00,0.12297212505123
2024-01-03 21:00:00+00:00,0.12411683260983396
2024-01-03 22:00:00+00:00,0.130581175909369
2024-01-03 23:00:00+00:00,0.13766885230724374
2024-01-04 00:00:00+00:00,0.18372261555227007
2024-01-04 01:00:00+00:00,0.25130442847663786
2024-01-04 02:00:00+00:00,0.30830681648856717
2024-01-04 03:00:00+00:00,0.3545974286892951
2024-01-04 04:00:00+00:00,0.3750533801998239
2024-01-04 05:00:00+00:00,0.37337043767757894
2024-01-04 06:00:00+00:00,0.35740815188996417
2024-01-04 07:00:00+00:00,0.33768262192922693
2024-01-04 08:00:00+00:00,0.31805274318337895
2024-01-04 09:00:00+00:00,0.28796346255954386
2024-01-04 10:00:00+00:00,0.2890063756505862
2024-01-04 11:00:00+00:00,0.29972003560856053
2024-01-04 12:00:00+00:00,0.3530749581986261
2024-01-04 13:00:00+00:00,0.4650202877221058
2024-01-04 14:00:00+00:00,0.559706018603558
2024-01-04 15:00:00+00:00,0.600221061623513
2024-01-04 16:00:00+00:00,0.6299957727795502
2024-01-04 17:00:00+00:00,0.6572452195638555
2024-01-04 18:00:00+00:00,0.6761392137248606
2024-01-04 19:00:00+00:00,0.7111238229550259
2024-01-04 20:00:00+00:00,0.7233114389018973
2024-01-04 21:00:00+00:00,0.6220493944291172
2024-01-04 22:00:00+00:00,0.4882883190001807
2024-01-04 23:00:00+00:00,0.40019697337317406
2024-01-05 00:00:00+00:00,0.4252218478017944
2024-01-05 01:00:00+00:00,0.47663306764669106
2024-01-05 02:00:00+00:00,0.5136590496172471
2024-01-05 03:00:00+00:00,0.5367562800402602
2024-01-05 04:00:00+00:00,0.5506641134950309
2024-01-05 05:00:00+00:00,0.5297609259665969
2024-01-05 06:00:00+00:00,0.5351415892851379
2024-01-05 07:00:00+00:00,0.5518449196948323
2024-01-05 08:00:00+00:00,0.5781358856217382
2024-01-05 09:00:00+00:00,0.5903279878957552
2024-01-05 10:00:00+00:00,0.5989452530818419
2024-01-05 11:00:00+00:00,0.6015809950988126
2024-01-05 12:00:00+00:00,0.5979713740714538
2024-01-05 13:00:00+00:00,0.607940572845784
2024-01-05 14:00:00+00:00,0.5975619532364758
2024-01-05 15:00:00+00:00,0.524157134674168
2024-01-05 16:00:00+00:00,0.5221420015589823
2024-01-05 17:00:00+00:00,0.5656456445609618
2024-01-05 18:00:00+00:00,0.656736673071562
2024-01-05 19:00:00+00:00,0.6939007044400494
2024-01-05 20:00:00+00:00,0.6898106506057042
2024-01-05 21:00:00+00:00,0.6370223854830251
2024-01-05 22:00:00+00:00,0.49579915438749517
2024-01-05 23:00:00+00:00,0.35137611843201544
2024-01-06 00:00:00+00:00,0.28753520972890584
2024-01-06 01:00:00+00:00,0.27408983145180876
2024-01-06 02:00:00+00:00,0.25240285115776556
2024-01-06 03:00:00+00:00,0.23576731847038349
2024-01-06 04:00:00+00:00,0.23226996314051432
2024-01-06 05:00:00+00:00,0.20838852487995432
2024-01-06 06:00:00+00:00,0.18601547893717346
2024-01-06 07:00:00+00:00,0.1680737377107031
2024-01-06 08:00:00+00:00,0.15760282245805549
2024-01-06 09:00:00+00:00,0.14524352305432686
2024-01-06 10:00:00+00:00,0.13620549050443337
2024-01-06 11:00:00+00:00,0.13621276527191314
2024-01-06 12:00:00+00:00,0.12255813256816117
2024-01-06 13:00:00+00:00,0.12300850123857024
2024-01-06 14:00:00+00:00,0.11734671505814817
2024-01-06 15:00:00+00:00,0.09812666079488597
2024-01-06 16:00:00+00:00,0.11517993332632909
2024-01-06 17:00:00+00:00,0.15036721197766745
2024-01-06 18:00:00+00:00,0.18491796344184247
2024-01-06 19:00:00+00:00,0.201282887736191
2024-01-06 20:00:00+00:00,0.24610236998741683
2024-01-06 21:00:00+00:00,0.28262404508514233
2024-01-06 22:00:00+00:00,0.3043965153394796
2024-01-06 23:00:00+00:00,0.2609854454908293
2024-01-07 00:00:00+00:00,0.21411417834319366
2024-01-07 01:00:00+00:00,0.17753532816160847
2024-01-07 02:00:00+00:00,0.19237723254901445
2024-01-07 03:00:00+00:00,0.20767860606177377
2024-01-07 04:00:00+00:00,0.21774297926598196
2024-01-07 05:00:00+00:00,0.2230033895812017
2024-01-07 06:00:00+00:00,0.21813047930631602
2024-01-07 07:00:00+00:00,0.22690170942808868
2024-01-07 08:00:00+00:00,0.24467905776401774
2024-01-07 09:00:00+00:00,0.26382926045628036
2024-01-07 10:00:00+00:00,0.28761515946761534
2024-01-07 11:00:00+00:00,0.340586807609468
2024-01-07 12:00:00+00:00,0.428028465257348
2024-01-07 13:00:00+00:00,0.5589112444899963
2024-01-07 14:00:00+00:00,0.7163706844848989
2024-01-07 15:00:00+00:00,0.7195286724288229
2024-01-07 16:00:00+00:00,0.7095462982205876
2024-01-07 17:00:00+00:00,0.7870534953000929
2024-01-07 18:00:00+00:00,0.8616297574984217
2024-01-07 19:00:00+00:00,0.9034145745192751
2024-01-07 20:00:00+00:00,0.9014086495948035
2024-01-07 21:00:00+00:00,0.9000090235504041
2024-01-07 22:00:00+00:00,0.9188411332367461
2024-01-07 23:00:00+00:00,0.9522051731709646
2024-01-08 00:00:00+00:00,0.9790839870704541
2024-01-08 01:00:00+00:00,0.968342797152589
2024-01-08 02:00:00+00:00,0.9697009391772611
2024-01-08 03:00:00+00:00,0.9698260145131792
2024-01-08 04:00:00+00:00,0.9604600398111262
2024-01-08 05:00:00+00:00,0.9581772579274259
2024-01-08 06:00:00+00:00,0.9480386913645384
2024-01-08 07:00:00+00:00,0.9494162130658027
2024-01-08 08:00:00+00:00,0.9440780917828636
2024-01-08 09:00:00+00:00,0.9391142036394078
2024-01-08 10:00:00+00:00,0.9378253012971766
2024-01-08 11:00:00+00:00,0.9422597623461684
2024-01-08 12:00:00+00:00,0.9478673835006052
2024-01-08 13:00:00+00:00,0.9441101869194682
2024-01-08 14:00:00+00:00,0.9316633125067687
2024-01-08 15:00:00+00:00,0.9140987221068868
2024-01-08 16:00:00+00:00,0.9151603372237593
2024-01-08 17:00:00+00:00,0.9103445923798975
2024-01-08 18:00:00+00:00,0.9059320668036445
2024-01-08 19:00:00+00:00,0.9046477833252473
2024-01-08 20:00:00+00:00,0.8827522647581956
2024-01-08 21:00:00+00:00,0.867885957242779
2024-01-08 22:00:00+00:00,0.8807322136858788
2024-01-08 23:00:00+00:00,0.9364904763661099
2024-01-09 00:00:00+00:00,0.9466340475085797
2024-01-09 01:00:00+00:00,0.9466540576201905
2024-01-09 02:00:00+00:00,0.9290281773169449
2024-01-09 03:00:00+00:00,0.9212796434882291
2024-01-09 04:00:00+00:00,0.9403014527274726
2024-01-09 05:00:00+00:00,0.966353822137722
2024-01-09 06:00:00+00:00,0.9623702801876951
2024-01-09 07:00:00+00:00,0.954693576435933
2024-01-09 08:00:00+00:00,0.9532602928693479
2024-01-09 09:00:00+00:00,0.9450214360899691
2024-01-09 10:00:00+00:00,0.9304806417189363
2024-01-09 11:00:00+00:00,0.9211733529683803
2024-01-09 12:00:00+00:00,0.9131850759239646
2024-01-09 13:00:00+00:00,0.9333798166735948
2024-01-09 14:00:00+00:00,0.8670392344593976
2024-01-09 15:00:00+00:00,0.7933893056685549
2024-01-09 16:00:00+00:00,0.7724820080204995
2024-01-09 17:00:00+00:00,0.7165431373125343
2024-01-09 18:00:00+00:00,0.6653481890359011
2024-01-09 19:00:00+00:00,0.6629544906102353
2024-01-09 20:00:00+00:00,0.6185379740860295
2024-01-09 21:00:00+00:00,0.5190054406689609
2024-01-09 22:00:00+00:00,0.371327888303508
2024-01-09 23:00:00+00:00,0.19001586161491735
2024-01-10 00:00:00+00:00,0.1445707792950662
2024-01-10 01:00:00+00:00,0.19242677133596514
2024-01-10 02:00:00+00:00,0.29652935499219135
2024-01-10 03:00:00+00:00,0.428837197516029
2024-01-10 04:00:00+00:00,0.5739429836061571
2024-01-10 05:00:00+00:00,0.744430583793368
2024-01-10 06:00:00+00:00,0.8435770731214197
2024-01-10 07:00:00+00:00,0.8664540048998578
2024-01-10 08:00:00+00:00,0.8895437762838412
2024-01-10 09:00:00+00:00,0.8961620801807091
2024-01-10 10:00:00+00:00,0.9026583984806195
2024-01-10 11:00:00+00:00,0.9143389769590349
2024-01-10 12:00:00+00:00,0.9235072550049073
2024-01-10 13:00:00+00:00,0.9255289456131854
2024-01-10 14:00:00+00:00,0.8751749423012082
2024-01-10 15:00:00+00:00,0.7648254113063881
2024-01-10 16:00:00+00:00,0.7183077161444289
2024-01-10 17:00:00+00:00,0.7339182047304881
2024-01-10 18:00:00+00:00,0.7213879678858793
2024-01-10 19:00:00+00:00,0.6644502403884879
2024-01-10 20:00:00+00:00,0.6020454537641238
2024-01-10 21:00:00+00:00,0.5335436174223147
2024-01-10 22:00:00+00:00,0.4513387570842113
2024-01-10 23:00:00+00:00,0.36487563899489667
2024-01-11 00:00:00+00:00,0.3548026695246862
2024-01-11 01:00:00+00:00,0.37862310952767303
2024-01-11 02:00:00+00:00,0.44123393170141945
2024-01-11 03:00:00+00:00,0.5044702063674782
2024-01-11 04:00:00+00:00,0.5291347214207659
2024-01-11 05:00:00+00:00,0.5433942296993803
2024-01-11 06:00:00+00:00,0.5589075178084874
2024-01-11 07:00:00+00:00,0.5948165333135166
2024-01-11 08:00:00+00:00,0.6305952690134242
2024-01-11 09:00:00+00:00,0.6688795764685977
2024-01-11 10:00:00+00:00,0.6691997972921265
2024-01-11 11:00:00+00:00,0.7125153965098374
2024-01-11 12:00:00+00:00,0.7282497294964143
2024-01-11 13:00:00+00:00,0.7737148723250787
2024-01-11 14:00:00+00:00,0.7793956985613474
2024-01-11 15:00:00+00:00,0.6630667815786319
2024-01-11 16:00:00+00:00,0.6004458613094813
2024-01-11 17:00:00+00:00,0.6466370639438332
2024-01-11 18:00:00+00:00,0.6942561157428496
2024-01-11 19:00:00+00:00,0.737489854430359
2024-01-11 20:00:00+00:00,0.7430380846147588
2024-01-11 21:00:00+00:00,0.7578512287576268
2024-01-11 22:00:00+00:00,0.776517774161924
2024-01-11 23:00:00+00:00,0.8127385644038049
2024-01-12 00:00:00+00:00,0.7815948264758066
2024-01-12 01:00:00+00:00,0.8258684384426119
2024-01-12 02:00:00+00:00,0.9028910739405908
2024-01-12 03:00:00+00:00,0.8488908880939293
2024-01-12 04:00:00+00:00,0.8232429699351244
2024-01-12 05:00:00+00:00,0.7579801276287879
2024-01-12 06:00:00+00:00,0.7166921950646663
2024-01-12 07:00:00+00:00,0.692120072653064
2024-01-12 08:00:00+00:00,0.6658012893503712
2024-01-12 09:00:00+00:00,0.6980921475397719
2024-01-12 10:00:00+00:00,0.7641453417678451
2024-01-12 11:00:00+00:00,0.881050387927462
2024-01-12 12:00:00+00:00,0.8684609747166856
2024-01-12 13:00:00+00:00,0.7926605118688653
2024-01-12 14:00:00+00:00,0.7290607125288626
2024-01-12 15:00:00+00:00,0.686670405405423
2024-01-12 16:00:00+00:00,0.7176725288576358
2024-01-12 17:00:00+00:00,0.7407709287198937
2024-01-12 18:00:00+00:00,0.742349982868429
2024-01-12 19:00:00+00:00,0.7478641125124806
2024-01-12 20:00:00+00:00,0.7217043317326931
2024-01-12 21:00:00+00:00,0.6792150936716888
2024-01-12 22:00:00+00:00,0.574776483052984
2024-01-12 23:00:00+00:00,0.33903611128706307
2024-01-13 00:00:00+00:00,0.1926461243641653
2024-01-13 01:00:00+00:00,0.17279118519732464
2024-01-13 02:00:00+00:00,0.2154392154795653
2024-01-13 03:00:00+00:00,0.2418498657963063
2024-01-13 04:00:00+00:00,0.3025224391132406
2024-01-13 05:00:00+00:00,0.41310851375215946
2024-01-13 06:00:00+00:00,0.5031307511482475
2024-01-13 07:00:00+00:00,0.5878110538128244
2024-01-13 08:00:00+00:00,0.6652359456809304
2024-01-13 09:00:00+00:00,0.6777470792743484
2024-01-13 10:00:00+00:00,0.6917450534401428
2024-01-13 11:00:00+00:00,0.7327632338936838
2024-01-13 12:00:00+00:00,0.781949455609687
2024-01-13 13:00:00+00:00,0.823482138246726
2024-01-13 14:00:00+00:00,0.836347751626217
2024-01-13 15:00:00+00:00,0.7216171626128123
2024-01-13 16:00:00+00:00,0.6536403187370301
2024-01-13 17:00:00+00:00,0.6138896479894194
2024-01-13 18:00:00+00:00,0.562482276878367
2024-01-13 19:00:00+00:00,0.4897204747757116
2024-01-13 20:00:00+00:00,0.462689278716377
2024-01-13 21:00:00+00:00,0.4584759108813396
2024-01-13 22:00:00+00:00,0.49263157213942677
2024-01-13 23:00:00+00:00,0.6190839005159704
2024-01-14 00:00:00+00:00,0.7526639018695858
2024-01-14 01:00:00+00:00,0.7913401750127553
2024-01-14 02:00:00+00:00,0.8023964427449487
2024-01-14 03:00:00+00:00,0.7670023739600035
2024-01-14 04:00:00+00:00,0.7439149556987688
2024-01-14 05:00:00+00:00,0.7181035260220179
2024-01-14 06:00:00+00:00,0.7075391968793534
2024-01-14 07:00:00+00:00,0.6787622598044079
2024-01-14 08:00:00+00:00,0.598887401612573
2024-01-14 09:00:00+00:00,0.4993316657790341
2024-01-14 10:00:00+00:00,0.43053940796611967
2024-01-14 11:00:00+00:00,0.3846374737047589
2024-01-14 12:00:00+00:00,0.3472577213773287
2024-01-14 13:00:00+00:00,0.33463494970151025
2024-01-14 14:00:00+00:00,0.32693905177390603
2024-01-14 15:00:00+00:00,0.2632072972652537
2024-01-14 16:00:00+00:00,0.2570086557174923
2024-01-14 17:00:00+00:00,0.24212408868826682
2024-01-14 18:00:00+00:00,0.2300837040106983
2024-01-14 19:00:00+00:00,0.2334611581415338
2024-01-14 20:00:00+00:00,0.25399102434385784
2024-01-14 21:00:00+00:00,0.2842498582570005
2024-01-14 22:00:00+00:00,0.32628655724182065
2024-01-14 23:00:00+00:00,0.3804234980302923
2024-01-15 00:00:00+00:00,0.43138543339538504
2024-01-15 01:00:00+00:00,0.4724500738874108
2024-01-15 02:00:00+00:00,0.4733563541251312
2024-01-15 03:00:00+00:00,0.4516420761900085
2024-01-15 04:00:00+00:00,0.43106851785466244
2024-01-15 05:00:00+00:00,0.37898316388062636
2024-01-15 06:00:00+00:00,0.30367685496621805
2024-01-15 07:00:00+00:00,0.25920794628404187
2024-01-15 08:00:00+00:00,0.2409306546631866
2024-01-15 09:00:00+00:00,0.21615102003524844
2024-01-15 10:00:00+00:00,0.1826480480651502
2024-01-15 11:00:00+00:00,0.1611095257097631
2024-01-15 12:00:00+00:00,0.16969063639835544
2024-01-15 13:00:00+00:00,0.17903560902434992
2024-01-15 14:00:00+00:00,0.18982267464068334
2024-01-15 15:00:00+00:00,0.17563598728272917
2024-01-15 16:00:00+00:00,0.1525613133315553
2024-01-15 17:00:00+00:00,0.1358925967978456
2024-01-15 18:00:00+00:00,0.12825417123975064
2024-01-15 19:00:00+00:00,0.16183455775958921
2024-01-15 20:00:00+00:00,0.2610305234023063
2024-01-15 21:00:00+00:00,0.3882542351552615
2024-01-15 22:00:00+00:00,0.5254528968565533
2024-01-15 23:00:00+00:00,0.7261305482838172
2024-01-16 00:00:00+00:00,0.779614603437667
2024-01-16 01:00:00+00:00,0.7720067594009155
2024-01-16 02:00:00+00:00,0.7861085143492614
2024-01-16 03:00:00+00:00,0.834487576061918
2024-01-16 04:00:00+00:00,0.8695808790788127
2024-01-16 05:00:00+00:00,0.8330454025228224
2024-01-16 06:00:00+00:00,0.7213226234299673
2024-01-16 07:00:00+00:00,0.6217828088101951
2024-01-16 08:00:00+00:00,0.5458413836495267
2024-01-16 09:00:00+00:00,0.4821340631073453
2024-01-16 10:00:00+00:00,0.42802288772592645
2024-01-16 11:00:00+00:00,0.3942428990367448
2024-01-16 12:00:00+00:00,0.36341616648953246
2024-01-16 13:00:00+00:00,0.3381402265388551
2024-01-16 14:00:00+00:00,0.302316978865639
2024-01-16 15:00:00+00:00,0.3109256807572073
2024-01-16 16:00:00+00:00,0.25769902302414294
2024-01-16 17:00:00+00:00,0.21065948005143784
2024-01-16 18:00:00+00:00,0.1740178687947828
2024-01-16 19:00:00+00:00,0.14030020611615598
2024-01-16 20:00:00+00:00,0.11696692296985597
2024-01-16 21:00:00+00:00,0.1047741734858549
2024-01-16 22:00:00+00:00,0.08991138762860787
2024-01-16 23:00:00+00:00,0.07247346690942688
2024-01-17 00:00:00+00:00,0.0780914909285765
2024-01-17 01:00:00+00:00,0.11826317491615887
2024-01-17 02:00:00+00:00,0.18631415058215864
2024-01-17 03:00:00+00:00,0.26705359801638817
2024-01-17 04:00:00+00:00,0.34584016604010104
2024-01-17 05:00:00+00:00,0.4425406062880949
2024-01-17 06:00:00+00:00,0.5498469414764375
2024-01-17 07:00:00+00:00,0.6292481623853543
2024-01-17 08:00:00+00:00,0.6731750512161424
2024-01-17 09:00:00+00:00,0.6937798308353099
2024-01-17 10:00:00+00:00,0.7050060220990992
2024-01-17 11:00:00+00:00,0.7104524963188217
2024-01-17 12:00:00+00:00,0.6808810064586311
2024-01-17 13:00:00+00:00,0.6737742973078044
2024-01-17 14:00:00+00:00,0.6695084568021927
2024-01-17 15:00:00+00:00,0.6722782128617592
2024-01-17 16:00:00+00:00,0.6663775757202685
2024-01-17 17:00:00+00:00,0.6529802625638628
2024-01-17 18:00:00+00:00,0.6841360413018057
2024-01-17 19:00:00+00:00,0.7005130836287851
2024-01-17 20:00:00+00:00,0.721497894487962
2024-01-17 21:00:00+00:00,0.7380653085233573
2024-01-17 22:00:00+00:00,0.7494153891257723
2024-01-17 23:00:00+00:00,0.7706759520740896
2024-01-18 00:00:00+00:00,0.7946148862397246
2024-01-18 01:00:00+00:00,0.8013971172326174
2024-01-18 02:00:00+00:00,0.8068159014433709
2024-01-18 03:00:00+00:00,0.8033518119185511
2024-01-18 04:00:00+00:00,0.8055545046939467
2024-01-18 05:00:00+00:00,0.7993202914702838
2024-01-18 06:00:00+00:00,0.7926260204428982
2024-01-18 07:00:00+00:00,0.7970320448161912
2024-01-18 08:00:00+00:00,0.792548089556827
2024-01-18 09:00:00+00:00,0.7673414660051354
2024-01-18 10:00:00+00:00,0.7057682327508337
2024-01-18 11:00:00+00:00,0.652145085982014
2024-01-18 12:00:00+00:00,0.6246786789881887
2024-01-18 13:00:00+00:00,0.5712933765740482
2024-01-18 14:00:00+00:00,0.5075552620758307
2024-01-18 15:00:00+00:00,0.3569176419562805
2024-01-18 16:00:00+00:00,0.22879567270132076
2024-01-18 17:00:00+00:00,0.17999039779860668
2024-01-18 18:00:00+00:00,0.21661061338211363
2024-01-18 19:00:00+00:00,0.261158236348481
2024-01-18 20:00:00+00:00,0.2811171903881784
2024-01-18 21:00:00+00:00,0.28466670573797154
2024-01-18 22:00:00+00:00,0.24385824456562552
2024-01-18 23:00:00+00:00,0.1880619396619857
2024-01-19 00:00:00+00:00,0.224060147044052
2024-01-19 01:00:00+00:00,0.27325719016738803
2024-01-19 02:00:00+00:00,0.3281509394540986
2024-01-19 03:00:00+00:00,0.4180424665719734
2024-01-19 04:00:00+00:00,0.5316883484992758
2024-01-19 05:00:00+00:00,0.6643801383498996
2024-01-19 06:00:00+00:00,0.708219353329571
2024-01-19 07:00:00+00:00,0.7238331172999527
2024-01-19 08:00:00+00:00,0.7623001775200459
2024-01-19 09:00:00+00:00,0.7946120858327663
2024-01-19 10:00:00+00:00,0.8178851560357191
2024-01-19 11:00:00+00:00,0.8540051969193123
2024-01-19 12:00:00+00:00,0.8716377219527013
2024-01-19 13:00:00+00:00,0.8705768414997819
2024-01-19 14:00:00+00:00,0.8145059060074442
2024-01-19 15:00:00+00:00,0.8118213096148853
2024-01-19 16:00:00+00:00,0.7371046908824198
2024-01-19 17:00:00+00:00,0.654129795491911
2024-01-19 18:00:00+00:00,0.5698851599758115
2024-01-19 19:00:00+00:00,0.5164756955737896
2024-01-19 20:00:00+00:00,0.47707832494172453
2024-01-19 21:00:00+00:00,0.42931768296170036
2024-01-19 22:00:00+00:00,0.3935865417073205
2024-01-19 23:00:00+00:00,0.3743516916714045
2024-01-20 00:00:00+00:00,0.36130889300789715
2024-01-20 01:00:00+00:00,0.3881518017205867
2024-01-20 02:00:00+00:00,0.40984375449039884
2024-01-20 03:00:00+00:00,0.38248208813975926
2024-01-20 04:00:00+00:00,0.3745353390047437
2024-01-20 05:00:00+00:00,0.37283569375056486
2024-01-20 06:00:00+00:00,0.3648050866352515
2024-01-20 07:00:00+00:00,0.3518946494994722
2024-01-20 08:00:00+00:00,0.34120896624330405
2024-01-20 09:00:00+00:00,0.33479121761581315
2024-01-20 10:00:00+00:00,0.34304843419726433
2024-01-20 11:00:00+00:00,0.34914270324725766
2024-01-20 12:00:00+00:00,0.33905546377664225
2024-01-20 13:00:00+00:00,0.3221112665900878
2024-01-20 14:00:00+00:00,0.29672800026544127
2024-01-20 15:00:00+00:00,0.2641433109485827
2024-01-20 16:00:00+00:00,0.228071428315662
2024-01-20 17:00:00+00:00,0.1842304719210362
2024-01-20 18:00:00+00:00,0.17106564814540465
2024-01-20 19:00:00+00:00,0.1930185387213963
2024-01-20 20:00:00+00:00,0.2309979554661909
2024-01-20 21:00:00+00:00,0.2703751905720861
2024-01-20 22:00:00+00:00,0.30538113889604385
2024-01-20 23:00:00+00:00,0.3373791878932242
2024-01-21 00:00:00+00:00,0.36880133095792555
2024-01-21 01:00:00+00:00,0.41921281123083565
2024-01-21 02:00:00+00:00,0.45982432993354333
2024-01-21 03:00:00+00:00,0.5126423992892932
2024-01-21 04:00:00+00:00,0.5484281405618675
2024-01-21 05:00:00+00:00,0.5288694845235323
2024-01-21 06:00:00+00:00,0.5040691746421395
2024-01-21 07:00:00+00:00,0.5047273690833582
2024-01-21 08:00:00+00:00,0.4979378911245988
2024-01-21 09:00:00+00:00,0.47838597453711756
2024-01-21 10:00:00+00:00,0.4882189689789582
2024-01-21 11:00:00+00:00,0.5419680613934909
2024-01-21 12:00:00+00:00,0.5678032204158552
2024-01-21 13:00:00+00:00,0.6065715837090366
2024-01-21 14:00:00+00:00,0.6490117863405145
2024-01-21 15:00:00+00:00,0.7212395797947089
2024-01-21 16:00:00+00:00,0.7495511618644293
2024-01-21 17:00:00+00:00,0.7263750738831122
2024-01-21 18:00:00+00:00,0.710961469813524
2024-01-21 19:00:00+00:00,0.6935350523461794
2024-01-21 20:00:00+00:00,0.642283073778223
2024-01-21 21:00:00+00:00,0.6368562825582837
2024-01-21 22:00:00+00:00,0.6376033649387485
2024-01-21 23:00:00+00:00,0.6413699504753141
2024-01-22 00:00:00+00:00,0.5921041191836416
2024-01-22 01:00:00+00:00,0.5367995767685456
2024-01-22 02:00:00+00:00,0.47908582129001304
2024-01-22 03:00:00+00:00,0.4725225240234885
2024-01-22 04:00:00+00:00,0.5181886466293858
2024-01-22 05:00:00+00:00,0.5232755616107081
2024-01-22 06:00:00+00:00,0.4868856786318596
2024-01-22 07:00:00+00:00,0.42400446559733723
2024-01-22 08:00:00+00:00,0.3793677824952569
2024-01-22 09:00:00+00:00,0.3214627001837093
2024-01-22 10:00:00+00:00,0.25441068474070555
2024-01-22 11:00:00+00:00,0.2224306322446744
2024-01-22 12:00:00+00:00,0.1757578780505175
2024-01-22 13:00:00+00:00,0.17230060447617884
2024-01-22 14:00:00+00:00,0.166176542472833
2024-01-22 15:00:00+00:00,0.14102774765020884
2024-01-22 16:00:00+00:00,0.13372318381868803
2024-01-22 17:00:00+00:00,0.13880622161380013
2024-01-22 18:00:00+00:00,0.15986280622364585
2024-01-22 19:00:00+00:00,0.18866509168144752
2024-01-22 20:00:00+00:00,0.1870634164557637
2024-01-22 21:00:00+00:00,0.15754586530413575
2024-01-22 22:00:00+00:00,0.14926730586898604
2024-01-22 23:00:00+00:00,0.18163094333085675
2024-01-23 00:00:00+00:00,0.2294428408203261
2024-01-23 01:00:00+00:00,0.2778154804688146
2024-01-23 02:00:00+00:00,0.33328598925898645
2024-01-23 03:00:00+00:00,0.380029429072536
2024-01-23 04:00:00+00:00,0.3922159031648584
2024-01-23 05:00:00+00:00,0.37908221903970307
2024-01-23 06:00:00+00:00,0.3735687740600845
2024-01-23 07:00:00+00:00,0.3271021682124918
2024-01-23 08:00:00+00:00,0.28763522037411093
2024-01-23 09:00:00+00:00,0.23013785193634156
2024-01-23 10:00:00+00:00,0.21313949554442577
2024-01-23 11:00:00+00:00,0.21546251182138146
2024-01-23 12:00:00+00:00,0.20055130321853162
2024-01-23 13:00:00+00:00,0.1609774502964254
2024-01-23 14:00:00+00:00,0.13142408690721377
2024-01-23 15:00:00+00:00,0.11674279352329635
2024-01-23 16:00:00+00:00,0.11603367509511905
2024-01-23 17:00:00+00:00,0.14171562940588098
2024-01-23 18:00:00+00:00,0.14621747964893034
2024-01-23 19:00:00+00:00,0.13246987325339452
2024-01-23 20:00:00+00:00,0.12692459940359588
2024-01-23 21:00:00+00:00,0.12938850836283158
2024-01-23 22:00:00+00:00,0.12938891938563962
2024-01-23 23:00:00+00:00,0.13475381738190365
2024-01-24 00:00:00+00:00,0.17442367278089252
2024-01-24 01:00:00+00:00,0.20600300175542333
2024-01-24 02:00:00+00:00,0.19690111739617217
2024-01-24 03:00:00+00:00,0.18064287848411495
2024-01-24 04:00:00+00:00,0.16274308417965314
2024-01-24 05:00:00+00:00,0.12660303473902576
2024-01-24 06:00:00+00:00,0.1297990798375239
2024-01-24 07:00:00+00:00,0.1398398481345481
2024-01-24 08:00:00+00:00,0.13428431100654928
2024-01-24 09:00:00+00:00,0.165997123226168
2024-01-24 10:00:00+00:00,0.1594146739742857
2024-01-24 11:00:00+00:00,0.11945778318882505
2024-01-24 12:00:00+00:00,0.10089006933765259
2024-01-24 13:00:00+00:00,0.07542502812912623
2024-01-24 14:00:00+00:00,0.06880776561777897
2024-01-24 15:00:00+00:00,0.07763342963497341
2024-01-24 16:00:00+00:00,0.07608364830740078
2024-01-24 17:00:00+00:00,0.07132953537374266
2024-01-24 18:00:00+00:00,0.07333460820950265
2024-01-24 19:00:00+00:00,0.07680649068193318
2024-01-24 20:00:00+00:00,0.07902555206376438
2024-01-24 21:00:00+00:00,0.0896718710918601
2024-01-24 22:00:00+00:00,0.09100526508944602
2024-01-24 23:00:00+00:00,0.09288792044519227
2024-01-25 00:00:00+00:00,0.09773511621636889
2024-01-25 01:00:00+00:00,0.10145813908360117
2024-01-25 02:00:00+00:00,0.11303786307097077
2024-01-25 03:00:00+00:00,0.12975825228293394
2024-01-25 04:00:00+00:00,0.13528451098626382
2024-01-25 05:00:00+00:00,0.13780994892827478
2024-01-25 06:00:00+00:00,0.17364097396718306
2024-01-25 07:00:00+00:00,0.18208818648336167
2024-01-25 08:00:00+00:00,0.177435118855982
2024-01-25 09:00:00+00:00,0.17645273157585484
2024-01-25 10:00:00+00:00,0.17566904947440393
2024-01-25 11:00:00+00:00,0.15846205383430986
2024-01-25 12:00:00+00:00,0.162664298312635
2024-01-25 13:00:00+00:00,0.1278814866031184
2024-01-25 14:00:00+00:00,0.07873541370635494
2024-01-25 15:00:00+00:00,0.04724821812075572
2024-01-25 16:00:00+00:00,0.04107261087828022
2024-01-25 17:00:00+00:00,0.0479728154675962
2024-01-25 18:00:00+00:00,0.08176806207250091
2024-01-25 19:00:00+00:00,0.11723473326971941
2024-01-25 20:00:00+00:00,0.1264205635332255
2024-01-25 21:00:00+00:00,0.11063815703847438
2024-01-25 22:00:00+00:00,0.09748104027490812
2024-01-25 23:00:00+00:00,0.1061480795312979
2024-01-26 00:00:00+00:00,0.11616467691066387
2024-01-26 01:00:00+00:00,0.16887517983690353
2024-01-26 02:00:00+00:00,0.22886577748753256
2024-01-26 03:00:00+00:00,0.3216101833305656
2024-01-26 04:00:00+00:00,0.3835339833210107
2024-01-26 05:00:00+00:00,0.3990472874097185
2024-01-26 06:00:00+00:00,0.38845732984350206
2024-01-26 07:00:00+00:00,0.3896571270396064
2024-01-26 08:00:00+00:00,0.3816239615974405
2024-01-26 09:00:00+00:00,0.3550091678678907
2024-01-26 10:00:00+00:00,0.3393068121954775
2024-01-26 11:00:00+00:00,0.35032299513529314
2024-01-26 12:00:00+00:00,0.3341597946457427
2024-01-26 13:00:00+00:00,0.29031412593192524
2024-01-26 14:00:00+00:00,0.23315514473766563
2024-01-26 15:00:00+00:00,0.18698430466996516
2024-01-26 16:00:00+00:00,0.17936748635204025
2024-01-26 17:00:00+00:00,0.14953316763368502
2024-01-26 18:00:00+00:00,0.20952956638553463
2024-01-26 19:00:00+00:00,0.2448981366806047
2024-01-26 20:00:00+00:00,0.27567075036913996
2024-01-26 21:00:00+00:00,0.31040522841390505
2024-01-26 22:00:00+00:00,0.336260120290961
2024-01-26 23:00:00+00:00,0.3417868202409592
2024-01-27 00:00:00+00:00,0.317072756784038
2024-01-27 01:00:00+00:00,0.3357019387725828
2024-01-27 02:00:00+00:00,0.36965137829363165
2024-01-27 03:00:00+00:00,0.4176926665674434
2024-01-27 04:00:00+00:00,0.4817603072228615
2024-01-27 05:00:00+00:00,0.49998211683832694
2024-01-27 06:00:00+00:00,0.5436257989154512
2024-01-27 07:00:00+00:00,0.5658061269322795
2024-01-27 08:00:00+00:00,0.6163218606874697
2024-01-27 09:00:00+00:00,0.6414286394275056
2024-01-27 10:00:00+00:00,0.6349235688977972
2024-01-27 11:00:00+00:00,0.6587125754353406
2024-01-27 12:00:00+00:00,0.6348839278827938
2024-01-27 13:00:00+00:00,0.6234729650375993
2024-01-27 14:00:00+00:00,0.5891457307698956
2024-01-27 15:00:00+00:00,0.525455773618527
2024-01-27 16:00:00+00:00,0.5067425134421092
2024-01-27 17:00:00+00:00,0.5009910985847938
2024-01-27 18:00:00+00:00,0.5497138119517432
2024-01-27 19:00:00+00:00,0.6060626765549846
2024-01-27 20:00:00+00:00,0.6153118817705313
2024-01-27 21:00:00+00:00,0.5892575328058922
2024-01-27 22:00:00+00:00,0.5441190344918073
2024-01-27 23:00:00+00:00,0.42622413886772736
2024-01-28 00:00:00+00:00,0.3114159367526198
2024-01-28 01:00:00+00:00,0.25659112950117097
2024-01-28 02:00:00+00:00,0.1960074499441063
2024-01-28 03:00:00+00:00,0.15951866784228266
2024-01-28 04:00:00+00:00,0.12578474295533143
2024-01-28 05:00:00+00:00,0.09119116818565862
2024-01-28 06:00:00+00:00,0.069567559662197
2024-01-28 07:00:00+00:00,0.06492712166774331
2024-01-28 08:00:00+00:00,0.07655276900316006
2024-01-28 09:00:00+00:00,0.09363278824098553
2024-01-28 10:00:00+00:00,0.1166757110508066
2024-01-28 11:00:00+00:00,0.13449098570380938
2024-01-28 12:00:00+00:00,0.1643283659618297
2024-01-28 13:00:00+00:00,0.1555692020293676
2024-01-28 14:00:00+00:00,0.14565981475610643
2024-01-28 15:00:00+00:00,0.11017373503224726
2024-01-28 16:00:00+00:00,0.07941215222119623
2024-01-28 17:00:00+00:00,0.10700705686082239
2024-01-28 18:00:00+00:00,0.14293642151976121
2024-01-28 19:00:00+00:00,0.14197632672268418
2024-01-28 20:00:00+00:00,0.12755976987927037
2024-01-28 21:00:00+00:00,0.11043814341248802
2024-01-28 22:00:00+00:00,0.09041675334883051
2024-01-28 23:00:00+00:00,0.073766859157945
2024-01-29 00:00:00+00:00,0.09621318621219649
2024-01-29 01:00:00+00:00,0.14602161063247304
2024-01-29 02:00:00+00:00,0.20301409649794894
2024-01-29 03:00:00+00:00,0.25077115492596525
2024-01-29 04:00:00+00:00,0.29809953865465255
2024-01-29 05:00:00+00:00,0.3652567279254043
2024-01-29 06:00:00+00:00,0.4403886192804943
2024-01-29 07:00:00+00:00,0.475098008773604
2024-01-29 08:00:00+00:00,0.49584748750995244
2024-01-29 09:00:00+00:00,0.4984241670786784
2024-01-29 10:00:00+00:00,0.4942694298449827
2024-01-29 11:00:00+00:00,0.48121695058025615
2024-01-29 12:00:00+00:00,0.47067739209642007
2024-01-29 13:00:00+00:00,0.43054949084113464
2024-01-29 14:00:00+00:00,0.37459151915961425
2024-01-29 15:00:00+00:00,0.2439931122515095
2024-01-29 16:00:00+00:00,0.1613559135471477
2024-01-29 17:00:00+00:00,0.12545066767332347
2024-01-29 18:00:00+00:00,0.09100103747276003
2024-01-29 19:00:00+00:00,0.06669044270260083
2024-01-29 20:00:00+00:00,0.06472855452100312
2024-01-29 21:00:00+00:00,0.07555247119358201
2024-01-29 22:00:00+00:00,0.07928168897604207
2024-01-29 23:00:00+00:00,0.09829211170130174
2024-01-30 00:00:00+00:00,0.13617253669928148
2024-01-30 01:00:00+00:00,0.17598041380304744
2024-01-30 02:00:00+00:00,0.21116136677396352
2024-01-30 03:00:00+00:00,0.23608626295041563
2024-01-30 04:00:00+00:00,0.2728544928036632
2024-01-30 05:00:00+00:00,0.2986953701731619
2024-01-30 06:00:00+00:00,0.3079002661249509
2024-01-30 07:00:00+00:00,0.3165758372951045
2024-01-30 08:00:00+00:00,0.3131437543321791
2024-01-30 09:00:00+00:00,0.3026677878988059
2024-01-30 10:00:00+00:00,0.2913943796262131
2024-01-30 11:00:00+00:00,0.27650708688200926
2024-01-30 12:00:00+00:00,0.2620558819257737
2024-01-30 13:00:00+00:00,0.21360364173985136
2024-01-30 14:00:00+00:00,0.16967882031510398
2024-01-30 15:00:00+00:00,0.09468852962537515
2024-01-30 16:00:00+00:00,0.0415836839912954
2024-01-30 17:00:00+00:00,0.023393464528127985
2024-01-30 18:00:00+00:00,0.013917338316534281
2024-01-30 19:00:00+00:00,0.006432113673982742
2024-01-30 20:00:00+00:00,0.005944432671929506
2024-01-30 21:00:00+00:00,0.007017741892024068
2024-01-30 22:00:00+00:00,0.011013841566773437
2024-01-30 23:00:00+00:00,0.023794307318187005
2024-01-31 00:00:00+00:00,0.04700545584509868
2024-01-31 01:00:00+00:00,0.06708815580469735
2024-01-31 02:00:00+00:00,0.09140427843213457
2024-01-31 03:00:00+00:00,0.12799078826542984
2024-01-31 04:00:00+00:00,0.15778951144694126
2024-01-31 05:00:00+00:00,0.18913007839664298
2024-01-31 06:00:00+00:00,0.20116827267585896
2024-01-31 07:00:00+00:00,0.20056689746508272
2024-01-31 08:00:00+00:00,0.19006084372109563
2024-01-31 09:00:00+00:00,0.19230326720694615
2024-01-31 10:00:00+00:00,0.19356899178901402
2024-01-31 11:00:00+00:00,0.2009868568106154
2024-01-31 12:00:00+00:00,0.19151421809266025
2024-01-31 13:00:00+00:00,0.17120642643977327
2024-01-31 14:00:00+00:00,0.13822261875592695
2024-01-31 15:00:00+00:00,0.08615590057552965
2024-01-31 16:00:00+00:00,0.05722327616639159
2024-01-31 17:00:00+00:00,0.06780431989915517
2024-01-31 18:00:00+00:00,0.09796933743156751
2024-01-31 19:00:00+00:00,0.13950644750260796
2024-01-31 20:00:00+00:00,0.18695119143033498
2024-01-31 21:00:00+00:00,0.23779292433392069
2024-01-31 22:00:00+00:00,0.27032749923667143
2024-01-31 23:00:00+00:00,0.2776655885236776
2024-02-01 00:00:00+00:00,0.34276710887890294
2024-02-01 01:00:00+00:00,0.43752812689016934
2024-02-01 02:00:00+00:00,0.5752236286162261
2024-02-01 03:00:00+00:00,0.6844607819301052
2024-02-01 04:00:00+00:00,0.7192830486477338
2024-02-01 05:00:00+00:00,0.7109704414555326
2024-02-01 06:00:00+00:00,0.7106861050308614
2024-02-01 07:00:00+00:00,0.698418810600811
2024-02-01 08:00:00+00:00,0.7043657428872139
2024-02-01 09:00:00+00:00,0.7083657452721512
2024-02-01 10:00:00+00:00,0.7087709231254425
2024-02-01 11:00:00+00:00,0.730690595365199
2024-02-01 12:00:00+00:00,0.7569335539076634
2024-02-01 13:00:00+00:00,0.7458506502417048
2024-02-01 14:00:00+00:00,0.6770854090530445
2024-02-01 15:00:00+00:00,0.502460424032456
2024-02-01 16:00:00+00:00,0.5191245304151908
2024-02-01 17:00:00+00:00,0.5282917789698608
2024-02-01 18:00:00+00:00,0.49500402091368095
2024-02-01 19:00:00+00:00,0.48825344579913643
2024-02-01 20:00:00+00:00,0.5074696558476723
2024-02-01 21:00:00+00:00,0.5350655289161804
2024-02-01 22:00:00+00:00,0.5395435250136572
2024-02-01 23:00:00+00:00,0.5164885036576418
2024-02-02 00:00:00+00:00,0.5393725474791635
2024-02-02 01:00:00+00:00,0.667714281725108
2024-02-02 02:00:00+00:00,0.7629547563415963
2024-02-02 03:00:00+00:00,0.8372015855488585
2024-02-02 04:00:00+00:00,0.8784221477546058
2024-02-02 05:00:00+00:00,0.8785077354724572
2024-02-02 06:00:00+00:00,0.8478236624741513
2024-02-02 07:00:00+00:00,0.8259567554545831
2024-02-02 08:00:00+00:00,0.8078549889022996
2024-02-02 09:00:00+00:00,0.803254330171703
2024-02-02 10:00:00+00:00,0.813722065086115
2024-02-02 11:00:00+00:00,0.8290159140868649
2024-02-02 12:00:00+00:00,0.7982300191447605
2024-02-02 13:00:00+00:00,0.7913382810323818
2024-02-02 14:00:00+00:00,0.7828870187719964
2024-02-02 15:00:00+00:00,0.7444771099917383
2024-02-02 16:00:00+00:00,0.7506930529641683
2024-02-02 17:00:00+00:00,0.7270112494467527
2024-02-02 18:00:00+00:00,0.7274937636509688
2024-02-02 19:00:00+00:00,0.760853469281167
2024-02-02 20:00:00+00:00,0.78125176628366
2024-02-02 21:00:00+00:00,0.8120787033842236
2024-02-02 22:00:00+00:00,0.8304902896668175
2024-02-02 23:00:00+00:00,0.8394901371530248
2024-02-03 00:00:00+00:00,0.752214200582503
2024-02-03 01:00:00+00:00,0.7486322280243818
2024-02-03 02:00:00+00:00,0.6857111087207138
2024-02-03 03:00:00+00:00,0.606379338229742
2024-02-03 04:00:00+00:00,0.6037508940819817
2024-02-03 05:00:00+00:00,0.5625304296699449
2024-02-03 06:00:00+00:00,0.5734134868811253
2024-02-03 07:00:00+00:00,0.6627054945910897
2024-02-03 08:00:00+00:00,0.723355117296801
2024-02-03 09:00:00+00:00,0.7534111880441896
2024-02-03 10:00:00+00:00,0.7679225217074153
2024-02-03 11:00:00+00:00,0.7668889980779428
2024-02-03 12:00:00+00:00,0.764030098513977
2024-02-03 13:00:00+00:00,0.7617651820047019
2024-02-03 14:00:00+00:00,0.6903635295357918
2024-02-03 15:00:00+00:00,0.6306861559573429
2024-02-03 16:00:00+00:00,0.6668958413889713
2024-02-03 17:00:00+00:00,0.6694219792158042
2024-02-03 18:00:00+00:00,0.6697386967107055
2024-02-03 19:00:00+00:00,0.6764505469258202
2024-02-03 20:00:00+00:00,0.6701022493670273
2024-02-03 21:00:00+00:00,0.670468464036842
2024-02-03 22:00:00+00:00,0.6401091019852694
2024-02-03 23:00:00+00:00,0.5870311633958738
2024-02-04 00:00:00+00:00,0.5665763796977071
2024-02-04 01:00:00+00:00,0.6453972606603079
2024-02-04 02:00:00+00:00,0.6983131113261908
2024-02-04 03:00:00+00:00,0.732161507601679
2024-02-04 04:00:00+00:00,0.7351907317056835
2024-02-04 05:00:00+00:00,0.7398984114263406
2024-02-04 06:00:00+00:00,0.7733085137528246
2024-02-04 07:00:00+00:00,0.7870581559205763
2024-02-04 08:00:00+00:00,0.807008277651707
2024-02-04 09:00:00+00:00,0.8355371581055757
2024-02-04 10:00:00+00:00,0.8523434985532315
2024-02-04 11:00:00+00:00,0.8767324381245054
2024-02-04 12:00:00+00:00,0.8956132719635352
2024-02-04 13:00:00+00:00,0.8895905919226724
2024-02-04 14:00:00+00:00,0.8096483140960022
2024-02-04 15:00:00+00:00,0.7608911330555692
2024-02-04 16:00:00+00:00,0.7636042476487134
2024-02-04 17:00:00+00:00,0.7476268458456765
2024-02-04 18:00:00+00:00,0.7943505801361594
2024-02-04 19:00:00+00:00,0.8535206328793856
2024-02-04 20:00:00+00:00,0.8755868967705789
2024-02-04 21:00:00+00:00,0.8803884918587239
2024-02-04 22:00:00+00:00,0.8831623038084976
2024-02-04 23:00:00+00:00,0.881729854615682
2024-02-05 00:00:00+00:00,0.8888854149244849
2024-02-05 01:00:00+00:00,0.888438692386828
2024-02-05 02:00:00+00:00,0.9119664308972113
2024-02-05 03:00:00+00:00,0.8971596398386965
2024-02-05 04:00:00+00:00,0.8712660954404025
2024-02-05 05:00:00+00:00,0.8571591523278301
2024-02-05 06:00:00+00:00,0.8477243402532852
2024-02-05 07:00:00+00:00,0.8404217525777772
2024-02-05 08:00:00+00:00,0.8125212572706444
2024-02-05 09:00:00+00:00,0.7723134883076769
2024-02-05 10:00:00+00:00,0.7514474132935717
2024-02-05 11:00:00+00:00,0.6987879904265452
2024-02-05 12:00:00+00:00,0.6417132864782622
2024-02-05 13:00:00+00:00,0.5779639717983288
2024-02-05 14:00:00+00:00,0.5063088086030675
2024-02-05 15:00:00+00:00,0.500220965594066
2024-02-05 16:00:00+00:00,0.4523831708116082
2024-02-05 17:00:00+00:00,0.38628774361944207
2024-02-05 18:00:00+00:00,0.338438784952823
2024-02-05 19:00:00+00:00,0.29925699652470594
2024-02-05 20:00:00+00:00,0.2612885627185933
2024-02-05 21:00:00+00:00,0.24270112295409424
2024-02-05 22:00:00+00:00,0.22168014913763423
2024-02-05 23:00:00+00:00,0.19390634632370932
2024-02-06 00:00:00+00:00,0.15194495059291604
2024-02-06 01:00:00+00:00,0.1634743398501437
2024-02-06 02:00:00+00:00,0.19086804671029117
2024-02-06 03:00:00+00:00,0.20592449845980704
2024-02-06 04:00:00+00:00,0.2134037384526468
2024-02-06 05:00:00+00:00,0.21084482935687082
2024-02-06 06:00:00+00:00,0.2100869636742751
2024-02-06 07:00:00+00:00,0.19555110750602128
2024-02-06 08:00:00+00:00,0.1938573713057505
2024-02-06 09:00:00+00:00,0.20056660227630377
2024-02-06 10:00:00+00:00,0.2090013345073636
2024-02-06 11:00:00+00:00,0.21783878742079643
2024-02-06 12:00:00+00:00,0.20703674389328283
2024-02-06 13:00:00+00:00,0.20340189660770916
2024-02-06 14:00:00+00:00,0.20941988406888723
2024-02-06 15:00:00+00:00,0.17236116940457824
2024-02-06 16:00:00+00:00,0.20033940427640815
2024-02-06 17:00:00+00:00,0.23606733182338618
2024-02-06 18:00:00+00:00,0.22887490610561928
2024-02-06 19:00:00+00:00,0.2342022869276646
2024-02-06 20:00:00+00:00,0.2903152934550638
2024-02-06 21:00:00+00:00,0.31681925035988706
2024-02-06 22:00:00+00:00,0.38124716094825706
2024-02-06 23:00:00+00:00,0.4548502998773167
2024-02-07 00:00:00+00:00,0.5248176138729203
2024-02-07 01:00:00+00:00,0.569074751594391
2024-02-07 02:00:00+00:00,0.6650083872361938
2024-02-07 03:00:00+00:00,0.77362548460755
2024-02-07 04:00:00+00:00,0.8386340890072413
2024-02-07 05:00:00+00:00,0.8503952483824437
2024-02-07 06:00:00+00:00,0.8711937272268934
2024-02-07 07:00:00+00:00,0.8713987243191432
2024-02-07 08:00:00+00:00,0.8705097777545165
2024-02-07 09:00:00+00:00,0.8686655569539156
2024-02-07 10:00:00+00:00,0.8470328644250988
2024-02-07 11:00:00+00:00,0.8421666431315588
2024-02-07 12:00:00+00:00,0.833259384489058
2024-02-07 13:00:00+00:00,0.833859142253321
2024-02-07 14:00:00+00:00,0.7874275166556366
2024-02-07 15:00:00+00:00,0.7422972668885489
2024-02-07 16:00:00+00:00,0.7994548097018216
2024-02-07 17:00:00+00:00,0.8428607507493778
2024-02-07 18:00:00+00:00,0.8579328924422845
2024-02-07 19:00:00+00:00,0.863177813209876
2024-02-07 20:00:00+00:00,0.8689319401525102
2024-02-07 21:00:00+00:00,0.8641414295566637
2024-02-07 22:00:00+00:00,0.8674101141603546
2024-02-07 23:00:00+00:00,0.863910156758572
2024-02-08 00:00:00+00:00,0.7834907952973941
2024-02-08 01:00:00+00:00,0.6925975976788517
2024-02-08 02:00:00+00:00,0.6124664186647185
2024-02-08 03:00:00+00:00,0.5530261811686439
2024-02-08 04:00:00+00:00,0.5034353277980111
2024-02-08 05:00:00+00:00,0.5168542639572699
2024-02-08 06:00:00+00:00,0.5904059253978149
2024-02-08 07:00:00+00:00,0.6675231961045283
2024-02-08 08:00:00+00:00,0.7549337536894043
2024-02-08 09:00:00+00:00,0.7780320095906434
2024-02-08 10:00:00+00:00,0.7752375517436049
2024-02-08 11:00:00+00:00,0.7322715090042006
2024-02-08 12:00:00+00:00,0.692966931046134
2024-02-08 13:00:00+00:00,0.6702170781274049
2024-02-08 14:00:00+00:00,0.6283237442161722
2024-02-08 15:00:00+00:00,0.5090814529573965
2024-02-08 16:00:00+00:00,0.4920313827813312
2024-02-08 17:00:00+00:00,0.4683271561964357
2024-02-08 18:00:00+00:00,0.38618535458058123
2024-02-08 19:00:00+00:00,0.3782586748480028
2024-02-08 20:00:00+00:00,0.4276448249775058
2024-02-08 21:00:00+00:00,0.4646346773237922
2024-02-08 22:00:00+00:00,0.5150527221757715
2024-02-08 23:00:00+00:00,0.5396703074915401
2024-02-09 00:00:00+00:00,0.5467573725069971
2024-02-09 01:00:00+00:00,0.6200529534338552
2024-02-09 02:00:00+00:00,0.6885675316273251
2024-02-09 03:00:00+00:00,0.7518111963525986
2024-02-09 04:00:00+00:00,0.7633665525333829
2024-02-09 05:00:00+00:00,0.7818240011740092
2024-02-09 06:00:00+00:00,0.7981742540256747
2024-02-09 07:00:00+00:00,0.7836316801706384
2024-02-09 08:00:00+00:00,0.7681607149741464
2024-02-09 09:00:00+00:00,0.7495093496121331
2024-02-09 10:00:00+00:00,0.7552618868737144
2024-02-09 11:00:00+00:00,0.718624509126675
2024-02-09 12:00:00+00:00,0.6612520762936995
2024-02-09 13:00:00+00:00,0.6196584452539955
2024-02-09 14:00:00+00:00,0.5775390131153907
2024-02-09 15:00:00+00:00,0.5602046454152207
2024-02-09 16:00:00+00:00,0.5285990630773666
2024-02-09 17:00:00+00:00,0.5223714071298784
2024-02-09 18:00:00+00:00,0.5117224149531833
2024-02-09 19:00:00+00:00,0.46054327722615873
2024-02-09 20:00:00+00:00,0.3920402788926114
2024-02-09 21:00:00+00:00,0.3399969159471743
2024-02-09 22:00:00+00:00,0.2880298235639048
2024-02-09 23:00:00+00:00,0.2289492551388708
2024-02-10 00:00:00+00:00,0.19224053921181902
2024-02-10 01:00:00+00:00,0.1916972294234277
2024-02-10 02:00:00+00:00,0.20168089136333678
2024-02-10 03:00:00+00:00,0.19565124584342078
2024-02-10 04:00:00+00:00,0.1699958738877627
2024-02-10 05:00:00+00:00,0.17161763901460234
2024-02-10 06:00:00+00:00,0.17999772527707728
2024-02-10 07:00:00+00:00,0.2223844338088846
2024-02-10 08:00:00+00:00,0.2603835996771951
2024-02-10 09:00:00+00:00,0.28954316015815734
2024-02-10 10:00:00+00:00,0.3017361339711693
2024-02-10 11:00:00+00:00,0.3895946420284087
2024-02-10 12:00:00+00:00,0.48185687524023024
2024-02-10 13:00:00+00:00,0.501389212189192
2024-02-10 14:00:00+00:00,0.4624079132320959
2024-02-10 15:00:00+00:00,0.39881515489464403
2024-02-10 16:00:00+00:00,0.35719828510476204
2024-02-10 17:00:00+00:00,0.3560297844990592
2024-02-10 18:00:00+00:00,0.3607411959264842
2024-02-10 19:00:00+00:00,0.3754775024844277
2024-02-10 20:00:00+00:00,0.3716139859549464
2024-02-10 21:00:00+00:00,0.35794795198681
2024-02-10 22:00:00+00:00,0.36175559877058866
2024-02-10 23:00:00+00:00,0.38810442068588114
2024-02-11 00:00:00+00:00,0.44947692813737394
2024-02-11 01:00:00+00:00,0.5194212980292843
2024-02-11 02:00:00+00:00,0.5718575667115393
2024-02-11 03:00:00+00:00,0.5945925631206707
2024-02-11 04:00:00+00:00,0.6964711196075913
2024-02-11 05:00:00+00:00,0.7393531153229594
2024-02-11 06:00:00+00:00,0.738098390418386
2024-02-11 07:00:00+00:00,0.7195898932077598
2024-02-11 08:00:00+00:00,0.6987378319419999
2024-02-11 09:00:00+00:00,0.6758074211035154
2024-02-11 10:00:00+00:00,0.6376342683658958
2024-02-11 11:00:00+00:00,0.5629332329256397
2024-02-11 12:00:00+00:00,0.5268527644387643
2024-02-11 13:00:00+00:00,0.4743918355810744
2024-02-11 14:00:00+00:00,0.43820429718920684
2024-02-11 15:00:00+00:00,0.4391234566236182
2024-02-11 16:00:00+00:00,0.47241490969132893
2024-02-11 17:00:00+00:00,0.5656445950771818
2024-02-11 18:00:00+00:00,0.6587128127071049
2024-02-11 19:00:00+00:00,0.749281771247125
2024-02-11 20:00:00+00:00,0.8057820562696242
2024-02-11 21:00:00+00:00,0.8296990015646237
2024-02-11 22:00:00+00:00,0.8494576436804028
2024-02-11 23:00:00+00:00,0.8532617928838718
2024-02-12 00:00:00+00:00,0.8272485299312117
2024-02-12 01:00:00+00:00,0.792699848042254
2024-02-12 02:00:00+00:00,0.7878787411746634
2024-02-12 03:00:00+00:00,0.8011730786384034
2024-02-12 04:00:00+00:00,0.8260074010277284
2024-02-12 05:00:00+00:00,0.815469962588618
2024-02-12 06:00:00+00:00,0.7975389683667241
2024-02-12 07:00:00+00:00,0.7282219113252628
2024-02-12 08:00:00+00:00,0.6554718781985743
2024-02-12 09:00:00+00:00,0.6665337844883568
2024-02-12 10:00:00+00:00,0.6843775167857655
2024-02-12 11:00:00+00:00,0.6802195305955485
2024-02-12 12:00:00+00:00,0.6618550710840125
2024-02-12 13:00:00+00:00,0.6296127925439869
2024-02-12 14:00:00+00:00,0.5757530836569148
2024-02-12 15:00:00+00:00,0.45608701913404637
2024-02-12 16:00:00+00:00,0.37054810370622127
2024-02-12 17:00:00+00:00,0.34048236302273166
2024-02-12 18:00:00+00:00,0.33807907618585104
2024-02-12 19:00:00+00:00,0.34506992856736823
2024-02-12 20:00:00+00:00,0.332223026288096
2024-02-12 21:00:00+00:00,0.2920237802368097
2024-02-12 22:00:00+00:00,0.22457630767150044
2024-02-12 23:00:00+00:00,0.14205927979482066
2024-02-13 00:00:00+00:00,0.06549880027275984
2024-02-13 01:00:00+00:00,0.05407246277398965
2024-02-13 02:00:00+00:00,0.04828264217542449
2024-02-13 03:00:00+00:00,0.04650548136018276
2024-02-13 04:00:00+00:00,0.05945990903537498
2024-02-13 05:00:00+00:00,0.08988560776037796
2024-02-13 06:00:00+00:00,0.12503786454977076
2024-02-13 07:00:00+00:00,0.17652851306101064
2024-02-13 08:00:00+00:00,0.22634068711991484
2024-02-13 09:00:00+00:00,0.2537398997478922
2024-02-13 10:00:00+00:00,0.31531202899977606
2024-02-13 11:00:00+00:00,0.3745034827306329
2024-02-13 12:00:00+00:00,0.4100639531720868
2024-02-13 13:00:00+00:00,0.44065495598640436
2024-02-13 14:00:00+00:00,0.4624424706733368
2024-02-13 15:00:00+00:00,0.3732168839816185
2024-02-13 16:00:00+00:00,0.39332840105433453
2024-02-13 17:00:00+00:00,0.41994660245182486
2024-02-13 18:00:00+00:00,0.4005300795755471
2024-02-13 19:00:00+00:00,0.3804092722087836
2024-02-13 20:00:00+00:00,0.3705233340958283
2024-02-13 21:00:00+00:00,0.3660403247420629
2024-02-13 22:00:00+00:00,0.3714677666426686
2024-02-13 23:00:00+00:00,0.3523390273018633
2024-02-14 00:00:00+00:00,0.37146934399556814
2024-02-14 01:00:00+00:00,0.4970765087566997
2024-02-14 02:00:00+00:00,0.6616937540497018
2024-02-14 03:00:00+00:00,0.7992316746058039
2024-02-14 04:00:00+00:00,0.8603562714941094
2024-02-14 05:00:00+00:00,0.8528031085666035
2024-02-14 06:00:00+00:00,0.867593144001429
2024-02-14 07:00:00+00:00,0.8574576471487716
2024-02-14 08:00:00+00:00,0.8435577930823381
2024-02-14 09:00:00+00:00,0.8460517736618104
2024-02-14 10:00:00+00:00,0.8513446246273104
2024-02-14 11:00:00+00:00,0.8437830277605158
2024-02-14 12:00:00+00:00,0.8300786248186726
2024-02-14 13:00:00+00:00,0.8186356331052178
2024-02-14 14:00:00+00:00,0.7520568379209355
2024-02-14 15:00:00+00:00,0.6295926655137587
2024-02-14 16:00:00+00:00,0.6306252690146809
2024-02-14 17:00:00+00:00,0.6335955703292593
2024-02-14 18:00:00+00:00,0.6246026998910469
2024-02-14 19:00:00+00:00,0.6232423560798453
2024-02-14 20:00:00+00:00,0.5864169124229361
2024-02-14 21:00:00+00:00,0.5666907080290489
2024-02-14 22:00:00+00:00,0.5982043485885689
2024-02-14 23:00:00+00:00,0.6106041516888249
2024-02-15 00:00:00+00:00,0.6436037576664321
2024-02-15 01:00:00+00:00,0.7628398890421815
2024-02-15 02:00:00+00:00,0.7729577456447891
2024-02-15 03:00:00+00:00,0.7563886104400874
2024-02-15 04:00:00+00:00,0.7180461711857259
2024-02-15 05:00:00+00:00,0.7037314929377719
2024-02-15 06:00:00+00:00,0.6577904607147635
2024-02-15 07:00:00+00:00,0.6324664891933257
2024-02-15 08:00:00+00:00,0.5879757148858963
2024-02-15 09:00:00+00:00,0.539481185373443
2024-02-15 10:00:00+00:00,0.5043440248961185
2024-02-15 11:00:00+00:00,0.4129121508865019
2024-02-15 12:00:00+00:00,0.35915425443500415
2024-02-15 13:00:00+00:00,0.31845160840746045
2024-02-15 14:00:00+00:00,0.238381540701153
2024-02-15 15:00:00+00:00,0.11957985309444558
2024-02-15 16:00:00+00:00,0.08491201522706655
2024-02-15 17:00:00+00:00,0.06976085874670701
2024-02-15 18:00:00+00:00,0.07536844269976556
2024-02-15 19:00:00+00:00,0.07872017386710328
2024-02-15 20:00:00+00:00,0.11265419925556269
2024-02-15 21:00:00+00:00,0.16116417814972478
2024-02-15 22:00:00+00:00,0.212103645183853
2024-02-15 23:00:00+00:00,0.25535341321858146
2024-02-16 00:00:00+00:00,0.34698104605048535
2024-02-16 01:00:00+00:00,0.48767857239470713
2024-02-16 02:00:00+00:00,0.6196990918631062
2024-02-16 03:00:00+00:00,0.7243315647930186
2024-02-16 04:00:00+00:00,0.740407392332396
2024-02-16 05:00:00+00:00,0.7368278198958494
2024-02-16 06:00:00+00:00,0.7232708148883761
2024-02-16 07:00:00+00:00,0.7224742766196588
2024-02-16 08:00:00+00:00,0.7167479707765645
2024-02-16 09:00:00+00:00,0.7025907644805244
2024-02-16 10:00:00+00:00,0.6877874298241172
2024-02-16 11:00:00+00:00,0.6795497189122643
2024-02-16 12:00:00+00:00,0.6675277330096409
2024-02-16 13:00:00+00:00,0.6541950440340654
2024-02-16 14:00:00+00:00,0.6210000981383205
2024-02-16 15:00:00+00:00,0.5968431529778793
2024-02-16 16:00:00+00:00,0.6228136656178334
2024-02-16 17:00:00+00:00,0.6562341129281687
2024-02-16 18:00:00+00:00,0.6691784560291575
2024-02-16 19:00:00+00:00,0.6800705172753831
2024-02-16 20:00:00+00:00,0.6823609188617916
2024-02-16 21:00:00+00:00,0.6881395982802437
2024-02-16 22:00:00+00:00,0.6941111090364304
2024-02-16 23:00:00+00:00,0.6706004399572808
2024-02-17 00:00:00+00:00,0.6325948593276967
2024-02-17 01:00:00+00:00,0.6711510737173072
2024-02-17 02:00:00+00:00,0.7512416386961314
2024-02-17 03:00:00+00:00,0.7672383258527324
2024-02-17 04:00:00+00:00,0.7821989005399246
2024-02-17 05:00:00+00:00,0.7756994062401318
2024-02-17 06:00:00+00:00,0.7526538365649009
2024-02-17 07:00:00+00:00,0.7472838548502627
2024-02-17 08:00:00+00:00,0.8021235539327347
2024-02-17 09:00:00+00:00,0.8563375153123277
2024-02-17 10:00:00+00:00,0.9048946267620187
2024-02-17 11:00:00+00:00,0.9325547293296791
2024-02-17 12:00:00+00:00,0.9321599067276748
2024-02-17 13:00:00+00:00,0.907383804025342
2024-02-17 14:00:00+00:00,0.9106903611143746
2024-02-17 15:00:00+00:00,0.9322364446047023
2024-02-17 16:00:00+00:00,0.8964627878871335
2024-02-17 17:00:00+00:00,0.8364835802934766
2024-02-17 18:00:00+00:00,0.7729649301383705
2024-02-17 19:00:00+00:00,0.7225453650551416
2024-02-17 20:00:00+00:00,0.680874075180262
2024-02-17 21:00:00+00:00,0.6477395311992967
2024-02-17 22:00:00+00:00,0.5768498827093761
2024-02-17 23:00:00+00:00,0.5141278853916632
2024-02-18 00:00:00+00:00,0.39138185347024035
2024-02-18 01:00:00+00:00,0.3047119428973776
2024-02-18 02:00:00+00:00,0.28523195663896084
2024-02-18 03:00:00+00:00,0.2771005842580649
2024-02-18 04:00:00+00:00,0.2615960836278752
2024-02-18 05:00:00+00:00,0.2598958947780466
2024-02-18 06:00:00+00:00,0.2829107211836674
2024-02-18 07:00:00+00:00,0.3036384020092249
2024-02-18 08:00:00+00:00,0.34866424836777815
2024-02-18 09:00:00+00:00,0.3889896230348216
2024-02-18 10:00:00+00:00,0.39766808181283203
2024-02-18 11:00:00+00:00,0.37374469569028695
2024-02-18 12:00:00+00:00,0.33368121619550434
2024-02-18 13:00:00+00:00,0.271852350796314
2024-02-18 14:00:00+00:00,0.19956796565829985
2024-02-18 15:00:00+00:00,0.11225867412957155
2024-02-18 16:00:00+00:00,0.06563209526947394
2024-02-18 17:00:00+00:00,0.06745312981396996
2024-02-18 18:00:00+00:00,0.09954278971775082
2024-02-18 19:00:00+00:00,0.12843108667820094
2024-02-18 20:00:00+00:00,0.14374153566422085
2024-02-18 21:00:00+00:00,0.14700094638730032
2024-02-18 22:00:00+00:00,0.18475917581202997
2024-02-18 23:00:00+00:00,0.22040043166746887
2024-02-19 00:00:00+00:00,0.2834170397870065
2024-02-19 01:00:00+00:00,0.4150903891605551
2024-02-19 02:00:00+00:00,0.5347880248915794
2024-02-19 03:00:00+00:00,0.664334218580994
2024-02-19 04:00:00+00:00,0.7720048829185663
2024-02-19 05:00:00+00:00,0.8086959718998515
2024-02-19 06:00:00+00:00,0.8193335427472788
2024-02-19 07:00:00+00:00,0.8180545483721247
2024-02-19 08:00:00+00:00,0.8163266623911974
2024-02-19 09:00:00+00:00,0.8000369649597074
2024-02-19 10:00:00+00:00,0.7753165406093975
2024-02-19 11:00:00+00:00,0.7637857254077953
2024-02-19 12:00:00+00:00,0.7499718190340662
2024-02-19 13:00:00+00:00,0.7250930391539175
2024-02-19 14:00:00+00:00,0.6116941822596188
2024-02-19 15:00:00+00:00,0.4014229704262461
2024-02-19 16:00:00+00:00,0.31053980289942196
2024-02-19 17:00:00+00:00,0.2690488918426184
2024-02-19 18:00:00+00:00,0.223188727317693
2024-02-19 19:00:00+00:00,0.18634603107874115
2024-02-19 20:00:00+00:00,0.17977480568875237
2024-02-19 21:00:00+00:00,0.1766533031140563
2024-02-19 22:00:00+00:00,0.1736191369389078
2024-02-19 23:00:00+00:00,0.15063460521718142
2024-02-20 00:00:00+00:00,0.13385414159994838
2024-02-20 01:00:00+00:00,0.1964033185592081
2024-02-20 02:00:00+00:00,0.27868340930315844
2024-02-20 03:00:00+00:00,0.3917480830350676
2024-02-20 04:00:00+00:00,0.4797632268989571
2024-02-20 05:00:00+00:00,0.5670384391452675
2024-02-20 06:00:00+00:00,0.6118993561397595
2024-02-20 07:00:00+00:00,0.6280930327648249
2024-02-20 08:00:00+00:00,0.6583745100976347
2024-02-20 09:00:00+00:00,0.6517797085420515
2024-02-20 10:00:00+00:00,0.6641414148279549
2024-02-20 11:00:00+00:00,0.6293342902281732
2024-02-20 12:00:00+00:00,0.5892800993644026
2024-02-20 13:00:00+00:00,0.5484426874576622
2024-02-20 14:00:00+00:00,0.4995476019564461
2024-02-20 15:00:00+00:00,0.3477797175235994
2024-02-20 16:00:00+00:00,0.276911272011641
2024-02-20 17:00:00+00:00,0.267639951137088
2024-02-20 18:00:00+00:00,0.3034144495313208
2024-02-20 19:00:00+00:00,0.3698602581034921
2024-02-20 20:00:00+00:00,0.4627652187321874
2024-02-20 21:00:00+00:00,0.5198171477725498
2024-02-20 22:00:00+00:00,0.5498083613333912
2024-02-20 23:00:00+00:00,0.553670592408834
2024-02-21 00:00:00+00:00,0.5607321796862053
2024-02-21 01:00:00+00:00,0.661348126347855
2024-02-21 02:00:00+00:00,0.7701236894793728
2024-02-21 03:00:00+00:00,0.8705096421448276
2024-02-21 04:00:00+00:00,0.9138464634654077
2024-02-21 05:00:00+00:00,0.8986916209756
2024-02-21 06:00:00+00:00,0.8676853407303164
2024-02-21 07:00:00+00:00,0.8190185814177326
2024-02-21 08:00:00+00:00,0.794400960599774
2024-02-21 09:00:00+00:00,0.7929769319696582
2024-02-21 10:00:00+00:00,0.8128824165298392
2024-02-21 11:00:00+00:00,0.7826747079755472
2024-02-21 12:00:00+00:00,0.7579225252894489
2024-02-21 13:00:00+00:00,0.7153225033316264
2024-02-21 14:00:00+00:00,0.6484199012772541
2024-02-21 15:00:00+00:00,0.5329064017023535
2024-02-21 16:00:00+00:00,0.48332902416042856
2024-02-21 17:00:00+00:00,0.50512421556326
2024-02-21 18:00:00+00:00,0.5893812510326392
2024-02-21 19:00:00+00:00,0.7372660582054743
2024-02-21 20:00:00+00:00,0.8377584326259606
2024-02-21 21:00:00+00:00,0.88402381766465
2024-02-21 22:00:00+00:00,0.8884873181673582
2024-02-21 23:00:00+00:00,0.8992287093848095
2024-02-22 00:00:00+00:00,0.9150176165763795
2024-02-22 01:00:00+00:00,0.927749594543046
2024-02-22 02:00:00+00:00,0.9337062867502248
2024-02-22 03:00:00+00:00,0.9312300961301386
2024-02-22 04:00:00+00:00,0.9161209615168384
2024-02-22 05:00:00+00:00,0.8924792468409303
2024-02-22 06:00:00+00:00,0.8446144767570319
2024-02-22 07:00:00+00:00,0.7984000635356446
2024-02-22 08:00:00+00:00,0.7249436071465204
2024-02-22 09:00:00+00:00,0.7159451860746759
2024-02-22 10:00:00+00:00,0.756913089425866
2024-02-22 11:00:00+00:00,0.7599814323879194
2024-02-22 12:00:00+00:00,0.7488250150024555
2024-02-22 13:00:00+00:00,0.7555842890212071
2024-02-22 14:00:00+00:00,0.6921330867363849
2024-02-22 15:00:00+00:00,0.6610094647758143
2024-02-22 16:00:00+00:00,0.6339853560309505
2024-02-22 17:00:00+00:00,0.5842636652683573
2024-02-22 18:00:00+00:00,0.5854023509397183
2024-02-22 19:00:00+00:00,0.618540234187256
2024-02-22 20:00:00+00:00,0.6207641222400373
2024-02-22 21:00:00+00:00,0.6120370265825432
2024-02-22 22:00:00+00:00,0.6051224114301802
2024-02-22 23:00:00+00:00,0.5674516894807241
2024-02-23 00:00:00+00:00,0.46475907468357186
2024-02-23 01:00:00+00:00,0.4769074189539048
2024-02-23 02:00:00+00:00,0.5267481318567248
2024-02-23 03:00:00+00:00,0.5795866262514113
2024-02-23 04:00:00+00:00,0.6332795590820978
2024-02-23 05:00:00+00:00,0.6099662856858792
2024-02-23 06:00:00+00:00,0.5587686201540564
2024-02-23 07:00:00+00:00,0.49606111391199453
2024-02-23 08:00:00+00:00,0.4603503485647018
2024-02-23 09:00:00+00:00,0.46754709531835925
2024-02-23 10:00:00+00:00,0.47636145767252697
2024-02-23 11:00:00+00:00,0.45209133004826974
2024-02-23 12:00:00+00:00,0.4173459022532243
2024-02-23 13:00:00+00:00,0.3908976858473328
2024-02-23 14:00:00+00:00,0.3012476160646404
2024-02-23 15:00:00+00:00,0.18647564885117227
2024-02-23 16:00:00+00:00,0.16389160562066432
2024-02-23 17:00:00+00:00,0.16842979459660506
2024-02-23 18:00:00+00:00,0.1486825529859986
2024-02-23 19:00:00+00:00,0.12727682349910147
2024-02-23 20:00:00+00:00,0.1304933224865847
2024-02-23 21:00:00+00:00,0.129739133377519
2024-02-23 22:00:00+00:00,0.11158481013522165
2024-02-23 23:00:00+00:00,0.08399839257971016
2024-02-24 00:00:00+00:00,0.06952814594074576
2024-02-24 01:00:00+00:00,0.07894411987363054
2024-02-24 02:00:00+00:00,0.0849256045760152
2024-02-24 03:00:00+00:00,0.1057024355805399
2024-02-24 04:00:00+00:00,0.13955308252133644
2024-02-24 05:00:00+00:00,0.16222735084383705
2024-02-24 06:00:00+00:00,0.17489809223273053
2024-02-24 07:00:00+00:00,0.20747409450354723
2024-02-24 08:00:00+00:00,0.23921623641270795
2024-02-24 09:00:00+00:00,0.2820517696311912
2024-02-24 10:00:00+00:00,0.3372302673776634
2024-02-24 11:00:00+00:00,0.3902995722466078
2024-02-24 12:00:00+00:00,0.42527940867370795
2024-02-24 13:00:00+00:00,0.44726148617127004
2024-02-24 14:00:00+00:00,0.4014784322582938
2024-02-24 15:00:00+00:00,0.3454974431910648
2024-02-24 16:00:00+00:00,0.47337911110119196
2024-02-24 17:00:00+00:00,0.5909250899371374
2024-02-24 18:00:00+00:00,0.6142062045314188
2024-02-24 19:00:00+00:00,0.6483504474609325
2024-02-24 20:00:00+00:00,0.7020455414422409
2024-02-24 21:00:00+00:00,0.7517180140944871
2024-02-24 22:00:00+00:00,0.7886149366748154
2024-02-24 23:00:00+00:00,0.7937411182351113
2024-02-25 00:00:00+00:00,0.7553083238827745
2024-02-25 01:00:00+00:00,0.8212800281483111
2024-02-25 02:00:00+00:00,0.9107537658564401
2024-02-25 03:00:00+00:00,0.9107240668645862
2024-02-25 04:00:00+00:00,0.9043472918495747
2024-02-25 05:00:00+00:00,0.9278588144635534
2024-02-25 06:00:00+00:00,0.9087949758374388
2024-02-25 07:00:00+00:00,0.8777517863296715
2024-02-25 08:00:00+00:00,0.8586942007527167
2024-02-25 09:00:00+00:00,0.851174391011923
2024-02-25 10:00:00+00:00,0.8505205014462293
2024-02-25 11:00:00+00:00,0.8495426881279812
2024-02-25 12:00:00+00:00,0.8500162098299407
2024-02-25 13:00:00+00:00,0.7888557989325574
2024-02-25 14:00:00+00:00,0.6612877433772173
2024-02-25 15:00:00+00:00,0.5467708771134476
2024-02-25 16:00:00+00:00,0.5195187716778731
2024-02-25 17:00:00+00:00,0.5198384195495626
2024-02-25 18:00:00+00:00,0.5633634974144804
2024-02-25 19:00:00+00:00,0.553789628937932
2024-02-25 20:00:00+00:00,0.5213868286921868
2024-02-25 21:00:00+00:00,0.5079454052939744
2024-02-25 22:00:00+00:00,0.45842706254329274
2024-02-25 23:00:00+00:00,0.40943123523975394
2024-02-26 00:00:00+00:00,0.4059254491520552
2024-02-26 01:00:00+00:00,0.4399408009109845
2024-02-26 02:00:00+00:00,0.49156545923492584
2024-02-26 03:00:00+00:00,0.5301870689476391
2024-02-26 04:00:00+00:00,0.5752409529618605
2024-02-26 05:00:00+00:00,0.6270009325826605
2024-02-26 06:00:00+00:00,0.6944892341848304
2024-02-26 07:00:00+00:00,0.6654097901437974
2024-02-26 08:00:00+00:00,0.6430008767217361
2024-02-26 09:00:00+00:00,0.633339331863365
2024-02-26 10:00:00+00:00,0.6309765920342372
2024-02-26 11:00:00+00:00,0.6531472274470692
2024-02-26 12:00:00+00:00,0.6447187842011947
2024-02-26 13:00:00+00:00,0.6901738496500914
2024-02-26 14:00:00+00:00,0.6298519876449192
2024-02-26 15:00:00+00:00,0.5237588705650684
2024-02-26 16:00:00+00:00,0.48648139758847037
2024-02-26 17:00:00+00:00,0.5423746660226744
2024-02-26 18:00:00+00:00,0.6206758658927042
2024-02-26 19:00:00+00:00,0.6798048239110922
2024-02-26 20:00:00+00:00,0.735884492652933
2024-02-26 21:00:00+00:00,0.7521458073127618
2024-02-26 22:00:00+00:00,0.7510261016110562
2024-02-26 23:00:00+00:00,0.7489210025481726
2024-02-27 00:00:00+00:00,0.7273934660598559
2024-02-27 01:00:00+00:00,0.7581136482921716
2024-02-27 02:00:00+00:00,0.8115109100998293
2024-02-27 03:00:00+00:00,0.847353642980078
2024-02-27 04:00:00+00:00,0.8610215242912916
2024-02-27 05:00:00+00:00,0.8337146599091857
2024-02-27 06:00:00+00:00,0.7857747966198589
2024-02-27 07:00:00+00:00,0.7427111687361899
2024-02-27 08:00:00+00:00,0.7229149006981397
2024-02-27 09:00:00+00:00,0.7403702893624444
2024-02-27 10:00:00+00:00,0.7637897349860826
2024-02-27 11:00:00+00:00,0.7624644405853691
2024-02-27 12:00:00+00:00,0.7709325259669882
2024-02-27 13:00:00+00:00,0.7622701208671275
2024-02-27 14:00:00+00:00,0.7314515427246492
2024-02-27 15:00:00+00:00,0.6796741080291729
2024-02-27 16:00:00+00:00,0.6410828563764631
2024-02-27 17:00:00+00:00,0.6161282097986722
2024-02-27 18:00:00+00:00,0.649103439726823
2024-02-27 19:00:00+00:00,0.7060350203200948
2024-02-27 20:00:00+00:00,0.7590672855228907
2024-02-27 21:00:00+00:00,0.7912143745211081
2024-02-27 22:00:00+00:00,0.7941880564973788
2024-02-27 23:00:00+00:00,0.8139133712396467
2024-02-28 00:00:00+00:00,0.8288916972748821
2024-02-28 01:00:00+00:00,0.8410848748097274
2024-02-28 02:00:00+00:00,0.843452523160068
2024-02-28 03:00:00+00:00,0.8358445510334397
2024-02-28 04:00:00+00:00,0.8648133967145576
2024-02-28 05:00:00+00:00,0.848718081762818
2024-02-28 06:00:00+00:00,0.840074290330995
2024-02-28 07:00:00+00:00,0.8123838465144497
2024-02-28 08:00:00+00:00,0.7826559650245857
2024-02-28 09:00:00+00:00,0.7671213941118181
2024-02-28 10:00:00+00:00,0.7836851148710239
2024-02-28 11:00:00+00:00,0.7912244667958882
2024-02-28 12:00:00+00:00,0.7482753859327126
2024-02-28 13:00:00+00:00,0.7138727836249084
2024-02-28 14:00:00+00:00,0.681263834381846
2024-02-28 15:00:00+00:00,0.6530234356490834
2024-02-28 16:00:00+00:00,0.6262019974461338
2024-02-28 17:00:00+00:00,0.591655822366085
2024-02-28 18:00:00+00:00,0.5698354914359486
2024-02-28 19:00:00+00:00,0.529687220564188
2024-02-28 20:00:00+00:00,0.46132838863420794
2024-02-28 21:00:00+00:00,0.3734859934013327
2024-02-28 22:00:00+00:00,0.3072573958677996
2024-02-28 23:00:00+00:00,0.29343116347355924
2024-02-29 00:00:00+00:00,0.29911801373009433
2024-02-29 01:00:00+00:00,0.3040664788111838
2024-02-29 02:00:00+00:00,0.31746048719092435
2024-02-29 03:00:00+00:00,0.29350468091681775
2024-02-29 04:00:00+00:00,0.2808186956395429
2024-02-29 05:00:00+00:00,0.2739670178439995
2024-02-29 06:00:00+00:00,0.2608474364757352
2024-02-29 07:00:00+00:00,0.2459543128764388
2024-02-29 08:00:00+00:00,0.2786475105515824
2024-02-29 09:00:00+00:00,0.25232807100066973
2024-02-29 10:00:00+00:00,0.20318690883044868
2024-02-29 11:00:00+00:00,0.19843585295349073
2024-02-29 12:00:00+00:00,0.20067243394300102
2024-02-29 13:00:00+00:00,0.18745723885044926
2024-02-29 14:00:00+00:00,0.17132855288859652
2024-02-29 15:00:00+00:00,0.17242776749993877
2024-02-29 16:00:00+00:00,0.1506983673310877
2024-02-29 17:00:00+00:00,0.1558868008607114
2024-02-29 18:00:00+00:00,0.1917806046896316
2024-02-29 19:00:00+00:00,0.20770795704539916
2024-02-29 20:00:00+00:00,0.22785588143313928
2024-02-29 21:00:00+00:00,0.23594415064860624
2024-02-29 22:00:00+00:00,0.2385559929672964
2024-02-29 23:00:00+00:00,0.24127403936414882
2024-03-01 00:00:00+00:00,0.22274268261156271
2024-03-01 01:00:00+00:00,0.26211235394335247
2024-03-01 02:00:00+00:00,0.37544536656730343
2024-03-01 03:00:00+00:00,0.4745674110830014
2024-03-01 04:00:00+00:00,0.538876687018387
2024-03-01 05:00:00+00:00,0.5783910708439466
2024-03-01 06:00:00+00:00,0.6123317069426302
2024-03-01 07:00:00+00:00,0.6219970655387969
2024-03-01 08:00:00+00:00,0.6326267545385269
2024-03-01 09:00:00+00:00,0.6590791472600784
2024-03-01 10:00:00+00:00,0.6695843094001873
2024-03-01 11:00:00+00:00,0.6841602789577966
2024-03-01 12:00:00+00:00,0.6795751333827
2024-03-01 13:00:00+00:00,0.6609272096723938
2024-03-01 14:00:00+00:00,0.5496738778448316
2024-03-01 15:00:00+00:00,0.37337188104767194
2024-03-01 16:00:00+00:00,0.2796039653619076
2024-03-01 17:00:00+00:00,0.24317621723676477
2024-03-01 18:00:00+00:00,0.23303624251675062
2024-03-01 19:00:00+00:00,0.2380632167502331
2024-03-01 20:00:00+00:00,0.277108793615272
2024-03-01 21:00:00+00:00,0.3362201226994816
2024-03-01 22:00:00+00:00,0.39133238069856346
2024-03-01 23:00:00+00:00,0.39837448009358417
2024-03-02 00:00:00+00:00,0.3984054557904643
2024-03-02 01:00:00+00:00,0.5278063697102816
2024-03-02 02:00:00+00:00,0.6183994447939338
2024-03-02 03:00:00+00:00,0.6809093028609117
2024-03-02 04:00:00+00:00,0.731132398065772
2024-03-02 05:00:00+00:00,0.76600660730722
2024-03-02 06:00:00+00:00,0.7634251056589677
2024-03-02 07:00:00+00:00,0.7570865415931495
2024-03-02 08:00:00+00:00,0.7526761355193278
2024-03-02 09:00:00+00:00,0.7464248425608424
2024-03-02 10:00:00+00:00,0.7002384069450849
2024-03-02 11:00:00+00:00,0.6707211243736698
2024-03-02 12:00:00+00:00,0.6527963912630422
2024-03-02 13:00:00+00:00,0.6366415285097993
2024-03-02 14:00:00+00:00,0.580331014948405
2024-03-02 15:00:00+00:00,0.426814883052568
2024-03-02 16:00:00+00:00,0.4071757361021207
2024-03-02 17:00:00+00:00,0.42638697635020545
2024-03-02 18:00:00+00:00,0.49049153599324874
2024-03-02 19:00:00+00:00,0.5399025201215361
2024-03-02 20:00:00+00:00,0.5851066040316623
2024-03-02 21:00:00+00:00,0.6268529280742144
2024-03-02 22:00:00+00:00,0.6694919152039255
2024-03-02 23:00:00+00:00,0.6679776549742872
2024-03-03 00:00:00+00:00,0.6652926924247223
2024-03-03 01:00:00+00:00,0.7833915922366279
2024-03-03 02:00:00+00:00,0.8598742214575273
2024-03-03 03:00:00+00:00,0.8542692627504188
2024-03-03 04:00:00+00:00,0.8439780938201108
2024-03-03 05:00:00+00:00,0.8359068149693916
2024-03-03 06:00:00+00:00,0.839794432279822
2024-03-03 07:00:00+00:00,0.8349797891607426
2024-03-03 08:00:00+00:00,0.8264313449698648
2024-03-03 09:00:00+00:00,0.8153295578264556
2024-03-03 10:00:00+00:00,0.8079397171923921
2024-03-03 11:00:00+00:00,0.8062513217579198
2024-03-03 12:00:00+00:00,0.8085433407185355
2024-03-03 13:00:00+00:00,0.7929398428462837
2024-03-03 14:00:00+00:00,0.7108455559587176
2024-03-03 15:00:00+00:00,0.6415003616240776
2024-03-03 16:00:00+00:00,0.6563584445618982
2024-03-03 17:00:00+00:00,0.6922429417917937
2024-03-03 18:00:00+00:00,0.6786749056176125
2024-03-03 19:00:00+00:00,0.6708872117164928
2024-03-03 20:00:00+00:00,0.6693612053233947
2024-03-03 21:00:00+00:00,0.6551762861697257
2024-03-03 22:00:00+00:00,0.6814809671493628
2024-03-03 23:00:00+00:00,0.6770262655137489
2024-03-04 00:00:00+00:00,0.6525559690589215
2024-03-04 01:00:00+00:00,0.7190488977138563
2024-03-04 02:00:00+00:00,0.822611337241832
2024-03-04 03:00:00+00:00,0.8519398907137923
2024-03-04 04:00:00+00:00,0.8459016531577684
2024-03-04 05:00:00+00:00,0.8383664399856563
2024-03-04 06:00:00+00:00,0.844178114495921
2024-03-04 07:00:00+00:00,0.8270490300023912
2024-03-04 08:00:00+00:00,0.8017537628330419
2024-03-04 09:00:00+00:00,0.7882292608035222
2024-03-04 10:00:00+00:00,0.7519706941708219
2024-03-04 11:00:00+00:00,0.6889180470985954
2024-03-04 12:00:00+00:00,0.6900958772242888
2024-03-04 13:00:00+00:00,0.6393650717447047
2024-03-04 14:00:00+00:00,0.5239343257500014
2024-03-04 15:00:00+00:00,0.4482048474341059
2024-03-04 16:00:00+00:00,0.40710064126980977
2024-03-04 17:00:00+00:00,0.3530522922195227
2024-03-04 18:00:00+00:00,0.2720015633915006
2024-03-04 19:00:00+00:00,0.19282849079873698
2024-03-04 20:00:00+00:00,0.1607809494349847
2024-03-04 21:00:00+00:00,0.14925659223357587
2024-03-04 22:00:00+00:00,0.15221534503283338
2024-03-04 23:00:00+00:00,0.15539947021682796
2024-03-05 00:00:00+00:00,0.14941111974520677
2024-03-05 01:00:00+00:00,0.1851423296901782
2024-03-05 02:00:00+00:00,0.2067379449176327
2024-03-05 03:00:00+00:00,0.27050257000736233
2024-03-05 04:00:00+00:00,0.3443517192286237
2024-03-05 05:00:00+00:00,0.38825773081946513
2024-03-05 06:00:00+00:00,0.37955577248394645
2024-03-05 07:00:00+00:00,0.3246028198248197
2024-03-05 08:00:00+00:00,0.2504493691138433
2024-03-05 09:00:00+00:00,0.19127328490284426
2024-03-05 10:00:00+00:00,0.1638590107419297
2024-03-05 11:00:00+00:00,0.18798919281870546
2024-03-05 12:00:00+00:00,0.21915689873789332
2024-03-05 13:00:00+00:00,0.2420068582155853
2024-03-05 14:00:00+00:00,0.1987649194621751
2024-03-05 15:00:00+00:00,0.1250107853447724
2024-03-05 16:00:00+00:00,0.1441661277924708
2024-03-05 17:00:00+00:00,0.1590735768507866
2024-03-05 18:00:00+00:00,0.14295832268335723
2024-03-05 19:00:00+00:00,0.12480552473372158
2024-03-05 20:00:00+00:00,0.13888766172142847
2024-03-05 21:00:00+00:00,0.17524736303048216
2024-03-05 22:00:00+00:00,0.20463466460084853
2024-03-05 23:00:00+00:00,0.23597442678604094
2024-03-06 00:00:00+00:00,0.275268143640843
2024-03-06 01:00:00+00:00,0.35799316999094083
2024-03-06 02:00:00+00:00,0.40965421943338776
2024-03-06 03:00:00+00:00,0.453331149166784
2024-03-06 04:00:00+00:00,0.44675152881037916
2024-03-06 05:00:00+00:00,0.4339012931574641
2024-03-06 06:00:00+00:00,0.43161487417924754
2024-03-06 07:00:00+00:00,0.4022322478713063
2024-03-06 08:00:00+00:00,0.34328753963889824
2024-03-06 09:00:00+00:00,0.26627099786405994
2024-03-06 10:00:00+00:00,0.2217237993693954
2024-03-06 11:00:00+00:00,0.1859819537709117
2024-03-06 12:00:00+00:00,0.14100981293443918
2024-03-06 13:00:00+00:00,0.1197489463014015
2024-03-06 14:00:00+00:00,0.08271741344414285
2024-03-06 15:00:00+00:00,0.048130603938525286
2024-03-06 16:00:00+00:00,0.07578674157678299
2024-03-06 17:00:00+00:00,0.1051386429085032
2024-03-06 18:00:00+00:00,0.14322117514939364
2024-03-06 19:00:00+00:00,0.20089242521525547
2024-03-06 20:00:00+00:00,0.26895261612179316
2024-03-06 21:00:00+00:00,0.3079508868248713
2024-03-06 22:00:00+00:00,0.3241161663255571
2024-03-06 23:00:00+00:00,0.34876060521580726
2024-03-07 00:00:00+00:00,0.35619143424890365
2024-03-07 01:00:00+00:00,0.39443693282136083
2024-03-07 02:00:00+00:00,0.4997598024502665
2024-03-07 03:00:00+00:00,0.5427922769091881
2024-03-07 04:00:00+00:00,0.6174696461630219
2024-03-07 05:00:00+00:00,0.6281969407695824
2024-03-07 06:00:00+00:00,0.5697012969540147
2024-03-07 07:00:00+00:00,0.5487832038202863
2024-03-07 08:00:00+00:00,0.49915174234342713
2024-03-07 09:00:00+00:00,0.5028653518881472
2024-03-07 10:00:00+00:00,0.531288636030977
2024-03-07 11:00:00+00:00,0.5825251144584928
2024-03-07 12:00:00+00:00,0.6004213821156789
2024-03-07 13:00:00+00:00,0.5858383286419754
2024-03-07 14:00:00+00:00,0.5315423547813618
2024-03-07 15:00:00+00:00,0.51118784658486
2024-03-07 16:00:00+00:00,0.49332302540817674
2024-03-07 17:00:00+00:00,0.5192838498186407
2024-03-07 18:00:00+00:00,0.4670078807907298
2024-03-07 19:00:00+00:00,0.45521817638945855
2024-03-07 20:00:00+00:00,0.48790045721349984
2024-03-07 21:00:00+00:00,0.47494868663500034
2024-03-07 22:00:00+00:00,0.47927614079357955
2024-03-07 23:00:00+00:00,0.4436881055407981
2024-03-08 00:00:00+00:00,0.4168806490908395
2024-03-08 01:00:00+00:00,0.39412297647132183
2024-03-08 02:00:00+00:00,0.3651330433208942
2024-03-08 03:00:00+00:00,0.40228795890558955
2024-03-08 04:00:00+00:00,0.4280248680033748
2024-03-08 05:00:00+00:00,0.43683776623566023
2024-03-08 06:00:00+00:00,0.42828008865546713
2024-03-08 07:00:00+00:00,0.4351317491699039
2024-03-08 08:00:00+00:00,0.45526450862729007
2024-03-08 09:00:00+00:00,0.4880750932088992
2024-03-08 10:00:00+00:00,0.5053320714494712
2024-03-08 11:00:00+00:00,0.5094021620264195
2024-03-08 12:00:00+00:00,0.5065603892322551
2024-03-08 13:00:00+00:00,0.5001642468326519
2024-03-08 14:00:00+00:00,0.4914184623813048
2024-03-08 15:00:00+00:00,0.5467215818165674
2024-03-08 16:00:00+00:00,0.5834206699618496
2024-03-08 17:00:00+00:00,0.6327232083487491
2024-03-08 18:00:00+00:00,0.7040862418463522
2024-03-08 19:00:00+00:00,0.7487634998301044
2024-03-08 20:00:00+00:00,0.7629849702598163
2024-03-08 21:00:00+00:00,0.7952411601269002
2024-03-08 22:00:00+00:00,0.801795626422517
2024-03-08 23:00:00+00:00,0.8218678857737305
2024-03-09 00:00:00+00:00,0.8121426233418787
2024-03-09 01:00:00+00:00,0.8292589532579117
2024-03-09 02:00:00+00:00,0.8847760388967268
2024-03-09 03:00:00+00:00,0.8974388045848833
2024-03-09 04:00:00+00:00,0.9062526925762869
2024-03-09 05:00:00+00:00,0.9131302065301924
2024-03-09 06:00:00+00:00,0.8971213415078402
2024-03-09 07:00:00+00:00,0.8717370460535205
2024-03-09 08:00:00+00:00,0.8346095939073008
2024-03-09 09:00:00+00:00,0.8076553641012143
2024-03-09 10:00:00+00:00,0.775697279326347
2024-03-09 11:00:00+00:00,0.7189987484844643
2024-03-09 12:00:00+00:00,0.6473707728084184
2024-03-09 13:00:00+00:00,0.5896399930175248
2024-03-09 14:00:00+00:00,0.5729247626859041
2024-03-09 15:00:00+00:00,0.5258441902444229
2024-03-09 16:00:00+00:00,0.4341168675523764
2024-03-09 17:00:00+00:00,0.38790322793166154
2024-03-09 18:00:00+00:00,0.35814665177869776
2024-03-09 19:00:00+00:00,0.3405453882312025
2024-03-09 20:00:00+00:00,0.31623815322633453
2024-03-09 21:00:00+00:00,0.2823338140677402
2024-03-09 22:00:00+00:00,0.24545418029470348
2024-03-09 23:00:00+00:00,0.19871603142819697
2024-03-10 00:00:00+00:00,0.1351639322449269
2024-03-10 01:00:00+00:00,0.12335297978297338
2024-03-10 02:00:00+00:00,0.11973811726579758
2024-03-10 03:00:00+00:00,0.11519285066437476
2024-03-10 04:00:00+00:00,0.1354222694614635
2024-03-10 05:00:00+00:00,0.16144610147391503
2024-03-10 06:00:00+00:00,0.17283867060557645
2024-03-10 07:00:00+00:00,0.19038589501163364
2024-03-10 08:00:00+00:00,0.0
2024-03-10 09:00:00+00:00,0.19918047892224883
2024-03-10 10:00:00+00:00,0.20524450968693858
2024-03-10 11:00:00+00:00,0.200327326409697
2024-03-10 12:00:00+00:00,0.2106566888273269
2024-03-10 13:00:00+00:00,0.22946770601910013
2024-03-10 14:00:00+00:00,0.21718872388489874
2024-03-10 15:00:00+00:00,0.15386275217673157
2024-03-10 16:00:00+00:00,0.11100087806865025
2024-03-10 17:00:00+00:00,0.11247518683796431
2024-03-10 18:00:00+00:00,0.11007517296315895
2024-03-10 19:00:00+00:00,0.11990070811289914
2024-03-10 20:00:00+00:00,0.12720719134031241
2024-03-10 21:00:00+00:00,0.1448999321008253
2024-03-10 22:00:00+00:00,0.15660839791097209
2024-03-10 23:00:00+00:00,0.16501474653885306
2024-03-11 00:00:00+00:00,0.18845545056291513
2024-03-11 01:00:00+00:00,0.22772397254025664
2024-03-11 02:00:00+00:00,0.3437075215438673
2024-03-11 03:00:00+00:00,0.47573916129597843
2024-03-11 04:00:00+00:00,0.5556026599800779
2024-03-11 05:00:00+00:00,0.575249163295197
2024-03-11 06:00:00+00:00,0.5819668336279804
2024-03-11 07:00:00+00:00,0.6088674449682726
2024-03-11 08:00:00+00:00,0.6416135027289269
2024-03-11 09:00:00+00:00,0.6568556538889749
2024-03-11 10:00:00+00:00,0.6562551596892646
2024-03-11 11:00:00+00:00,0.636404683747839
2024-03-11 12:00:00+00:00,0.5781848869590396
2024-03-11 13:00:00+00:00,0.5614966259997767
2024-03-11 14:00:00+00:00,0.5491679374012753
2024-03-11 15:00:00+00:00,0.42274611137113016
2024-03-11 16:00:00+00:00,0.420278970772633
2024-03-11 17:00:00+00:00,0.41745353079349046
2024-03-11 18:00:00+00:00,0.38041499362891795
2024-03-11 19:00:00+00:00,0.36885917638965277
2024-03-11 20:00:00+00:00,0.3932871354706882
2024-03-11 21:00:00+00:00,0.427623308734293
2024-03-11 22:00:00+00:00,0.4876349716201719
2024-03-11 23:00:00+00:00,0.5574540449924592
2024-03-12 00:00:00+00:00,0.588147078786891
2024-03-12 01:00:00+00:00,0.5648572979345098
2024-03-12 02:00:00+00:00,0.6594211099573368
2024-03-12 03:00:00+00:00,0.8239751292484231
2024-03-12 04:00:00+00:00,0.8582947562138781
2024-03-12 05:00:00+00:00,0.859331545683296
2024-03-12 06:00:00+00:00,0.8534400854602238
2024-03-12 07:00:00+00:00,0.824665066335053
2024-03-12 08:00:00+00:00,0.8033375592354058
2024-03-12 09:00:00+00:00,0.784794602485708
2024-03-12 10:00:00+00:00,0.7941296184466111
2024-03-12 11:00:00+00:00,0.8239194408458822
2024-03-12 12:00:00+00:00,0.8198384859480575
2024-03-12 13:00:00+00:00,0.8230477154825436
2024-03-12 14:00:00+00:00,0.8088987401993235
2024-03-12 15:00:00+00:00,0.7072586094064038
2024-03-12 16:00:00+00:00,0.691709022188031
2024-03-12 17:00:00+00:00,0.6336130163656996
2024-03-12 18:00:00+00:00,0.582173872168458
2024-03-12 19:00:00+00:00,0.5068331161154377
2024-03-12 20:00:00+00:00,0.48390736484900126
2024-03-12 21:00:00+00:00,0.4914724944729189
2024-03-12 22:00:00+00:00,0.5149212269810147
2024-03-12 23:00:00+00:00,0.5577793247695965
2024-03-13 00:00:00+00:00,0.5925232543866874
2024-03-13 01:00:00+00:00,0.6165342255687215
2024-03-13 02:00:00+00:00,0.7201632082757374
2024-03-13 03:00:00+00:00,0.8492550102675609
2024-03-13 04:00:00+00:00,0.9001615757736927
2024-03-13 05:00:00+00:00,0.9019580680375008
2024-03-13 06:00:00+00:00,0.9033565320901618
2024-03-13 07:00:00+00:00,0.9074832551676026
2024-03-13 08:00:00+00:00,0.8934449352936413
2024-03-13 09:00:00+00:00,0.8501160458202786
2024-03-13 10:00:00+00:00,0.8463405818078382
2024-03-13 11:00:00+00:00,0.8529510132567741
2024-03-13 12:00:00+00:00,0.837566913676207
2024-03-13 13:00:00+00:00,0.8351786091611655
2024-03-13 14:00:00+00:00,0.7780769650159497
2024-03-13 15:00:00+00:00,0.6361285982562593
2024-03-13 16:00:00+00:00,0.5924776987863756
2024-03-13 17:00:00+00:00,0.5861681187156592
2024-03-13 18:00:00+00:00,0.6106233521914318
2024-03-13 19:00:00+00:00,0.6339129407463098
2024-03-13 20:00:00+00:00,0.6468710668675625
2024-03-13 21:00:00+00:00,0.7046505234507888
2024-03-13 22:00:00+00:00,0.7498408425617343
2024-03-13 23:00:00+00:00,0.7842667660484267
2024-03-14 00:00:00+00:00,0.7998520875947913
2024-03-14 01:00:00+00:00,0.7606911523287609
2024-03-14 02:00:00+00:00,0.7571249033724206
2024-03-14 03:00:00+00:00,0.752521005808127
2024-03-14 04:00:00+00:00,0.7517613924922705
2024-03-14 05:00:00+00:00,0.7323382621233804
2024-03-14 06:00:00+00:00,0.6831955336992133
2024-03-14 07:00:00+00:00,0.6130110360327493
2024-03-14 08:00:00+00:00,0.5901117819450832
2024-03-14 09:00:00+00:00,0.5261293942674181
2024-03-14 10:00:00+00:00,0.4727989100544826
2024-03-14 11:00:00+00:00,0.4465772189506779
2024-03-14 12:00:00+00:00,0.4295690544822662
2024-03-14 13:00:00+00:00,0.4304900164301055
2024-03-14 14:00:00+00:00,0.4596100860753892
2024-03-14 15:00:00+00:00,0.4261538829260612
2024-03-14 16:00:00+00:00,0.39734081528686965
2024-03-14 17:00:00+00:00,0.3694670616608602
2024-03-14 18:00:00+00:00,0.3326386269625246
2024-03-14 19:00:00+00:00,0.3163191465920473
2024-03-14 20:00:00+00:00,0.2819330936915459
2024-03-14 21:00:00+00:00,0.2567033685177886
2024-03-14 22:00:00+00:00,0.2596139172967479
2024-03-14 23:00:00+00:00,0.2925429216744017
2024-03-15 00:00:00+00:00,0.35419948572678756
2024-03-15 01:00:00+00:00,0.4477549366768718
2024-03-15 02:00:00+00:00,0.5606681341332264
2024-03-15 03:00:00+00:00,0.6924974582207108
2024-03-15 04:00:00+00:00,0.7664739078107623
2024-03-15 05:00:00+00:00,0.8012535377359256
2024-03-15 06:00:00+00:00,0.8181416623949205
2024-03-15 07:00:00+00:00,0.8439976608412533
2024-03-15 08:00:00+00:00,0.8527140729787387
2024-03-15 09:00:00+00:00,0.8188233205660811
2024-03-15 10:00:00+00:00,0.7993089250211834
2024-03-15 11:00:00+00:00,0.799244886879558
2024-03-15 12:00:00+00:00,0.8243680850932199
2024-03-15 13:00:00+00:00,0.8302915596872223
2024-03-15 14:00:00+00:00,0.8372217286309932
2024-03-15 15:00:00+00:00,0.8201131550396396
2024-03-15 16:00:00+00:00,0.8314792003839647
2024-03-15 17:00:00+00:00,0.8460596148012941
2024-03-15 18:00:00+00:00,0.8397898420491184
2024-03-15 19:00:00+00:00,0.8023416089618253
2024-03-15 20:00:00+00:00,0.7739413107877966
2024-03-15 21:00:00+00:00,0.7363614835551419
2024-03-15 22:00:00+00:00,0.7080046853250908
2024-03-15 23:00:00+00:00,0.6567465092027416
2024-03-16 00:00:00+00:00,0.5636337534247793
2024-03-16 01:00:00+00:00,0.4548529197364781
2024-03-16 02:00:00+00:00,0.3790132441052633
2024-03-16 03:00:00+00:00,0.34560005250980685
2024-03-16 04:00:00+00:00,0.33587974122348757
2024-03-16 05:00:00+00:00,0.33913537602474986
2024-03-16 06:00:00+00:00,0.31212251775034555
2024-03-16 07:00:00+00:00,0.30367373898022093
2024-03-16 08:00:00+00:00,0.2767382117061058
2024-03-16 09:00:00+00:00,0.25229877261957623
2024-03-16 10:00:00+00:00,0.24635099478814446
2024-03-16 11:00:00+00:00,0.24633355764532816
2024-03-16 12:00:00+00:00,0.2455414168759757
2024-03-16 13:00:00+00:00,0.21845016192098365
2024-03-16 14:00:00+00:00,0.20648909358256476
2024-03-16 15:00:00+00:00,0.15696372946038029
2024-03-16 16:00:00+00:00,0.14972289292748173
2024-03-16 17:00:00+00:00,0.13468107856457673
2024-03-16 18:00:00+00:00,0.15800498562589577
2024-03-16 19:00:00+00:00,0.18489247008568518
2024-03-16 20:00:00+00:00,0.2071845033570818
2024-03-16 21:00:00+00:00,0.22984051144271467
2024-03-16 22:00:00+00:00,0.25790085528776985
2024-03-16 23:00:00+00:00,0.2684876196453031
2024-03-17 00:00:00+00:00,0.2523341265824555
2024-03-17 01:00:00+00:00,0.21108022337353768
2024-03-17 02:00:00+00:00,0.1811670458315255
2024-03-17 03:00:00+00:00,0.1565066472969302
2024-03-17 04:00:00+00:00,0.17445355835808488
2024-03-17 05:00:00+00:00,0.17453568200940495
2024-03-17 06:00:00+00:00,0.20441493710046565
2024-03-17 07:00:00+00:00,0.1654058469061605
2024-03-17 08:00:00+00:00,0.2046199147062793
2024-03-17 09:00:00+00:00,0.22292046326224293
2024-03-17 10:00:00+00:00,0.23541497564861333
2024-03-17 11:00:00+00:00,0.27284945492722057
2024-03-17 12:00:00+00:00,0.2735678519720448
2024-03-17 13:00:00+00:00,0.2825112710772754
2024-03-17 14:00:00+00:00,0.2953780151762092
2024-03-17 15:00:00+00:00,0.3125685932587831
2024-03-17 16:00:00+00:00,0.3532166000421893
2024-03-17 17:00:00+00:00,0.36165078914758764
2024-03-17 18:00:00+00:00,0.3299427877639301
2024-03-17 19:00:00+00:00,0.29336281235814954
2024-03-17 20:00:00+00:00,0.31564719646218947
2024-03-17 21:00:00+00:00,0.3339059385503278
2024-03-17 22:00:00+00:00,0.32079716571894884
2024-03-17 23:00:00+00:00,0.331087637222835
2024-03-18 00:00:00+00:00,0.34380240443641363
2024-03-18 01:00:00+00:00,0.3355187765032787
2024-03-18 02:00:00+00:00,0.34105913141981686
2024-03-18 03:00:00+00:00,0.3653635492789139
2024-03-18 04:00:00+00:00,0.3823823587282971
2024-03-18 05:00:00+00:00,0.3852499727422356
2024-03-18 06:00:00+00:00,0.4116780199274145
2024-03-18 07:00:00+00:00,0.3931400102379668
2024-03-18 08:00:00+00:00,0.3649117669922837
2024-03-18 09:00:00+00:00,0.33035228665311195
2024-03-18 10:00:00+00:00,0.30971418475799833
2024-03-18 11:00:00+00:00,0.29238736423773304
2024-03-18 12:00:00+00:00,0.2691251837711752
2024-03-18 13:00:00+00:00,0.28478450822251594
2024-03-18 14:00:00+00:00,0.29945859368574507
2024-03-18 15:00:00+00:00,0.28501710758054233
2024-03-18 16:00:00+00:00,0.2699146651661996
2024-03-18 17:00:00+00:00,0.2580427646631106
2024-03-18 18:00:00+00:00,0.25000564296824823
2024-03-18 19:00:00+00:00,0.23785175634330719
2024-03-18 20:00:00+00:00,0.24067989065667358
2024-03-18 21:00:00+00:00,0.22641242110234627
2024-03-18 22:00:00+00:00,0.2088603321732077
2024-03-18 23:00:00+00:00,0.1892990734483589
2024-03-19 00:00:00+00:00,0.16197188305022683
2024-03-19 01:00:00+00:00,0.15268260088749108
2024-03-19 02:00:00+00:00,0.18631152783076171
2024-03-19 03:00:00+00:00,0.24261498816991037
2024-03-19 04:00:00+00:00,0.2759976148020712
2024-03-19 05:00:00+00:00,0.3021734484284907
2024-03-19 06:00:00+00:00,0.28996418890774156
2024-03-19 07:00:00+00:00,0.2936238569601224
2024-03-19 08:00:00+00:00,0.303246507072538
2024-03-19 09:00:00+00:00,0.33073879693432773
2024-03-19 10:00:00+00:00,0.36751809421568477
2024-03-19 11:00:00+00:00,0.39012587174475943
2024-03-19 12:00:00+00:00,0.3658044027478176
2024-03-19 13:00:00+00:00,0.3719835654876173
2024-03-19 14:00:00+00:00,0.3548651939787446
2024-03-19 15:00:00+00:00,0.28590157927850646
2024-03-19 16:00:00+00:00,0.3227931854239669
2024-03-19 17:00:00+00:00,0.37545130360358936
2024-03-19 18:00:00+00:00,0.3649685805105613
2024-03-19 19:00:00+00:00,0.3906243138510368
2024-03-19 20:00:00+00:00,0.39303806819409215
2024-03-19 21:00:00+00:00,0.3906946274566469
2024-03-19 22:00:00+00:00,0.3885286324490187
2024-03-19 23:00:00+00:00,0.3898535672364089
2024-03-20 00:00:00+00:00,0.3683805078824336
2024-03-20 01:00:00+00:00,0.3489953598315257
2024-03-20 02:00:00+00:00,0.3907089799942205
2024-03-20 03:00:00+00:00,0.5171714647808652
2024-03-20 04:00:00+00:00,0.6185848900492774
2024-03-20 05:00:00+00:00,0.6587586898155382
2024-03-20 06:00:00+00:00,0.6397718123451065
2024-03-20 07:00:00+00:00,0.6267879561020735
2024-03-20 08:00:00+00:00,0.6180223201059232
2024-03-20 09:00:00+00:00,0.6154322779756594
2024-03-20 10:00:00+00:00,0.5342185563159635
2024-03-20 11:00:00+00:00,0.46492012451148157
2024-03-20 12:00:00+00:00,0.3916085481850176
2024-03-20 13:00:00+00:00,0.34723031195134973
2024-03-20 14:00:00+00:00,0.28831774509516034
2024-03-20 15:00:00+00:00,0.19869735539633274
2024-03-20 16:00:00+00:00,0.14157409761187603
2024-03-20 17:00:00+00:00,0.10990826202014345
2024-03-20 18:00:00+00:00,0.09284288053045828
2024-03-20 19:00:00+00:00,0.1145978228257866
2024-03-20 20:00:00+00:00,0.1413511590071032
2024-03-20 21:00:00+00:00,0.1759046793167174
2024-03-20 22:00:00+00:00,0.243476068118442
2024-03-20 23:00:00+00:00,0.28376455308174403
2024-03-21 00:00:00+00:00,0.32806292468073006
2024-03-21 01:00:00+00:00,0.33616144701542033
2024-03-21 02:00:00+00:00,0.38715050511365473
2024-03-21 03:00:00+00:00,0.4494676451823739
2024-03-21 04:00:00+00:00,0.5169181093675567
2024-03-21 05:00:00+00:00,0.51385657505309
2024-03-21 06:00:00+00:00,0.4971361436506425
2024-03-21 07:00:00+00:00,0.40933765515465853
2024-03-21 08:00:00+00:00,0.31956809667801117
2024-03-21 09:00:00+00:00,0.2798002678883035
2024-03-21 10:00:00+00:00,0.22623486243073557
2024-03-21 11:00:00+00:00,0.18026966015773938
2024-03-21 12:00:00+00:00,0.14269288473960806
2024-03-21 13:00:00+00:00,0.14054266814162208
2024-03-21 14:00:00+00:00,0.14451927205267953
2024-03-21 15:00:00+00:00,0.12334917425189598
2024-03-21 16:00:00+00:00,0.11883931587891973
2024-03-21 17:00:00+00:00,0.1093031379661043
2024-03-21 18:00:00+00:00,0.11556969368480727
2024-03-21 19:00:00+00:00,0.12356944719172867
2024-03-21 20:00:00+00:00,0.1515486049758854
2024-03-21 21:00:00+00:00,0.1832780915835307
2024-03-21 22:00:00+00:00,0.2152109688274074
2024-03-21 23:00:00+00:00,0.2589232156838341
2024-03-22 00:00:00+00:00,0.23670740514426156
2024-03-22 01:00:00+00:00,0.17935260142622925
2024-03-22 02:00:00+00:00,0.1572042818874015
2024-03-22 03:00:00+00:00,0.1496375233203347
2024-03-22 04:00:00+00:00,0.1370624613456259
2024-03-22 05:00:00+00:00,0.1416304212216241
2024-03-22 06:00:00+00:00,0.11900233958520684
2024-03-22 07:00:00+00:00,0.0935806333186265
2024-03-22 08:00:00+00:00,0.08836582365028542
2024-03-22 09:00:00+00:00,0.08382328428226452
2024-03-22 10:00:00+00:00,0.07711233297392252
2024-03-22 11:00:00+00:00,0.10384075851221579
2024-03-22 12:00:00+00:00,0.1272870468644527
2024-03-22 13:00:00+00:00,0.13670321681859396
2024-03-22 14:00:00+00:00,0.17609963713440144
2024-03-22 15:00:00+00:00,0.18107131876776197
2024-03-22 16:00:00+00:00,0.18895371190447793
2024-03-22 17:00:00+00:00,0.24389853387520127
2024-03-22 18:00:00+00:00,0.327161484852078
2024-03-22 19:00:00+00:00,0.4780607534723596
2024-03-22 20:00:00+00:00,0.5438454594967368
2024-03-22 21:00:00+00:00,0.5320738642130318
2024-03-22 22:00:00+00:00,0.5256441051802213
2024-03-22 23:00:00+00:00,0.4991542413433004
2024-03-23 00:00:00+00:00,0.4487421136073355
2024-03-23 01:00:00+00:00,0.42586057923388754
2024-03-23 02:00:00+00:00,0.513878269747229
2024-03-23 03:00:00+00:00,0.6192325441722943
2024-03-23 04:00:00+00:00,0.6703261539784349
2024-03-23 05:00:00+00:00,0.6815889452885869
2024-03-23 06:00:00+00:00,0.6550790295472532
2024-03-23 07:00:00+00:00,0.6583417277658911
2024-03-23 08:00:00+00:00,0.6279310814271306
2024-03-23 09:00:00+00:00,0.5480238251731824
2024-03-23 10:00:00+00:00,0.45300808274511806
2024-03-23 11:00:00+00:00,0.3735923539855849
2024-03-23 12:00:00+00:00,0.3044425509785674
2024-03-23 13:00:00+00:00,0.25096620869355973
2024-03-23 14:00:00+00:00,0.2056579760000762
2024-03-23 15:00:00+00:00,0.14648982125020027
2024-03-23 16:00:00+00:00,0.15131497077602094
2024-03-23 17:00:00+00:00,0.18022330340821252
2024-03-23 18:00:00+00:00,0.25040772508119047
2024-03-23 19:00:00+00:00,0.3266049130796362
2024-03-23 20:00:00+00:00,0.3986841984510426
2024-03-23 21:00:00+00:00,0.48537314275298676
2024-03-23 22:00:00+00:00,0.5755429309742401
2024-03-23 23:00:00+00:00,0.6507003700956665
2024-03-24 00:00:00+00:00,0.7007288039731278
2024-03-24 01:00:00+00:00,0.7328338108734831
2024-03-24 02:00:00+00:00,0.8089237601688462
2024-03-24 03:00:00+00:00,0.8523830645508784
2024-03-24 04:00:00+00:00,0.8535183960606544
2024-03-24 05:00:00+00:00,0.8682488869115884
2024-03-24 06:00:00+00:00,0.8835648177321899
2024-03-24 07:00:00+00:00,0.8895000446356525
2024-03-24 08:00:00+00:00,0.8809664044964524
2024-03-24 09:00:00+00:00,0.8645617334397425
2024-03-24 10:00:00+00:00,0.8546810231146389
2024-03-24 11:00:00+00:00,0.8659044470514126
2024-03-24 12:00:00+00:00,0.883025036001039
2024-03-24 13:00:00+00:00,0.9038899285969935
2024-03-24 14:00:00+00:00,0.9153006053639504
2024-03-24 15:00:00+00:00,0.9286559028716032
2024-03-24 16:00:00+00:00,0.9266947189493334
2024-03-24 17:00:00+00:00,0.9285368276950091
2024-03-24 18:00:00+00:00,0.9325644420708645
2024-03-24 19:00:00+00:00,0.9268604816748818
2024-03-24 20:00:00+00:00,0.9246122897339182
2024-03-24 21:00:00+00:00,0.895523547662108
2024-03-24 22:00:00+00:00,0.8711965452403351
2024-03-24 23:00:00+00:00,0.8544493897994003
2024-03-25 00:00:00+00:00,0.8867800784813782
2024-03-25 01:00:00+00:00,0.8995824000605973
2024-03-25 02:00:00+00:00,0.8631219025751949
2024-03-25 03:00:00+00:00,0.7938784309445249
2024-03-25 04:00:00+00:00,0.7899770358921604
2024-03-25 05:00:00+00:00,0.7989166637828791
2024-03-25 06:00:00+00:00,0.7817728188019676
2024-03-25 07:00:00+00:00,0.7512897565278136
2024-03-25 08:00:00+00:00,0.7127466826483652
2024-03-25 09:00:00+00:00,0.7126954282235084
2024-03-25 10:00:00+00:00,0.7357539263357384
2024-03-25 11:00:00+00:00,0.7440230155436439
2024-03-25 12:00:00+00:00,0.7209650597617105
2024-03-25 13:00:00+00:00,0.7446263019797476
2024-03-25 14:00:00+00:00,0.6809877347544657
2024-03-25 15:00:00+00:00,0.647558478454212
2024-03-25 16:00:00+00:00,0.6722112406195924
2024-03-25 17:00:00+00:00,0.6993526893805548
2024-03-25 18:00:00+00:00,0.7068117089962679
2024-03-25 19:00:00+00:00,0.7494266235443252
2024-03-25 20:00:00+00:00,0.7760511602027678
2024-03-25 21:00:00+00:00,0.790459268609563
2024-03-25 22:00:00+00:00,0.752265639785051
2024-03-25 23:00:00+00:00,0.7190373122140749
2024-03-26 00:00:00+00:00,0.7205022626133499
2024-03-26 01:00:00+00:00,0.6239727851132961
2024-03-26 02:00:00+00:00,0.5823869641938507
2024-03-26 03:00:00+00:00,0.5658038030572617
2024-03-26 04:00:00+00:00,0.5385664161716549
2024-03-26 05:00:00+00:00,0.4902664383708778
2024-03-26 06:00:00+00:00,0.4360918051025673
2024-03-26 07:00:00+00:00,0.3707867522831155
2024-03-26 08:00:00+00:00,0.30787116824807886
2024-03-26 09:00:00+00:00,0.22978960650835703
2024-03-26 10:00:00+00:00,0.191620176728493
2024-03-26 11:00:00+00:00,0.1800127630936839
2024-03-26 12:00:00+00:00,0.2036891556362858
2024-03-26 13:00:00+00:00,0.21412515922115782
2024-03-26 14:00:00+00:00,0.2035406384429562
2024-03-26 15:00:00+00:00,0.17776844566361277
2024-03-26 16:00:00+00:00,0.18103652687468627
2024-03-26 17:00:00+00:00,0.15829718444798088
2024-03-26 18:00:00+00:00,0.14088066670484253
2024-03-26 19:00:00+00:00,0.1258698831359027
2024-03-26 20:00:00+00:00,0.11962472605488918
2024-03-26 21:00:00+00:00,0.12005699554979123
2024-03-26 22:00:00+00:00,0.12156353188393987
2024-03-26 23:00:00+00:00,0.12451218897388756
2024-03-27 00:00:00+00:00,0.18253250886329128
2024-03-27 01:00:00+00:00,0.23596856332099383
2024-03-27 02:00:00+00:00,0.2723495778744858
2024-03-27 03:00:00+00:00,0.3215170432267855
2024-03-27 04:00:00+00:00,0.4174653130375873
2024-03-27 05:00:00+00:00,0.4554491045053926
2024-03-27 06:00:00+00:00,0.49890012588667304
2024-03-27 07:00:00+00:00,0.5379468411355786
2024-03-27 08:00:00+00:00,0.5350039236145426
2024-03-27 09:00:00+00:00,0.49972956608106905
2024-03-27 10:00:00+00:00,0.40119409843663456
2024-03-27 11:00:00+00:00,0.37693744859334416
2024-03-27 12:00:00+00:00,0.4017463238661259
2024-03-27 13:00:00+00:00,0.4131747892548103
2024-03-27 14:00:00+00:00,0.38472226110491314
2024-03-27 15:00:00+00:00,0.3152337704957362
2024-03-27 16:00:00+00:00,0.35876915625158573
2024-03-27 17:00:00+00:00,0.34019720928848
2024-03-27 18:00:00+00:00,0.31599588780057203
2024-03-27 19:00:00+00:00,0.3291045455571337
2024-03-27 20:00:00+00:00,0.35879571297425306
2024-03-27 21:00:00+00:00,0.37806958523140144
2024-03-27 22:00:00+00:00,0.4070004449430898
2024-03-27 23:00:00+00:00,0.42822103126863453
2024-03-28 00:00:00+00:00,0.4396113957215309
2024-03-28 01:00:00+00:00,0.3960751259539211
2024-03-28 02:00:00+00:00,0.39805308567322234
2024-03-28 03:00:00+00:00,0.44041997187180437
2024-03-28 04:00:00+00:00,0.4374579067760697
2024-03-28 05:00:00+00:00,0.4100621830878486
2024-03-28 06:00:00+00:00,0.34745815231673516
2024-03-28 07:00:00+00:00,0.28340046351806697
2024-03-28 08:00:00+00:00,0.23257687743956706
2024-03-28 09:00:00+00:00,0.19985938205839437
2024-03-28 10:00:00+00:00,0.17015006394782434
2024-03-28 11:00:00+00:00,0.1398477636044823
2024-03-28 12:00:00+00:00,0.1182518356179186
2024-03-28 13:00:00+00:00,0.1230826494783768
2024-03-28 14:00:00+00:00,0.15590389364674637
2024-03-28 15:00:00+00:00,0.16000933941577405
2024-03-28 16:00:00+00:00,0.1774774839590813
2024-03-28 17:00:00+00:00,0.28659751750059015
2024-03-28 18:00:00+00:00,0.3635188437758072
2024-03-28 19:00:00+00:00,0.40837487867688765
2024-03-28 20:00:00+00:00,0.45071298319223635
2024-03-28 21:00:00+00:00,0.5222052839956419
2024-03-28 22:00:00+00:00,0.6159036789821403
2024-03-28 23:00:00+00:00,0.66123654054261
2024-03-29 00:00:00+00:00,0.7063908375842913
2024-03-29 01:00:00+00:00,0.7813438306566236
2024-03-29 02:00:00+00:00,0.8747059511775963
2024-03-29 03:00:00+00:00,0.9275221735517984
2024-03-29 04:00:00+00:00,0.9280382559442784
2024-03-29 05:00:00+00:00,0.9269483883147981
2024-03-29 06:00:00+00:00,0.9360784898652318
2024-03-29 07:00:00+00:00,0.9355150052524218
2024-03-29 08:00:00+00:00,0.9142611128112964
2024-03-29 09:00:00+00:00,0.9148216120586922
2024-03-29 10:00:00+00:00,0.9234486499636965
2024-03-29 11:00:00+00:00,0.9323575731961481
2024-03-29 12:00:00+00:00,0.9471115714497791
2024-03-29 13:00:00+00:00,0.9424778957548392
2024-03-29 14:00:00+00:00,0.9183590423111856
2024-03-29 15:00:00+00:00,0.9035941234826992
2024-03-29 16:00:00+00:00,0.9039947765059609
2024-03-29 17:00:00+00:00,0.9116850638945067
2024-03-29 18:00:00+00:00,0.901746283266371
2024-03-29 19:00:00+00:00,0.8765789427070889
2024-03-29 20:00:00+00:00,0.8562486481971769
2024-03-29 21:00:00+00:00,0.8585912620083588
2024-03-29 22:00:00+00:00,0.8818240553021953
2024-03-29 23:00:00+00:00,0.8734035298400434
2024-03-30 00:00:00+00:00,0.8927690205959103
2024-03-30 01:00:00+00:00,0.9149058312791956
2024-03-30 02:00:00+00:00,0.931020254398926
2024-03-30 03:00:00+00:00,0.936129551594903
2024-03-30 04:00:00+00:00,0.919121762177121
2024-03-30 05:00:00+00:00,0.9211638006739555
2024-03-30 06:00:00+00:00,0.9080322669981509
2024-03-30 07:00:00+00:00,0.9118155609065095
2024-03-30 08:00:00+00:00,0.8967579281488074
2024-03-30 09:00:00+00:00,0.8873159236270335
2024-03-30 10:00:00+00:00,0.8783287843340972
2024-03-30 11:00:00+00:00,0.8796793229248854
2024-03-30 12:00:00+00:00,0.8253652866563077
2024-03-30 13:00:00+00:00,0.755564140986119
2024-03-30 14:00:00+00:00,0.6269889163567172
2024-03-30 15:00:00+00:00,0.4982012659645074
2024-03-30 16:00:00+00:00,0.44892111123838024
2024-03-30 17:00:00+00:00,0.3443834340724218
2024-03-30 18:00:00+00:00,0.2690699225156548
2024-03-30 19:00:00+00:00,0.22138439640895438
2024-03-30 20:00:00+00:00,0.2165143285868997
2024-03-30 21:00:00+00:00,0.2398958982545136
2024-03-30 22:00:00+00:00,0.30455853084864754
2024-03-30 23:00:00+00:00,0.3816779746003008
2024-03-31 00:00:00+00:00,0.4525225596399217
2024-03-31 01:00:00+00:00,0.5711602407948947
2024-03-31 02:00:00+00:00,0.7193768605093463
2024-03-31 03:00:00+00:00,0.8713216554276902
2024-03-31 04:00:00+00:00,0.9217195214061211
2024-03-31 05:00:00+00:00,0.8885322992974071
2024-03-31 06:00:00+00:00,0.8715099218417813
2024-03-31 07:00:00+00:00,0.8828631292399234
2024-03-31 08:00:00+00:00,0.8727908605945114
2024-03-31 09:00:00+00:00,0.8397338378144682
2024-03-31 10:00:00+00:00,0.8085523499596048
2024-03-31 11:00:00+00:00,0.7923260946161703
2024-03-31 12:00:00+00:00,0.7781105730447567
2024-03-31 13:00:00+00:00,0.7328713777941513
2024-03-31 14:00:00+00:00,0.6852576183521426
2024-03-31 15:00:00+00:00,0.6603053495534075
2024-03-31 16:00:00+00:00,0.6513567611919396
2024-03-31 17:00:00+00:00,0.6030792786560695
2024-03-31 18:00:00+00:00,0.5698465614309172
2024-03-31 19:00:00+00:00,0.5398245476957336
2024-03-31 20:00:00+00:00,0.5605641916024083
2024-03-31 21:00:00+00:00,0.565254975679028
2024-03-31 22:00:00+00:00,0.5447943006780482
2024-03-31 23:00:00+00:00,0.5847294268134253
2024-04-01 00:00:00+00:00,0.6239528349794176
2024-04-01 01:00:00+00:00,0.6776873888856382
2024-04-01 02:00:00+00:00,0.7778321420225465
2024-04-01 03:00:00+00:00,0.8669496177129754
2024-04-01 04:00:00+00:00,0.9040027921556999
2024-04-01 05:00:00+00:00,0.9092876895099108
2024-04-01 06:00:00+00:00,0.8972449730398301
2024-04-01 07:00:00+00:00,0.8939107042500628
2024-04-01 08:00:00+00:00,0.8820306546205695
2024-04-01 09:00:00+00:00,0.8631757067586568
2024-04-01 10:00:00+00:00,0.8084083438943394
2024-04-01 11:00:00+00:00,0.7435679550527619
2024-04-01 12:00:00+00:00,0.711701635087573
2024-04-01 13:00:00+00:00,0.7008341902717212
2024-04-01 14:00:00+00:00,0.646813434376669
2024-04-01 15:00:00+00:00,0.5455366200528953
2024-04-01 16:00:00+00:00,0.48828532170429517
2024-04-01 17:00:00+00:00,0.4815643216131633
2024-04-01 18:00:00+00:00,0.4674375909826498
2024-04-01 19:00:00+00:00,0.4826425235194817
2024-04-01 20:00:00+00:00,0.5528324439104657
2024-04-01 21:00:00+00:00,0.6573157388797108
2024-04-01 22:00:00+00:00,0.7066651712127159
2024-04-01 23:00:00+00:00,0.7010448181848307
2024-04-02 00:00:00+00:00,0.7187002698600415
2024-04-02 01:00:00+00:00,0.7598427150282147
2024-04-02 02:00:00+00:00,0.8095206444972061
2024-04-02 03:00:00+00:00,0.7523070561626223
2024-04-02 04:00:00+00:00,0.7842220249377658
2024-04-02 05:00:00+00:00,0.7767567232420798
2024-04-02 06:00:00+00:00,0.7791995982022083
2024-04-02 07:00:00+00:00,0.7743904964616076
2024-04-02 08:00:00+00:00,0.7718519826870492
2024-04-02 09:00:00+00:00,0.8037445387344544
2024-04-02 10:00:00+00:00,0.8127145185753291
2024-04-02 11:00:00+00:00,0.8545011266129746
2024-04-02 12:00:00+00:00,0.8776598820780921
2024-04-02 13:00:00+00:00,0.871465639620425
2024-04-02 14:00:00+00:00,0.7663208508562376
2024-04-02 15:00:00+00:00,0.7937280489100936
2024-04-02 16:00:00+00:00,0.8406560708636276
2024-04-02 17:00:00+00:00,0.8149717660331288
2024-04-02 18:00:00+00:00,0.791778231039242
2024-04-02 19:00:00+00:00,0.777199446071203
2024-04-02 20:00:00+00:00,0.7788057808689346
2024-04-02 21:00:00+00:00,0.7926225679091554
2024-04-02 22:00:00+00:00,0.8241142072337334
2024-04-02 23:00:00+00:00,0.8081265022396472
2024-04-03 00:00:00+00:00,0.7870821179103773
2024-04-03 01:00:00+00:00,0.6623232432711614
2024-04-03 02:00:00+00:00,0.45055018945481917
2024-04-03 03:00:00+00:00,0.3745301109638213
2024-04-03 04:00:00+00:00,0.32513294618950556
2024-04-03 05:00:00+00:00,0.2986230116124885
2024-04-03 06:00:00+00:00,0.27123453467321645
2024-04-03 07:00:00+00:00,0.29888447548014047
2024-04-03 08:00:00+00:00,0.3413233375243421
2024-04-03 09:00:00+00:00,0.40137467681895544
2024-04-03 10:00:00+00:00,0.44274817172156267
2024-04-03 11:00:00+00:00,0.5020321358080869
2024-04-03 12:00:00+00:00,0.5806269031783149
2024-04-03 13:00:00+00:00,0.6075130029080846
2024-04-03 14:00:00+00:00,0.551828229869499
2024-04-03 15:00:00+00:00,0.3425142173078522
2024-04-03 16:00:00+00:00,0.3129561350196133
2024-04-03 17:00:00+00:00,0.31423782080060286
2024-04-03 18:00:00+00:00,0.2898627946171051
2024-04-03 19:00:00+00:00,0.29607107782936615
2024-04-03 20:00:00+00:00,0.3072021159935136
2024-04-03 21:00:00+00:00,0.28229483295240393
2024-04-03 22:00:00+00:00,0.25185331185578
2024-04-03 23:00:00+00:00,0.205915950819513
2024-04-04 00:00:00+00:00,0.1512540626115815
2024-04-04 01:00:00+00:00,0.08044569378252839
2024-04-04 02:00:00+00:00,0.06338675659107126
2024-04-04 03:00:00+00:00,0.07782836113331497
2024-04-04 04:00:00+00:00,0.1161596045443137
2024-04-04 05:00:00+00:00,0.16245823380474547
2024-04-04 06:00:00+00:00,0.27469779629564356
2024-04-04 07:00:00+00:00,0.3912709233709211
2024-04-04 08:00:00+00:00,0.478105064146082
2024-04-04 09:00:00+00:00,0.5348198911439025
2024-04-04 10:00:00+00:00,0.5211025546674951
2024-04-04 11:00:00+00:00,0.47870557114393403
2024-04-04 12:00:00+00:00,0.4489526257225687
2024-04-04 13:00:00+00:00,0.39142216074782876
2024-04-04 14:00:00+00:00,0.3244078022463211
2024-04-04 15:00:00+00:00,0.15395020227728465
2024-04-04 16:00:00+00:00,0.10107073654775418
2024-04-04 17:00:00+00:00,0.09973192658624858
2024-04-04 18:00:00+00:00,0.08167508237932855
2024-04-04 19:00:00+00:00,0.07677272390555391
2024-04-04 20:00:00+00:00,0.0904164276831207
2024-04-04 21:00:00+00:00,0.11866797717652625
2024-04-04 22:00:00+00:00,0.15588040388668564
2024-04-04 23:00:00+00:00,0.19993975164122996
2024-04-05 00:00:00+00:00,0.22830200289196734
2024-04-05 01:00:00+00:00,0.3087627797545869
2024-04-05 02:00:00+00:00,0.4629412996161034
2024-04-05 03:00:00+00:00,0.6595925569377943
2024-04-05 04:00:00+00:00,0.8178628807253169
2024-04-05 05:00:00+00:00,0.8787492708618435
2024-04-05 06:00:00+00:00,0.9036028683734498
2024-04-05 07:00:00+00:00,0.8994748590466061
2024-04-05 08:00:00+00:00,0.8906372006036928
2024-04-05 09:00:00+00:00,0.8923642047781892
2024-04-05 10:00:00+00:00,0.8991964834468573
2024-04-05 11:00:00+00:00,0.9083597600223006
2024-04-05 12:00:00+00:00,0.9118467762250952
2024-04-05 13:00:00+00:00,0.901423681120798
2024-04-05 14:00:00+00:00,0.8016259009005895
2024-04-05 15:00:00+00:00,0.6913002440077662
2024-04-05 16:00:00+00:00,0.7343913672529597
2024-04-05 17:00:00+00:00,0.7776142910768187
2024-04-05 18:00:00+00:00,0.8278191690668134
2024-04-05 19:00:00+00:00,0.8854978492855037
2024-04-05 20:00:00+00:00,0.8898708027542626
2024-04-05 21:00:00+00:00,0.9056666629521205
2024-04-05 22:00:00+00:00,0.9152536538985127
2024-04-05 23:00:00+00:00,0.9144484816924267
2024-04-06 00:00:00+00:00,0.9161220328731488
2024-04-06 01:00:00+00:00,0.9209864297084245
2024-04-06 02:00:00+00:00,0.9395375634584454
2024-04-06 03:00:00+00:00,0.9485208961357161
2024-04-06 04:00:00+00:00,0.9497239397214827
2024-04-06 05:00:00+00:00,0.9483158361373456
2024-04-06 06:00:00+00:00,0.9352794428714997
2024-04-06 07:00:00+00:00,0.9284754979511023
2024-04-06 08:00:00+00:00,0.9283175475872948
2024-04-06 09:00:00+00:00,0.9242930540780838
2024-04-06 10:00:00+00:00,0.9284268256778876
2024-04-06 11:00:00+00:00,0.9322553092464697
2024-04-06 12:00:00+00:00,0.9280471012317515
2024-04-06 13:00:00+00:00,0.9333170653236667
2024-04-06 14:00:00+00:00,0.919242050791091
2024-04-06 15:00:00+00:00,0.9182570409041787
2024-04-06 16:00:00+00:00,0.903158957847846
2024-04-06 17:00:00+00:00,0.8728518084910352
2024-04-06 18:00:00+00:00,0.831658515004013
2024-04-06 19:00:00+00:00,0.7773690744501728
2024-04-06 20:00:00+00:00,0.7316404960808086
2024-04-06 21:00:00+00:00,0.7000853939525388
2024-04-06 22:00:00+00:00,0.701573415243878
2024-04-06 23:00:00+00:00,0.7358475798113081
2024-04-07 00:00:00+00:00,0.782375359330553
2024-04-07 01:00:00+00:00,0.8147660397721732
2024-04-07 02:00:00+00:00,0.8113892657866529
2024-04-07 03:00:00+00:00,0.8386152476479691
2024-04-07 04:00:00+00:00,0.8171942122703936
2024-04-07 05:00:00+00:00,0.7941874529239967
2024-04-07 06:00:00+00:00,0.7886422492832131
2024-04-07 07:00:00+00:00,0.7433820628385849
2024-04-07 08:00:00+00:00,0.7217918473785317
2024-04-07 09:00:00+00:00,0.6894471448035964
2024-04-07 10:00:00+00:00,0.6232569200036762
2024-04-07 11:00:00+00:00,0.5804148291836418
2024-04-07 12:00:00+00:00,0.5717176867816492
2024-04-07 13:00:00+00:00,0.5486102992254762
2024-04-07 14:00:00+00:00,0.4979082071000632
2024-04-07 15:00:00+00:00,0.4302091932038153
2024-04-07 16:00:00+00:00,0.47933905186720954
2024-04-07 17:00:00+00:00,0.45645648767718255
2024-04-07 18:00:00+00:00,0.42763588218554566
2024-04-07 19:00:00+00:00,0.4733026483499798
2024-04-07 20:00:00+00:00,0.5001786201220147
2024-04-07 21:00:00+00:00,0.48303752500624764
2024-04-07 22:00:00+00:00,0.4469926399088273
2024-04-07 23:00:00+00:00,0.4145508410497214
2024-04-08 00:00:00+00:00,0.3985247282898207
2024-04-08 01:00:00+00:00,0.34159401330646116
2024-04-08 02:00:00+00:00,0.3335347632267565
2024-04-08 03:00:00+00:00,0.38665285078000344
2024-04-08 04:00:00+00:00,0.43023166345088576
2024-04-08 05:00:00+00:00,0.48297279865720083
2024-04-08 06:00:00+00:00,0.5643752615275872
2024-04-08 07:00:00+00:00,0.6078739323430212
2024-04-08 08:00:00+00:00,0.5948550087937934
2024-04-08 09:00:00+00:00,0.5598299868640582
2024-04-08 10:00:00+00:00,0.5209797436265448
2024-04-08 11:00:00+00:00,0.4741347116573021
2024-04-08 12:00:00+00:00,0.4499437281757274
2024-04-08 13:00:00+00:00,0.40353676333192484
2024-04-08 14:00:00+00:00,0.35113591788158766
2024-04-08 15:00:00+00:00,0.29875354506665786
2024-04-08 16:00:00+00:00,0.32344869319538566
2024-04-08 17:00:00+00:00,0.2956169807421069
2024-04-08 18:00:00+00:00,0.23711366364516967
2024-04-08 19:00:00+00:00,0.22727714302604154
2024-04-08 20:00:00+00:00,0.29558384826911116
2024-04-08 21:00:00+00:00,0.3848402768195149
2024-04-08 22:00:00+00:00,0.4224579247664971
2024-04-08 23:00:00+00:00,0.4528211435417144
2024-04-09 00:00:00+00:00,0.4935818775510793
2024-04-09 01:00:00+00:00,0.5423336389399924
2024-04-09 02:00:00+00:00,0.5492389845139443
2024-04-09 03:00:00+00:00,0.5954955002234535
2024-04-09 04:00:00+00:00,0.6534981869126315
2024-04-09 05:00:00+00:00,0.6535483474217415
2024-04-09 06:00:00+00:00,0.6920840613212236
2024-04-09 07:00:00+00:00,0.6841210861308267
2024-04-09 08:00:00+00:00,0.648410698907164
2024-04-09 09:00:00+00:00,0.5987928431926896
2024-04-09 10:00:00+00:00,0.5779367701794658
2024-04-09 11:00:00+00:00,0.5579866703208655
2024-04-09 12:00:00+00:00,0.5449025561826505
2024-04-09 13:00:00+00:00,0.5379015994874231
2024-04-09 14:00:00+00:00,0.5874069491957965
2024-04-09 15:00:00+00:00,0.617718027509832
2024-04-09 16:00:00+00:00,0.6791274443684201
2024-04-09 17:00:00+00:00,0.7079942296770811
2024-04-09 18:00:00+00:00,0.7057131955712533
2024-04-09 19:00:00+00:00,0.67631562302211
2024-04-09 20:00:00+00:00,0.6387773664677868
2024-04-09 21:00:00+00:00,0.5712159315473769
2024-04-09 22:00:00+00:00,0.531920319627613
2024-04-09 23:00:00+00:00,0.5435992139573356
2024-04-10 00:00:00+00:00,0.6097276590899744
2024-04-10 01:00:00+00:00,0.6287981810937286
2024-04-10 02:00:00+00:00,0.6617256541411793
2024-04-10 03:00:00+00:00,0.681484546073794
2024-04-10 04:00:00+00:00,0.6680323528946511
2024-04-10 05:00:00+00:00,0.677135678201748
2024-04-10 06:00:00+00:00,0.6332288655339975
2024-04-10 07:00:00+00:00,0.5997264691549035
2024-04-10 08:00:00+00:00,0.5789398326768946
2024-04-10 09:00:00+00:00,0.5113907573269271
2024-04-10 10:00:00+00:00,0.5639523949431497
2024-04-10 11:00:00+00:00,0.6589745415758285
2024-04-10 12:00:00+00:00,0.6851776671673154
2024-04-10 13:00:00+00:00,0.7076326376310068
2024-04-10 14:00:00+00:00,0.7051691546980503
2024-04-10 15:00:00+00:00,0.7200216427510368
2024-04-10 16:00:00+00:00,0.7470097382479544
2024-04-10 17:00:00+00:00,0.7523370834231978
2024-04-10 18:00:00+00:00,0.7766686420919079
2024-04-10 19:00:00+00:00,0.8085690473409031
2024-04-10 20:00:00+00:00,0.8082906893837905
2024-04-10 21:00:00+00:00,0.8243900582011723
2024-04-10 22:00:00+00:00,0.8312386604658618
2024-04-10 23:00:00+00:00,0.8033402434106526
2024-04-11 00:00:00+00:00,0.7597059185105202
2024-04-11 01:00:00+00:00,0.6639540400538949
2024-04-11 02:00:00+00:00,0.5220942217934692
2024-04-11 03:00:00+00:00,0.4961281627984003
2024-04-11 04:00:00+00:00,0.4958565442559887
2024-04-11 05:00:00+00:00,0.48627465720131297
2024-04-11 06:00:00+00:00,0.5036155224168428
2024-04-11 07:00:00+00:00,0.5120162158567809
2024-04-11 08:00:00+00:00,0.510280677563191
2024-04-11 09:00:00+00:00,0.4539560007248792
2024-04-11 10:00:00+00:00,0.45177075593818267
2024-04-11 11:00:00+00:00,0.46543041466021196
2024-04-11 12:00:00+00:00,0.4782157714348141
2024-04-11 13:00:00+00:00,0.4781718673370877
2024-04-11 14:00:00+00:00,0.43223591597637095
2024-04-11 15:00:00+00:00,0.3474679897494208
2024-04-11 16:00:00+00:00,0.30248058998494265
2024-04-11 17:00:00+00:00,0.22564993156681015
2024-04-11 18:00:00+00:00,0.16835318455830348
2024-04-11 19:00:00+00:00,0.1255303500610201
2024-04-11 20:00:00+00:00,0.0892265261982459
2024-04-11 21:00:00+00:00,0.07373182930619901
2024-04-11 22:00:00+00:00,0.07255294579220783
2024-04-11 23:00:00+00:00,0.0758960657985308
2024-04-12 00:00:00+00:00,0.08780134681995692
2024-04-12 01:00:00+00:00,0.12795522208477567
2024-04-12 02:00:00+00:00,0.2435838669390693
2024-04-12 03:00:00+00:00,0.38177051622826386
2024-04-12 04:00:00+00:00,0.48496262948453256
2024-04-12 05:00:00+00:00,0.5695717179375385
2024-04-12 06:00:00+00:00,0.6333967012331398
2024-04-12 07:00:00+00:00,0.705612433957118
2024-04-12 08:00:00+00:00,0.7299844121944572
2024-04-12 09:00:00+00:00,0.7246409924808159
2024-04-12 10:00:00+00:00,0.7221409415330041
2024-04-12 11:00:00+00:00,0.7349411556487219
2024-04-12 12:00:00+00:00,0.7500883313646897
2024-04-12 13:00:00+00:00,0.7391244589133463
2024-04-12 14:00:00+00:00,0.6743721890379187
2024-04-12 15:00:00+00:00,0.6141625302217977
2024-04-12 16:00:00+00:00,0.6912983068969317
2024-04-12 17:00:00+00:00,0.7499237345353974
2024-04-12 18:00:00+00:00,0.7616966658149549
2024-04-12 19:00:00+00:00,0.7561095219404572
2024-04-12 20:00:00+00:00,0.7627712296506275
2024-04-12 21:00:00+00:00,0.7781367205884161
2024-04-12 22:00:00+00:00,0.7925041065010734
2024-04-12 23:00:00+00:00,0.8181481353985852
2024-04-13 00:00:00+00:00,0.8145636173479062
2024-04-13 01:00:00+00:00,0.8288001014802118
2024-04-13 02:00:00+00:00,0.896759781565579
2024-04-13 03:00:00+00:00,0.9047423079782825
2024-04-13 04:00:00+00:00,0.8840995549709095
2024-04-13 05:00:00+00:00,0.855552891282102
2024-04-13 06:00:00+00:00,0.862201172186955
2024-04-13 07:00:00+00:00,0.8642981736775308
2024-04-13 08:00:00+00:00,0.845068489752546
2024-04-13 09:00:00+00:00,0.8236430393414285
2024-04-13 10:00:00+00:00,0.8043813232944185
2024-04-13 11:00:00+00:00,0.8142250140182565
2024-04-13 12:00:00+00:00,0.8391217842535541
2024-04-13 13:00:00+00:00,0.8498152430316144
2024-04-13 14:00:00+00:00,0.7862967582039162
2024-04-13 15:00:00+00:00,0.7760091437586499
2024-04-13 16:00:00+00:00,0.8209438481142725
2024-04-13 17:00:00+00:00,0.8100434161241025
2024-04-13 18:00:00+00:00,0.7814433238447568
2024-04-13 19:00:00+00:00,0.7568108051220808
2024-04-13 20:00:00+00:00,0.7374799751325656
2024-04-13 21:00:00+00:00,0.7350514150024912
2024-04-13 22:00:00+00:00,0.7447594527985251
2024-04-13 23:00:00+00:00,0.7797738029218052
2024-04-14 00:00:00+00:00,0.8208423799993265
2024-04-14 01:00:00+00:00,0.8653205073927231
2024-04-14 02:00:00+00:00,0.8950206296045796
2024-04-14 03:00:00+00:00,0.9211520153930114
2024-04-14 04:00:00+00:00,0.9294797415290234
2024-04-14 05:00:00+00:00,0.923988383756045
2024-04-14 06:00:00+00:00,0.904190388583453
2024-04-14 07:00:00+00:00,0.8821906194625093
2024-04-14 08:00:00+00:00,0.8765865167486302
2024-04-14 09:00:00+00:00,0.8559740108117259
2024-04-14 10:00:00+00:00,0.8407865369287112
2024-04-14 11:00:00+00:00,0.8412319495006345
2024-04-14 12:00:00+00:00,0.7975132188308133
2024-04-14 13:00:00+00:00,0.7529670239418441
2024-04-14 14:00:00+00:00,0.6507876618824826
2024-04-14 15:00:00+00:00,0.5689357314176364
2024-04-14 16:00:00+00:00,0.4787820123841452
2024-04-14 17:00:00+00:00,0.38190611221518284
2024-04-14 18:00:00+00:00,0.3275569275132064
2024-04-14 19:00:00+00:00,0.3073311687315998
2024-04-14 20:00:00+00:00,0.3275273973555959
2024-04-14 21:00:00+00:00,0.3651789179709272
2024-04-14 22:00:00+00:00,0.4032346165576076
2024-04-14 23:00:00+00:00,0.440515320125032
2024-04-15 00:00:00+00:00,0.45552823425920386
2024-04-15 01:00:00+00:00,0.4833197365416988
2024-04-15 02:00:00+00:00,0.580045832255646
2024-04-15 03:00:00+00:00,0.6853030504540014
2024-04-15 04:00:00+00:00,0.7395929165279796
2024-04-15 05:00:00+00:00,0.7640198587351897
2024-04-15 06:00:00+00:00,0.7886034223240255
2024-04-15 07:00:00+00:00,0.7981998742786616
2024-04-15 08:00:00+00:00,0.7974451808360421
2024-04-15 09:00:00+00:00,0.7877957189781
2024-04-15 10:00:00+00:00,0.763429579404889
2024-04-15 11:00:00+00:00,0.7709214679386438
2024-04-15 12:00:00+00:00,0.7326288790011422
2024-04-15 13:00:00+00:00,0.7056346639678828
2024-04-15 14:00:00+00:00,0.6879610304715373
2024-04-15 15:00:00+00:00,0.6705487052405773
2024-04-15 16:00:00+00:00,0.6748735352377948
2024-04-15 17:00:00+00:00,0.6806787733311731
2024-04-15 18:00:00+00:00,0.684021363949953
2024-04-15 19:00:00+00:00,0.6871854353857346
2024-04-15 20:00:00+00:00,0.70441529660533
2024-04-15 21:00:00+00:00,0.7399181223723488
2024-04-15 22:00:00+00:00,0.7410265835688304
2024-04-15 23:00:00+00:00,0.7621893308617188
2024-04-16 00:00:00+00:00,0.8161635510140237
2024-04-16 01:00:00+00:00,0.8797533896759585
2024-04-16 02:00:00+00:00,0.9063300917610266
2024-04-16 03:00:00+00:00,0.9003588782181837
2024-04-16 04:00:00+00:00,0.8918255881479299
2024-04-16 05:00:00+00:00,0.8682261816342359
2024-04-16 06:00:00+00:00,0.811934275631032
2024-04-16 07:00:00+00:00,0.7614378262171235
2024-04-16 08:00:00+00:00,0.7017896014550433
2024-04-16 09:00:00+00:00,0.709610280650528
2024-04-16 10:00:00+00:00,0.7353736064506327
2024-04-16 11:00:00+00:00,0.7007931315913672
2024-04-16 12:00:00+00:00,0.6970277736279783
2024-04-16 13:00:00+00:00,0.6536645631897742
2024-04-16 14:00:00+00:00,0.5439316565724414
2024-04-16 15:00:00+00:00,0.5009925905444421
2024-04-16 16:00:00+00:00,0.542888618645287
2024-04-16 17:00:00+00:00,0.506321108448848
2024-04-16 18:00:00+00:00,0.4569253432995644
2024-04-16 19:00:00+00:00,0.42068474420950597
2024-04-16 20:00:00+00:00,0.3810786419584935
2024-04-16 21:00:00+00:00,0.38652725574553076
2024-04-16 22:00:00+00:00,0.3611032838824766
2024-04-16 23:00:00+00:00,0.30942430341186006
2024-04-17 00:00:00+00:00,0.24914689806599377
2024-04-17 01:00:00+00:00,0.19874796123739363
2024-04-17 02:00:00+00:00,0.18697421134674957
2024-04-17 03:00:00+00:00,0.2016964665934399
2024-04-17 04:00:00+00:00,0.2156079359135268
2024-04-17 05:00:00+00:00,0.25852097843861377
2024-04-17 06:00:00+00:00,0.3163194017233654
2024-04-17 07:00:00+00:00,0.38924574928198113
2024-04-17 08:00:00+00:00,0.4235162092573504
2024-04-17 09:00:00+00:00,0.4335704574322121
2024-04-17 10:00:00+00:00,0.4226189091214272
2024-04-17 11:00:00+00:00,0.43963650441037555
2024-04-17 12:00:00+00:00,0.41494146022135864
2024-04-17 13:00:00+00:00,0.4000241659574745
2024-04-17 14:00:00+00:00,0.3449917257750134
2024-04-17 15:00:00+00:00,0.24828199729368988
2024-04-17 16:00:00+00:00,0.2231021621688766
2024-04-17 17:00:00+00:00,0.20440012885504655
2024-04-17 18:00:00+00:00,0.1960636168308468
2024-04-17 19:00:00+00:00,0.22430632436284997
2024-04-17 20:00:00+00:00,0.26800604885213236
2024-04-17 21:00:00+00:00,0.32945718523071815
2024-04-17 22:00:00+00:00,0.3988240592921788
2024-04-17 23:00:00+00:00,0.46635131970331917
2024-04-18 00:00:00+00:00,0.5032231342817087
2024-04-18 01:00:00+00:00,0.5114153963528902
2024-04-18 02:00:00+00:00,0.5300695112546713
2024-04-18 03:00:00+00:00,0.6163172000669864
2024-04-18 04:00:00+00:00,0.6852439626625438
2024-04-18 05:00:00+00:00,0.7606510451577115
2024-04-18 06:00:00+00:00,0.8239050262698584
2024-04-18 07:00:00+00:00,0.8239391563471611
2024-04-18 08:00:00+00:00,0.7767927414068262
2024-04-18 09:00:00+00:00,0.7422719395828584
2024-04-18 10:00:00+00:00,0.7401776993456037
2024-04-18 11:00:00+00:00,0.7273869404898121
2024-04-18 12:00:00+00:00,0.7001867403043729
2024-04-18 13:00:00+00:00,0.6761099045340372
2024-04-18 14:00:00+00:00,0.5852948657458708
2024-04-18 15:00:00+00:00,0.5520600003128503
2024-04-18 16:00:00+00:00,0.5254790224192232
2024-04-18 17:00:00+00:00,0.5220172784973399
2024-04-18 18:00:00+00:00,0.5411317792908006
2024-04-18 19:00:00+00:00,0.5254177679095906
2024-04-18 20:00:00+00:00,0.5322183193340011
2024-04-18 21:00:00+00:00,0.550494518629839
2024-04-18 22:00:00+00:00,0.569396213042309
2024-04-18 23:00:00+00:00,0.6198614651417973
2024-04-19 00:00:00+00:00,0.6702417626699232
2024-04-19 01:00:00+00:00,0.7235617663254716
2024-04-19 02:00:00+00:00,0.7625769796714128
2024-04-19 03:00:00+00:00,0.7626815016616
2024-04-19 04:00:00+00:00,0.732020189326955
2024-04-19 05:00:00+00:00,0.6729280644329526
2024-04-19 06:00:00+00:00,0.6128243817868416
2024-04-19 07:00:00+00:00,0.6045067516132101
2024-04-19 08:00:00+00:00,0.5976595259441282
2024-04-19 09:00:00+00:00,0.6026422225476781
2024-04-19 10:00:00+00:00,0.6123770745837918
2024-04-19 11:00:00+00:00,0.5943990958526703
2024-04-19 12:00:00+00:00,0.5813721227060898
2024-04-19 13:00:00+00:00,0.5447759610131649
2024-04-19 14:00:00+00:00,0.47200100126385236
2024-04-19 15:00:00+00:00,0.4610939710362233
2024-04-19 16:00:00+00:00,0.41555874265471276
2024-04-19 17:00:00+00:00,0.3082564174061868
2024-04-19 18:00:00+00:00,0.2137458871206436
2024-04-19 19:00:00+00:00,0.18287524465508107
2024-04-19 20:00:00+00:00,0.19184834742331786
2024-04-19 21:00:00+00:00,0.21343109227539955
2024-04-19 22:00:00+00:00,0.23156316298364868
2024-04-19 23:00:00+00:00,0.25225447901004294
2024-04-20 00:00:00+00:00,0.2969051381891023
2024-04-20 01:00:00+00:00,0.32889901455822274
2024-04-20 02:00:00+00:00,0.3238416676227951
2024-04-20 03:00:00+00:00,0.3201058796214068
2024-04-20 04:00:00+00:00,0.32171468713582235
2024-04-20 05:00:00+00:00,0.3350977376670234
2024-04-20 06:00:00+00:00,0.39496590167727325
2024-04-20 07:00:00+00:00,0.4053136408527059
2024-04-20 08:00:00+00:00,0.3898433474140461
2024-04-20 09:00:00+00:00,0.4035817492341621
2024-04-20 10:00:00+00:00,0.4574753241012888
2024-04-20 11:00:00+00:00,0.5210313817064319
2024-04-20 12:00:00+00:00,0.6247917593922468
2024-04-20 13:00:00+00:00,0.6952727480666379
2024-04-20 14:00:00+00:00,0.7348450540043167
2024-04-20 15:00:00+00:00,0.7554495859396723
2024-04-20 16:00:00+00:00,0.7547115990250457
2024-04-20 17:00:00+00:00,0.7559341344338334
2024-04-20 18:00:00+00:00,0.7374947758581725
2024-04-20 19:00:00+00:00,0.6209737570679577
2024-04-20 20:00:00+00:00,0.6108739613910433
2024-04-20 21:00:00+00:00,0.5509671567538735
2024-04-20 22:00:00+00:00,0.5156491884314995
2024-04-20 23:00:00+00:00,0.5431378776409393
2024-04-21 00:00:00+00:00,0.5571227994012934
2024-04-21 01:00:00+00:00,0.5497595388446985
2024-04-21 02:00:00+00:00,0.518222782671924
2024-04-21 03:00:00+00:00,0.47559733868770065
2024-04-21 04:00:00+00:00,0.5015306120972611
2024-04-21 05:00:00+00:00,0.5273038921040569
2024-04-21 06:00:00+00:00,0.5351053829443233
2024-04-21 07:00:00+00:00,0.5151536226533607
2024-04-21 08:00:00+00:00,0.45862480214916956
2024-04-21 09:00:00+00:00,0.4154302794626667
2024-04-21 10:00:00+00:00,0.37811826216834593
2024-04-21 11:00:00+00:00,0.36753834557588366
2024-04-21 12:00:00+00:00,0.3803920975363329
2024-04-21 13:00:00+00:00,0.38172278140085886
2024-04-21 14:00:00+00:00,0.36694101320410216
2024-04-21 15:00:00+00:00,0.36892154090309176
2024-04-21 16:00:00+00:00,0.3619880727863619
2024-04-21 17:00:00+00:00,0.31449299214008114
2024-04-21 18:00:00+00:00,0.3035734505358025
2024-04-21 19:00:00+00:00,0.29157776007852776
2024-04-21 20:00:00+00:00,0.2790940045303342
2024-04-21 21:00:00+00:00,0.2697102183578939
2024-04-21 22:00:00+00:00,0.25087076167049205
2024-04-21 23:00:00+00:00,0.23490659061536295
2024-04-22 00:00:00+00:00,0.2164768106896221
2024-04-22 01:00:00+00:00,0.19191625089298836
2024-04-22 02:00:00+00:00,0.21007065598554847
2024-04-22 03:00:00+00:00,0.2589834950039844
2024-04-22 04:00:00+00:00,0.28032057294451623
2024-04-22 05:00:00+00:00,0.30103612771148963
2024-04-22 06:00:00+00:00,0.2988139802782981
2024-04-22 07:00:00+00:00,0.29230159608054335
2024-04-22 08:00:00+00:00,0.31077860382481765
2024-04-22 09:00:00+00:00,0.327754895931059
2024-04-22 10:00:00+00:00,0.33916921984305054
2024-04-22 11:00:00+00:00,0.3668521839772356
2024-04-22 12:00:00+00:00,0.4053959631644473
2024-04-22 13:00:00+00:00,0.44084603538867806
2024-04-22 14:00:00+00:00,0.43075245443880433
2024-04-22 15:00:00+00:00,0.44062700636315233
2024-04-22 16:00:00+00:00,0.5103710001958236
2024-04-22 17:00:00+00:00,0.5135181324232717
2024-04-22 18:00:00+00:00,0.5263983036528993
2024-04-22 19:00:00+00:00,0.5353361071215065
2024-04-22 20:00:00+00:00,0.5516802679492196
2024-04-22 21:00:00+00:00,0.5601691885972189
2024-04-22 22:00:00+00:00,0.5726306691242335
2024-04-22 23:00:00+00:00,0.6149700057680298
2024-04-23 00:00:00+00:00,0.661450379126274
2024-04-23 01:00:00+00:00,0.6826332593784732
2024-04-23 02:00:00+00:00,0.7340766345184714
2024-04-23 03:00:00+00:00,0.7635185660055162
2024-04-23 04:00:00+00:00,0.7585794890844906
2024-04-23 05:00:00+00:00,0.7461161116848669
2024-04-23 06:00:00+00:00,0.7426233960067741
2024-04-23 07:00:00+00:00,0.7418523581078851
2024-04-23 08:00:00+00:00,0.7344749308036902
2024-04-23 09:00:00+00:00,0.7290682488628843
2024-04-23 10:00:00+00:00,0.7168938073014827
2024-04-23 11:00:00+00:00,0.7258207046925648
2024-04-23 12:00:00+00:00,0.7476265526814624
2024-04-23 13:00:00+00:00,0.7314067889604584
2024-04-23 14:00:00+00:00,0.6543896905749108
2024-04-23 15:00:00+00:00,0.6487263838378625
2024-04-23 16:00:00+00:00,0.6361400116680326
2024-04-23 17:00:00+00:00,0.5952906989355424
2024-04-23 18:00:00+00:00,0.5482163856530686
2024-04-23 19:00:00+00:00,0.5083940790421135
2024-04-23 20:00:00+00:00,0.47585853892809277
2024-04-23 21:00:00+00:00,0.4386416489925184
2024-04-23 22:00:00+00:00,0.45798016618228626
2024-04-23 23:00:00+00:00,0.46744177615578075
2024-04-24 00:00:00+00:00,0.5200570519049986
2024-04-24 01:00:00+00:00,0.5661462266683894
2024-04-24 02:00:00+00:00,0.6164977312335639
2024-04-24 03:00:00+00:00,0.6808724686880905
2024-04-24 04:00:00+00:00,0.6934055420202946
2024-04-24 05:00:00+00:00,0.714434545116153
2024-04-24 06:00:00+00:00,0.7304628909348789
2024-04-24 07:00:00+00:00,0.6752060975914476
2024-04-24 08:00:00+00:00,0.6033199055581532
2024-04-24 09:00:00+00:00,0.563481460020409
2024-04-24 10:00:00+00:00,0.5042698732217824
2024-04-24 11:00:00+00:00,0.4044339321965123
2024-04-24 12:00:00+00:00,0.3330529846626229
2024-04-24 13:00:00+00:00,0.28494622807291675
2024-04-24 14:00:00+00:00,0.22841614857864148
2024-04-24 15:00:00+00:00,0.20923229078644026
2024-04-24 16:00:00+00:00,0.22683920597889007
2024-04-24 17:00:00+00:00,0.26404480285583815
2024-04-24 18:00:00+00:00,0.31578576667941655
2024-04-24 19:00:00+00:00,0.36817722877803116
2024-04-24 20:00:00+00:00,0.4140962066212716
2024-04-24 21:00:00+00:00,0.48249870971556696
2024-04-24 22:00:00+00:00,0.5071695696103367
2024-04-24 23:00:00+00:00,0.5462271416241534
2024-04-25 00:00:00+00:00,0.5614936501064334
2024-04-25 01:00:00+00:00,0.568814866706521
2024-04-25 02:00:00+00:00,0.5789007534424713
2024-04-25 03:00:00+00:00,0.6590009982633027
2024-04-25 04:00:00+00:00,0.7221972025258551
2024-04-25 05:00:00+00:00,0.7635898794930686
2024-04-25 06:00:00+00:00,0.7832771194381263
2024-04-25 07:00:00+00:00,0.7993470916468688
2024-04-25 08:00:00+00:00,0.8084150561581804
2024-04-25 09:00:00+00:00,0.7960016065511731
2024-04-25 10:00:00+00:00,0.7921555377211674
2024-04-25 11:00:00+00:00,0.7925683867589576
2024-04-25 12:00:00+00:00,0.7853825404068135
2024-04-25 13:00:00+00:00,0.775330158519171
2024-04-25 14:00:00+00:00,0.7570677285777846
2024-04-25 15:00:00+00:00,0.7558031364143477
2024-04-25 16:00:00+00:00,0.7776242050091314
2024-04-25 17:00:00+00:00,0.8153974103566295
2024-04-25 18:00:00+00:00,0.8355839443882174
2024-04-25 19:00:00+00:00,0.8432038787282923
2024-04-25 20:00:00+00:00,0.8390305274650294
2024-04-25 21:00:00+00:00,0.8300334144428126
2024-04-25 22:00:00+00:00,0.8484582492967153
2024-04-25 23:00:00+00:00,0.8636895721442183
2024-04-26 00:00:00+00:00,0.8778770081934675
2024-04-26 01:00:00+00:00,0.9170343466755126
2024-04-26 02:00:00+00:00,0.9274003634773788
2024-04-26 03:00:00+00:00,0.9366509118832135
2024-04-26 04:00:00+00:00,0.9308790708300673
2024-04-26 05:00:00+00:00,0.9244388338428816
2024-04-26 06:00:00+00:00,0.9077105672300331
2024-04-26 07:00:00+00:00,0.8934438560559893
2024-04-26 08:00:00+00:00,0.8323681152063075
2024-04-26 09:00:00+00:00,0.7797513696953483
2024-04-26 10:00:00+00:00,0.7516365000179375
2024-04-26 11:00:00+00:00,0.7528755447765676
2024-04-26 12:00:00+00:00,0.7630267472268402
2024-04-26 13:00:00+00:00,0.7644561876994401
2024-04-26 14:00:00+00:00,0.6823344762739649
2024-04-26 15:00:00+00:00,0.6138338456328024
2024-04-26 16:00:00+00:00,0.6403093192246302
2024-04-26 17:00:00+00:00,0.6506159652659542
2024-04-26 18:00:00+00:00,0.6822291198738554
2024-04-26 19:00:00+00:00,0.7052636063221407
2024-04-26 20:00:00+00:00,0.7300435615182238
2024-04-26 21:00:00+00:00,0.71906670950962
2024-04-26 22:00:00+00:00,0.7361645161399728
2024-04-26 23:00:00+00:00,0.7214361371270464
2024-04-27 00:00:00+00:00,0.6779490672487003
2024-04-27 01:00:00+00:00,0.6147533863361497
2024-04-27 02:00:00+00:00,0.5846632870650752
2024-04-27 03:00:00+00:00,0.6430376871782267
2024-04-27 04:00:00+00:00,0.7349642079943262
2024-04-27 05:00:00+00:00,0.8039715769383423
2024-04-27 06:00:00+00:00,0.8766110092828686
2024-04-27 07:00:00+00:00,0.9029570841167935
2024-04-27 08:00:00+00:00,0.9082437558574429
2024-04-27 09:00:00+00:00,0.8980258681832173
2024-04-27 10:00:00+00:00,0.8986613666745429
2024-04-27 11:00:00+00:00,0.9007817444410916
2024-04-27 12:00:00+00:00,0.8931962864512066
2024-04-27 13:00:00+00:00,0.8464746705424141
2024-04-27 14:00:00+00:00,0.79273033242064
2024-04-27 15:00:00+00:00,0.7767431304947543
2024-04-27 16:00:00+00:00,0.7838683590267438
2024-04-27 17:00:00+00:00,0.7581862586580924
2024-04-27 18:00:00+00:00,0.7469450637783805
2024-04-27 19:00:00+00:00,0.7466692335627308
2024-04-27 20:00:00+00:00,0.7626924966753649
2024-04-27 21:00:00+00:00,0.7755961353586873
2024-04-27 22:00:00+00:00,0.7875482455762984
2024-04-27 23:00:00+00:00,0.8017332193932171
2024-04-28 00:00:00+00:00,0.8219471721420903
2024-04-28 01:00:00+00:00,0.8623299658892052
2024-04-28 02:00:00+00:00,0.910818839273739
2024-04-28 03:00:00+00:00,0.9190262890516285
2024-04-28 04:00:00+00:00,0.8416433357903544
2024-04-28 05:00:00+00:00,0.6914055798006984
2024-04-28 06:00:00+00:00,0.5840918882115308
2024-04-28 07:00:00+00:00,0.45637586079385223
2024-04-28 08:00:00+00:00,0.421133440227858
2024-04-28 09:00:00+00:00,0.4508757584193468
2024-04-28 10:00:00+00:00,0.4313456558668692
2024-04-28 11:00:00+00:00,0.4816373410134802
2024-04-28 12:00:00+00:00,0.4989602985194888
2024-04-28 13:00:00+00:00,0.48243874333529047
2024-04-28 14:00:00+00:00,0.40836546817430497
2024-04-28 15:00:00+00:00,0.3306209573207109
2024-04-28 16:00:00+00:00,0.2539884446867689
2024-04-28 17:00:00+00:00,0.1940631182823424
2024-04-28 18:00:00+00:00,0.17091421442186397
2024-04-28 19:00:00+00:00,0.17224739829854566
2024-04-28 20:00:00+00:00,0.163071112954264
2024-04-28 21:00:00+00:00,0.15269810475168485
2024-04-28 22:00:00+00:00,0.14922438209445982
2024-04-28 23:00:00+00:00,0.13370059885832966
2024-04-29 00:00:00+00:00,0.11094546920066391
2024-04-29 01:00:00+00:00,0.12206957962943064
2024-04-29 02:00:00+00:00,0.147358578565384
2024-04-29 03:00:00+00:00,0.18290064990651644
2024-04-29 04:00:00+00:00,0.21986310313041266
2024-04-29 05:00:00+00:00,0.24069613721077374
2024-04-29 06:00:00+00:00,0.2540387630396277
2024-04-29 07:00:00+00:00,0.24554038225105526
2024-04-29 08:00:00+00:00,0.24626951867218497
2024-04-29 09:00:00+00:00,0.23807857972640828
2024-04-29 10:00:00+00:00,0.20674924755678883
2024-04-29 11:00:00+00:00,0.17233884221470286
2024-04-29 12:00:00+00:00,0.1688095460128365
2024-04-29 13:00:00+00:00,0.16959227960567702
2024-04-29 14:00:00+00:00,0.1437206964571701
2024-04-29 15:00:00+00:00,0.1282303598992626
2024-04-29 16:00:00+00:00,0.14407630284125036
2024-04-29 17:00:00+00:00,0.161689197585847
2024-04-29 18:00:00+00:00,0.160247573318413
2024-04-29 19:00:00+00:00,0.15460659051747525
2024-04-29 20:00:00+00:00,0.1729174439275234
2024-04-29 21:00:00+00:00,0.20500545334100123
2024-04-29 22:00:00+00:00,0.2563950097279016
2024-04-29 23:00:00+00:00,0.31823419512925954
2024-04-30 00:00:00+00:00,0.36549845123778774
2024-04-30 01:00:00+00:00,0.3970618011176901
2024-04-30 02:00:00+00:00,0.4707675497993271
2024-04-30 03:00:00+00:00,0.574550359446246
2024-04-30 04:00:00+00:00,0.6866415884369176
2024-04-30 05:00:00+00:00,0.770779345224787
2024-04-30 06:00:00+00:00,0.8231526441933386
2024-04-30 07:00:00+00:00,0.7970453880359042
2024-04-30 08:00:00+00:00,0.7559618774430168
2024-04-30 09:00:00+00:00,0.7179798742805329
2024-04-30 10:00:00+00:00,0.7101427022571007
2024-04-30 11:00:00+00:00,0.7176728121520967
2024-04-30 12:00:00+00:00,0.7120565915140455
2024-04-30 13:00:00+00:00,0.6934369649652316
2024-04-30 14:00:00+00:00,0.6140780777425067
2024-04-30 15:00:00+00:00,0.6418876589910135
2024-04-30 16:00:00+00:00,0.6632175573186113
2024-04-30 17:00:00+00:00,0.6445182802328435
2024-04-30 18:00:00+00:00,0.620673478930801
2024-04-30 19:00:00+00:00,0.6068441182585628
2024-04-30 20:00:00+00:00,0.6240804299946924
2024-04-30 21:00:00+00:00,0.6480404327939541
2024-04-30 22:00:00+00:00,0.6595579245515029
2024-04-30 23:00:00+00:00,0.7027551764236665
2024-05-01 00:00:00+00:00,0.745043845766399
2024-05-01 01:00:00+00:00,0.7819988042683108
2024-05-01 02:00:00+00:00,0.8125970050251045
2024-05-01 03:00:00+00:00,0.8351871327235996
2024-05-01 04:00:00+00:00,0.8714964094986011
2024-05-01 05:00:00+00:00,0.8604290562256739
2024-05-01 06:00:00+00:00,0.8238098583113571
2024-05-01 07:00:00+00:00,0.7906047127304385
2024-05-01 08:00:00+00:00,0.7584085219620446
2024-05-01 09:00:00+00:00,0.7166731807497153
2024-05-01 10:00:00+00:00,0.7380300690930013
2024-05-01 11:00:00+00:00,0.7291711070946384
2024-05-01 12:00:00+00:00,0.7021393994711614
2024-05-01 13:00:00+00:00,0.658745872187309
2024-05-01 14:00:00+00:00,0.6227705329516029
2024-05-01 15:00:00+00:00,0.6683557324369557
2024-05-01 16:00:00+00:00,0.6896144823151854
2024-05-01 17:00:00+00:00,0.6920286053459528
2024-05-01 18:00:00+00:00,0.6868063469421704
2024-05-01 19:00:00+00:00,0.7075127116310542
2024-05-01 20:00:00+00:00,0.7434699150321692
2024-05-01 21:00:00+00:00,0.7820324194192474
2024-05-01 22:00:00+00:00,0.8294618906085448
2024-05-01 23:00:00+00:00,0.8569669090900182
2024-05-02 00:00:00+00:00,0.8653234245375342
2024-05-02 01:00:00+00:00,0.8506529009707002
2024-05-02 02:00:00+00:00,0.7729372174615065
2024-05-02 03:00:00+00:00,0.7264877544717746
2024-05-02 04:00:00+00:00,0.6491332191589749
2024-05-02 05:00:00+00:00,0.6674783092975074
2024-05-02 06:00:00+00:00,0.6601321912010911
2024-05-02 07:00:00+00:00,0.5984367255336904
2024-05-02 08:00:00+00:00,0.5157020353573389
2024-05-02 09:00:00+00:00,0.5138500407340342
2024-05-02 10:00:00+00:00,0.487773119932555
2024-05-02 11:00:00+00:00,0.4600184240212681
2024-05-02 12:00:00+00:00,0.49079591177726156
2024-05-02 13:00:00+00:00,0.477906223285411
2024-05-02 14:00:00+00:00,0.4493467196620085
2024-05-02 15:00:00+00:00,0.45860340560835083
2024-05-02 16:00:00+00:00,0.3959145923538833
2024-05-02 17:00:00+00:00,0.30093554190911564
2024-05-02 18:00:00+00:00,0.22206727694726797
2024-05-02 19:00:00+00:00,0.18957534664601816
2024-05-02 20:00:00+00:00,0.18490163529055015
2024-05-02 21:00:00+00:00,0.18345176377762484
2024-05-02 22:00:00+00:00,0.22838401338457606
2024-05-02 23:00:00+00:00,0.28473836141312864
2024-05-03 00:00:00+00:00,0.3645672753966682
2024-05-03 01:00:00+00:00,0.40119569730053517
2024-05-03 02:00:00+00:00,0.43747836822101993
2024-05-03 03:00:00+00:00,0.4678223632834407
2024-05-03 04:00:00+00:00,0.48510318796900825
2024-05-03 05:00:00+00:00,0.4917271492953017
2024-05-03 06:00:00+00:00,0.44502370042108996
2024-05-03 07:00:00+00:00,0.4141194219443427
2024-05-03 08:00:00+00:00,0.34090536908522284
2024-05-03 09:00:00+00:00,0.2921806636188129
2024-05-03 10:00:00+00:00,0.2564312036321036
2024-05-03 11:00:00+00:00,0.18201777895240587
2024-05-03 12:00:00+00:00,0.1507184272614539
2024-05-03 13:00:00+00:00,0.15640159342464688
2024-05-03 14:00:00+00:00,0.1435209536167262
2024-05-03 15:00:00+00:00,0.1491300014024435
2024-05-03 16:00:00+00:00,0.1506306102446831
2024-05-03 17:00:00+00:00,0.16020663766652374
2024-05-03 18:00:00+00:00,0.2135821800152765
2024-05-03 19:00:00+00:00,0.3011599224017109
2024-05-03 20:00:00+00:00,0.43535629592988356
2024-05-03 21:00:00+00:00,0.5929636363850626
2024-05-03 22:00:00+00:00,0.6845194897902858
2024-05-03 23:00:00+00:00,0.7804069456873703
2024-05-04 00:00:00+00:00,0.8254512622590839
2024-05-04 01:00:00+00:00,0.8509302463561876
2024-05-04 02:00:00+00:00,0.8763379789318833
2024-05-04 03:00:00+00:00,0.8666702927007927
2024-05-04 04:00:00+00:00,0.8389953634497123
2024-05-04 05:00:00+00:00,0.8414076624560505
2024-05-04 06:00:00+00:00,0.8548635144937814
2024-05-04 07:00:00+00:00,0.825285062227538
2024-05-04 08:00:00+00:00,0.7748883856809289
2024-05-04 09:00:00+00:00,0.706541448539157
2024-05-04 10:00:00+00:00,0.653234934305823
2024-05-04 11:00:00+00:00,0.6075500226901148
2024-05-04 12:00:00+00:00,0.531620137440367
2024-05-04 13:00:00+00:00,0.4834234656255419
2024-05-04 14:00:00+00:00,0.4532692874323222
2024-05-04 15:00:00+00:00,0.4197726200293275
2024-05-04 16:00:00+00:00,0.46030637494486626
2024-05-04 17:00:00+00:00,0.45540477351371633
2024-05-04 18:00:00+00:00,0.47316802064733093
2024-05-04 19:00:00+00:00,0.5139691347824642
2024-05-04 20:00:00+00:00,0.5418457338258461
2024-05-04 21:00:00+00:00,0.5655317068621682
2024-05-04 22:00:00+00:00,0.606927069667664
2024-05-04 23:00:00+00:00,0.5924157309791793
2024-05-05 00:00:00+00:00,0.5993650609103908
2024-05-05 01:00:00+00:00,0.5691132884985176
2024-05-05 02:00:00+00:00,0.5316454492002919
2024-05-05 03:00:00+00:00,0.5258339991998027
2024-05-05 04:00:00+00:00,0.528566579043555
2024-05-05 05:00:00+00:00,0.5585276288303082
2024-05-05 06:00:00+00:00,0.564068562302392
2024-05-05 07:00:00+00:00,0.45993467847662284
2024-05-05 08:00:00+00:00,0.3868816931242018
2024-05-05 09:00:00+00:00,0.278019439176238
2024-05-05 10:00:00+00:00,0.1815913323951019
2024-05-05 11:00:00+00:00,0.15556274981364504
2024-05-05 12:00:00+00:00,0.12716280105780972
2024-05-05 13:00:00+00:00,0.1424344278568304
2024-05-05 14:00:00+00:00,0.14638317596152267
2024-05-05 15:00:00+00:00,0.1569431356233531
2024-05-05 16:00:00+00:00,0.16581886806811197
2024-05-05 17:00:00+00:00,0.1854048408362805
2024-05-05 18:00:00+00:00,0.20145526728181107
2024-05-05 19:00:00+00:00,0.20183879035381241
2024-05-05 20:00:00+00:00,0.2091699211754363
2024-05-05 21:00:00+00:00,0.22439691347882487
2024-05-05 22:00:00+00:00,0.2606219880613591
2024-05-05 23:00:00+00:00,0.3552901263784933
2024-05-06 00:00:00+00:00,0.46270904613328195
2024-05-06 01:00:00+00:00,0.5474859288180047
2024-05-06 02:00:00+00:00,0.6142490518424708
2024-05-06 03:00:00+00:00,0.733815649207325
2024-05-06 04:00:00+00:00,0.8231092362586009
2024-05-06 05:00:00+00:00,0.8545464615357228
2024-05-06 06:00:00+00:00,0.8215994574754608
2024-05-06 07:00:00+00:00,0.7954850729699654
2024-05-06 08:00:00+00:00,0.7973980841803856
2024-05-06 09:00:00+00:00,0.7776551446615275
2024-05-06 10:00:00+00:00,0.7742868308623323
2024-05-06 11:00:00+00:00,0.78497245612918
2024-05-06 12:00:00+00:00,0.7933681801301964
2024-05-06 13:00:00+00:00,0.7522095963244576
2024-05-06 14:00:00+00:00,0.6985167803762357
2024-05-06 15:00:00+00:00,0.7121337748657159
2024-05-06 16:00:00+00:00,0.7355652834972056
2024-05-06 17:00:00+00:00,0.7320765486196575
2024-05-06 18:00:00+00:00,0.7176127944707941
2024-05-06 19:00:00+00:00,0.7196021905228344
2024-05-06 20:00:00+00:00,0.72268986377656
2024-05-06 21:00:00+00:00,0.7230897228088892
2024-05-06 22:00:00+00:00,0.73319993736627
2024-05-06 23:00:00+00:00,0.7301631160828408
2024-05-07 00:00:00+00:00,0.7609131161417338
2024-05-07 01:00:00+00:00,0.7850775790174312
2024-05-07 02:00:00+00:00,0.7804963887189018
2024-05-07 03:00:00+00:00,0.766502714620291
2024-05-07 04:00:00+00:00,0.7393015392453695
2024-05-07 05:00:00+00:00,0.7393580262302665
2024-05-07 06:00:00+00:00,0.7347342854363464
2024-05-07 07:00:00+00:00,0.7039654348353337
2024-05-07 08:00:00+00:00,0.6608820419570066
2024-05-07 09:00:00+00:00,0.5906552194979747
2024-05-07 10:00:00+00:00,0.5096379617152589
2024-05-07 11:00:00+00:00,0.4072003164157046
2024-05-07 12:00:00+00:00,0.30625112508591035
2024-05-07 13:00:00+00:00,0.2307967136885807
2024-05-07 14:00:00+00:00,0.17903210587648707
2024-05-07 15:00:00+00:00,0.12181026393349399
2024-05-07 16:00:00+00:00,0.09641136052105895
2024-05-07 17:00:00+00:00,0.07158270774470109
2024-05-07 18:00:00+00:00,0.08809068970416335
2024-05-07 19:00:00+00:00,0.15929961972800305
2024-05-07 20:00:00+00:00,0.26816567519406764
2024-05-07 21:00:00+00:00,0.36686420898834415
2024-05-07 22:00:00+00:00,0.4301360768051526
2024-05-07 23:00:00+00:00,0.4816474286606837
2024-05-08 00:00:00+00:00,0.5148650376794496
2024-05-08 01:00:00+00:00,0.5559633836324634
2024-05-08 02:00:00+00:00,0.6578774222082929
2024-05-08 03:00:00+00:00,0.7865292085033591
2024-05-08 04:00:00+00:00,0.8214572155653511
2024-05-08 05:00:00+00:00,0.8197122774704496
2024-05-08 06:00:00+00:00,0.7970595667862813
2024-05-08 07:00:00+00:00,0.7762467262214104
2024-05-08 08:00:00+00:00,0.7726087296529792
2024-05-08 09:00:00+00:00,0.7791900384241244
2024-05-08 10:00:00+00:00,0.7481860124232905
2024-05-08 11:00:00+00:00,0.7056083569897452
2024-05-08 12:00:00+00:00,0.6766182440507323
2024-05-08 13:00:00+00:00,0.6331024067695655
2024-05-08 14:00:00+00:00,0.4910380521499946
2024-05-08 15:00:00+00:00,0.4519958445223179
2024-05-08 16:00:00+00:00,0.4439947912447927
2024-05-08 17:00:00+00:00,0.32463457646141985
2024-05-08 18:00:00+00:00,0.23429799840950968
2024-05-08 19:00:00+00:00,0.20300566132946027
2024-05-08 20:00:00+00:00,0.18306038875641004
2024-05-08 21:00:00+00:00,0.17815667375191124
2024-05-08 22:00:00+00:00,0.18165125683796457
2024-05-08 23:00:00+00:00,0.19799196115511125
2024-05-09 00:00:00+00:00,0.21562112031336184
2024-05-09 01:00:00+00:00,0.23195120524582058
2024-05-09 02:00:00+00:00,0.2768749169737724
2024-05-09 03:00:00+00:00,0.36802359634096105
2024-05-09 04:00:00+00:00,0.42714273431622907
2024-05-09 05:00:00+00:00,0.4788997954545592
2024-05-09 06:00:00+00:00,0.5228285671306145
2024-05-09 07:00:00+00:00,0.5279235949046336
2024-05-09 08:00:00+00:00,0.4844931156616719
2024-05-09 09:00:00+00:00,0.43483717372565717
2024-05-09 10:00:00+00:00,0.4061004998940157
2024-05-09 11:00:00+00:00,0.38048241796363597
2024-05-09 12:00:00+00:00,0.37608337689279714
2024-05-09 13:00:00+00:00,0.3694438868290852
2024-05-09 14:00:00+00:00,0.31508013737176016
2024-05-09 15:00:00+00:00,0.3385623869478585
2024-05-09 16:00:00+00:00,0.34029664466805737
2024-05-09 17:00:00+00:00,0.33261202522944344
2024-05-09 18:00:00+00:00,0.3176428672551555
2024-05-09 19:00:00+00:00,0.32944455896001584
2024-05-09 20:00:00+00:00,0.37673165552175003
2024-05-09 21:00:00+00:00,0.43402850307159097
2024-05-09 22:00:00+00:00,0.4764933336300786
2024-05-09 23:00:00+00:00,0.5498295861115781
2024-05-10 00:00:00+00:00,0.617613569365742
2024-05-10 01:00:00+00:00,0.653189689078526
2024-05-10 02:00:00+00:00,0.6632437948830986
2024-05-10 03:00:00+00:00,0.6981633193800939
2024-05-10 04:00:00+00:00,0.6684024831089486
2024-05-10 05:00:00+00:00,0.6292635291214357
2024-05-10 06:00:00+00:00,0.576099027769318
2024-05-10 07:00:00+00:00,0.49811145861977024
2024-05-10 08:00:00+00:00,0.40118300566531206
2024-05-10 09:00:00+00:00,0.3433836666988222
2024-05-10 10:00:00+00:00,0.31687833323454445
2024-05-10 11:00:00+00:00,0.34025403654487585
2024-05-10 12:00:00+00:00,0.3686304795610496
2024-05-10 13:00:00+00:00,0.3791982463424443
2024-05-10 14:00:00+00:00,0.3642213497584189
2024-05-10 15:00:00+00:00,0.48623948946224266
2024-05-10 16:00:00+00:00,0.6119730238346488
2024-05-10 17:00:00+00:00,0.6383110770897521
2024-05-10 18:00:00+00:00,0.6244920867807311
2024-05-10 19:00:00+00:00,0.5666258335975478
2024-05-10 20:00:00+00:00,0.5083716458879626
2024-05-10 21:00:00+00:00,0.4291957863732882
2024-05-10 22:00:00+00:00,0.3768825137265924
2024-05-10 23:00:00+00:00,0.3659096763938409
2024-05-11 00:00:00+00:00,0.359163742702567
2024-05-11 01:00:00+00:00,0.3353806875901807
2024-05-11 02:00:00+00:00,0.28677625660194006
2024-05-11 03:00:00+00:00,0.2718073939248899
2024-05-11 04:00:00+00:00,0.2689483582812469
2024-05-11 05:00:00+00:00,0.27121713657557855
2024-05-11 06:00:00+00:00,0.27299999784224777
2024-05-11 07:00:00+00:00,0.27504899227375845
2024-05-11 08:00:00+00:00,0.2557569760476068
2024-05-11 09:00:00+00:00,0.22016679627455726
2024-05-11 10:00:00+00:00,0.2195572127911622
2024-05-11 11:00:00+00:00,0.25069348654641266
2024-05-11 12:00:00+00:00,0.256707350077545
2024-05-11 13:00:00+00:00,0.2651073292437898
2024-05-11 14:00:00+00:00,0.24097960654326195
2024-05-11 15:00:00+00:00,0.29918966257234525
2024-05-11 16:00:00+00:00,0.3512929237497614
2024-05-11 17:00:00+00:00,0.4139086768233924
2024-05-11 18:00:00+00:00,0.4372949827072932
2024-05-11 19:00:00+00:00,0.4469176520169215
2024-05-11 20:00:00+00:00,0.42578782725688935
2024-05-11 21:00:00+00:00,0.42668532945161053
2024-05-11 22:00:00+00:00,0.48861050307312187
2024-05-11 23:00:00+00:00,0.4650423380527443
2024-05-12 00:00:00+00:00,0.43736491439321434
2024-05-12 01:00:00+00:00,0.4132712115035132
2024-05-12 02:00:00+00:00,0.38773084090238225
2024-05-12 03:00:00+00:00,0.4180076251855188
2024-05-12 04:00:00+00:00,0.46318329505168826
2024-05-12 05:00:00+00:00,0.48574873701461796
2024-05-12 06:00:00+00:00,0.48712983662803094
2024-05-12 07:00:00+00:00,0.4498711351632193
2024-05-12 08:00:00+00:00,0.42195529163031203
2024-05-12 09:00:00+00:00,0.3972283958670668
2024-05-12 10:00:00+00:00,0.3272542254658389
2024-05-12 11:00:00+00:00,0.26593828551184706
2024-05-12 12:00:00+00:00,0.22442070204295886
2024-05-12 13:00:00+00:00,0.21874972459139994
2024-05-12 14:00:00+00:00,0.2381094044124459
2024-05-12 15:00:00+00:00,0.2562404481601985
2024-05-12 16:00:00+00:00,0.26576049314761335
2024-05-12 17:00:00+00:00,0.24625280972194494
2024-05-12 18:00:00+00:00,0.22355805244210455
2024-05-12 19:00:00+00:00,0.2242135612981116
2024-05-12 20:00:00+00:00,0.24194700842854977
2024-05-12 21:00:00+00:00,0.26205270129831465
2024-05-12 22:00:00+00:00,0.26209824301589635
2024-05-12 23:00:00+00:00,0.26401588697288075
2024-05-13 00:00:00+00:00,0.3203369049526045
2024-05-13 01:00:00+00:00,0.3909399840313348
2024-05-13 02:00:00+00:00,0.41925745942843323
2024-05-13 03:00:00+00:00,0.4184806536528782
2024-05-13 04:00:00+00:00,0.36800438748702413
2024-05-13 05:00:00+00:00,0.26166753062824577
2024-05-13 06:00:00+00:00,0.21789533561262586
2024-05-13 07:00:00+00:00,0.20211963830871554
2024-05-13 08:00:00+00:00,0.17016574387685013
2024-05-13 09:00:00+00:00,0.14752400293553972
2024-05-13 10:00:00+00:00,0.15050285944637723
2024-05-13 11:00:00+00:00,0.171117256290655
2024-05-13 12:00:00+00:00,0.2113866705765679
2024-05-13 13:00:00+00:00,0.21396313930133082
2024-05-13 14:00:00+00:00,0.20578103002495587
2024-05-13 15:00:00+00:00,0.27501871667861794
2024-05-13 16:00:00+00:00,0.37921625976317075
2024-05-13 17:00:00+00:00,0.4524738298473747
2024-05-13 18:00:00+00:00,0.486112019680762
2024-05-13 19:00:00+00:00,0.44691261171823166
2024-05-13 20:00:00+00:00,0.40674751020542516
2024-05-13 21:00:00+00:00,0.449136901285597
2024-05-13 22:00:00+00:00,0.5081903703684434
2024-05-13 23:00:00+00:00,0.4968229483562049
2024-05-14 00:00:00+00:00,0.45891948955908046
2024-05-14 01:00:00+00:00,0.34526378990244655
2024-05-14 02:00:00+00:00,0.26008468819358666
2024-05-14 03:00:00+00:00,0.2225530930720667
2024-05-14 04:00:00+00:00,0.18597505372868528
2024-05-14 05:00:00+00:00,0.18051704867243096
2024-05-14 06:00:00+00:00,0.18624737754270726
2024-05-14 07:00:00+00:00,0.16172973902604668
2024-05-14 08:00:00+00:00,0.14236095527937404
2024-05-14 09:00:00+00:00,0.12259380778609119
2024-05-14 10:00:00+00:00,0.12102355337232072
2024-05-14 11:00:00+00:00,0.121744091719801
2024-05-14 12:00:00+00:00,0.12051027163986976
2024-05-14 13:00:00+00:00,0.12652111585797435
2024-05-14 14:00:00+00:00,0.07887765699027649
2024-05-14 15:00:00+00:00,0.066658715024508
2024-05-14 16:00:00+00:00,0.11587641792783906
2024-05-14 17:00:00+00:00,0.16870423755152913
2024-05-14 18:00:00+00:00,0.20332368824780117
2024-05-14 19:00:00+00:00,0.2224795531416777
2024-05-14 20:00:00+00:00,0.22459282128738992
2024-05-14 21:00:00+00:00,0.227811620072031
2024-05-14 22:00:00+00:00,0.24471406892469227
2024-05-14 23:00:00+00:00,0.28764871167627837
2024-05-15 00:00:00+00:00,0.3304479264798242
2024-05-15 01:00:00+00:00,0.38514221943816346
2024-05-15 02:00:00+00:00,0.49999869545720776
2024-05-15 03:00:00+00:00,0.6721357701582046
2024-05-15 04:00:00+00:00,0.7518383881017083
2024-05-15 05:00:00+00:00,0.7535360036935188
2024-05-15 06:00:00+00:00,0.7707307532472585
2024-05-15 07:00:00+00:00,0.7706638730866372
2024-05-15 08:00:00+00:00,0.7719601227553047
2024-05-15 09:00:00+00:00,0.7735556075487255
2024-05-15 10:00:00+00:00,0.7741758002216788
2024-05-15 11:00:00+00:00,0.7713460045721264
2024-05-15 12:00:00+00:00,0.7669901522045794
2024-05-15 13:00:00+00:00,0.7230909279672414
2024-05-15 14:00:00+00:00,0.6322187767844184
2024-05-15 15:00:00+00:00,0.6490736533533061
2024-05-15 16:00:00+00:00,0.6905558078058055
2024-05-15 17:00:00+00:00,0.6981000387510815
2024-05-15 18:00:00+00:00,0.7039240971627191
2024-05-15 19:00:00+00:00,0.713446275896825
2024-05-15 20:00:00+00:00,0.7037735565614802
2024-05-15 21:00:00+00:00,0.7078714186722839
2024-05-15 22:00:00+00:00,0.7382126453954065
2024-05-15 23:00:00+00:00,0.7958017926340435
2024-05-16 00:00:00+00:00,0.8448836895380101
2024-05-16 01:00:00+00:00,0.8609654322772959
2024-05-16 02:00:00+00:00,0.8565563616208799
2024-05-16 03:00:00+00:00,0.8581680713850941
2024-05-16 04:00:00+00:00,0.8526618717806126
2024-05-16 05:00:00+00:00,0.7670537425558539
2024-05-16 06:00:00+00:00,0.7086715786705166
2024-05-16 07:00:00+00:00,0.6333155218966888
2024-05-16 08:00:00+00:00,0.5816197871400418
2024-05-16 09:00:00+00:00,0.5647095125490507
2024-05-16 10:00:00+00:00,0.5791029622389986
2024-05-16 11:00:00+00:00,0.5340464849741817
2024-05-16 12:00:00+00:00,0.49665732087881587
2024-05-16 13:00:00+00:00,0.478245809938955
2024-05-16 14:00:00+00:00,0.4449629861087304
2024-05-16 15:00:00+00:00,0.46680909289412015
2024-05-16 16:00:00+00:00,0.46349531631545754
2024-05-16 17:00:00+00:00,0.48007296636973407
2024-05-16 18:00:00+00:00,0.4433758142868511
2024-05-16 19:00:00+00:00,0.3679816562518587
2024-05-16 20:00:00+00:00,0.34058228173100297
2024-05-16 21:00:00+00:00,0.3316683936149005
2024-05-16 22:00:00+00:00,0.3461263965897575
2024-05-16 23:00:00+00:00,0.3325662573390508
2024-05-17 00:00:00+00:00,0.29351111339303343
2024-05-17 01:00:00+00:00,0.36764733726286253
2024-05-17 02:00:00+00:00,0.48834303694927494
2024-05-17 03:00:00+00:00,0.45779298865868284
2024-05-17 04:00:00+00:00,0.3903722289967543
2024-05-17 05:00:00+00:00,0.2426742804785661
2024-05-17 06:00:00+00:00,0.1868985625428943
2024-05-17 07:00:00+00:00,0.12171568342416215
2024-05-17 08:00:00+00:00,0.11503966580073799
2024-05-17 09:00:00+00:00,0.1272031911979433
2024-05-17 10:00:00+00:00,0.1464195769859347
2024-05-17 11:00:00+00:00,0.1411050903640516
2024-05-17 12:00:00+00:00,0.18679586757783045
2024-05-17 13:00:00+00:00,0.20827758024715198
2024-05-17 14:00:00+00:00,0.1407870095055199
2024-05-17 15:00:00+00:00,0.1212448647692858
2024-05-17 16:00:00+00:00,0.13383557970292495
2024-05-17 17:00:00+00:00,0.11661164951822703
2024-05-17 18:00:00+00:00,0.09880324298440209
2024-05-17 19:00:00+00:00,0.07801568366637243
2024-05-17 20:00:00+00:00,0.0846449782024992
2024-05-17 21:00:00+00:00,0.0928407826836396
2024-05-17 22:00:00+00:00,0.09131805532631115
2024-05-17 23:00:00+00:00,0.09328679684053306
2024-05-18 00:00:00+00:00,0.09060631978659602
2024-05-18 01:00:00+00:00,0.10025353969208906
2024-05-18 02:00:00+00:00,0.13292828523054392
2024-05-18 03:00:00+00:00,0.16333630643181316
2024-05-18 04:00:00+00:00,0.22347142333873218
2024-05-18 05:00:00+00:00,0.31850903952646176
2024-05-18 06:00:00+00:00,0.45329891838433756
2024-05-18 07:00:00+00:00,0.5382161145811948
2024-05-18 08:00:00+00:00,0.5676571856281981
2024-05-18 09:00:00+00:00,0.5790042048717127
2024-05-18 10:00:00+00:00,0.5622278112443345
2024-05-18 11:00:00+00:00,0.5399357440614774
2024-05-18 12:00:00+00:00,0.5000407984514709
2024-05-18 13:00:00+00:00,0.45008448940590695
2024-05-18 14:00:00+00:00,0.32342710030793387
2024-05-18 15:00:00+00:00,0.22621087885762747
2024-05-18 16:00:00+00:00,0.19681874259035764
2024-05-18 17:00:00+00:00,0.16664677523311647
2024-05-18 18:00:00+00:00,0.14091363544115984
2024-05-18 19:00:00+00:00,0.13173349481935132
2024-05-18 20:00:00+00:00,0.14439581416327454
2024-05-18 21:00:00+00:00,0.15660892925077413
2024-05-18 22:00:00+00:00,0.18612005960358693
2024-05-18 23:00:00+00:00,0.2150281750288975
2024-05-19 00:00:00+00:00,0.25591128252014467
2024-05-19 01:00:00+00:00,0.30927229883335067
2024-05-19 02:00:00+00:00,0.44062994950192946
2024-05-19 03:00:00+00:00,0.6364940025217056
2024-05-19 04:00:00+00:00,0.7625354131145168
2024-05-19 05:00:00+00:00,0.7878475913652101
2024-05-19 06:00:00+00:00,0.7868700382396921
2024-05-19 07:00:00+00:00,0.7864920650782641
2024-05-19 08:00:00+00:00,0.7717804517756981
2024-05-19 09:00:00+00:00,0.7485697428685723
2024-05-19 10:00:00+00:00,0.7357938075508946
2024-05-19 11:00:00+00:00,0.7247967264884578
2024-05-19 12:00:00+00:00,0.7194991795810494
2024-05-19 13:00:00+00:00,0.6814605520524853
2024-05-19 14:00:00+00:00,0.5986476500093905
2024-05-19 15:00:00+00:00,0.6069900091575071
2024-05-19 16:00:00+00:00,0.616270254675243
2024-05-19 17:00:00+00:00,0.626629731482041
2024-05-19 18:00:00+00:00,0.6551141474675681
2024-05-19 19:00:00+00:00,0.6865747354271564
2024-05-19 20:00:00+00:00,0.7046429812599903
2024-05-19 21:00:00+00:00,0.7273498647791794
2024-05-19 22:00:00+00:00,0.7567443257891378
2024-05-19 23:00:00+00:00,0.7690618636631491
2024-05-20 00:00:00+00:00,0.801127482185266
2024-05-20 01:00:00+00:00,0.8468334437796822
2024-05-20 02:00:00+00:00,0.8853192025549229
2024-05-20 03:00:00+00:00,0.8891379169475758
2024-05-20 04:00:00+00:00,0.8812078654830822
2024-05-20 05:00:00+00:00,0.8861398982924036
2024-05-20 06:00:00+00:00,0.8551320504193621
2024-05-20 07:00:00+00:00,0.8394738391894397
2024-05-20 08:00:00+00:00,0.8218384788615024
2024-05-20 09:00:00+00:00,0.8123860145341306
2024-05-20 10:00:00+00:00,0.8021924950280199
2024-05-20 11:00:00+00:00,0.7955016108083268
2024-05-20 12:00:00+00:00,0.781491304295256
2024-05-20 13:00:00+00:00,0.7160789926716853
2024-05-20 14:00:00+00:00,0.6176951551697303
2024-05-20 15:00:00+00:00,0.5865961797549352
2024-05-20 16:00:00+00:00,0.5131629245530812
2024-05-20 17:00:00+00:00,0.4118300938472684
2024-05-20 18:00:00+00:00,0.33066543505718254
2024-05-20 19:00:00+00:00,0.28828741252298173
2024-05-20 20:00:00+00:00,0.3213500275486943
2024-05-20 21:00:00+00:00,0.36143892610533646
2024-05-20 22:00:00+00:00,0.43185457354142764
2024-05-20 23:00:00+00:00,0.5216382245798362
2024-05-21 00:00:00+00:00,0.6051566124395569
2024-05-21 01:00:00+00:00,0.6948700858797265
2024-05-21 02:00:00+00:00,0.774914691068337
2024-05-21 03:00:00+00:00,0.8935491833168271
2024-05-21 04:00:00+00:00,0.9156774308140527
2024-05-21 05:00:00+00:00,0.9148443748553766
2024-05-21 06:00:00+00:00,0.8919432174598777
2024-05-21 07:00:00+00:00,0.8738393344058567
2024-05-21 08:00:00+00:00,0.8696578118544356
2024-05-21 09:00:00+00:00,0.8400546745033797
2024-05-21 10:00:00+00:00,0.8311225636771643
2024-05-21 11:00:00+00:00,0.8287562936939253
2024-05-21 12:00:00+00:00,0.7762665836952963
2024-05-21 13:00:00+00:00,0.6865604823824817
2024-05-21 14:00:00+00:00,0.5917346285149042
2024-05-21 15:00:00+00:00,0.5900550743187755
2024-05-21 16:00:00+00:00,0.5924016652429018
2024-05-21 17:00:00+00:00,0.4783724527218663
2024-05-21 18:00:00+00:00,0.33689986302932634
2024-05-21 19:00:00+00:00,0.2716977433866793
2024-05-21 20:00:00+00:00,0.2686411716420752
2024-05-21 21:00:00+00:00,0.2808374482433403
2024-05-21 22:00:00+00:00,0.29775630680833304
2024-05-21 23:00:00+00:00,0.31806315132642143
2024-05-22 00:00:00+00:00,0.3549774833202588
2024-05-22 01:00:00+00:00,0.38879928834701916
2024-05-22 02:00:00+00:00,0.4088260520395002
2024-05-22 03:00:00+00:00,0.44452568423263306
2024-05-22 04:00:00+00:00,0.5052767676780899
2024-05-22 05:00:00+00:00,0.5700849609501876
2024-05-22 06:00:00+00:00,0.6344284203607725
2024-05-22 07:00:00+00:00,0.6937683069762961
2024-05-22 08:00:00+00:00,0.7662346708447221
2024-05-22 09:00:00+00:00,0.8030831472884935
2024-05-22 10:00:00+00:00,0.7929032456560035
2024-05-22 11:00:00+00:00,0.7678475144736849
2024-05-22 12:00:00+00:00,0.7257295122201255
2024-05-22 13:00:00+00:00,0.6392307505467059
2024-05-22 14:00:00+00:00,0.5369280709075108
2024-05-22 15:00:00+00:00,0.5964695311846607
2024-05-22 16:00:00+00:00,0.5615041420158445
2024-05-22 17:00:00+00:00,0.5434388773908366
2024-05-22 18:00:00+00:00,0.5430666193589309
2024-05-22 19:00:00+00:00,0.517794745132061
2024-05-22 20:00:00+00:00,0.48244502906671083
2024-05-22 21:00:00+00:00,0.4876066152040062
2024-05-22 22:00:00+00:00,0.4600138193655404
2024-05-22 23:00:00+00:00,0.47288961688443965
2024-05-23 00:00:00+00:00,0.4815593514150298
2024-05-23 01:00:00+00:00,0.44496763385876603
2024-05-23 02:00:00+00:00,0.39723793106114963
2024-05-23 03:00:00+00:00,0.38951273710239326
2024-05-23 04:00:00+00:00,0.39460571634220765
2024-05-23 05:00:00+00:00,0.44000918380483106
2024-05-23 06:00:00+00:00,0.4725742283717199
2024-05-23 07:00:00+00:00,0.45743943590637204
2024-05-23 08:00:00+00:00,0.4690014180177695
2024-05-23 09:00:00+00:00,0.497277736506968
2024-05-23 10:00:00+00:00,0.48992428319535136
2024-05-23 11:00:00+00:00,0.46045358466701525
2024-05-23 12:00:00+00:00,0.4199070368157075
2024-05-23 13:00:00+00:00,0.42842093694193323
2024-05-23 14:00:00+00:00,0.4745103850938783
2024-05-23 15:00:00+00:00,0.5321255400004383
2024-05-23 16:00:00+00:00,0.5854790574340715
2024-05-23 17:00:00+00:00,0.570790984758757
2024-05-23 18:00:00+00:00,0.5794750928317807
2024-05-23 19:00:00+00:00,0.5931268763944072
2024-05-23 20:00:00+00:00,0.6483959320568645
2024-05-23 21:00:00+00:00,0.7054910758667906
2024-05-23 22:00:00+00:00,0.7266199709177426
2024-05-23 23:00:00+00:00,0.7561832800538569
2024-05-24 00:00:00+00:00,0.7452751162868556
2024-05-24 01:00:00+00:00,0.7667240006017371
2024-05-24 02:00:00+00:00,0.730262213360096
2024-05-24 03:00:00+00:00,0.7401076790126667
2024-05-24 04:00:00+00:00,0.785953781380456
2024-05-24 05:00:00+00:00,0.8463612258251502
2024-05-24 06:00:00+00:00,0.8389239497462021
2024-05-24 07:00:00+00:00,0.8338344960690751
2024-05-24 08:00:00+00:00,0.8232895335879434
2024-05-24 09:00:00+00:00,0.8130786303007602
2024-05-24 10:00:00+00:00,0.810475104460447
2024-05-24 11:00:00+00:00,0.7904389550301492
2024-05-24 12:00:00+00:00,0.7678003485128367
2024-05-24 13:00:00+00:00,0.7096538766890278
2024-05-24 14:00:00+00:00,0.6076498597288881
2024-05-24 15:00:00+00:00,0.5954993887255349
2024-05-24 16:00:00+00:00,0.5832451205261945
2024-05-24 17:00:00+00:00,0.5385717354987581
2024-05-24 18:00:00+00:00,0.44504478991496454
2024-05-24 19:00:00+00:00,0.3455481500072953
2024-05-24 20:00:00+00:00,0.269011708251604
2024-05-24 21:00:00+00:00,0.21109696815134418
2024-05-24 22:00:00+00:00,0.1847542446590748
2024-05-24 23:00:00+00:00,0.18394227262672017
2024-05-25 00:00:00+00:00,0.19903416619076655
2024-05-25 01:00:00+00:00,0.2279879776344192
2024-05-25 02:00:00+00:00,0.2824038786518795
2024-05-25 03:00:00+00:00,0.3961197199944101
2024-05-25 04:00:00+00:00,0.5453093922629746
2024-05-25 05:00:00+00:00,0.6560694195343658
2024-05-25 06:00:00+00:00,0.7200430894721402
2024-05-25 07:00:00+00:00,0.7247849171296536
2024-05-25 08:00:00+00:00,0.6993896955329254
2024-05-25 09:00:00+00:00,0.6813106202668052
2024-05-25 10:00:00+00:00,0.6344418920318919
2024-05-25 11:00:00+00:00,0.5676534085494868
2024-05-25 12:00:00+00:00,0.5103692249055616
2024-05-25 13:00:00+00:00,0.4481697698243223
2024-05-25 14:00:00+00:00,0.3834044271170414
2024-05-25 15:00:00+00:00,0.42055449592975036
2024-05-25 16:00:00+00:00,0.46864729249438414
2024-05-25 17:00:00+00:00,0.5182736067321484
2024-05-25 18:00:00+00:00,0.5918357226638087
2024-05-25 19:00:00+00:00,0.6790499887850895
2024-05-25 20:00:00+00:00,0.707047912947315
2024-05-25 21:00:00+00:00,0.7339140836565248
2024-05-25 22:00:00+00:00,0.7506583176504481
2024-05-25 23:00:00+00:00,0.7470639117337281
2024-05-26 00:00:00+00:00,0.7448279902823556
2024-05-26 01:00:00+00:00,0.766331513552151
2024-05-26 02:00:00+00:00,0.7431704009874611
2024-05-26 03:00:00+00:00,0.7768488698991413
2024-05-26 04:00:00+00:00,0.7816622892772559
2024-05-26 05:00:00+00:00,0.7798297971782433
2024-05-26 06:00:00+00:00,0.8199343287373914
2024-05-26 07:00:00+00:00,0.8526742552119974
2024-05-26 08:00:00+00:00,0.8440239529243784
2024-05-26 09:00:00+00:00,0.7929269436931683
2024-05-26 10:00:00+00:00,0.766812925886973
2024-05-26 11:00:00+00:00,0.7272587150033658
2024-05-26 12:00:00+00:00,0.7095699271694785
2024-05-26 13:00:00+00:00,0.6668013370538901
2024-05-26 14:00:00+00:00,0.5736247641733953
2024-05-26 15:00:00+00:00,0.5167891534108986
2024-05-26 16:00:00+00:00,0.47870157656911816
2024-05-26 17:00:00+00:00,0.4032521848994538
2024-05-26 18:00:00+00:00,0.38406714505063094
2024-05-26 19:00:00+00:00,0.3779435234985886
2024-05-26 20:00:00+00:00,0.38721126074882795
2024-05-26 21:00:00+00:00,0.39160620081058695
2024-05-26 22:00:00+00:00,0.38440048299336804
2024-05-26 23:00:00+00:00,0.37860691705837546
2024-05-27 00:00:00+00:00,0.34687306187371975
2024-05-27 01:00:00+00:00,0.33495413694855414
2024-05-27 02:00:00+00:00,0.309218000475312
2024-05-27 03:00:00+00:00,0.33349576135963094
2024-05-27 04:00:00+00:00,0.3210383136210928
2024-05-27 05:00:00+00:00,0.2826421828358395
2024-05-27 06:00:00+00:00,0.29058923923471686
2024-05-27 07:00:00+00:00,0.328045805322282
2024-05-27 08:00:00+00:00,0.38891247851141203
2024-05-27 09:00:00+00:00,0.38753526747238626
2024-05-27 10:00:00+00:00,0.34218378635094915
2024-05-27 11:00:00+00:00,0.2952138276705366
2024-05-27 12:00:00+00:00,0.23614156285343205
2024-05-27 13:00:00+00:00,0.186198556066297
2024-05-27 14:00:00+00:00,0.1172190315043161
2024-05-27 15:00:00+00:00,0.0848381391466143
2024-05-27 16:00:00+00:00,0.12413532393631281
2024-05-27 17:00:00+00:00,0.16688992759902757
2024-05-27 18:00:00+00:00,0.1652636782057602
2024-05-27 19:00:00+00:00,0.17674829656230212
2024-05-27 20:00:00+00:00,0.20984251338156024
2024-05-27 21:00:00+00:00,0.24473524959628887
2024-05-27 22:00:00+00:00,0.2733643890299276
2024-05-27 23:00:00+00:00,0.3072300499986943
2024-05-28 00:00:00+00:00,0.3673550792945628
2024-05-28 01:00:00+00:00,0.38620727461601345
2024-05-28 02:00:00+00:00,0.4365908547590504
2024-05-28 03:00:00+00:00,0.558869025697857
2024-05-28 04:00:00+00:00,0.6725109310906617
2024-05-28 05:00:00+00:00,0.7456124423691848
2024-05-28 06:00:00+00:00,0.8257434924980764
2024-05-28 07:00:00+00:00,0.7991862609780991
2024-05-28 08:00:00+00:00,0.747074366514067
2024-05-28 09:00:00+00:00,0.6688071608224275
2024-05-28 10:00:00+00:00,0.631505223727804
2024-05-28 11:00:00+00:00,0.5713341867752255
2024-05-28 12:00:00+00:00,0.5730933230707873
2024-05-28 13:00:00+00:00,0.5880309236834965
2024-05-28 14:00:00+00:00,0.5396298690149218
2024-05-28 15:00:00+00:00,0.5773977266191034
2024-05-28 16:00:00+00:00,0.6306179135538326
2024-05-28 17:00:00+00:00,0.6321220340760295
2024-05-28 18:00:00+00:00,0.6267063462563781
2024-05-28 19:00:00+00:00,0.6153636139926817
2024-05-28 20:00:00+00:00,0.632730172020155
2024-05-28 21:00:00+00:00,0.7106014028793465
2024-05-28 22:00:00+00:00,0.765798998417915
2024-05-28 23:00:00+00:00,0.7922796922416295
2024-05-29 00:00:00+00:00,0.8288031484140879
2024-05-29 01:00:00+00:00,0.7772181081118783
2024-05-29 02:00:00+00:00,0.7649839649543541
2024-05-29 03:00:00+00:00,0.7869741942897912
2024-05-29 04:00:00+00:00,0.7802383402197673
2024-05-29 05:00:00+00:00,0.7074714957577044
2024-05-29 06:00:00+00:00,0.6962625592089815
2024-05-29 07:00:00+00:00,0.5732333474316844
2024-05-29 08:00:00+00:00,0.4824520332655659
2024-05-29 09:00:00+00:00,0.443230865027458
2024-05-29 10:00:00+00:00,0.41091461883157565
2024-05-29 11:00:00+00:00,0.43498741244982264
2024-05-29 12:00:00+00:00,0.5017754059152396
2024-05-29 13:00:00+00:00,0.43202962421108226
2024-05-29 14:00:00+00:00,0.3278307588326422
2024-05-29 15:00:00+00:00,0.24286353639870492
2024-05-29 16:00:00+00:00,0.19092806175242882
2024-05-29 17:00:00+00:00,0.13643612863761234
2024-05-29 18:00:00+00:00,0.11375810478355441
2024-05-29 19:00:00+00:00,0.10793796155486997
2024-05-29 20:00:00+00:00,0.1143664596453374
2024-05-29 21:00:00+00:00,0.14271737611695234
2024-05-29 22:00:00+00:00,0.20272917410637895
2024-05-29 23:00:00+00:00,0.29172745300171393
2024-05-30 00:00:00+00:00,0.40261775573987374
2024-05-30 01:00:00+00:00,0.5326958113883048
2024-05-30 02:00:00+00:00,0.5991660132548862
2024-05-30 03:00:00+00:00,0.6332422356515002
2024-05-30 04:00:00+00:00,0.7082155487384701
2024-05-30 05:00:00+00:00,0.7421782894333596
2024-05-30 06:00:00+00:00,0.7172696187338419
2024-05-30 07:00:00+00:00,0.6973530103108077
2024-05-30 08:00:00+00:00,0.7169928334297463
2024-05-30 09:00:00+00:00,0.7270067321365352
2024-05-30 10:00:00+00:00,0.6721082866909984
2024-05-30 11:00:00+00:00,0.5847344502648438
2024-05-30 12:00:00+00:00,0.5172641273042693
2024-05-30 13:00:00+00:00,0.4727289050503933
2024-05-30 14:00:00+00:00,0.4354509707622435
2024-05-30 15:00:00+00:00,0.46874973334041214
2024-05-30 16:00:00+00:00,0.5342477692314999
2024-05-30 17:00:00+00:00,0.5663863204953297
2024-05-30 18:00:00+00:00,0.6210568886271733
2024-05-30 19:00:00+00:00,0.6132828758673243
2024-05-30 20:00:00+00:00,0.5513930138735963
2024-05-30 21:00:00+00:00,0.506239432515573
2024-05-30 22:00:00+00:00,0.47645748751718736
2024-05-30 23:00:00+00:00,0.48388766247124054
2024-05-31 00:00:00+00:00,0.5089465447802165
2024-05-31 01:00:00+00:00,0.5511703320631769
2024-05-31 02:00:00+00:00,0.563313747530496
2024-05-31 03:00:00+00:00,0.5951775878376359
2024-05-31 04:00:00+00:00,0.5772079842611176
2024-05-31 05:00:00+00:00,0.6148173910001501
2024-05-31 06:00:00+00:00,0.6310679802025565
2024-05-31 07:00:00+00:00,0.5409992454219937
2024-05-31 08:00:00+00:00,0.49672951772737556
2024-05-31 09:00:00+00:00,0.4551383339165307
2024-05-31 10:00:00+00:00,0.45029832697728855
2024-05-31 11:00:00+00:00,0.42892941640667065
2024-05-31 12:00:00+00:00,0.3359502518987895
2024-05-31 13:00:00+00:00,0.32126888414826854
2024-05-31 14:00:00+00:00,0.36409914934067444
2024-05-31 15:00:00+00:00,0.38469520561624543
2024-05-31 16:00:00+00:00,0.34198204967570334
2024-05-31 17:00:00+00:00,0.3233048646410701
2024-05-31 18:00:00+00:00,0.33017142656705983
2024-05-31 19:00:00+00:00,0.30255311018542375
2024-05-31 20:00:00+00:00,0.27030395669331403
2024-05-31 21:00:00+00:00,0.25338791155033913
2024-05-31 22:00:00+00:00,0.2745701755394733
2024-05-31 23:00:00+00:00,0.3369481003464849
2024-06-01 00:00:00+00:00,0.40846760273260063
2024-06-01 01:00:00+00:00,0.49111559923642367
2024-06-01 02:00:00+00:00,0.5356192147799538
2024-06-01 03:00:00+00:00,0.5468366076466369
2024-06-01 04:00:00+00:00,0.5435050216221518
2024-06-01 05:00:00+00:00,0.5170401622089882
2024-06-01 06:00:00+00:00,0.5007028470856282
2024-06-01 07:00:00+00:00,0.5136420365846041
2024-06-01 08:00:00+00:00,0.6297221366498533
2024-06-01 09:00:00+00:00,0.6763449695227705
2024-06-01 10:00:00+00:00,0.5743861610585376
2024-06-01 11:00:00+00:00,0.3867234467400977
2024-06-01 12:00:00+00:00,0.32873063811951314
2024-06-01 13:00:00+00:00,0.3076159189628557
2024-06-01 14:00:00+00:00,0.2436513628927672
2024-06-01 15:00:00+00:00,0.24579524079527137
2024-06-01 16:00:00+00:00,0.21365756479418968
2024-06-01 17:00:00+00:00,0.1893724951586246
2024-06-01 18:00:00+00:00,0.1918489099992626
2024-06-01 19:00:00+00:00,0.23126168218269294
2024-06-01 20:00:00+00:00,0.2577742258814474
2024-06-01 21:00:00+00:00,0.24310517992154337
2024-06-01 22:00:00+00:00,0.26204435922365404
2024-06-01 23:00:00+00:00,0.3296111951768182
2024-06-02 00:00:00+00:00,0.4239574781958742
2024-06-02 01:00:00+00:00,0.5081182205548626
2024-06-02 02:00:00+00:00,0.5373635456861791
2024-06-02 03:00:00+00:00,0.5962396627837894
2024-06-02 04:00:00+00:00,0.6007847108045192
2024-06-02 05:00:00+00:00,0.5863825608365524
2024-06-02 06:00:00+00:00,0.634045857583241
2024-06-02 07:00:00+00:00,0.6740660710797396
2024-06-02 08:00:00+00:00,0.6404810590439254
2024-06-02 09:00:00+00:00,0.552711270308606
2024-06-02 10:00:00+00:00,0.48892537268265185
2024-06-02 11:00:00+00:00,0.49317386252328665
2024-06-02 12:00:00+00:00,0.49939547297566017
2024-06-02 13:00:00+00:00,0.47887646046524707
2024-06-02 14:00:00+00:00,0.5237026020524054
2024-06-02 15:00:00+00:00,0.6380481926283612
2024-06-02 16:00:00+00:00,0.674246877153295
2024-06-02 17:00:00+00:00,0.7042392316287088
2024-06-02 18:00:00+00:00,0.6916522105497064
2024-06-02 19:00:00+00:00,0.651876401395532
2024-06-02 20:00:00+00:00,0.6193044778635824
2024-06-02 21:00:00+00:00,0.5463435962546799
2024-06-02 22:00:00+00:00,0.49012680077416415
2024-06-02 23:00:00+00:00,0.5615699570384616
2024-06-03 00:00:00+00:00,0.6445486066951747
2024-06-03 01:00:00+00:00,0.6951130524195112
2024-06-03 02:00:00+00:00,0.7554624021579367
2024-06-03 03:00:00+00:00,0.7646634307571158
2024-06-03 04:00:00+00:00,0.7375951697968784
2024-06-03 05:00:00+00:00,0.7411795805456229
2024-06-03 06:00:00+00:00,0.7706295147758058
2024-06-03 07:00:00+00:00,0.8211969752578993
2024-06-03 08:00:00+00:00,0.8616708218547877
2024-06-03 09:00:00+00:00,0.8910906325129553
2024-06-03 10:00:00+00:00,0.9092501833623396
2024-06-03 11:00:00+00:00,0.9085794404877048
2024-06-03 12:00:00+00:00,0.9021170457956401
2024-06-03 13:00:00+00:00,0.8687427867259646
2024-06-03 14:00:00+00:00,0.8301760845483783
2024-06-03 15:00:00+00:00,0.8315407425264111
2024-06-03 16:00:00+00:00,0.8115059020134118
2024-06-03 17:00:00+00:00,0.7491037539031277
2024-06-03 18:00:00+00:00,0.6192492031230143
2024-06-03 19:00:00+00:00,0.4991319974859585
2024-06-03 20:00:00+00:00,0.4563956902130543
2024-06-03 21:00:00+00:00,0.4587238947988482
2024-06-03 22:00:00+00:00,0.4745076487137818
2024-06-03 23:00:00+00:00,0.4830247512315384
2024-06-04 00:00:00+00:00,0.4883214363250934
2024-06-04 01:00:00+00:00,0.48092859076687355
2024-06-04 02:00:00+00:00,0.47682644102549876
2024-06-04 03:00:00+00:00,0.5308565577489901
2024-06-04 04:00:00+00:00,0.5747569671882558
2024-06-04 05:00:00+00:00,0.6333292704993511
2024-06-04 06:00:00+00:00,0.7092925936421565
2024-06-04 07:00:00+00:00,0.7945171299835811
2024-06-04 08:00:00+00:00,0.8307374816902643
2024-06-04 09:00:00+00:00,0.8275850339317719
2024-06-04 10:00:00+00:00,0.7808368527682175
2024-06-04 11:00:00+00:00,0.7189369614419827
2024-06-04 12:00:00+00:00,0.7153428135849693
2024-06-04 13:00:00+00:00,0.7160531259279336
2024-06-04 14:00:00+00:00,0.6623027100264666
2024-06-04 15:00:00+00:00,0.6213659597384947
2024-06-04 16:00:00+00:00,0.6267222625533446
2024-06-04 17:00:00+00:00,0.5943888214032107
2024-06-04 18:00:00+00:00,0.5766754385414917
2024-06-04 19:00:00+00:00,0.5980592511382629
2024-06-04 20:00:00+00:00,0.6094077409750365
2024-06-04 21:00:00+00:00,0.5986739484915865
2024-06-04 22:00:00+00:00,0.5882632051486959
2024-06-04 23:00:00+00:00,0.5639579058808505
2024-06-05 00:00:00+00:00,0.5227098089430241
2024-06-05 01:00:00+00:00,0.4960529050970815
2024-06-05 02:00:00+00:00,0.4878719737920456
2024-06-05 03:00:00+00:00,0.5426115059762933
2024-06-05 04:00:00+00:00,0.596631636461586
2024-06-05 05:00:00+00:00,0.6851872749926605
2024-06-05 06:00:00+00:00,0.700581513702222
2024-06-05 07:00:00+00:00,0.642038088349647
2024-06-05 08:00:00+00:00,0.6183678541354947
2024-06-05 09:00:00+00:00,0.5529170760337302
2024-06-05 10:00:00+00:00,0.5397142101069957
2024-06-05 11:00:00+00:00,0.49221203679560865
2024-06-05 12:00:00+00:00,0.4033943722547726
2024-06-05 13:00:00+00:00,0.33756370184875817
2024-06-05 14:00:00+00:00,0.3416832652696893
2024-06-05 15:00:00+00:00,0.3567363680274909
2024-06-05 16:00:00+00:00,0.3351075393082955
2024-06-05 17:00:00+00:00,0.3247953183024088
2024-06-05 18:00:00+00:00,0.30067988044419025
2024-06-05 19:00:00+00:00,0.3039579288770144
2024-06-05 20:00:00+00:00,0.2989400471809817
2024-06-05 21:00:00+00:00,0.30715915530683274
2024-06-05 22:00:00+00:00,0.3304455041603428
2024-06-05 23:00:00+00:00,0.396661653151041
2024-06-06 00:00:00+00:00,0.42357901433055184
2024-06-06 01:00:00+00:00,0.41864299612926187
2024-06-06 02:00:00+00:00,0.4007871816990948
2024-06-06 03:00:00+00:00,0.4752799035207294
2024-06-06 04:00:00+00:00,0.4885271921591563
2024-06-06 05:00:00+00:00,0.48413522918378776
2024-06-06 06:00:00+00:00,0.47957902675096764
2024-06-06 07:00:00+00:00,0.5058233146009902
2024-06-06 08:00:00+00:00,0.524165337813069
2024-06-06 09:00:00+00:00,0.5442101693364555
2024-06-06 10:00:00+00:00,0.5411220473162495
2024-06-06 11:00:00+00:00,0.5066700776949028
2024-06-06 12:00:00+00:00,0.4436743607703478
2024-06-06 13:00:00+00:00,0.36561466085982014
2024-06-06 14:00:00+00:00,0.24329137187976985
2024-06-06 15:00:00+00:00,0.2167206052402583
2024-06-06 16:00:00+00:00,0.20515760911111786
2024-06-06 17:00:00+00:00,0.19873459404827923
2024-06-06 18:00:00+00:00,0.20391932703497173
2024-06-06 19:00:00+00:00,0.21093354184588473
2024-06-06 20:00:00+00:00,0.2183166569118242
2024-06-06 21:00:00+00:00,0.2474479043963051
2024-06-06 22:00:00+00:00,0.28368086357416034
2024-06-06 23:00:00+00:00,0.3266280921051526
2024-06-07 00:00:00+00:00,0.433999152449495
2024-06-07 01:00:00+00:00,0.5453281660523965
2024-06-07 02:00:00+00:00,0.6206198417016293
2024-06-07 03:00:00+00:00,0.684140810923412
2024-06-07 04:00:00+00:00,0.6789911838542573
2024-06-07 05:00:00+00:00,0.6988774456777712
2024-06-07 06:00:00+00:00,0.6746053274001711
2024-06-07 07:00:00+00:00,0.6377862375868268
2024-06-07 08:00:00+00:00,0.5686092333224758
2024-06-07 09:00:00+00:00,0.4851687870139442
2024-06-07 10:00:00+00:00,0.37452015509409475
2024-06-07 11:00:00+00:00,0.34881403142025114
2024-06-07 12:00:00+00:00,0.4194446665612968
2024-06-07 13:00:00+00:00,0.45571965512602336
2024-06-07 14:00:00+00:00,0.3827592467952965
2024-06-07 15:00:00+00:00,0.41508339718139486
2024-06-07 16:00:00+00:00,0.39581782390459913
2024-06-07 17:00:00+00:00,0.3505150593798848
2024-06-07 18:00:00+00:00,0.37847020412628496
2024-06-07 19:00:00+00:00,0.4465389947695075
2024-06-07 20:00:00+00:00,0.49247708356451547
2024-06-07 21:00:00+00:00,0.5298399821853221
2024-06-07 22:00:00+00:00,0.5834671049101919
2024-06-07 23:00:00+00:00,0.6520531162574551
2024-06-08 00:00:00+00:00,0.7505774074726572
2024-06-08 01:00:00+00:00,0.84543322348936
2024-06-08 02:00:00+00:00,0.8995459841773258
2024-06-08 03:00:00+00:00,0.8945451035473119
2024-06-08 04:00:00+00:00,0.8782573296331498
2024-06-08 05:00:00+00:00,0.8339646021593062
2024-06-08 06:00:00+00:00,0.7842538674737584
2024-06-08 07:00:00+00:00,0.7523529903203994
2024-06-08 08:00:00+00:00,0.7283316236488527
2024-06-08 09:00:00+00:00,0.7491172235135293
2024-06-08 10:00:00+00:00,0.7245504733930914
2024-06-08 11:00:00+00:00,0.6590293938692586
2024-06-08 12:00:00+00:00,0.642640227616719
2024-06-08 13:00:00+00:00,0.656041678694359
2024-06-08 14:00:00+00:00,0.5972571257214412
2024-06-08 15:00:00+00:00,0.6308065737457779
2024-06-08 16:00:00+00:00,0.5963766319317862
2024-06-08 17:00:00+00:00,0.5581292673974864
2024-06-08 18:00:00+00:00,0.5553582360428585
2024-06-08 19:00:00+00:00,0.5671996900196928
2024-06-08 20:00:00+00:00,0.580951145040614
2024-06-08 21:00:00+00:00,0.5976496888729721
2024-06-08 22:00:00+00:00,0.6028212770111492
2024-06-08 23:00:00+00:00,0.6535782289498043
2024-06-09 00:00:00+00:00,0.7381656959183807
2024-06-09 01:00:00+00:00,0.7679901528008138
2024-06-09 02:00:00+00:00,0.7774178444086395
2024-06-09 03:00:00+00:00,0.8512620807703348
2024-06-09 04:00:00+00:00,0.8762638552399248
2024-06-09 05:00:00+00:00,0.8512448464455282
2024-06-09 06:00:00+00:00,0.793752857565665
2024-06-09 07:00:00+00:00,0.7166014296307889
2024-06-09 08:00:00+00:00,0.7013470863245772
2024-06-09 09:00:00+00:00,0.6854138851457043
2024-06-09 10:00:00+00:00,0.6671474559296193
2024-06-09 11:00:00+00:00,0.6022739880490955
2024-06-09 12:00:00+00:00,0.5529901464096966
2024-06-09 13:00:00+00:00,0.43654123159113095
2024-06-09 14:00:00+00:00,0.3235516911221111
2024-06-09 15:00:00+00:00,0.2796900539064775
2024-06-09 16:00:00+00:00,0.20674704743329464
2024-06-09 17:00:00+00:00,0.18767538281577945
2024-06-09 18:00:00+00:00,0.18571177932165203
2024-06-09 19:00:00+00:00,0.23339546292976968
2024-06-09 20:00:00+00:00,0.27080647457391716
2024-06-09 21:00:00+00:00,0.30387749671343467
2024-06-09 22:00:00+00:00,0.3914516671529558
2024-06-09 23:00:00+00:00,0.5348410530159687
2024-06-10 00:00:00+00:00,0.5544610821455894
2024-06-10 01:00:00+00:00,0.5171899905610985
2024-06-10 02:00:00+00:00,0.505304809744417
2024-06-10 03:00:00+00:00,0.47657478906655476
2024-06-10 04:00:00+00:00,0.43878363812125126
2024-06-10 05:00:00+00:00,0.43564817053237664
2024-06-10 06:00:00+00:00,0.4182624295726265
2024-06-10 07:00:00+00:00,0.32957203119989664
2024-06-10 08:00:00+00:00,0.3757005578993591
2024-06-10 09:00:00+00:00,0.40873997437696613
2024-06-10 10:00:00+00:00,0.34426986260294
2024-06-10 11:00:00+00:00,0.3473149930618519
2024-06-10 12:00:00+00:00,0.26452672971934366
2024-06-10 13:00:00+00:00,0.1645126059503622
2024-06-10 14:00:00+00:00,0.14014863620447934
2024-06-10 15:00:00+00:00,0.17281056874228182
2024-06-10 16:00:00+00:00,0.16879130200864012
2024-06-10 17:00:00+00:00,0.14237492408961153
2024-06-10 18:00:00+00:00,0.10165777303138097
2024-06-10 19:00:00+00:00,0.0958812375547498
2024-06-10 20:00:00+00:00,0.06222969419806048
2024-06-10 21:00:00+00:00,0.08168052744636728
2024-06-10 22:00:00+00:00,0.1080575810863254
2024-06-10 23:00:00+00:00,0.1482824330378803
2024-06-11 00:00:00+00:00,0.185885218546182
2024-06-11 01:00:00+00:00,0.19437820444800047
2024-06-11 02:00:00+00:00,0.20090002774531576
2024-06-11 03:00:00+00:00,0.23910031821954844
2024-06-11 04:00:00+00:00,0.25060446364823086
2024-06-11 05:00:00+00:00,0.24667686006219228
2024-06-11 06:00:00+00:00,0.22849107833661508
2024-06-11 07:00:00+00:00,0.2029523678786229
2024-06-11 08:00:00+00:00,0.18520864619026636
2024-06-11 09:00:00+00:00,0.18936767177759226
2024-06-11 10:00:00+00:00,0.18342468800715603
2024-06-11 11:00:00+00:00,0.21375542817150314
2024-06-11 12:00:00+00:00,0.23412739502182223
2024-06-11 13:00:00+00:00,0.17412976190004256
2024-06-11 14:00:00+00:00,0.10841113626088335
2024-06-11 15:00:00+00:00,0.08224189154446347
2024-06-11 16:00:00+00:00,0.0713029417027677
2024-06-11 17:00:00+00:00,0.06404074138361665
2024-06-11 18:00:00+00:00,0.05678457781056814
2024-06-11 19:00:00+00:00,0.04528102724240849
2024-06-11 20:00:00+00:00,0.05554120962995349
2024-06-11 21:00:00+00:00,0.08716542306156376
2024-06-11 22:00:00+00:00,0.1176059158238793
2024-06-11 23:00:00+00:00,0.1439951858324729
2024-06-12 00:00:00+00:00,0.1899141398870769
2024-06-12 01:00:00+00:00,0.25867352531126686
2024-06-12 02:00:00+00:00,0.29021544524503123
2024-06-12 03:00:00+00:00,0.2806495355134897
2024-06-12 04:00:00+00:00,0.27087776069369174
2024-06-12 05:00:00+00:00,0.25374012161850285
2024-06-12 06:00:00+00:00,0.22624811064051484
2024-06-12 07:00:00+00:00,0.1815866587234062
2024-06-12 08:00:00+00:00,0.15230199423724203
2024-06-12 09:00:00+00:00,0.14312352239912562
2024-06-12 10:00:00+00:00,0.11442629623654878
2024-06-12 11:00:00+00:00,0.08554601593812004
2024-06-12 12:00:00+00:00,0.06301104924303462
2024-06-12 13:00:00+00:00,0.058371912754525974
2024-06-12 14:00:00+00:00,0.050122541470146754
2024-06-12 15:00:00+00:00,0.050525978776154265
2024-06-12 16:00:00+00:00,0.046295984961880865
2024-06-12 17:00:00+00:00,0.04053781904861677
2024-06-12 18:00:00+00:00,0.03557171679047789
2024-06-12 19:00:00+00:00,0.04499986172005475
2024-06-12 20:00:00+00:00,0.06550333605713124
2024-06-12 21:00:00+00:00,0.0944783902831364
2024-06-12 22:00:00+00:00,0.12599889274352805
2024-06-12 23:00:00+00:00,0.13121902795727855
2024-06-13 00:00:00+00:00,0.13694598249262763
2024-06-13 01:00:00+00:00,0.18387778412788475
2024-06-13 02:00:00+00:00,0.25207518062266604
2024-06-13 03:00:00+00:00,0.33921528928514
2024-06-13 04:00:00+00:00,0.44486896524695496
2024-06-13 05:00:00+00:00,0.49962128808933626
2024-06-13 06:00:00+00:00,0.5494661632443214
2024-06-13 07:00:00+00:00,0.5723448518388676
2024-06-13 08:00:00+00:00,0.5555255951016014
2024-06-13 09:00:00+00:00,0.5140382087036617
2024-06-13 10:00:00+00:00,0.4763883005457375
2024-06-13 11:00:00+00:00,0.4402659965240707
2024-06-13 12:00:00+00:00,0.4032451125523014
2024-06-13 13:00:00+00:00,0.3463962353950952
2024-06-13 14:00:00+00:00,0.28859357252703344
2024-06-13 15:00:00+00:00,0.3033816358549757
2024-06-13 16:00:00+00:00,0.22058474851715798
2024-06-13 17:00:00+00:00,0.14878875724492555
2024-06-13 18:00:00+00:00,0.10166270418433614
2024-06-13 19:00:00+00:00,0.0990618598801051
2024-06-13 20:00:00+00:00,0.1262329605256369
2024-06-13 21:00:00+00:00,0.15707076483931195
2024-06-13 22:00:00+00:00,0.1928308935956292
2024-06-13 23:00:00+00:00,0.2371602475074839
2024-06-14 00:00:00+00:00,0.2920949578254497
2024-06-14 01:00:00+00:00,0.37645959265967
2024-06-14 02:00:00+00:00,0.4514931584220714
2024-06-14 03:00:00+00:00,0.5570698796634269
2024-06-14 04:00:00+00:00,0.5853563927040812
2024-06-14 05:00:00+00:00,0.5697097306402327
2024-06-14 06:00:00+00:00,0.563566099410415
2024-06-14 07:00:00+00:00,0.5215011615787994
2024-06-14 08:00:00+00:00,0.4739179618579097
2024-06-14 09:00:00+00:00,0.48014450859695634
2024-06-14 10:00:00+00:00,0.4406325436925014
2024-06-14 11:00:00+00:00,0.41293423397170664
2024-06-14 12:00:00+00:00,0.3808342897125599
2024-06-14 13:00:00+00:00,0.3437021276332428
2024-06-14 14:00:00+00:00,0.2626888925161795
2024-06-14 15:00:00+00:00,0.26998037075385833
2024-06-14 16:00:00+00:00,0.21324670087834213
2024-06-14 17:00:00+00:00,0.14814183731587338
2024-06-14 18:00:00+00:00,0.12926979240187847
2024-06-14 19:00:00+00:00,0.16949080812850745
2024-06-14 20:00:00+00:00,0.21999743643964736
2024-06-14 21:00:00+00:00,0.28016380713188344
2024-06-14 22:00:00+00:00,0.33886823108364794
2024-06-14 23:00:00+00:00,0.38429603959967895
2024-06-15 00:00:00+00:00,0.44556475155437253
2024-06-15 01:00:00+00:00,0.4758626476739024
2024-06-15 02:00:00+00:00,0.4878140611158446
2024-06-15 03:00:00+00:00,0.5430212723610998
2024-06-15 04:00:00+00:00,0.6192754292631716
2024-06-15 05:00:00+00:00,0.6499052263544166
2024-06-15 06:00:00+00:00,0.6228259433018599
2024-06-15 07:00:00+00:00,0.5778141550513132
2024-06-15 08:00:00+00:00,0.5499176797345152
2024-06-15 09:00:00+00:00,0.5361617311558599
2024-06-15 10:00:00+00:00,0.48923235017704875
2024-06-15 11:00:00+00:00,0.3999226068455713
2024-06-15 12:00:00+00:00,0.35141335444479715
2024-06-15 13:00:00+00:00,0.3205538245985228
2024-06-15 14:00:00+00:00,0.30935224821053076
2024-06-15 15:00:00+00:00,0.41535371664010856
2024-06-15 16:00:00+00:00,0.5146777047704976
2024-06-15 17:00:00+00:00,0.48637034572603927
2024-06-15 18:00:00+00:00,0.43426555379686704
2024-06-15 19:00:00+00:00,0.40765726307792466
2024-06-15 20:00:00+00:00,0.4134680592524412
2024-06-15 21:00:00+00:00,0.4190357632918496
2024-06-15 22:00:00+00:00,0.4541999953459015
2024-06-15 23:00:00+00:00,0.5238860606673826
2024-06-16 00:00:00+00:00,0.589363162703015
2024-06-16 01:00:00+00:00,0.6450073124511383
2024-06-16 02:00:00+00:00,0.7105922717667067
2024-06-16 03:00:00+00:00,0.8068308983348462
2024-06-16 04:00:00+00:00,0.8915210266824023
2024-06-16 05:00:00+00:00,0.9050221488568077
2024-06-16 06:00:00+00:00,0.8774089413559941
2024-06-16 07:00:00+00:00,0.8577103198137529
2024-06-16 08:00:00+00:00,0.8251567639652174
2024-06-16 09:00:00+00:00,0.8098126056498445
2024-06-16 10:00:00+00:00,0.763827099052588
2024-06-16 11:00:00+00:00,0.6700463919133252
2024-06-16 12:00:00+00:00,0.6987836294778056
2024-06-16 13:00:00+00:00,0.7072370679284371
2024-06-16 14:00:00+00:00,0.6923804051866731
2024-06-16 15:00:00+00:00,0.6959567206407453
2024-06-16 16:00:00+00:00,0.6814023116137039
2024-06-16 17:00:00+00:00,0.655867464350733
2024-06-16 18:00:00+00:00,0.6287542657162841
2024-06-16 19:00:00+00:00,0.6136007336260455
2024-06-16 20:00:00+00:00,0.6354267309515372
2024-06-16 21:00:00+00:00,0.673841191098085
2024-06-16 22:00:00+00:00,0.6956552437081545
2024-06-16 23:00:00+00:00,0.7470101593212805
2024-06-17 00:00:00+00:00,0.8201159729084694
2024-06-17 01:00:00+00:00,0.8548498513566762
2024-06-17 02:00:00+00:00,0.8890018817747062
2024-06-17 03:00:00+00:00,0.9364985200705326
2024-06-17 04:00:00+00:00,0.9471234104539962
2024-06-17 05:00:00+00:00,0.9340132040861246
2024-06-17 06:00:00+00:00,0.9075283944667766
2024-06-17 07:00:00+00:00,0.8779680349769693
2024-06-17 08:00:00+00:00,0.8545296324492534
2024-06-17 09:00:00+00:00,0.8203507423107415
2024-06-17 10:00:00+00:00,0.8150582958605199
2024-06-17 11:00:00+00:00,0.8143663383305221
2024-06-17 12:00:00+00:00,0.8129190490053918
2024-06-17 13:00:00+00:00,0.7789924976955864
2024-06-17 14:00:00+00:00,0.7795889645659145
2024-06-17 15:00:00+00:00,0.8263184365092031
2024-06-17 16:00:00+00:00,0.8239493963790191
2024-06-17 17:00:00+00:00,0.8226087570786018
2024-06-17 18:00:00+00:00,0.8320487988209516
2024-06-17 19:00:00+00:00,0.8174803883737181
2024-06-17 20:00:00+00:00,0.8336569742734662
2024-06-17 21:00:00+00:00,0.8615922222477316
2024-06-17 22:00:00+00:00,0.9000046468389815
2024-06-17 23:00:00+00:00,0.9230538114543972
2024-06-18 00:00:00+00:00,0.933440996165871
2024-06-18 01:00:00+00:00,0.9459095552944972
2024-06-18 02:00:00+00:00,0.9821590044080643
2024-06-18 03:00:00+00:00,1.0
2024-06-18 04:00:00+00:00,0.992852623777497
2024-06-18 05:00:00+00:00,0.9825020314841151
2024-06-18 06:00:00+00:00,0.9600306442944213
2024-06-18 07:00:00+00:00,0.9422146975220568
2024-06-18 08:00:00+00:00,0.912225398187237
2024-06-18 09:00:00+00:00,0.883522527140306
2024-06-18 10:00:00+00:00,0.8677674616701658
2024-06-18 11:00:00+00:00,0.8545685014543136
2024-06-18 12:00:00+00:00,0.8311788892753241
2024-06-18 13:00:00+00:00,0.8114978444262588
2024-06-18 14:00:00+00:00,0.7918422000925935
2024-06-18 15:00:00+00:00,0.7975934328475354
2024-06-18 16:00:00+00:00,0.8095631488975944
2024-06-18 17:00:00+00:00,0.8274398624040858
2024-06-18 18:00:00+00:00,0.8307440306512621
2024-06-18 19:00:00+00:00,0.8338868301292663
2024-06-18 20:00:00+00:00,0.8416970020503391
2024-06-18 21:00:00+00:00,0.8826693829435095
2024-06-18 22:00:00+00:00,0.8931514827959547
2024-06-18 23:00:00+00:00,0.9055430532565081
2024-06-19 00:00:00+00:00,0.9227940501734392
2024-06-19 01:00:00+00:00,0.9360606948082807
2024-06-19 02:00:00+00:00,0.9733741542434944
2024-06-19 03:00:00+00:00,0.9607124681545194
2024-06-19 04:00:00+00:00,0.9434701047772748
2024-06-19 05:00:00+00:00,0.8989377416427364
2024-06-19 06:00:00+00:00,0.8569923360332192
2024-06-19 07:00:00+00:00,0.8489312406711551
2024-06-19 08:00:00+00:00,0.8206695789826979
2024-06-19 09:00:00+00:00,0.7491940010845682
2024-06-19 10:00:00+00:00,0.6824812578729641
2024-06-19 11:00:00+00:00,0.5992712339368481
2024-06-19 12:00:00+00:00,0.5564814998449003
2024-06-19 13:00:00+00:00,0.527877897982468
2024-06-19 14:00:00+00:00,0.5506946975470804
2024-06-19 15:00:00+00:00,0.5357474996656854
2024-06-19 16:00:00+00:00,0.509482662808285
2024-06-19 17:00:00+00:00,0.5046678784035048
2024-06-19 18:00:00+00:00,0.5103389166643136
2024-06-19 19:00:00+00:00,0.5401249109007649
2024-06-19 20:00:00+00:00,0.5670927903950618
2024-06-19 21:00:00+00:00,0.6005697933808857
2024-06-19 22:00:00+00:00,0.6588927334312411
2024-06-19 23:00:00+00:00,0.7083066327159276
2024-06-20 00:00:00+00:00,0.7750178868239662
2024-06-20 01:00:00+00:00,0.8176766083629453
2024-06-20 02:00:00+00:00,0.7671717652118208
2024-06-20 03:00:00+00:00,0.7264236889985243
2024-06-20 04:00:00+00:00,0.6900327974248741
2024-06-20 05:00:00+00:00,0.6640144879190651
2024-06-20 06:00:00+00:00,0.623883663589886
2024-06-20 07:00:00+00:00,0.5193429755706884
2024-06-20 08:00:00+00:00,0.4268755156954295
2024-06-20 09:00:00+00:00,0.35848636344911833
2024-06-20 10:00:00+00:00,0.33143273987549177
2024-06-20 11:00:00+00:00,0.32756752907449355
2024-06-20 12:00:00+00:00,0.3262978427806348
2024-06-20 13:00:00+00:00,0.30474108079555745
2024-06-20 14:00:00+00:00,0.29231095159449977
2024-06-20 15:00:00+00:00,0.30462243298290176
2024-06-20 16:00:00+00:00,0.30874051051787904
2024-06-20 17:00:00+00:00,0.31738033148889905
2024-06-20 18:00:00+00:00,0.32955369345111923
2024-06-20 19:00:00+00:00,0.38418270399199667
2024-06-20 20:00:00+00:00,0.4474403955529811
2024-06-20 21:00:00+00:00,0.4733393276797464
2024-06-20 22:00:00+00:00,0.5000725811543428
2024-06-20 23:00:00+00:00,0.507760934685819
2024-06-21 00:00:00+00:00,0.5108203651882314
2024-06-21 01:00:00+00:00,0.48953224878061063
2024-06-21 02:00:00+00:00,0.4672364136295839
2024-06-21 03:00:00+00:00,0.4600250185349739
2024-06-21 04:00:00+00:00,0.48254940731279694
2024-06-21 05:00:00+00:00,0.5017932598653349
2024-06-21 06:00:00+00:00,0.4923444860303761
2024-06-21 07:00:00+00:00,0.4728706344925371
2024-06-21 08:00:00+00:00,0.4439997816885743
2024-06-21 09:00:00+00:00,0.4074016405497187
2024-06-21 10:00:00+00:00,0.3582271310134092
2024-06-21 11:00:00+00:00,0.3415080150719426
2024-06-21 12:00:00+00:00,0.3274185693329897
2024-06-21 13:00:00+00:00,0.28009553504680695
2024-06-21 14:00:00+00:00,0.2793391180849398
2024-06-21 15:00:00+00:00,0.3781611977648844
2024-06-21 16:00:00+00:00,0.40311707679649944
2024-06-21 17:00:00+00:00,0.39060804365291196
2024-06-21 18:00:00+00:00,0.38148634093725925
2024-06-21 19:00:00+00:00,0.39694747217174836
2024-06-21 20:00:00+00:00,0.40484701695149033
2024-06-21 21:00:00+00:00,0.4191961510509156
2024-06-21 22:00:00+00:00,0.4306480468726815
2024-06-21 23:00:00+00:00,0.459610952661431
2024-06-22 00:00:00+00:00,0.45586795128026
2024-06-22 01:00:00+00:00,0.42791407029613243
2024-06-22 02:00:00+00:00,0.4420432219446214
2024-06-22 03:00:00+00:00,0.5000078306551301
2024-06-22 04:00:00+00:00,0.573325115965116
2024-06-22 05:00:00+00:00,0.6052962896960491
2024-06-22 06:00:00+00:00,0.615671418991789
2024-06-22 07:00:00+00:00,0.5932762745264969
2024-06-22 08:00:00+00:00,0.5805881856179325
2024-06-22 09:00:00+00:00,0.5697049263479543
2024-06-22 10:00:00+00:00,0.515899035707839
2024-06-22 11:00:00+00:00,0.48876050965924084
2024-06-22 12:00:00+00:00,0.4820079873833436
2024-06-22 13:00:00+00:00,0.43687946193086846
2024-06-22 14:00:00+00:00,0.40932311957473494
2024-06-22 15:00:00+00:00,0.45715456015209843
2024-06-22 16:00:00+00:00,0.4430643760615922
2024-06-22 17:00:00+00:00,0.40607968454790727
2024-06-22 18:00:00+00:00,0.3728034058103156
2024-06-22 19:00:00+00:00,0.34434729096310457
2024-06-22 20:00:00+00:00,0.3304815618402559
2024-06-22 21:00:00+00:00,0.31024862398800945
2024-06-22 22:00:00+00:00,0.2859206769621439
2024-06-22 23:00:00+00:00,0.25821031988772186
2024-06-23 00:00:00+00:00,0.2615944810040686
2024-06-23 01:00:00+00:00,0.2551039684691085
2024-06-23 02:00:00+00:00,0.28369254722918186
2024-06-23 03:00:00+00:00,0.3867978631624348
2024-06-23 04:00:00+00:00,0.5363802762380917
2024-06-23 05:00:00+00:00,0.6310913780979893
2024-06-23 06:00:00+00:00,0.6766617252674855
2024-06-23 07:00:00+00:00,0.6822792278165865
2024-06-23 08:00:00+00:00,0.6676397410089531
2024-06-23 09:00:00+00:00,0.6224648130011724
2024-06-23 10:00:00+00:00,0.5731181818704905
2024-06-23 11:00:00+00:00,0.5400542632058093
2024-06-23 12:00:00+00:00,0.49335360121735533
2024-06-23 13:00:00+00:00,0.40889047488459124
2024-06-23 14:00:00+00:00,0.29134515656291293
2024-06-23 15:00:00+00:00,0.28019984810913695
2024-06-23 16:00:00+00:00,0.2183774269358687
2024-06-23 17:00:00+00:00,0.1387543643024672
2024-06-23 18:00:00+00:00,0.09544966252172823
2024-06-23 19:00:00+00:00,0.09405030523830647
2024-06-23 20:00:00+00:00,0.11141390045980176
2024-06-23 21:00:00+00:00,0.13530334887485346
2024-06-23 22:00:00+00:00,0.15252948883588135
2024-06-23 23:00:00+00:00,0.16405230151126285
2024-06-24 00:00:00+00:00,0.1796592133420674
2024-06-24 01:00:00+00:00,0.2254595160410273
2024-06-24 02:00:00+00:00,0.30194223871728426
2024-06-24 03:00:00+00:00,0.42463476110172993
2024-06-24 04:00:00+00:00,0.518903475378744
2024-06-24 05:00:00+00:00,0.5425286499025026
2024-06-24 06:00:00+00:00,0.5555725943612297
2024-06-24 07:00:00+00:00,0.5810628470052646
2024-06-24 08:00:00+00:00,0.5813027721787262
2024-06-24 09:00:00+00:00,0.5609844159851656
2024-06-24 10:00:00+00:00,0.5281603958130741
2024-06-24 11:00:00+00:00,0.4833602073752011
2024-06-24 12:00:00+00:00,0.4303106627648789
2024-06-24 13:00:00+00:00,0.3541572220326931
2024-06-24 14:00:00+00:00,0.25863599974956536
2024-06-24 15:00:00+00:00,0.2834641663411469
2024-06-24 16:00:00+00:00,0.23796368458922748
2024-06-24 17:00:00+00:00,0.20373564991160747
2024-06-24 18:00:00+00:00,0.20580992613225355
2024-06-24 19:00:00+00:00,0.25102328941823837
2024-06-24 20:00:00+00:00,0.27162980011261867
2024-06-24 21:00:00+00:00,0.2888716142543544
2024-06-24 22:00:00+00:00,0.30324348168581583
2024-06-24 23:00:00+00:00,0.33625781015406153
2024-06-25 00:00:00+00:00,0.3744293596532746
2024-06-25 01:00:00+00:00,0.43697439807669974
2024-06-25 02:00:00+00:00,0.49786676823536147
2024-06-25 03:00:00+00:00,0.6086409488416108
2024-06-25 04:00:00+00:00,0.7274868426400356
2024-06-25 05:00:00+00:00,0.7700792337961964
2024-06-25 06:00:00+00:00,0.769347480191223
2024-06-25 07:00:00+00:00,0.7484081186065527
2024-06-25 08:00:00+00:00,0.6985728644365838
2024-06-25 09:00:00+00:00,0.6673596493374628
2024-06-25 10:00:00+00:00,0.6470109538111235
2024-06-25 11:00:00+00:00,0.6400257791769856
2024-06-25 12:00:00+00:00,0.6228818692653888
2024-06-25 13:00:00+00:00,0.5493479745740407
2024-06-25 14:00:00+00:00,0.5612077020920259
2024-06-25 15:00:00+00:00,0.6353955192120927
2024-06-25 16:00:00+00:00,0.5864366328048625
2024-06-25 17:00:00+00:00,0.5100747953745925
2024-06-25 18:00:00+00:00,0.4567575619382952
2024-06-25 19:00:00+00:00,0.42529875834335756
2024-06-25 20:00:00+00:00,0.39009020943343
2024-06-25 21:00:00+00:00,0.36305108958898424
2024-06-25 22:00:00+00:00,0.34689752519638034
2024-06-25 23:00:00+00:00,0.3399919075715331
2024-06-26 00:00:00+00:00,0.3641157454575797
2024-06-26 01:00:00+00:00,0.4325734966477242
2024-06-26 02:00:00+00:00,0.5012809133372113
2024-06-26 03:00:00+00:00,0.5964820730382412
2024-06-26 04:00:00+00:00,0.7108884955320798
2024-06-26 05:00:00+00:00,0.7360837740372134
2024-06-26 06:00:00+00:00,0.7507193897684838
2024-06-26 07:00:00+00:00,0.7258004668535665
2024-06-26 08:00:00+00:00,0.6805104464219953
2024-06-26 09:00:00+00:00,0.6606443890321604
2024-06-26 10:00:00+00:00,0.6370711055142776
2024-06-26 11:00:00+00:00,0.5926699274545517
2024-06-26 12:00:00+00:00,0.5494343542582599
2024-06-26 13:00:00+00:00,0.45590293973688634
2024-06-26 14:00:00+00:00,0.4376335266738105
2024-06-26 15:00:00+00:00,0.42678544812180913
2024-06-26 16:00:00+00:00,0.2925600734620396
2024-06-26 17:00:00+00:00,0.18927710117192414
2024-06-26 18:00:00+00:00,0.1438331372072092
2024-06-26 19:00:00+00:00,0.13879349953779915
2024-06-26 20:00:00+00:00,0.16169694874065563
2024-06-26 21:00:00+00:00,0.20977040489079313
2024-06-26 22:00:00+00:00,0.2720295053864817
2024-06-26 23:00:00+00:00,0.3419784846701551
2024-06-27 00:00:00+00:00,0.42622022596240944
2024-06-27 01:00:00+00:00,0.46959895812436103
2024-06-27 02:00:00+00:00,0.536418240841132
2024-06-27 03:00:00+00:00,0.5494531524147653
2024-06-27 04:00:00+00:00,0.5133859985867782
2024-06-27 05:00:00+00:00,0.506641543948552
2024-06-27 06:00:00+00:00,0.48574405625694544
2024-06-27 07:00:00+00:00,0.4371592565697797
2024-06-27 08:00:00+00:00,0.4267912641903481
2024-06-27 09:00:00+00:00,0.3593496781918164
2024-06-27 10:00:00+00:00,0.2920792190032798
2024-06-27 11:00:00+00:00,0.2345241434910958
2024-06-27 12:00:00+00:00,0.20273474805865915
2024-06-27 13:00:00+00:00,0.15640229490019833
2024-06-27 14:00:00+00:00,0.10869470920770599
2024-06-27 15:00:00+00:00,0.09348586062025012
2024-06-27 16:00:00+00:00,0.07511005335068528
2024-06-27 17:00:00+00:00,0.07796327249195398
2024-06-27 18:00:00+00:00,0.10555436567142007
2024-06-27 19:00:00+00:00,0.14175662507165546
2024-06-27 20:00:00+00:00,0.19960407059010937
2024-06-27 21:00:00+00:00,0.27041062515602804
2024-06-27 22:00:00+00:00,0.31969737920420255
2024-06-27 23:00:00+00:00,0.3859064270338529
2024-06-28 00:00:00+00:00,0.47302784708323853
2024-06-28 01:00:00+00:00,0.570787007971189
2024-06-28 02:00:00+00:00,0.6190828307865425
2024-06-28 03:00:00+00:00,0.6252031549732728
2024-06-28 04:00:00+00:00,0.6659505174551704
2024-06-28 05:00:00+00:00,0.7013383458444856
2024-06-28 06:00:00+00:00,0.7070013730831322
2024-06-28 07:00:00+00:00,0.7186898152243144
2024-06-28 08:00:00+00:00,0.7165164492100724
2024-06-28 09:00:00+00:00,0.7178810638045738
2024-06-28 10:00:00+00:00,0.7196146088779619
2024-06-28 11:00:00+00:00,0.707735441886417
2024-06-28 12:00:00+00:00,0.6975161745797367
2024-06-28 13:00:00+00:00,0.6402214497499391
2024-06-28 14:00:00+00:00,0.6236137428981328
2024-06-28 15:00:00+00:00,0.6713501243735062
2024-06-28 16:00:00+00:00,0.6885854882517782
2024-06-28 17:00:00+00:00,0.7055371290400558
2024-06-28 18:00:00+00:00,0.7013438932966587
2024-06-28 19:00:00+00:00,0.6552114765405381
2024-06-28 20:00:00+00:00,0.5939573934403609
2024-06-28 21:00:00+00:00,0.5425845466906065
2024-06-28 22:00:00+00:00,0.48242511071126915
2024-06-28 23:00:00+00:00,0.4875622685942585
2024-06-29 00:00:00+00:00,0.5225659317268474
2024-06-29 01:00:00+00:00,0.6138961271390844
2024-06-29 02:00:00+00:00,0.7265567711267104
2024-06-29 03:00:00+00:00,0.8676202574794171
2024-06-29 04:00:00+00:00,0.9420160119744285
2024-06-29 05:00:00+00:00,0.9390004428008109
2024-06-29 06:00:00+00:00,0.9550091793356043
2024-06-29 07:00:00+00:00,0.9476575558690403
2024-06-29 08:00:00+00:00,0.9216548973337497
2024-06-29 09:00:00+00:00,0.9169802625598138
2024-06-29 10:00:00+00:00,0.8479535187113938
2024-06-29 11:00:00+00:00,0.7709427290143857
2024-06-29 12:00:00+00:00,0.6920599435845444
2024-06-29 13:00:00+00:00,0.5717765055229057
2024-06-29 14:00:00+00:00,0.5781518348540359
2024-06-29 15:00:00+00:00,0.6456730821269455
2024-06-29 16:00:00+00:00,0.5554205651264134
2024-06-29 17:00:00+00:00,0.4489961055655099
2024-06-29 18:00:00+00:00,0.392397432333425
2024-06-29 19:00:00+00:00,0.3746882654471445
2024-06-29 20:00:00+00:00,0.38620886617701944
2024-06-29 21:00:00+00:00,0.4185093686339318
2024-06-29 22:00:00+00:00,0.47033118533288665
2024-06-29 23:00:00+00:00,0.5410413770855406
2024-06-30 00:00:00+00:00,0.6114975378348418
2024-06-30 01:00:00+00:00,0.6706888840106936
2024-06-30 02:00:00+00:00,0.6709729151960676
2024-06-30 03:00:00+00:00,0.6746722243719108
2024-06-30 04:00:00+00:00,0.7324880900416555
2024-06-30 05:00:00+00:00,0.7361660274052927
2024-06-30 06:00:00+00:00,0.7112070392928926
2024-06-30 07:00:00+00:00,0.6688416713733015
2024-06-30 08:00:00+00:00,0.620037424009531
2024-06-30 09:00:00+00:00,0.5927720344643048
2024-06-30 10:00:00+00:00,0.578093671204105
2024-06-30 11:00:00+00:00,0.5342667918254749
2024-06-30 12:00:00+00:00,0.4870709760939725
2024-06-30 13:00:00+00:00,0.4040767814671694
2024-06-30 14:00:00+00:00,0.39646437789356304
2024-06-30 15:00:00+00:00,0.4156196622796351
2024-06-30 16:00:00+00:00,0.3025472822948725
2024-06-30 17:00:00+00:00,0.24626145135989055
2024-06-30 18:00:00+00:00,0.26706573123325494
2024-06-30 19:00:00+00:00,0.31031067480236285
2024-06-30 20:00:00+00:00,0.35653344629492917
2024-06-30 21:00:00+00:00,0.40611242866599023
2024-06-30 22:00:00+00:00,0.4396338859973318
2024-06-30 23:00:00+00:00,0.46969695754519875
2024-07-01 00:00:00+00:00,0.5158251150146552
2024-07-01 01:00:00+00:00,0.6148039856335278
2024-07-01 02:00:00+00:00,0.6752873591758439
2024-07-01 03:00:00+00:00,0.7359487772491703
2024-07-01 04:00:00+00:00,0.7746541395925056
2024-07-01 05:00:00+00:00,0.7602347037817884
2024-07-01 06:00:00+00:00,0.7376571911827362
2024-07-01 07:00:00+00:00,0.6823356063788077
2024-07-01 08:00:00+00:00,0.6234713304184383
2024-07-01 09:00:00+00:00,0.577621128993828
2024-07-01 10:00:00+00:00,0.524622222364533
2024-07-01 11:00:00+00:00,0.4843782258389738
2024-07-01 12:00:00+00:00,0.475444207547337
2024-07-01 13:00:00+00:00,0.4200044796981418
2024-07-01 14:00:00+00:00,0.42652058475678173
2024-07-01 15:00:00+00:00,0.4651834606677413
2024-07-01 16:00:00+00:00,0.4613913841611126
2024-07-01 17:00:00+00:00,0.49182563721470407
2024-07-01 18:00:00+00:00,0.5198602789926625
2024-07-01 19:00:00+00:00,0.5444176892172151
2024-07-01 20:00:00+00:00,0.5766322635401653
2024-07-01 21:00:00+00:00,0.6112891431251694
2024-07-01 22:00:00+00:00,0.6190239772300019
2024-07-01 23:00:00+00:00,0.6491962563702228
2024-07-02 00:00:00+00:00,0.6836869435881049
2024-07-02 01:00:00+00:00,0.7226744330136168
2024-07-02 02:00:00+00:00,0.7687073386135914
2024-07-02 03:00:00+00:00,0.8022774848123486
2024-07-02 04:00:00+00:00,0.8483128716249486
2024-07-02 05:00:00+00:00,0.8409492021424165
2024-07-02 06:00:00+00:00,0.8252814870991657
2024-07-02 07:00:00+00:00,0.7924163039093268
2024-07-02 08:00:00+00:00,0.7873972584500616
2024-07-02 09:00:00+00:00,0.7677322540833218
2024-07-02 10:00:00+00:00,0.7617646808887601
2024-07-02 11:00:00+00:00,0.7295280184191932
2024-07-02 12:00:00+00:00,0.6649933539387051
2024-07-02 13:00:00+00:00,0.5713737199098472
2024-07-02 14:00:00+00:00,0.5141030033456178
2024-07-02 15:00:00+00:00,0.5816404921112155
2024-07-02 16:00:00+00:00,0.5952517364028189
2024-07-02 17:00:00+00:00,0.5841885376814799
2024-07-02 18:00:00+00:00,0.5759360184519021
2024-07-02 19:00:00+00:00,0.5449199046784508
2024-07-02 20:00:00+00:00,0.5601261201386151
2024-07-02 21:00:00+00:00,0.5642256007082143
2024-07-02 22:00:00+00:00,0.5705004979231307
2024-07-02 23:00:00+00:00,0.5985001072463313
2024-07-03 00:00:00+00:00,0.6428154950232663
2024-07-03 01:00:00+00:00,0.7070686398994779
2024-07-03 02:00:00+00:00,0.7571864814147394
2024-07-03 03:00:00+00:00,0.8132648019410328
2024-07-03 04:00:00+00:00,0.8679100199185261
2024-07-03 05:00:00+00:00,0.875482332119919
2024-07-03 06:00:00+00:00,0.864128303869208
2024-07-03 07:00:00+00:00,0.7820156940917242
2024-07-03 08:00:00+00:00,0.7347775269952409
2024-07-03 09:00:00+00:00,0.712165559376235
2024-07-03 10:00:00+00:00,0.6623247877971888
2024-07-03 11:00:00+00:00,0.5982333290045294
2024-07-03 12:00:00+00:00,0.5016671470122607
2024-07-03 13:00:00+00:00,0.41755358442454465
2024-07-03 14:00:00+00:00,0.37802581880408176
2024-07-03 15:00:00+00:00,0.4194044309388413
2024-07-03 16:00:00+00:00,0.3816367567385391
2024-07-03 17:00:00+00:00,0.3262966353084943
2024-07-03 18:00:00+00:00,0.3240451324448653
2024-07-03 19:00:00+00:00,0.33894755490645667
2024-07-03 20:00:00+00:00,0.3657175163801034
2024-07-03 21:00:00+00:00,0.4242861113030788
2024-07-03 22:00:00+00:00,0.4662415607785857
2024-07-03 23:00:00+00:00,0.5148168568693408
2024-07-04 00:00:00+00:00,0.6091328836712335
2024-07-04 01:00:00+00:00,0.6880251754812621
2024-07-04 02:00:00+00:00,0.7186438502280771
2024-07-04 03:00:00+00:00,0.7823517636062165
2024-07-04 04:00:00+00:00,0.8523886644971246
2024-07-04 05:00:00+00:00,0.8688030674199267
2024-07-04 06:00:00+00:00,0.830009944856094
2024-07-04 07:00:00+00:00,0.8227374978167906
2024-07-04 08:00:00+00:00,0.7969606882343307
2024-07-04 09:00:00+00:00,0.7621544251230258
2024-07-04 10:00:00+00:00,0.7007208969991352
2024-07-04 11:00:00+00:00,0.6395643584796207
2024-07-04 12:00:00+00:00,0.6064492993803117
2024-07-04 13:00:00+00:00,0.5411523935180875
2024-07-04 14:00:00+00:00,0.5534765505621119
2024-07-04 15:00:00+00:00,0.5954174796419311
2024-07-04 16:00:00+00:00,0.5178730014307714
2024-07-04 17:00:00+00:00,0.4374374116727296
2024-07-04 18:00:00+00:00,0.4049449419695715
2024-07-04 19:00:00+00:00,0.3583326051998069
2024-07-04 20:00:00+00:00,0.30586155836259443
2024-07-04 21:00:00+00:00,0.2875457023975288
2024-07-04 22:00:00+00:00,0.29601687401127313
2024-07-04 23:00:00+00:00,0.33712958891529665
2024-07-05 00:00:00+00:00,0.36642898981098243
2024-07-05 01:00:00+00:00,0.3976249808527326
2024-07-05 02:00:00+00:00,0.4585456693585112
2024-07-05 03:00:00+00:00,0.5828139315704504
2024-07-05 04:00:00+00:00,0.7083350123422829
2024-07-05 05:00:00+00:00,0.706150237688456
2024-07-05 06:00:00+00:00,0.6323894140474133
2024-07-05 07:00:00+00:00,0.5537054330722297
2024-07-05 08:00:00+00:00,0.4608572376614802
2024-07-05 09:00:00+00:00,0.3761560714589219
2024-07-05 10:00:00+00:00,0.34947676146507656
2024-07-05 11:00:00+00:00,0.36457327320605126
2024-07-05 12:00:00+00:00,0.4016372500758137
2024-07-05 13:00:00+00:00,0.4096950585930724
2024-07-05 14:00:00+00:00,0.4423535914527346
2024-07-05 15:00:00+00:00,0.4766788985878161
2024-07-05 16:00:00+00:00,0.45526451386946676
2024-07-05 17:00:00+00:00,0.5114243820945465
2024-07-05 18:00:00+00:00,0.5615676857298227
2024-07-05 19:00:00+00:00,0.5637750480193258
2024-07-05 20:00:00+00:00,0.5746420832223343
2024-07-05 21:00:00+00:00,0.5677047951856558
2024-07-05 22:00:00+00:00,0.49547174527432597
2024-07-05 23:00:00+00:00,0.4191063848120745
2024-07-06 00:00:00+00:00,0.38149197765104836
2024-07-06 01:00:00+00:00,0.3742279108639133
2024-07-06 02:00:00+00:00,0.33706877355546166
2024-07-06 03:00:00+00:00,0.3380444296637588
2024-07-06 04:00:00+00:00,0.3505073610806788
2024-07-06 05:00:00+00:00,0.31295639260933156
2024-07-06 06:00:00+00:00,0.2635698430621153
2024-07-06 07:00:00+00:00,0.20920000411154405
2024-07-06 08:00:00+00:00,0.1774068622942446
2024-07-06 09:00:00+00:00,0.15068371617020562
2024-07-06 10:00:00+00:00,0.12321411322007329
2024-07-06 11:00:00+00:00,0.11233542046446794
2024-07-06 12:00:00+00:00,0.09096825987705193
2024-07-06 13:00:00+00:00,0.07400481544213527
2024-07-06 14:00:00+00:00,0.03745002388716767
2024-07-06 15:00:00+00:00,0.023435101980945162
2024-07-06 16:00:00+00:00,0.028187706686130628
2024-07-06 17:00:00+00:00,0.030315730800106536
2024-07-06 18:00:00+00:00,0.04056243012835508
2024-07-06 19:00:00+00:00,0.05845764501184339
2024-07-06 20:00:00+00:00,0.06547209094852047
2024-07-06 21:00:00+00:00,0.0841675655762111
2024-07-06 22:00:00+00:00,0.14614093334826714
2024-07-06 23:00:00+00:00,0.23306036524253598
2024-07-07 00:00:00+00:00,0.3148832869836674
2024-07-07 01:00:00+00:00,0.44567616183707964
2024-07-07 02:00:00+00:00,0.5259850122115466
2024-07-07 03:00:00+00:00,0.5690937378546583
2024-07-07 04:00:00+00:00,0.6029030778889948
2024-07-07 05:00:00+00:00,0.5753924401194508
2024-07-07 06:00:00+00:00,0.5360328722698535
2024-07-07 07:00:00+00:00,0.5280568323820155
2024-07-07 08:00:00+00:00,0.47675055531140853
2024-07-07 09:00:00+00:00,0.4530007944202847
2024-07-07 10:00:00+00:00,0.44901768558251404
2024-07-07 11:00:00+00:00,0.4363981200581323
2024-07-07 12:00:00+00:00,0.4104570709820679
2024-07-07 13:00:00+00:00,0.4076697110784653
2024-07-07 14:00:00+00:00,0.3280196077429497
2024-07-07 15:00:00+00:00,0.38233459465316133
2024-07-07 16:00:00+00:00,0.3756085539018102
2024-07-07 17:00:00+00:00,0.28873435306288453
2024-07-07 18:00:00+00:00,0.23226579792380783
2024-07-07 19:00:00+00:00,0.23393918139102773
2024-07-07 20:00:00+00:00,0.2930443504114465
2024-07-07 21:00:00+00:00,0.331356269893691
2024-07-07 22:00:00+00:00,0.34065077355366646
2024-07-07 23:00:00+00:00,0.3387447849801023
2024-07-08 00:00:00+00:00,0.3882223899801041
2024-07-08 01:00:00+00:00,0.45930368453352594
2024-07-08 02:00:00+00:00,0.5206427777359859
2024-07-08 03:00:00+00:00,0.5558402734259105
2024-07-08 04:00:00+00:00,0.6385681364805214
2024-07-08 05:00:00+00:00,0.6839053321642468
2024-07-08 06:00:00+00:00,0.6356838428002266
2024-07-08 07:00:00+00:00,0.5829910032980729
2024-07-08 08:00:00+00:00,0.6111344542268013
2024-07-08 09:00:00+00:00,0.5735200622138583
2024-07-08 10:00:00+00:00,0.47981033826886144
2024-07-08 11:00:00+00:00,0.3795859172777395
2024-07-08 12:00:00+00:00,0.36874554761775646
2024-07-08 13:00:00+00:00,0.3572099249424168
2024-07-08 14:00:00+00:00,0.36788560005170284
2024-07-08 15:00:00+00:00,0.35581884097075817
2024-07-08 16:00:00+00:00,0.31880238334840205
2024-07-08 17:00:00+00:00,0.29859122778887537
2024-07-08 18:00:00+00:00,0.2638266789192384
2024-07-08 19:00:00+00:00,0.24375811208500275
2024-07-08 20:00:00+00:00,0.20362490795220317
2024-07-08 21:00:00+00:00,0.1688136258362918
2024-07-08 22:00:00+00:00,0.18892955447186738
2024-07-08 23:00:00+00:00,0.24180244528258704
2024-07-09 00:00:00+00:00,0.3248371082844922
2024-07-09 01:00:00+00:00,0.3328369177561692
2024-07-09 02:00:00+00:00,0.26112617450873676
2024-07-09 03:00:00+00:00,0.20943028494518817
2024-07-09 04:00:00+00:00,0.193722614175566
2024-07-09 05:00:00+00:00,0.1707839033444465
2024-07-09 06:00:00+00:00,0.14550339449330207
2024-07-09 07:00:00+00:00,0.11686485196843398
2024-07-09 08:00:00+00:00,0.09943252400106355
2024-07-09 09:00:00+00:00,0.10387440334471859
2024-07-09 10:00:00+00:00,0.09822100905771247
2024-07-09 11:00:00+00:00,0.08691307960528055
2024-07-09 12:00:00+00:00,0.0789894097859648
2024-07-09 13:00:00+00:00,0.07481599069978095
2024-07-09 14:00:00+00:00,0.04107392767692011
2024-07-09 15:00:00+00:00,0.02865344021266797
2024-07-09 16:00:00+00:00,0.02463947816418769
2024-07-09 17:00:00+00:00,0.02707151588199426
2024-07-09 18:00:00+00:00,0.031028407617843465
2024-07-09 19:00:00+00:00,0.03606268962644261
2024-07-09 20:00:00+00:00,0.05646531391928532
2024-07-09 21:00:00+00:00,0.08200346230747396
2024-07-09 22:00:00+00:00,0.09364277646759601
2024-07-09 23:00:00+00:00,0.11561387807630007
2024-07-10 00:00:00+00:00,0.15076374374620122
2024-07-10 01:00:00+00:00,0.18215248933683517
2024-07-10 02:00:00+00:00,0.21474137239507224
2024-07-10 03:00:00+00:00,0.25168969148132303
2024-07-10 04:00:00+00:00,0.33830814173831897
2024-07-10 05:00:00+00:00,0.37912300209002026
2024-07-10 06:00:00+00:00,0.38331824670784354
2024-07-10 07:00:00+00:00,0.33659777706425914
2024-07-10 08:00:00+00:00,0.2926093338351769
2024-07-10 09:00:00+00:00,0.2789041042924468
2024-07-10 10:00:00+00:00,0.2600258304433048
2024-07-10 11:00:00+00:00,0.23876679126922573
2024-07-10 12:00:00+00:00,0.1864653060003447
2024-07-10 13:00:00+00:00,0.12769351939078286
2024-07-10 14:00:00+00:00,0.05818976819056497
2024-07-10 15:00:00+00:00,0.03884051596284482
2024-07-10 16:00:00+00:00,0.03402798269336121
2024-07-10 17:00:00+00:00,0.03943400802441784
2024-07-10 18:00:00+00:00,0.056105789676934005
2024-07-10 19:00:00+00:00,0.08056595470334411
2024-07-10 20:00:00+00:00,0.12243642983182894
2024-07-10 21:00:00+00:00,0.12379753339712592
2024-07-10 22:00:00+00:00,0.14289811581370448
2024-07-10 23:00:00+00:00,0.1687514946539464
2024-07-11 00:00:00+00:00,0.14790098463866128
2024-07-11 01:00:00+00:00,0.15910525091406508
2024-07-11 02:00:00+00:00,0.21661533510107045
2024-07-11 03:00:00+00:00,0.3066524369965567
2024-07-11 04:00:00+00:00,0.35509864072560005
2024-07-11 05:00:00+00:00,0.3824978386754826
2024-07-11 06:00:00+00:00,0.4223010752598015
2024-07-11 07:00:00+00:00,0.44052433005300706
2024-07-11 08:00:00+00:00,0.41551331123975993
2024-07-11 09:00:00+00:00,0.400293278377883
2024-07-11 10:00:00+00:00,0.3737193591294431
2024-07-11 11:00:00+00:00,0.3277547789762887
2024-07-11 12:00:00+00:00,0.2746637473093919
2024-07-11 13:00:00+00:00,0.24039163528914306
2024-07-11 14:00:00+00:00,0.1475520306853014
2024-07-11 15:00:00+00:00,0.11638350326279161
2024-07-11 16:00:00+00:00,0.09856592046130115
2024-07-11 17:00:00+00:00,0.08270348208835422
2024-07-11 18:00:00+00:00,0.09673407083623718
2024-07-11 19:00:00+00:00,0.10698901643384759
2024-07-11 20:00:00+00:00,0.12340588415583911
2024-07-11 21:00:00+00:00,0.14940572146007616
2024-07-11 22:00:00+00:00,0.16282816055028013
2024-07-11 23:00:00+00:00,0.19007318051518393
2024-07-12 00:00:00+00:00,0.19776878010870322
2024-07-12 01:00:00+00:00,0.2356144581517153
2024-07-12 02:00:00+00:00,0.3188603787786895
2024-07-12 03:00:00+00:00,0.4176450977905053
2024-07-12 04:00:00+00:00,0.5298603151427133
2024-07-12 05:00:00+00:00,0.6018865861278485
2024-07-12 06:00:00+00:00,0.6266565722583808
2024-07-12 07:00:00+00:00,0.6164455831802639
2024-07-12 08:00:00+00:00,0.5667946744931152
2024-07-12 09:00:00+00:00,0.502349582471694
2024-07-12 10:00:00+00:00,0.4570291349279986
2024-07-12 11:00:00+00:00,0.42250770722428305
2024-07-12 12:00:00+00:00,0.3692458452376761
2024-07-12 13:00:00+00:00,0.3365839626993938
2024-07-12 14:00:00+00:00,0.20475387954471982
2024-07-12 15:00:00+00:00,0.15958461836612967
2024-07-12 16:00:00+00:00,0.13852214013968242
2024-07-12 17:00:00+00:00,0.11043039522222073
2024-07-12 18:00:00+00:00,0.09783141062826561
2024-07-12 19:00:00+00:00,0.11793483782925082
2024-07-12 20:00:00+00:00,0.15801374432707055
2024-07-12 21:00:00+00:00,0.19562051670961134
2024-07-12 22:00:00+00:00,0.2590034517538515
2024-07-12 23:00:00+00:00,0.3508752845554934
2024-07-13 00:00:00+00:00,0.4319478733327566
2024-07-13 01:00:00+00:00,0.45355710701227875
2024-07-13 02:00:00+00:00,0.46733442660777513
2024-07-13 03:00:00+00:00,0.5403938823970019
2024-07-13 04:00:00+00:00,0.6418208383742895
2024-07-13 05:00:00+00:00,0.6917850903660241
2024-07-13 06:00:00+00:00,0.6747190531704133
2024-07-13 07:00:00+00:00,0.6356611208202145
2024-07-13 08:00:00+00:00,0.6082960478139168
2024-07-13 09:00:00+00:00,0.570629401204951
2024-07-13 10:00:00+00:00,0.518726269089868
2024-07-13 11:00:00+00:00,0.48183200396776177
2024-07-13 12:00:00+00:00,0.45190575800455546
2024-07-13 13:00:00+00:00,0.4001644551386784
2024-07-13 14:00:00+00:00,0.30239363037136613
2024-07-13 15:00:00+00:00,0.3048317635838075
2024-07-13 16:00:00+00:00,0.27632286619914825
2024-07-13 17:00:00+00:00,0.24344340975513964
2024-07-13 18:00:00+00:00,0.24810526565680135
2024-07-13 19:00:00+00:00,0.2762945666877147
2024-07-13 20:00:00+00:00,0.30392265774052746
2024-07-13 21:00:00+00:00,0.3186039852889759
2024-07-13 22:00:00+00:00,0.3305195818296048
2024-07-13 23:00:00+00:00,0.35078817646178034
2024-07-14 00:00:00+00:00,0.4223493815929281
2024-07-14 01:00:00+00:00,0.535908975809098
2024-07-14 02:00:00+00:00,0.6085613026791631
2024-07-14 03:00:00+00:00,0.6856828526651176
2024-07-14 04:00:00+00:00,0.7153301154783694
2024-07-14 05:00:00+00:00,0.7027349223881499
2024-07-14 06:00:00+00:00,0.6993377715194129
2024-07-14 07:00:00+00:00,0.6925687326992379
2024-07-14 08:00:00+00:00,0.6779888966205363
2024-07-14 09:00:00+00:00,0.6457186158185738
2024-07-14 10:00:00+00:00,0.6139546775170456
2024-07-14 11:00:00+00:00,0.5751972183129775
2024-07-14 12:00:00+00:00,0.5322958244107105
2024-07-14 13:00:00+00:00,0.47051510128259183
2024-07-14 14:00:00+00:00,0.42823215603531145
2024-07-14 15:00:00+00:00,0.4899523767073161
2024-07-14 16:00:00+00:00,0.39471210516190824
2024-07-14 17:00:00+00:00,0.280197561688568
2024-07-14 18:00:00+00:00,0.2241160437598501
2024-07-14 19:00:00+00:00,0.24977958194225441
2024-07-14 20:00:00+00:00,0.31446010283177933
2024-07-14 21:00:00+00:00,0.3507192750985795
2024-07-14 22:00:00+00:00,0.36615613791092316
2024-07-14 23:00:00+00:00,0.40145407218843826
2024-07-15 00:00:00+00:00,0.42637312225325585
2024-07-15 01:00:00+00:00,0.46226985320519937
2024-07-15 02:00:00+00:00,0.5151170223177742
2024-07-15 03:00:00+00:00,0.6303988533283171
2024-07-15 04:00:00+00:00,0.7202979551746391
2024-07-15 05:00:00+00:00,0.7746587404160212
2024-07-15 06:00:00+00:00,0.7828934141914455
2024-07-15 07:00:00+00:00,0.7399882940776579
2024-07-15 08:00:00+00:00,0.7134849226697452
2024-07-15 09:00:00+00:00,0.6814527516935215
2024-07-15 10:00:00+00:00,0.6586127916860053
2024-07-15 11:00:00+00:00,0.6347648389680816
2024-07-15 12:00:00+00:00,0.6094297534173907
2024-07-15 13:00:00+00:00,0.5507795070728357
2024-07-15 14:00:00+00:00,0.4229865924322421
2024-07-15 15:00:00+00:00,0.4285947188963621
2024-07-15 16:00:00+00:00,0.36819012659348765
2024-07-15 17:00:00+00:00,0.30024776416546023
2024-07-15 18:00:00+00:00,0.2780161327003846
2024-07-15 19:00:00+00:00,0.32848459991723955
2024-07-15 20:00:00+00:00,0.3629029226092127
2024-07-15 21:00:00+00:00,0.37284735730455015
2024-07-15 22:00:00+00:00,0.37974415954040813
2024-07-15 23:00:00+00:00,0.3788858442797273
2024-07-16 00:00:00+00:00,0.3771086808976266
2024-07-16 01:00:00+00:00,0.40657701419197817
2024-07-16 02:00:00+00:00,0.490203104090898
2024-07-16 03:00:00+00:00,0.6287898431766564
2024-07-16 04:00:00+00:00,0.7253859581064727
2024-07-16 05:00:00+00:00,0.781796104912501
2024-07-16 06:00:00+00:00,0.8219876564244873
2024-07-16 07:00:00+00:00,0.814047148046631
2024-07-16 08:00:00+00:00,0.7733124027248943
2024-07-16 09:00:00+00:00,0.7320683452276859
2024-07-16 10:00:00+00:00,0.7086694674109562
2024-07-16 11:00:00+00:00,0.6789295570416185
2024-07-16 12:00:00+00:00,0.6424417374034412
2024-07-16 13:00:00+00:00,0.5746653553055258
2024-07-16 14:00:00+00:00,0.4929014741762615
2024-07-16 15:00:00+00:00,0.4672729931410751
2024-07-16 16:00:00+00:00,0.37134000705919756
2024-07-16 17:00:00+00:00,0.2786781782615418
2024-07-16 18:00:00+00:00,0.22610364442059208
2024-07-16 19:00:00+00:00,0.22483137713198553
2024-07-16 20:00:00+00:00,0.2618529987322492
2024-07-16 21:00:00+00:00,0.28453788958474374
2024-07-16 22:00:00+00:00,0.29330335783123895
2024-07-16 23:00:00+00:00,0.2965490277245389
2024-07-17 00:00:00+00:00,0.33764157532395583
2024-07-17 01:00:00+00:00,0.40735738432232843
2024-07-17 02:00:00+00:00,0.4629976433630407
2024-07-17 03:00:00+00:00,0.5783954443377572
2024-07-17 04:00:00+00:00,0.661051633351516
2024-07-17 05:00:00+00:00,0.6635485592750949
2024-07-17 06:00:00+00:00,0.6832570983649431
2024-07-17 07:00:00+00:00,0.6671216653601183
2024-07-17 08:00:00+00:00,0.6345904859417665
2024-07-17 09:00:00+00:00,0.5380459557662464
2024-07-17 10:00:00+00:00,0.41307340642465684
2024-07-17 11:00:00+00:00,0.31078073645076737
2024-07-17 12:00:00+00:00,0.2588094295020243
2024-07-17 13:00:00+00:00,0.23005032504693773
2024-07-17 14:00:00+00:00,0.18334886574148065
2024-07-17 15:00:00+00:00,0.17250034384594023
2024-07-17 16:00:00+00:00,0.14865282684328454
2024-07-17 17:00:00+00:00,0.15079124416913747
2024-07-17 18:00:00+00:00,0.1513904587354332
2024-07-17 19:00:00+00:00,0.16241569343217888
2024-07-17 20:00:00+00:00,0.1804839420487894
2024-07-17 21:00:00+00:00,0.228342603876064
2024-07-17 22:00:00+00:00,0.25793651517685207
2024-07-17 23:00:00+00:00,0.23607492625518725
2024-07-18 00:00:00+00:00,0.2367664148453625
2024-07-18 01:00:00+00:00,0.30386258214221046
2024-07-18 02:00:00+00:00,0.32540013357416253
2024-07-18 03:00:00+00:00,0.3141426666163728
2024-07-18 04:00:00+00:00,0.30286726635277816
2024-07-18 05:00:00+00:00,0.2826326420380505
2024-07-18 06:00:00+00:00,0.2667964930006051
2024-07-18 07:00:00+00:00,0.2272878224607677
2024-07-18 08:00:00+00:00,0.2022737768869865
2024-07-18 09:00:00+00:00,0.19762846862113354
2024-07-18 10:00:00+00:00,0.17337662375702745
2024-07-18 11:00:00+00:00,0.1438084054127945
2024-07-18 12:00:00+00:00,0.13828712421049258
2024-07-18 13:00:00+00:00,0.13095488555423884
2024-07-18 14:00:00+00:00,0.1173929982725891
2024-07-18 15:00:00+00:00,0.15629953551059023
2024-07-18 16:00:00+00:00,0.16679232835511507
2024-07-18 17:00:00+00:00,0.18817642793394693
2024-07-18 18:00:00+00:00,0.2170316483861569
2024-07-18 19:00:00+00:00,0.22044266466771473
2024-07-18 20:00:00+00:00,0.2324902019519689
2024-07-18 21:00:00+00:00,0.23902566174167036
2024-07-18 22:00:00+00:00,0.24851284128172588
2024-07-18 23:00:00+00:00,0.23329008002955284
2024-07-19 00:00:00+00:00,0.22963224641364854
2024-07-19 01:00:00+00:00,0.22959040635973926
2024-07-19 02:00:00+00:00,0.22473364582137256
2024-07-19 03:00:00+00:00,0.25586347112080654
2024-07-19 04:00:00+00:00,0.2944281523488838
2024-07-19 05:00:00+00:00,0.3188304263908587
2024-07-19 06:00:00+00:00,0.31116894302806486
2024-07-19 07:00:00+00:00,0.31058788291512596
2024-07-19 08:00:00+00:00,0.29275370938351875
2024-07-19 09:00:00+00:00,0.2748739577644693
2024-07-19 10:00:00+00:00,0.22937822950994358
2024-07-19 11:00:00+00:00,0.18161082714651142
2024-07-19 12:00:00+00:00,0.1446473519512248
2024-07-19 13:00:00+00:00,0.10927590268885136
2024-07-19 14:00:00+00:00,0.06889973859610285
2024-07-19 15:00:00+00:00,0.06227118555683533
2024-07-19 16:00:00+00:00,0.06386415150241731
2024-07-19 17:00:00+00:00,0.06548335092720398
2024-07-19 18:00:00+00:00,0.06339222877281717
2024-07-19 19:00:00+00:00,0.0688268856800881
2024-07-19 20:00:00+00:00,0.08553114359353314
2024-07-19 21:00:00+00:00,0.1103442332510238
2024-07-19 22:00:00+00:00,0.14769435205957968
2024-07-19 23:00:00+00:00,0.1518773029053167
2024-07-20 00:00:00+00:00,0.15934181364691766
2024-07-20 01:00:00+00:00,0.20640601187825733
2024-07-20 02:00:00+00:00,0.26266243922708193
2024-07-20 03:00:00+00:00,0.3633573757306538
2024-07-20 04:00:00+00:00,0.469374645888522
2024-07-20 05:00:00+00:00,0.5405650972394129
2024-07-20 06:00:00+00:00,0.5567911433296138
2024-07-20 07:00:00+00:00,0.5415692479404237
2024-07-20 08:00:00+00:00,0.5628996281505976
2024-07-20 09:00:00+00:00,0.5646883658250674
2024-07-20 10:00:00+00:00,0.5394468807497319
2024-07-20 11:00:00+00:00,0.48221525451887937
2024-07-20 12:00:00+00:00,0.3876544938767404
2024-07-20 13:00:00+00:00,0.2977676597723857
2024-07-20 14:00:00+00:00,0.18799658656552037
2024-07-20 15:00:00+00:00,0.18052973568007732
2024-07-20 16:00:00+00:00,0.16667672107726464
2024-07-20 17:00:00+00:00,0.10212219413378451
2024-07-20 18:00:00+00:00,0.05418153566047831
2024-07-20 19:00:00+00:00,0.04680768988372648
2024-07-20 20:00:00+00:00,0.10257514781191811
2024-07-20 21:00:00+00:00,0.20083095176340054
2024-07-20 22:00:00+00:00,0.2685271435247714
2024-07-20 23:00:00+00:00,0.3379007871163346
2024-07-21 00:00:00+00:00,0.4044803671448547
2024-07-21 01:00:00+00:00,0.5127210456782575
2024-07-21 02:00:00+00:00,0.5326460230737421
2024-07-21 03:00:00+00:00,0.5361499819555529
2024-07-21 04:00:00+00:00,0.4663495429669395
2024-07-21 05:00:00+00:00,0.3954572496361736
2024-07-21 06:00:00+00:00,0.3274071480760278
2024-07-21 07:00:00+00:00,0.2742397774817484
2024-07-21 08:00:00+00:00,0.2491629559740378
2024-07-21 09:00:00+00:00,0.229400754275652
2024-07-21 10:00:00+00:00,0.2285673091666984
2024-07-21 11:00:00+00:00,0.21425334392708462
2024-07-21 12:00:00+00:00,0.19485308658520198
2024-07-21 13:00:00+00:00,0.14702022172649926
2024-07-21 14:00:00+00:00,0.10539370929598815
2024-07-21 15:00:00+00:00,0.11034373101434077
2024-07-21 16:00:00+00:00,0.14425539146925243
2024-07-21 17:00:00+00:00,0.17981443853319065
2024-07-21 18:00:00+00:00,0.22289245366125862
2024-07-21 19:00:00+00:00,0.2640428444870732
2024-07-21 20:00:00+00:00,0.2834112443256451
2024-07-21 21:00:00+00:00,0.2957822935804337
2024-07-21 22:00:00+00:00,0.3191517359964165
2024-07-21 23:00:00+00:00,0.39689177440559514
2024-07-22 00:00:00+00:00,0.44985294238774304
2024-07-22 01:00:00+00:00,0.439321900488823
2024-07-22 02:00:00+00:00,0.42921044288480587
2024-07-22 03:00:00+00:00,0.3571375183344824
2024-07-22 04:00:00+00:00,0.2694909919011469
2024-07-22 05:00:00+00:00,0.19230061455706546
2024-07-22 06:00:00+00:00,0.1694656953182273
2024-07-22 07:00:00+00:00,0.17076554162626806
2024-07-22 08:00:00+00:00,0.15721118735256934
2024-07-22 09:00:00+00:00,0.1636750100497264
2024-07-22 10:00:00+00:00,0.15253477754144196
2024-07-22 11:00:00+00:00,0.1390832777757442
2024-07-22 12:00:00+00:00,0.15634320352959932
2024-07-22 13:00:00+00:00,0.15795522048536947
2024-07-22 14:00:00+00:00,0.12107290401935646
2024-07-22 15:00:00+00:00,0.1274300372127867
2024-07-22 16:00:00+00:00,0.16080837194832903
2024-07-22 17:00:00+00:00,0.20007615445337612
2024-07-22 18:00:00+00:00,0.2088606713239652
2024-07-22 19:00:00+00:00,0.2084485779911408
2024-07-22 20:00:00+00:00,0.18044556031309375
2024-07-22 21:00:00+00:00,0.18026676904304717
2024-07-22 22:00:00+00:00,0.19209972516218987
2024-07-22 23:00:00+00:00,0.18784314978817737
2024-07-23 00:00:00+00:00,0.17444017753931101
2024-07-23 01:00:00+00:00,0.14995521860773023
2024-07-23 02:00:00+00:00,0.11810628329128474
2024-07-23 03:00:00+00:00,0.12443910135296739
2024-07-23 04:00:00+00:00,0.11474261554293683
2024-07-23 05:00:00+00:00,0.11459350732129639
2024-07-23 06:00:00+00:00,0.11942199611368966
2024-07-23 07:00:00+00:00,0.12443510030677468
2024-07-23 08:00:00+00:00,0.10104780871288518
2024-07-23 09:00:00+00:00,0.08084193788209533
2024-07-23 10:00:00+00:00,0.07937651181855025
2024-07-23 11:00:00+00:00,0.0726194095432325
2024-07-23 12:00:00+00:00,0.06700454836429402
2024-07-23 13:00:00+00:00,0.04949067298736068
2024-07-23 14:00:00+00:00,0.029241290245969248
2024-07-23 15:00:00+00:00,0.024310907348503677
2024-07-23 16:00:00+00:00,0.03298837011293666
2024-07-23 17:00:00+00:00,0.05131639768929437
2024-07-23 18:00:00+00:00,0.055672045648102096
2024-07-23 19:00:00+00:00,0.06907878622666762
2024-07-23 20:00:00+00:00,0.09501180493874527
2024-07-23 21:00:00+00:00,0.11467949604759087
2024-07-23 22:00:00+00:00,0.12191765993803128
2024-07-23 23:00:00+00:00,0.13756422825729878
2024-07-24 00:00:00+00:00,0.15762328733753525
2024-07-24 01:00:00+00:00,0.1629264821299921
2024-07-24 02:00:00+00:00,0.15009880186432809
2024-07-24 03:00:00+00:00,0.20250244211791749
2024-07-24 04:00:00+00:00,0.25643119416003257
2024-07-24 05:00:00+00:00,0.29055512643852094
2024-07-24 06:00:00+00:00,0.27699392063984524
2024-07-24 07:00:00+00:00,0.23547988757071622
2024-07-24 08:00:00+00:00,0.1980274139962894
2024-07-24 09:00:00+00:00,0.15394230235311593
2024-07-24 10:00:00+00:00,0.1273595822491698
2024-07-24 11:00:00+00:00,0.10601621763724106
2024-07-24 12:00:00+00:00,0.08249188885551605
2024-07-24 13:00:00+00:00,0.0549517887151295
2024-07-24 14:00:00+00:00,0.029181941864099042
2024-07-24 15:00:00+00:00,0.011059169150474227
2024-07-24 16:00:00+00:00,0.006344703197055082
2024-07-24 17:00:00+00:00,0.00823101394070682
2024-07-24 18:00:00+00:00,0.02590789849044424
2024-07-24 19:00:00+00:00,0.054309741226653156
2024-07-24 20:00:00+00:00,0.09061454656952166
2024-07-24 21:00:00+00:00,0.11737958187931939
2024-07-24 22:00:00+00:00,0.1352075501559571
2024-07-24 23:00:00+00:00,0.12498063169350833
2024-07-25 00:00:00+00:00,0.14145827540477995
2024-07-25 01:00:00+00:00,0.15664399120633343
2024-07-25 02:00:00+00:00,0.19789572881781753
2024-07-25 03:00:00+00:00,0.2751692795139167
2024-07-25 04:00:00+00:00,0.34381713845984097
2024-07-25 05:00:00+00:00,0.3825125072259303
2024-07-25 06:00:00+00:00,0.3670467583929599
2024-07-25 07:00:00+00:00,0.311580333547679
2024-07-25 08:00:00+00:00,0.25612647477845024
2024-07-25 09:00:00+00:00,0.20792748787377258
2024-07-25 10:00:00+00:00,0.18130413970717552
2024-07-25 11:00:00+00:00,0.149872740368346
2024-07-25 12:00:00+00:00,0.10811661790213355
2024-07-25 13:00:00+00:00,0.08722557649716686
2024-07-25 14:00:00+00:00,0.05814131912561973
2024-07-25 15:00:00+00:00,0.03282625981075236
2024-07-25 16:00:00+00:00,0.03430367184022766
2024-07-25 17:00:00+00:00,0.048719202554662625
2024-07-25 18:00:00+00:00,0.07636997108321467
2024-07-25 19:00:00+00:00,0.09821375110135115
2024-07-25 20:00:00+00:00,0.09841649058692759
2024-07-25 21:00:00+00:00,0.09060789656104844
2024-07-25 22:00:00+00:00,0.08054097081445845
2024-07-25 23:00:00+00:00,0.0807866297723609
2024-07-26 00:00:00+00:00,0.1012412685333794
2024-07-26 01:00:00+00:00,0.13425203123686516
2024-07-26 02:00:00+00:00,0.20182150928325066
2024-07-26 03:00:00+00:00,0.28572889915731897
2024-07-26 04:00:00+00:00,0.35050894139811956
2024-07-26 05:00:00+00:00,0.370426643556136
2024-07-26 06:00:00+00:00,0.3755136224920145
2024-07-26 07:00:00+00:00,0.35120054343622964
2024-07-26 08:00:00+00:00,0.32100801036895094
2024-07-26 09:00:00+00:00,0.27983292064789966
2024-07-26 10:00:00+00:00,0.2383550915696438
2024-07-26 11:00:00+00:00,0.19433903522890217
2024-07-26 12:00:00+00:00,0.15784735702328023
2024-07-26 13:00:00+00:00,0.1446849092913631
2024-07-26 14:00:00+00:00,0.10455116149060792
2024-07-26 15:00:00+00:00,0.06310230487466513
2024-07-26 16:00:00+00:00,0.07241441932004176
2024-07-26 17:00:00+00:00,0.08537437445482961
2024-07-26 18:00:00+00:00,0.08930831894167948
2024-07-26 19:00:00+00:00,0.09946291152571535
2024-07-26 20:00:00+00:00,0.10480503403561182
2024-07-26 21:00:00+00:00,0.12327344334470733
2024-07-26 22:00:00+00:00,0.14345298977164106
2024-07-26 23:00:00+00:00,0.16455182824198072
2024-07-27 00:00:00+00:00,0.20115796145885645
2024-07-27 01:00:00+00:00,0.26849696543411794
2024-07-27 02:00:00+00:00,0.32972186168503065
2024-07-27 03:00:00+00:00,0.4047304990171608
2024-07-27 04:00:00+00:00,0.476222964677986
2024-07-27 05:00:00+00:00,0.5162939260243055
2024-07-27 06:00:00+00:00,0.5187687589567732
2024-07-27 07:00:00+00:00,0.4942730773153936
2024-07-27 08:00:00+00:00,0.470067381719075
2024-07-27 09:00:00+00:00,0.45035445174585054
2024-07-27 10:00:00+00:00,0.42072363924468514
2024-07-27 11:00:00+00:00,0.37529232996688555
2024-07-27 12:00:00+00:00,0.3105910123138649
2024-07-27 13:00:00+00:00,0.2380243664723972
2024-07-27 14:00:00+00:00,0.16531428697520947
2024-07-27 15:00:00+00:00,0.13980074637684134
2024-07-27 16:00:00+00:00,0.13336887731367036
2024-07-27 17:00:00+00:00,0.17273415613520146
2024-07-27 18:00:00+00:00,0.21655241245849866
2024-07-27 19:00:00+00:00,0.2729440510184708
2024-07-27 20:00:00+00:00,0.3017917505016597
2024-07-27 21:00:00+00:00,0.3223391638240524
2024-07-27 22:00:00+00:00,0.31553853590001485
2024-07-27 23:00:00+00:00,0.3441305351261706
2024-07-28 00:00:00+00:00,0.38134289274805616
2024-07-28 01:00:00+00:00,0.4652659334841841
2024-07-28 02:00:00+00:00,0.5606841846660701
2024-07-28 03:00:00+00:00,0.6462301888183307
2024-07-28 04:00:00+00:00,0.7344986284431728
2024-07-28 05:00:00+00:00,0.7213245519002485
2024-07-28 06:00:00+00:00,0.7122824787528428
2024-07-28 07:00:00+00:00,0.6982453407908914
2024-07-28 08:00:00+00:00,0.6860201483789747
2024-07-28 09:00:00+00:00,0.6800675991544426
2024-07-28 10:00:00+00:00,0.6835773151754954
2024-07-28 11:00:00+00:00,0.6972292063292801
2024-07-28 12:00:00+00:00,0.6982999461597215
2024-07-28 13:00:00+00:00,0.673052882468376
2024-07-28 14:00:00+00:00,0.6383419427009211
2024-07-28 15:00:00+00:00,0.6545721237839681
2024-07-28 16:00:00+00:00,0.6619513568915089
2024-07-28 17:00:00+00:00,0.6986712577437346
2024-07-28 18:00:00+00:00,0.7388463856968122
2024-07-28 19:00:00+00:00,0.7415009669038785
2024-07-28 20:00:00+00:00,0.7304703825115575
2024-07-28 21:00:00+00:00,0.7082972573901585
2024-07-28 22:00:00+00:00,0.6908717577375758
2024-07-28 23:00:00+00:00,0.6964578106247149
2024-07-29 00:00:00+00:00,0.7112936243619805
2024-07-29 01:00:00+00:00,0.7297371784143614
2024-07-29 02:00:00+00:00,0.716164225042261
2024-07-29 03:00:00+00:00,0.7314626602607375
2024-07-29 04:00:00+00:00,0.7780916751784348
2024-07-29 05:00:00+00:00,0.8141147495669223
2024-07-29 06:00:00+00:00,0.8338073416659555
2024-07-29 07:00:00+00:00,0.8344574259897953
2024-07-29 08:00:00+00:00,0.8227075900416914
2024-07-29 09:00:00+00:00,0.8015520586954447
2024-07-29 10:00:00+00:00,0.7932815838175431
2024-07-29 11:00:00+00:00,0.7901803960153079
2024-07-29 12:00:00+00:00,0.7694429328541498
2024-07-29 13:00:00+00:00,0.7059525917187013
2024-07-29 14:00:00+00:00,0.7078372094200361
2024-07-29 15:00:00+00:00,0.8266232339811422
2024-07-29 16:00:00+00:00,0.8298886891870538
2024-07-29 17:00:00+00:00,0.8025573542516987
2024-07-29 18:00:00+00:00,0.7527855566671157
2024-07-29 19:00:00+00:00,0.6982980253538642
2024-07-29 20:00:00+00:00,0.6540006774977628
2024-07-29 21:00:00+00:00,0.6408749234483305
2024-07-29 22:00:00+00:00,0.6549670701374961
2024-07-29 23:00:00+00:00,0.6863272943460857
2024-07-30 00:00:00+00:00,0.7194654647202963
2024-07-30 01:00:00+00:00,0.7382544231216422
2024-07-30 02:00:00+00:00,0.7057817577475438
2024-07-30 03:00:00+00:00,0.6975341218405776
2024-07-30 04:00:00+00:00,0.7409727008973295
2024-07-30 05:00:00+00:00,0.7852664542470811
2024-07-30 06:00:00+00:00,0.8219134783585028
2024-07-30 07:00:00+00:00,0.8319679733495058
2024-07-30 08:00:00+00:00,0.8177859854764487
2024-07-30 09:00:00+00:00,0.7876790726285171
2024-07-30 10:00:00+00:00,0.7571309475660294
2024-07-30 11:00:00+00:00,0.7204553072795472
2024-07-30 12:00:00+00:00,0.6904131409901577
2024-07-30 13:00:00+00:00,0.6491635230980227
2024-07-30 14:00:00+00:00,0.6621076389416125
2024-07-30 15:00:00+00:00,0.8155250780031666
2024-07-30 16:00:00+00:00,0.8125045974522538
2024-07-30 17:00:00+00:00,0.7535695214845802
2024-07-30 18:00:00+00:00,0.7216193267279755
2024-07-30 19:00:00+00:00,0.6993163888251711
2024-07-30 20:00:00+00:00,0.6872338484785018
2024-07-30 21:00:00+00:00,0.6694971034043048
2024-07-30 22:00:00+00:00,0.6686693769317089
2024-07-30 23:00:00+00:00,0.676750378501826
2024-07-31 00:00:00+00:00,0.703872737785869
2024-07-31 01:00:00+00:00,0.750037629754483
2024-07-31 02:00:00+00:00,0.7648009028648548
2024-07-31 03:00:00+00:00,0.8276732457748323
2024-07-31 04:00:00+00:00,0.9107127114782863
2024-07-31 05:00:00+00:00,0.9497843578327809
2024-07-31 06:00:00+00:00,0.9573161487673164
2024-07-31 07:00:00+00:00,0.9423766595971751
2024-07-31 08:00:00+00:00,0.927675538384785
2024-07-31 09:00:00+00:00,0.8948575762167265
2024-07-31 10:00:00+00:00,0.8668563452171184
2024-07-31 11:00:00+00:00,0.8390788172401081
2024-07-31 12:00:00+00:00,0.791612177969409
2024-07-31 13:00:00+00:00,0.7333615837538908
2024-07-31 14:00:00+00:00,0.7472101176332643
2024-07-31 15:00:00+00:00,0.8305343927864945
2024-07-31 16:00:00+00:00,0.8155546655354976
2024-07-31 17:00:00+00:00,0.7542545328773493
2024-07-31 18:00:00+00:00,0.6815582281937075
2024-07-31 19:00:00+00:00,0.6259627657222704
2024-07-31 20:00:00+00:00,0.6114526535585271
2024-07-31 21:00:00+00:00,0.6245748544605764
2024-07-31 22:00:00+00:00,0.6512901768708503
2024-07-31 23:00:00+00:00,0.6865976032481401
2024-08-01 00:00:00+00:00,0.7209616844145008
2024-08-01 01:00:00+00:00,0.7577138016603019
2024-08-01 02:00:00+00:00,0.7889203263681123
2024-08-01 03:00:00+00:00,0.8588817386127023
2024-08-01 04:00:00+00:00,0.8957332994809516
2024-08-01 05:00:00+00:00,0.9164798406822292
2024-08-01 06:00:00+00:00,0.8987098590507138
2024-08-01 07:00:00+00:00,0.8790696893696642
2024-08-01 08:00:00+00:00,0.8584165682767096
2024-08-01 09:00:00+00:00,0.814428853782498
2024-08-01 10:00:00+00:00,0.7443123587532267
2024-08-01 11:00:00+00:00,0.6747118220756886
2024-08-01 12:00:00+00:00,0.6121689432483086
2024-08-01 13:00:00+00:00,0.5469552322491033
2024-08-01 14:00:00+00:00,0.45605876163233244
2024-08-01 15:00:00+00:00,0.4421353169029747
2024-08-01 16:00:00+00:00,0.34777684014702553
2024-08-01 17:00:00+00:00,0.30330619243598916
2024-08-01 18:00:00+00:00,0.2865423922885939
2024-08-01 19:00:00+00:00,0.3019725780862161
2024-08-01 20:00:00+00:00,0.3186067786461105
2024-08-01 21:00:00+00:00,0.3199554623740093
2024-08-01 22:00:00+00:00,0.3405217827094186
2024-08-01 23:00:00+00:00,0.39238616259344694
2024-08-02 00:00:00+00:00,0.4579346074728214
2024-08-02 01:00:00+00:00,0.5379332537388889
2024-08-02 02:00:00+00:00,0.5648211527283218
2024-08-02 03:00:00+00:00,0.6285294531598681
2024-08-02 04:00:00+00:00,0.7058692304075334
2024-08-02 05:00:00+00:00,0.7367337982025562
2024-08-02 06:00:00+00:00,0.7364907561031211
2024-08-02 07:00:00+00:00,0.7121982235601613
2024-08-02 08:00:00+00:00,0.6604231792611179
2024-08-02 09:00:00+00:00,0.5543927339224151
2024-08-02 10:00:00+00:00,0.46890570946431276
2024-08-02 11:00:00+00:00,0.35566632822648314
2024-08-02 12:00:00+00:00,0.2466226181027445
2024-08-02 13:00:00+00:00,0.15820670711690552
2024-08-02 14:00:00+00:00,0.11682454125631599
2024-08-02 15:00:00+00:00,0.08704134767989372
2024-08-02 16:00:00+00:00,0.054989733904039426
2024-08-02 17:00:00+00:00,0.033356039866397943
2024-08-02 18:00:00+00:00,0.03143552019587505
2024-08-02 19:00:00+00:00,0.044760387626861964
2024-08-02 20:00:00+00:00,0.0664080402434581
2024-08-02 21:00:00+00:00,0.08826001096388318
2024-08-02 22:00:00+00:00,0.10257036430758182
2024-08-02 23:00:00+00:00,0.12274093865867167
2024-08-03 00:00:00+00:00,0.17009872510584578
2024-08-03 01:00:00+00:00,0.2383915515595057
2024-08-03 02:00:00+00:00,0.31460472074945056
2024-08-03 03:00:00+00:00,0.36803826333683215
2024-08-03 04:00:00+00:00,0.42920815118590727
2024-08-03 05:00:00+00:00,0.458807382211481
2024-08-03 06:00:00+00:00,0.47107370665807274
2024-08-03 07:00:00+00:00,0.4291930779394165
2024-08-03 08:00:00+00:00,0.3974408736178065
2024-08-03 09:00:00+00:00,0.3597434168924392
2024-08-03 10:00:00+00:00,0.29102455710961284
2024-08-03 11:00:00+00:00,0.23882974174956356
2024-08-03 12:00:00+00:00,0.20425750849593038
2024-08-03 13:00:00+00:00,0.16134446264477267
2024-08-03 14:00:00+00:00,0.09199607148615516
2024-08-03 15:00:00+00:00,0.07036980217840069
2024-08-03 16:00:00+00:00,0.06449432940128667
2024-08-03 17:00:00+00:00,0.06791754101046715
2024-08-03 18:00:00+00:00,0.07516091801066453
2024-08-03 19:00:00+00:00,0.0895031168910499
2024-08-03 20:00:00+00:00,0.10472708951988126
2024-08-03 21:00:00+00:00,0.13005054466883537
2024-08-03 22:00:00+00:00,0.16129535158328967
2024-08-03 23:00:00+00:00,0.21814679527406655
2024-08-04 00:00:00+00:00,0.24282602558740413
2024-08-04 01:00:00+00:00,0.26746146803472687
2024-08-04 02:00:00+00:00,0.2927203065226629
2024-08-04 03:00:00+00:00,0.3254735051041434
2024-08-04 04:00:00+00:00,0.3032150183653978
2024-08-04 05:00:00+00:00,0.25391319454141514
2024-08-04 06:00:00+00:00,0.23124172246828456
2024-08-04 07:00:00+00:00,0.20634543574244565
2024-08-04 08:00:00+00:00,0.18040072028798113
2024-08-04 09:00:00+00:00,0.15117524337539703
2024-08-04 10:00:00+00:00,0.13569931586211292
2024-08-04 11:00:00+00:00,0.1221440917847606
2024-08-04 12:00:00+00:00,0.09129996200758089
2024-08-04 13:00:00+00:00,0.06259831817229713
2024-08-04 14:00:00+00:00,0.034358278546716546
2024-08-04 15:00:00+00:00,0.017279385183839428
2024-08-04 16:00:00+00:00,0.021021063331146676
2024-08-04 17:00:00+00:00,0.048166747373219035
2024-08-04 18:00:00+00:00,0.0786992585581077
2024-08-04 19:00:00+00:00,0.10498678276100082
2024-08-04 20:00:00+00:00,0.13599530521180417
2024-08-04 21:00:00+00:00,0.14796076750659948
2024-08-04 22:00:00+00:00,0.18289134746508015
2024-08-04 23:00:00+00:00,0.19958674816058097
2024-08-05 00:00:00+00:00,0.21668511194393703
2024-08-05 01:00:00+00:00,0.22939615634437172
2024-08-05 02:00:00+00:00,0.27675739507221797
2024-08-05 03:00:00+00:00,0.36960425087182064
2024-08-05 04:00:00+00:00,0.44397985270416734
2024-08-05 05:00:00+00:00,0.4691539603351518
2024-08-05 06:00:00+00:00,0.43418576891557725
2024-08-05 07:00:00+00:00,0.3746564316240113
2024-08-05 08:00:00+00:00,0.3214480683646516
2024-08-05 09:00:00+00:00,0.2803138049689902
2024-08-05 10:00:00+00:00,0.22243150703743417
2024-08-05 11:00:00+00:00,0.1852370702485883
2024-08-05 12:00:00+00:00,0.15193794943090827
2024-08-05 13:00:00+00:00,0.13585549751549406
2024-08-05 14:00:00+00:00,0.10010401155401664
2024-08-05 15:00:00+00:00,0.07264786895913262
2024-08-05 16:00:00+00:00,0.07612942935746457
2024-08-05 17:00:00+00:00,0.07119114845193625
2024-08-05 18:00:00+00:00,0.057412218423597644
2024-08-05 19:00:00+00:00,0.0541016936575387
2024-08-05 20:00:00+00:00,0.06428827288319751
2024-08-05 21:00:00+00:00,0.07670790522189082
2024-08-05 22:00:00+00:00,0.0865553996330063
2024-08-05 23:00:00+00:00,0.09840086835799869
2024-08-06 00:00:00+00:00,0.11463424980801162
2024-08-06 01:00:00+00:00,0.15411883001510052
2024-08-06 02:00:00+00:00,0.24195587399782384
2024-08-06 03:00:00+00:00,0.3618054615240608
2024-08-06 04:00:00+00:00,0.45274220904994794
2024-08-06 05:00:00+00:00,0.4854467569053676
2024-08-06 06:00:00+00:00,0.4976936332739991
2024-08-06 07:00:00+00:00,0.492257053030165
2024-08-06 08:00:00+00:00,0.4371739861102421
2024-08-06 09:00:00+00:00,0.3861571386185987
2024-08-06 10:00:00+00:00,0.3342540003213623
2024-08-06 11:00:00+00:00,0.30981872811457467
2024-08-06 12:00:00+00:00,0.2834035726711579
2024-08-06 13:00:00+00:00,0.262422574429035
2024-08-06 14:00:00+00:00,0.1916911127431684
2024-08-06 15:00:00+00:00,0.16092106175599188
2024-08-06 16:00:00+00:00,0.12959519358059807
2024-08-06 17:00:00+00:00,0.06518576535277704
2024-08-06 18:00:00+00:00,0.016154856896466202
2024-08-06 19:00:00+00:00,0.01532472715698995
2024-08-06 20:00:00+00:00,0.02873907583316897
2024-08-06 21:00:00+00:00,0.05055262501350823
2024-08-06 22:00:00+00:00,0.06009621869028083
2024-08-06 23:00:00+00:00,0.07327945277364617
2024-08-07 00:00:00+00:00,0.08675150537893384
2024-08-07 01:00:00+00:00,0.1252945766915232
2024-08-07 02:00:00+00:00,0.2053512176286663
2024-08-07 03:00:00+00:00,0.33464976018841186
2024-08-07 04:00:00+00:00,0.40792762317254616
2024-08-07 05:00:00+00:00,0.43138960182970343
2024-08-07 06:00:00+00:00,0.4407901050144902
2024-08-07 07:00:00+00:00,0.43454736356466356
2024-08-07 08:00:00+00:00,0.4249905712799494
2024-08-07 09:00:00+00:00,0.4017757319352481
2024-08-07 10:00:00+00:00,0.37494097354201
2024-08-07 11:00:00+00:00,0.33490319325824164
2024-08-07 12:00:00+00:00,0.29892896850930695
2024-08-07 13:00:00+00:00,0.2639070857034522
2024-08-07 14:00:00+00:00,0.1819808868987231
2024-08-07 15:00:00+00:00,0.12744057268649409
2024-08-07 16:00:00+00:00,0.1094168176051913
2024-08-07 17:00:00+00:00,0.06241274200714733
2024-08-07 18:00:00+00:00,0.038740803579418774
2024-08-07 19:00:00+00:00,0.042931783993777846
2024-08-07 20:00:00+00:00,0.05268501531840032
2024-08-07 21:00:00+00:00,0.07578736394969532
2024-08-07 22:00:00+00:00,0.11589973653986807
2024-08-07 23:00:00+00:00,0.15651958643520045
2024-08-08 00:00:00+00:00,0.20009320313282078
2024-08-08 01:00:00+00:00,0.25501861213009147
2024-08-08 02:00:00+00:00,0.3486961697171862
2024-08-08 03:00:00+00:00,0.492222928809639
2024-08-08 04:00:00+00:00,0.5829984837396449
2024-08-08 05:00:00+00:00,0.6232109555135801
2024-08-08 06:00:00+00:00,0.6176627788716885
2024-08-08 07:00:00+00:00,0.5969197324307911
2024-08-08 08:00:00+00:00,0.5544179490455237
2024-08-08 09:00:00+00:00,0.45867231069530484
2024-08-08 10:00:00+00:00,0.37774324899296624
2024-08-08 11:00:00+00:00,0.3448382719696343
2024-08-08 12:00:00+00:00,0.3050676222380967
2024-08-08 13:00:00+00:00,0.26722903375103785
2024-08-08 14:00:00+00:00,0.1677726403840129
2024-08-08 15:00:00+00:00,0.09818789093743502
2024-08-08 16:00:00+00:00,0.08744874864995096
2024-08-08 17:00:00+00:00,0.08982668880316375
2024-08-08 18:00:00+00:00,0.1002793634861446
2024-08-08 19:00:00+00:00,0.1284337352427991
2024-08-08 20:00:00+00:00,0.1871966262038384
2024-08-08 21:00:00+00:00,0.25768898049581224
2024-08-08 22:00:00+00:00,0.3214716544723053
2024-08-08 23:00:00+00:00,0.3829579088796648
2024-08-09 00:00:00+00:00,0.46326616887657385
2024-08-09 01:00:00+00:00,0.5463185291417196
2024-08-09 02:00:00+00:00,0.5921666780914545
2024-08-09 03:00:00+00:00,0.6103902734815353
2024-08-09 04:00:00+00:00,0.6073060469047759
2024-08-09 05:00:00+00:00,0.543971221377041
2024-08-09 06:00:00+00:00,0.5071062947296421
2024-08-09 07:00:00+00:00,0.49791439015712574
2024-08-09 08:00:00+00:00,0.47015464606580737
2024-08-09 09:00:00+00:00,0.4126938126352565
2024-08-09 10:00:00+00:00,0.36767693007352314
2024-08-09 11:00:00+00:00,0.31511949350157337
2024-08-09 12:00:00+00:00,0.30230277260287247
2024-08-09 13:00:00+00:00,0.3031624101935934
2024-08-09 14:00:00+00:00,0.3357470785778981
2024-08-09 15:00:00+00:00,0.35953443307056204
2024-08-09 16:00:00+00:00,0.3406062680155818
2024-08-09 17:00:00+00:00,0.3351247927218559
2024-08-09 18:00:00+00:00,0.3134306397200907
2024-08-09 19:00:00+00:00,0.2734413655144586
2024-08-09 20:00:00+00:00,0.2583726884665304
2024-08-09 21:00:00+00:00,0.24788498563099187
2024-08-09 22:00:00+00:00,0.2689791013339394
2024-08-09 23:00:00+00:00,0.3247558866852508
2024-08-10 00:00:00+00:00,0.38870025737426117
2024-08-10 01:00:00+00:00,0.4496778212560027
2024-08-10 02:00:00+00:00,0.4746078507165138
2024-08-10 03:00:00+00:00,0.4836642615426336
2024-08-10 04:00:00+00:00,0.5119034590215619
2024-08-10 05:00:00+00:00,0.46904146022198046
2024-08-10 06:00:00+00:00,0.4104880848203028
2024-08-10 07:00:00+00:00,0.3083594683692795
2024-08-10 08:00:00+00:00,0.2510470863698551
2024-08-10 09:00:00+00:00,0.23340907848960188
2024-08-10 10:00:00+00:00,0.22250831913453373
2024-08-10 11:00:00+00:00,0.2173993050160999
2024-08-10 12:00:00+00:00,0.22646371272858135
2024-08-10 13:00:00+00:00,0.2014522551993719
2024-08-10 14:00:00+00:00,0.16643871092518941
2024-08-10 15:00:00+00:00,0.15555406265914432
2024-08-10 16:00:00+00:00,0.12473726776057525
2024-08-10 17:00:00+00:00,0.10590044069362951
2024-08-10 18:00:00+00:00,0.1063267821543284
2024-08-10 19:00:00+00:00,0.1388230050391026
2024-08-10 20:00:00+00:00,0.17282618312602208
2024-08-10 21:00:00+00:00,0.2090210873184797
2024-08-10 22:00:00+00:00,0.2364319338550291
2024-08-10 23:00:00+00:00,0.27533466516427046
2024-08-11 00:00:00+00:00,0.3450595908502586
2024-08-11 01:00:00+00:00,0.4124598512874115
2024-08-11 02:00:00+00:00,0.4651301948015994
2024-08-11 03:00:00+00:00,0.523293683634875
2024-08-11 04:00:00+00:00,0.6071530993490564
2024-08-11 05:00:00+00:00,0.662557045256834
2024-08-11 06:00:00+00:00,0.6976651348996877
2024-08-11 07:00:00+00:00,0.7216892991944162
2024-08-11 08:00:00+00:00,0.7198001974074181
2024-08-11 09:00:00+00:00,0.7018671676302262
2024-08-11 10:00:00+00:00,0.6746343117206495
2024-08-11 11:00:00+00:00,0.6368135475744255
2024-08-11 12:00:00+00:00,0.6085842040500777
2024-08-11 13:00:00+00:00,0.5490018687856768
2024-08-11 14:00:00+00:00,0.5258603125408582
2024-08-11 15:00:00+00:00,0.5632414239658714
2024-08-11 16:00:00+00:00,0.5420489846224942
2024-08-11 17:00:00+00:00,0.4633163253727072
2024-08-11 18:00:00+00:00,0.37809518773329337
2024-08-11 19:00:00+00:00,0.33445403075846714
2024-08-11 20:00:00+00:00,0.3273452507670701
2024-08-11 21:00:00+00:00,0.33939846666637424
2024-08-11 22:00:00+00:00,0.3995994656957723
2024-08-11 23:00:00+00:00,0.48366445702159594
2024-08-12 00:00:00+00:00,0.5558774653321018
2024-08-12 01:00:00+00:00,0.5970951308556036
2024-08-12 02:00:00+00:00,0.5923276155198648
2024-08-12 03:00:00+00:00,0.6606234921611657
2024-08-12 04:00:00+00:00,0.7433940746900224
2024-08-12 05:00:00+00:00,0.785898388130541
2024-08-12 06:00:00+00:00,0.8384607575184813
2024-08-12 07:00:00+00:00,0.8275554606437004
2024-08-12 08:00:00+00:00,0.8177780098480174
2024-08-12 09:00:00+00:00,0.7662433382235632
2024-08-12 10:00:00+00:00,0.6952143559301079
2024-08-12 11:00:00+00:00,0.6082857957069759
2024-08-12 12:00:00+00:00,0.5389422358468853
2024-08-12 13:00:00+00:00,0.4726686994099406
2024-08-12 14:00:00+00:00,0.41796906644501464
2024-08-12 15:00:00+00:00,0.4675387089201906
2024-08-12 16:00:00+00:00,0.39008143742797224
2024-08-12 17:00:00+00:00,0.29773039270422613
2024-08-12 18:00:00+00:00,0.2731706935645514
2024-08-12 19:00:00+00:00,0.29825604568451997
2024-08-12 20:00:00+00:00,0.3506491037909526
2024-08-12 21:00:00+00:00,0.4048236651510598
2024-08-12 22:00:00+00:00,0.4561100808071101
2024-08-12 23:00:00+00:00,0.527926287033528
2024-08-13 00:00:00+00:00,0.6394315387133412
2024-08-13 01:00:00+00:00,0.7286543621271736
2024-08-13 02:00:00+00:00,0.7479503766518942
2024-08-13 03:00:00+00:00,0.7591106346006373
2024-08-13 04:00:00+00:00,0.7779088639903594
2024-08-13 05:00:00+00:00,0.7491880701942826
2024-08-13 06:00:00+00:00,0.7001483983730673
2024-08-13 07:00:00+00:00,0.6525266891158289
2024-08-13 08:00:00+00:00,0.6073591118690139
2024-08-13 09:00:00+00:00,0.5772141677881684
2024-08-13 10:00:00+00:00,0.5565582159559362
2024-08-13 11:00:00+00:00,0.5243486164948493
2024-08-13 12:00:00+00:00,0.49237190861602625
2024-08-13 13:00:00+00:00,0.4406088128646173
2024-08-13 14:00:00+00:00,0.3549522460715492
2024-08-13 15:00:00+00:00,0.4057248434854756
2024-08-13 16:00:00+00:00,0.40073961935738045
2024-08-13 17:00:00+00:00,0.3772459079968713
2024-08-13 18:00:00+00:00,0.3829082076936946
2024-08-13 19:00:00+00:00,0.43978717089616165
2024-08-13 20:00:00+00:00,0.5028346582203748
2024-08-13 21:00:00+00:00,0.5499278173089328
2024-08-13 22:00:00+00:00,0.6013210772033056
2024-08-13 23:00:00+00:00,0.6460707109926849
2024-08-14 00:00:00+00:00,0.687955912624785
2024-08-14 01:00:00+00:00,0.7356594353410933
2024-08-14 02:00:00+00:00,0.7020470892220331
2024-08-14 03:00:00+00:00,0.7033466337976122
2024-08-14 04:00:00+00:00,0.7281276172195448
2024-08-14 05:00:00+00:00,0.7611440745538341
2024-08-14 06:00:00+00:00,0.7866107395356386
2024-08-14 07:00:00+00:00,0.7631693299868956
2024-08-14 08:00:00+00:00,0.7414437312999924
2024-08-14 09:00:00+00:00,0.7045270458580299
2024-08-14 10:00:00+00:00,0.6662628555271785
2024-08-14 11:00:00+00:00,0.6224248430305414
2024-08-14 12:00:00+00:00,0.5929557847250727
2024-08-14 13:00:00+00:00,0.55040468460423
2024-08-14 14:00:00+00:00,0.5044855248393807
2024-08-14 15:00:00+00:00,0.5814000613388473
2024-08-14 16:00:00+00:00,0.5654623282439679
2024-08-14 17:00:00+00:00,0.4959232491471426
2024-08-14 18:00:00+00:00,0.41703952247543263
2024-08-14 19:00:00+00:00,0.37624970577343164
2024-08-14 20:00:00+00:00,0.3722325616152216
2024-08-14 21:00:00+00:00,0.3839012493907114
2024-08-14 22:00:00+00:00,0.39376686362066426
2024-08-14 23:00:00+00:00,0.4182067229490023
2024-08-15 00:00:00+00:00,0.4818337484918693
2024-08-15 01:00:00+00:00,0.5456292000391307
2024-08-15 02:00:00+00:00,0.5952509886515005
2024-08-15 03:00:00+00:00,0.7207975880142444
2024-08-15 04:00:00+00:00,0.7875739633699252
2024-08-15 05:00:00+00:00,0.7867713514067979
2024-08-15 06:00:00+00:00,0.7850388263163883
2024-08-15 07:00:00+00:00,0.7694120157611901
2024-08-15 08:00:00+00:00,0.7277973759932861
2024-08-15 09:00:00+00:00,0.698634876061147
2024-08-15 10:00:00+00:00,0.682553555805152
2024-08-15 11:00:00+00:00,0.6532497397674655
2024-08-15 12:00:00+00:00,0.5819149197372918
2024-08-15 13:00:00+00:00,0.5308101872613449
2024-08-15 14:00:00+00:00,0.45653779268126315
2024-08-15 15:00:00+00:00,0.48338844170287854
2024-08-15 16:00:00+00:00,0.40830567221900144
2024-08-15 17:00:00+00:00,0.28938232254802254
2024-08-15 18:00:00+00:00,0.22875310951624725
2024-08-15 19:00:00+00:00,0.21828593873235644
2024-08-15 20:00:00+00:00,0.22774706277414522
2024-08-15 21:00:00+00:00,0.24114939428440427
2024-08-15 22:00:00+00:00,0.27504956667171554
2024-08-15 23:00:00+00:00,0.33331447542806425
2024-08-16 00:00:00+00:00,0.4016400132452409
2024-08-16 01:00:00+00:00,0.43942748414633187
2024-08-16 02:00:00+00:00,0.43197756776933977
2024-08-16 03:00:00+00:00,0.48716469894703945
2024-08-16 04:00:00+00:00,0.5808391904753512
2024-08-16 05:00:00+00:00,0.6231008162598871
2024-08-16 06:00:00+00:00,0.6342506692470467
2024-08-16 07:00:00+00:00,0.628024180786544
2024-08-16 08:00:00+00:00,0.5954709693309427
2024-08-16 09:00:00+00:00,0.6058444982805116
2024-08-16 10:00:00+00:00,0.6028969692708417
2024-08-16 11:00:00+00:00,0.5652860645707725
2024-08-16 12:00:00+00:00,0.5268697024902036
2024-08-16 13:00:00+00:00,0.48426431279648724
2024-08-16 14:00:00+00:00,0.3870966857821096
2024-08-16 15:00:00+00:00,0.37992611878438376
2024-08-16 16:00:00+00:00,0.3235614301103331
2024-08-16 17:00:00+00:00,0.2184550630669962
2024-08-16 18:00:00+00:00,0.17908426249803444
2024-08-16 19:00:00+00:00,0.2024472101824338
2024-08-16 20:00:00+00:00,0.2417205833062678
2024-08-16 21:00:00+00:00,0.2627933606023287
2024-08-16 22:00:00+00:00,0.27666583145366674
2024-08-16 23:00:00+00:00,0.32106915869739017
2024-08-17 00:00:00+00:00,0.3534966900506442
2024-08-17 01:00:00+00:00,0.4161813968730903
2024-08-17 02:00:00+00:00,0.4444472562074439
2024-08-17 03:00:00+00:00,0.504116348014341
2024-08-17 04:00:00+00:00,0.5930338198039252
2024-08-17 05:00:00+00:00,0.6386252072992936
2024-08-17 06:00:00+00:00,0.6452829386918841
2024-08-17 07:00:00+00:00,0.6030541234022344
2024-08-17 08:00:00+00:00,0.545362725626661
2024-08-17 09:00:00+00:00,0.4868004877287095
2024-08-17 10:00:00+00:00,0.4303546893126229
2024-08-17 11:00:00+00:00,0.41828219738721384
2024-08-17 12:00:00+00:00,0.4306689642785478
2024-08-17 13:00:00+00:00,0.4006814106970357
2024-08-17 14:00:00+00:00,0.3244947839854987
2024-08-17 15:00:00+00:00,0.28628810087559337
2024-08-17 16:00:00+00:00,0.21982600185964926
2024-08-17 17:00:00+00:00,0.1173029205399918
2024-08-17 18:00:00+00:00,0.06376933592665064
2024-08-17 19:00:00+00:00,0.08248811962199333
2024-08-17 20:00:00+00:00,0.12236111974489583
2024-08-17 21:00:00+00:00,0.15435729544118593
2024-08-17 22:00:00+00:00,0.19612302255128447
2024-08-17 23:00:00+00:00,0.26303668791233065
2024-08-18 00:00:00+00:00,0.28198434352497903
2024-08-18 01:00:00+00:00,0.32223415633599495
2024-08-18 02:00:00+00:00,0.3652057795713622
2024-08-18 03:00:00+00:00,0.4249310926390259
2024-08-18 04:00:00+00:00,0.518570778933826
2024-08-18 05:00:00+00:00,0.568526293735387
2024-08-18 06:00:00+00:00,0.5457791681223655
2024-08-18 07:00:00+00:00,0.5195336742101673
2024-08-18 08:00:00+00:00,0.5328630654227486
2024-08-18 09:00:00+00:00,0.5247843509962594
2024-08-18 10:00:00+00:00,0.4727366965518862
2024-08-18 11:00:00+00:00,0.43526830364364555
2024-08-18 12:00:00+00:00,0.40832594031801295
2024-08-18 13:00:00+00:00,0.37257946811896525
2024-08-18 14:00:00+00:00,0.2624774081398525
2024-08-18 15:00:00+00:00,0.2019917212791781
2024-08-18 16:00:00+00:00,0.15264675405154102
2024-08-18 17:00:00+00:00,0.06732997351241476
2024-08-18 18:00:00+00:00,0.07985615497295753
2024-08-18 19:00:00+00:00,0.11516914203439757
2024-08-18 20:00:00+00:00,0.15711670134703035
2024-08-18 21:00:00+00:00,0.20202590912888357
2024-08-18 22:00:00+00:00,0.2410573315744761
2024-08-18 23:00:00+00:00,0.2798754141662522
2024-08-19 00:00:00+00:00,0.2806166664146831
2024-08-19 01:00:00+00:00,0.3000065520195367
2024-08-19 02:00:00+00:00,0.34123854922036423
2024-08-19 03:00:00+00:00,0.4423173153367404
2024-08-19 04:00:00+00:00,0.5294575177799483
2024-08-19 05:00:00+00:00,0.5881682422135338
2024-08-19 06:00:00+00:00,0.6185520024040112
2024-08-19 07:00:00+00:00,0.6165909850021964
2024-08-19 08:00:00+00:00,0.585522145776794
2024-08-19 09:00:00+00:00,0.5628047907023004
2024-08-19 10:00:00+00:00,0.5446295769880792
2024-08-19 11:00:00+00:00,0.5248176819127589
2024-08-19 12:00:00+00:00,0.48188902995688476
2024-08-19 13:00:00+00:00,0.4282440705991794
2024-08-19 14:00:00+00:00,0.3079472818703212
2024-08-19 15:00:00+00:00,0.21620170472587785
2024-08-19 16:00:00+00:00,0.16192343796210532
2024-08-19 17:00:00+00:00,0.07794918629311084
2024-08-19 18:00:00+00:00,0.0717416469999562
2024-08-19 19:00:00+00:00,0.11517042658461238
2024-08-19 20:00:00+00:00,0.12941001748391462
2024-08-19 21:00:00+00:00,0.13058213558923876
2024-08-19 22:00:00+00:00,0.16885472833401263
2024-08-19 23:00:00+00:00,0.20641955191459185
2024-08-20 00:00:00+00:00,0.2616746522518594
2024-08-20 01:00:00+00:00,0.30532075173166484
2024-08-20 02:00:00+00:00,0.3496942974463656
2024-08-20 03:00:00+00:00,0.44341229636616114
2024-08-20 04:00:00+00:00,0.5370273012999018
2024-08-20 05:00:00+00:00,0.5840129792075892
2024-08-20 06:00:00+00:00,0.6015050234491769
2024-08-20 07:00:00+00:00,0.6058055338678349
2024-08-20 08:00:00+00:00,0.6027995141325597
2024-08-20 09:00:00+00:00,0.585582017364054
2024-08-20 10:00:00+00:00,0.541122543515391
2024-08-20 11:00:00+00:00,0.4898838317036736
2024-08-20 12:00:00+00:00,0.4465041335712402
2024-08-20 13:00:00+00:00,0.377638980434909
2024-08-20 14:00:00+00:00,0.25932167895949615
2024-08-20 15:00:00+00:00,0.2122877459835553
2024-08-20 16:00:00+00:00,0.2363053762846042
2024-08-20 17:00:00+00:00,0.17205426114306696
2024-08-20 18:00:00+00:00,0.16095493196594082
2024-08-20 19:00:00+00:00,0.17879341283147313
2024-08-20 20:00:00+00:00,0.19661408833646543
2024-08-20 21:00:00+00:00,0.20061345446576037
2024-08-20 22:00:00+00:00,0.220867744246094
2024-08-20 23:00:00+00:00,0.2285508587100002
2024-08-21 00:00:00+00:00,0.241615955966405
2024-08-21 01:00:00+00:00,0.268159398500883
2024-08-21 02:00:00+00:00,0.32800110969202345
2024-08-21 03:00:00+00:00,0.4593067840337811
2024-08-21 04:00:00+00:00,0.561909767623334
2024-08-21 05:00:00+00:00,0.6497306998662812
2024-08-21 06:00:00+00:00,0.7051788604255649
2024-08-21 07:00:00+00:00,0.6862930732718259
2024-08-21 08:00:00+00:00,0.6392868639632437
2024-08-21 09:00:00+00:00,0.586274496653324
2024-08-21 10:00:00+00:00,0.557048604234967
2024-08-21 11:00:00+00:00,0.534281406327273
2024-08-21 12:00:00+00:00,0.5265012699819527
2024-08-21 13:00:00+00:00,0.482068643561771
2024-08-21 14:00:00+00:00,0.35657874886079344
2024-08-21 15:00:00+00:00,0.27414509006816434
2024-08-21 16:00:00+00:00,0.2549916716439351
2024-08-21 17:00:00+00:00,0.22569685862901154
2024-08-21 18:00:00+00:00,0.18464136775993234
2024-08-21 19:00:00+00:00,0.13740114088567917
2024-08-21 20:00:00+00:00,0.11301276584260907
2024-08-21 21:00:00+00:00,0.10444086735770751
2024-08-21 22:00:00+00:00,0.13078367768934576
2024-08-21 23:00:00+00:00,0.18145650024756083
2024-08-22 00:00:00+00:00,0.2540398161748549
2024-08-22 01:00:00+00:00,0.3354804291490317
2024-08-22 02:00:00+00:00,0.44406448135674925
2024-08-22 03:00:00+00:00,0.5812518729565335
2024-08-22 04:00:00+00:00,0.7171977702550403
2024-08-22 05:00:00+00:00,0.7573980296733166
2024-08-22 06:00:00+00:00,0.7360109902456254
2024-08-22 07:00:00+00:00,0.7373926765489962
2024-08-22 08:00:00+00:00,0.7568436311627323
2024-08-22 09:00:00+00:00,0.7367496268647892
2024-08-22 10:00:00+00:00,0.695150569485271
2024-08-22 11:00:00+00:00,0.6449572170173256
2024-08-22 12:00:00+00:00,0.5895155040461877
2024-08-22 13:00:00+00:00,0.5313142927622834
2024-08-22 14:00:00+00:00,0.41430786558016
2024-08-22 15:00:00+00:00,0.31863828781581627
2024-08-22 16:00:00+00:00,0.35402317874236655
2024-08-22 17:00:00+00:00,0.37879626437315395
2024-08-22 18:00:00+00:00,0.3361561498139181
2024-08-22 19:00:00+00:00,0.2713600471343675
2024-08-22 20:00:00+00:00,0.24220153302803216
2024-08-22 21:00:00+00:00,0.2596202604028887
2024-08-22 22:00:00+00:00,0.2998600156821025
2024-08-22 23:00:00+00:00,0.35340519490576683
2024-08-23 00:00:00+00:00,0.44818750342127045
2024-08-23 01:00:00+00:00,0.5547512763954485
2024-08-23 02:00:00+00:00,0.6119204477666579
2024-08-23 03:00:00+00:00,0.7024725336920652
2024-08-23 04:00:00+00:00,0.7717674806059204
2024-08-23 05:00:00+00:00,0.8012839150292945
2024-08-23 06:00:00+00:00,0.8120451339306067
2024-08-23 07:00:00+00:00,0.7624691849360681
2024-08-23 08:00:00+00:00,0.70426656368739
2024-08-23 09:00:00+00:00,0.677314778977139
2024-08-23 10:00:00+00:00,0.6698271267367764
2024-08-23 11:00:00+00:00,0.6422591071608451
2024-08-23 12:00:00+00:00,0.6231580561298203
2024-08-23 13:00:00+00:00,0.5800140280056202
2024-08-23 14:00:00+00:00,0.47725706165698023
2024-08-23 15:00:00+00:00,0.44510662424549563
2024-08-23 16:00:00+00:00,0.4586339058940316
2024-08-23 17:00:00+00:00,0.4565107295281715
2024-08-23 18:00:00+00:00,0.3954143520002252
2024-08-23 19:00:00+00:00,0.3103748873096319
2024-08-23 20:00:00+00:00,0.23170045696583771
2024-08-23 21:00:00+00:00,0.23019402269144695
2024-08-23 22:00:00+00:00,0.2835525282550733
2024-08-23 23:00:00+00:00,0.37305943256457624
2024-08-24 00:00:00+00:00,0.4577723251187817
2024-08-24 01:00:00+00:00,0.5565583780295794
2024-08-24 02:00:00+00:00,0.6583435940531103
2024-08-24 03:00:00+00:00,0.694735080487283
2024-08-24 04:00:00+00:00,0.7700792928701051
2024-08-24 05:00:00+00:00,0.8205603510000842
2024-08-24 06:00:00+00:00,0.731020508901183
2024-08-24 07:00:00+00:00,0.6539276499268809
2024-08-24 08:00:00+00:00,0.5874733880012906
2024-08-24 09:00:00+00:00,0.5433552920760344
2024-08-24 10:00:00+00:00,0.5403331440790883
2024-08-24 11:00:00+00:00,0.5204448793463837
2024-08-24 12:00:00+00:00,0.48024806819580296
2024-08-24 13:00:00+00:00,0.4174664366349003
2024-08-24 14:00:00+00:00,0.328030490321062
2024-08-24 15:00:00+00:00,0.26339816358208185
2024-08-24 16:00:00+00:00,0.23726275729717408
2024-08-24 17:00:00+00:00,0.2010317042470813
2024-08-24 18:00:00+00:00,0.194170179691393
2024-08-24 19:00:00+00:00,0.21237586350358761
2024-08-24 20:00:00+00:00,0.24487235381168057
2024-08-24 21:00:00+00:00,0.2904078704044521
2024-08-24 22:00:00+00:00,0.36467841626764474
2024-08-24 23:00:00+00:00,0.44506516752124015
2024-08-25 00:00:00+00:00,0.5923564398997235
2024-08-25 01:00:00+00:00,0.6806136901164267
2024-08-25 02:00:00+00:00,0.7183807245542512
2024-08-25 03:00:00+00:00,0.7393398063039301
2024-08-25 04:00:00+00:00,0.7516745152712508
2024-08-25 05:00:00+00:00,0.7306668970749636
2024-08-25 06:00:00+00:00,0.7028327852231692
2024-08-25 07:00:00+00:00,0.6702476059254753
2024-08-25 08:00:00+00:00,0.6216656810118716
2024-08-25 09:00:00+00:00,0.5422983822646826
2024-08-25 10:00:00+00:00,0.5013256434212243
2024-08-25 11:00:00+00:00,0.43650572752123273
2024-08-25 12:00:00+00:00,0.38957138050187656
2024-08-25 13:00:00+00:00,0.3550993034090438
2024-08-25 14:00:00+00:00,0.2725792494587359
2024-08-25 15:00:00+00:00,0.2669680506452209
2024-08-25 16:00:00+00:00,0.2134163132054054
2024-08-25 17:00:00+00:00,0.09828969820313845
2024-08-25 18:00:00+00:00,0.08040367491616343
2024-08-25 19:00:00+00:00,0.12852672545647784
2024-08-25 20:00:00+00:00,0.18874179611508304
2024-08-25 21:00:00+00:00,0.2619137871581417
2024-08-25 22:00:00+00:00,0.3290392682010838
2024-08-25 23:00:00+00:00,0.407793632159375
2024-08-26 00:00:00+00:00,0.4725243681489538
2024-08-26 01:00:00+00:00,0.523774102884508
2024-08-26 02:00:00+00:00,0.49513580811575775
2024-08-26 03:00:00+00:00,0.5143771756957641
2024-08-26 04:00:00+00:00,0.5386744953222016
2024-08-26 05:00:00+00:00,0.5355353837335985
2024-08-26 06:00:00+00:00,0.5053377842652051
2024-08-26 07:00:00+00:00,0.46791686165328616
2024-08-26 08:00:00+00:00,0.42658715873812936
2024-08-26 09:00:00+00:00,0.3683864615490733
2024-08-26 10:00:00+00:00,0.30239460397011886
2024-08-26 11:00:00+00:00,0.24523247793981368
2024-08-26 12:00:00+00:00,0.1915705151661482
2024-08-26 13:00:00+00:00,0.15338677041161827
2024-08-26 14:00:00+00:00,0.09515266819252977
2024-08-26 15:00:00+00:00,0.07561004721357861
2024-08-26 16:00:00+00:00,0.06418784976906665
2024-08-26 17:00:00+00:00,0.04238986518986526
2024-08-26 18:00:00+00:00,0.06788666068505043
2024-08-26 19:00:00+00:00,0.11746920726629491
2024-08-26 20:00:00+00:00,0.16032417171546698
2024-08-26 21:00:00+00:00,0.20037367751936477
2024-08-26 22:00:00+00:00,0.2658574059917516
2024-08-26 23:00:00+00:00,0.35990868378037555
2024-08-27 00:00:00+00:00,0.431662559910956
2024-08-27 01:00:00+00:00,0.46477743159340895
2024-08-27 02:00:00+00:00,0.4250719552059044
2024-08-27 03:00:00+00:00,0.4184607313567657
2024-08-27 04:00:00+00:00,0.4553127750475677
2024-08-27 05:00:00+00:00,0.4509608038792076
2024-08-27 06:00:00+00:00,0.4265257997103388
2024-08-27 07:00:00+00:00,0.3631807162911923
2024-08-27 08:00:00+00:00,0.29604345958398887
2024-08-27 09:00:00+00:00,0.24171326428758588
2024-08-27 10:00:00+00:00,0.1977395762314025
2024-08-27 11:00:00+00:00,0.15530315668002442
2024-08-27 12:00:00+00:00,0.11150124777753814
2024-08-27 13:00:00+00:00,0.07272219145612403
2024-08-27 14:00:00+00:00,0.03735112071506295
2024-08-27 15:00:00+00:00,0.016418889611477114
2024-08-27 16:00:00+00:00,0.017536139335311545
2024-08-27 17:00:00+00:00,0.03275450590804936
2024-08-27 18:00:00+00:00,0.05941391858746579
2024-08-27 19:00:00+00:00,0.10716743240019372
2024-08-27 20:00:00+00:00,0.132572940196088
2024-08-27 21:00:00+00:00,0.16664211229884482
2024-08-27 22:00:00+00:00,0.2257731347225794
2024-08-27 23:00:00+00:00,0.2692210201975911
2024-08-28 00:00:00+00:00,0.3204264726033302
2024-08-28 01:00:00+00:00,0.3716907408942432
2024-08-28 02:00:00+00:00,0.38515223770786955
2024-08-28 03:00:00+00:00,0.40316535164041273
2024-08-28 04:00:00+00:00,0.4286735957964905
2024-08-28 05:00:00+00:00,0.4225632886864189
2024-08-28 06:00:00+00:00,0.39502919618901583
2024-08-28 07:00:00+00:00,0.3717396339534804
2024-08-28 08:00:00+00:00,0.3463062511178553
2024-08-28 09:00:00+00:00,0.31861317692164215
2024-08-28 10:00:00+00:00,0.2737454245625385
2024-08-28 11:00:00+00:00,0.23486917069256064
2024-08-28 12:00:00+00:00,0.20311211128378734
2024-08-28 13:00:00+00:00,0.17077589134615476
2024-08-28 14:00:00+00:00,0.10806901333378192
2024-08-28 15:00:00+00:00,0.08347463097677797
2024-08-28 16:00:00+00:00,0.07767571155015103
2024-08-28 17:00:00+00:00,0.08840866571916059
2024-08-28 18:00:00+00:00,0.09956711674381662
2024-08-28 19:00:00+00:00,0.15843216681099978
2024-08-28 20:00:00+00:00,0.268886385123415
2024-08-28 21:00:00+00:00,0.2957652829700379
2024-08-28 22:00:00+00:00,0.3525869250669088
2024-08-28 23:00:00+00:00,0.4061818884475475
2024-08-29 00:00:00+00:00,0.4405186767088642
2024-08-29 01:00:00+00:00,0.4586970632415088
2024-08-29 02:00:00+00:00,0.47457225340817577
2024-08-29 03:00:00+00:00,0.5357995457315333
2024-08-29 04:00:00+00:00,0.5500854310165358
2024-08-29 05:00:00+00:00,0.5055878384809899
2024-08-29 06:00:00+00:00,0.45161514206677006
2024-08-29 07:00:00+00:00,0.4009975036860011
2024-08-29 08:00:00+00:00,0.3580457981553226
2024-08-29 09:00:00+00:00,0.3307746118833821
2024-08-29 10:00:00+00:00,0.3147959028622351
2024-08-29 11:00:00+00:00,0.2725264026775082
2024-08-29 12:00:00+00:00,0.22929733166030605
2024-08-29 13:00:00+00:00,0.1962989712238882
2024-08-29 14:00:00+00:00,0.14888779237527194
2024-08-29 15:00:00+00:00,0.15336725002777224
2024-08-29 16:00:00+00:00,0.15964941463496815
2024-08-29 17:00:00+00:00,0.19025858954527863
2024-08-29 18:00:00+00:00,0.22006898680128173
2024-08-29 19:00:00+00:00,0.23857694894835282
2024-08-29 20:00:00+00:00,0.2735933046922942
2024-08-29 21:00:00+00:00,0.2744283822512323
2024-08-29 22:00:00+00:00,0.2769391685262199
2024-08-29 23:00:00+00:00,0.25057254096116394
2024-08-30 00:00:00+00:00,0.23682577385619794
2024-08-30 01:00:00+00:00,0.2657364268927248
2024-08-30 02:00:00+00:00,0.310378440348556
2024-08-30 03:00:00+00:00,0.38163520979026455
2024-08-30 04:00:00+00:00,0.4132870347428047
2024-08-30 05:00:00+00:00,0.4297079703577804
2024-08-30 06:00:00+00:00,0.41034079277790275
2024-08-30 07:00:00+00:00,0.35729937708448983
2024-08-30 08:00:00+00:00,0.313359404973648
2024-08-30 09:00:00+00:00,0.27878621467931
2024-08-30 10:00:00+00:00,0.23097684890812725
2024-08-30 11:00:00+00:00,0.18691315546138537
2024-08-30 12:00:00+00:00,0.1585190731712914
2024-08-30 13:00:00+00:00,0.1571936260967
2024-08-30 14:00:00+00:00,0.13089131299021226
2024-08-30 15:00:00+00:00,0.13855848986306846
2024-08-30 16:00:00+00:00,0.1521745970508708
2024-08-30 17:00:00+00:00,0.1783161950333944
2024-08-30 18:00:00+00:00,0.2394026558452513
2024-08-30 19:00:00+00:00,0.27617406205991074
2024-08-30 20:00:00+00:00,0.3665391183272513
2024-08-30 21:00:00+00:00,0.3894049017672936
2024-08-30 22:00:00+00:00,0.45470820297666104
2024-08-30 23:00:00+00:00,0.4388483536967211
2024-08-31 00:00:00+00:00,0.3975479430528104
2024-08-31 01:00:00+00:00,0.3137019426111577
2024-08-31 02:00:00+00:00,0.24387897466309452
2024-08-31 03:00:00+00:00,0.23755068652900654
2024-08-31 04:00:00+00:00,0.20036079991340333
2024-08-31 05:00:00+00:00,0.148460066437624
2024-08-31 06:00:00+00:00,0.1354201658301739
2024-08-31 07:00:00+00:00,0.11752337015925653
2024-08-31 08:00:00+00:00,0.11583171879074501
2024-08-31 09:00:00+00:00,0.11671618257121467
2024-08-31 10:00:00+00:00,0.09794179062440546
2024-08-31 11:00:00+00:00,0.0896447095666107
2024-08-31 12:00:00+00:00,0.09734156905403774
2024-08-31 13:00:00+00:00,0.10468006896616952
2024-08-31 14:00:00+00:00,0.09499898430982191
2024-08-31 15:00:00+00:00,0.08712288905191518
2024-08-31 16:00:00+00:00,0.11058958324587606
2024-08-31 17:00:00+00:00,0.13063705765784872
2024-08-31 18:00:00+00:00,0.1495535190652299
2024-08-31 19:00:00+00:00,0.16201430079201107
2024-08-31 20:00:00+00:00,0.1926857038830128
2024-08-31 21:00:00+00:00,0.22293402759335507
2024-08-31 22:00:00+00:00,0.22763339737931773
2024-08-31 23:00:00+00:00,0.22204649952559666
2024-09-01 00:00:00+00:00,0.21025814576211982
2024-09-01 01:00:00+00:00,0.1794763664710373
2024-09-01 02:00:00+00:00,0.15078898471866395
2024-09-01 03:00:00+00:00,0.12430857097179822
2024-09-01 04:00:00+00:00,0.10892681634341454
2024-09-01 05:00:00+00:00,0.09909652310485696
2024-09-01 06:00:00+00:00,0.08131928029936826
2024-09-01 07:00:00+00:00,0.067943946649986
2024-09-01 08:00:00+00:00,0.046899407947649845
2024-09-01 09:00:00+00:00,0.03723802624751001
2024-09-01 10:00:00+00:00,0.04601382143753788
2024-09-01 11:00:00+00:00,0.06627851411873728
2024-09-01 12:00:00+00:00,0.11428998319215988
2024-09-01 13:00:00+00:00,0.13968419883325148
2024-09-01 14:00:00+00:00,0.1179632434857248
2024-09-01 15:00:00+00:00,0.1130676323802987
2024-09-01 16:00:00+00:00,0.13798356761601335
2024-09-01 17:00:00+00:00,0.19478990591907663
2024-09-01 18:00:00+00:00,0.24836520546099164
2024-09-01 19:00:00+00:00,0.2991303216379813
2024-09-01 20:00:00+00:00,0.3729228364064913
2024-09-01 21:00:00+00:00,0.4140409749750114
2024-09-01 22:00:00+00:00,0.43463725604958137
2024-09-01 23:00:00+00:00,0.42184915150670577
2024-09-02 00:00:00+00:00,0.3747465336152333
2024-09-02 01:00:00+00:00,0.2867974245838537
2024-09-02 02:00:00+00:00,0.23762623403231578
2024-09-02 03:00:00+00:00,0.2076519188992884
2024-09-02 04:00:00+00:00,0.17983942932728844
2024-09-02 05:00:00+00:00,0.15992910518955675
2024-09-02 06:00:00+00:00,0.1684911544197604
2024-09-02 07:00:00+00:00,0.1640646551164696
2024-09-02 08:00:00+00:00,0.1675453068105813
2024-09-02 09:00:00+00:00,0.13837425399597145
2024-09-02 10:00:00+00:00,0.1499592079042165
2024-09-02 11:00:00+00:00,0.16490858551884582
2024-09-02 12:00:00+00:00,0.17988873724154564
2024-09-02 13:00:00+00:00,0.2202032852229265
2024-09-02 14:00:00+00:00,0.23018309593443834
2024-09-02 15:00:00+00:00,0.23595407951208447
2024-09-02 16:00:00+00:00,0.25107588085123017
2024-09-02 17:00:00+00:00,0.2827505468354234
2024-09-02 18:00:00+00:00,0.3005852307742787
2024-09-02 19:00:00+00:00,0.334782889206965
2024-09-02 20:00:00+00:00,0.3541813227413363
2024-09-02 21:00:00+00:00,0.3681770424819163
2024-09-02 22:00:00+00:00,0.4119073336336826
2024-09-02 23:00:00+00:00,0.40897526712923987
2024-09-03 00:00:00+00:00,0.39537995229427425
2024-09-03 01:00:00+00:00,0.3574445991901431
2024-09-03 02:00:00+00:00,0.33111652743720293
2024-09-03 03:00:00+00:00,0.3370121363912397
2024-09-03 04:00:00+00:00,0.3220334903301536
2024-09-03 05:00:00+00:00,0.31095839208457104
2024-09-03 06:00:00+00:00,0.28401128194983916
2024-09-03 07:00:00+00:00,0.282960515246548
2024-09-03 08:00:00+00:00,0.27083270425706285
2024-09-03 09:00:00+00:00,0.2646094084629493
2024-09-03 10:00:00+00:00,0.26123787159274003
2024-09-03 11:00:00+00:00,0.2576836873072867
2024-09-03 12:00:00+00:00,0.2506851215146333
2024-09-03 13:00:00+00:00,0.25269297592166845
2024-09-03 14:00:00+00:00,0.2568233003383649
2024-09-03 15:00:00+00:00,0.24182650022160446
2024-09-03 16:00:00+00:00,0.24233227414470557
2024-09-03 17:00:00+00:00,0.23492813144257688
2024-09-03 18:00:00+00:00,0.25509806465737705
2024-09-03 19:00:00+00:00,0.2663405127427022
2024-09-03 20:00:00+00:00,0.2684950728275562
2024-09-03 21:00:00+00:00,0.2516846604739395
2024-09-03 22:00:00+00:00,0.24470772759004566
2024-09-03 23:00:00+00:00,0.25030457223910463
2024-09-04 00:00:00+00:00,0.23017163574075694
2024-09-04 01:00:00+00:00,0.2173964757229401
2024-09-04 02:00:00+00:00,0.20701245435781881
2024-09-04 03:00:00+00:00,0.20490932559417138
2024-09-04 04:00:00+00:00,0.1849726487086763
2024-09-04 05:00:00+00:00,0.16954696416936507
2024-09-04 06:00:00+00:00,0.14288714744465855
2024-09-04 07:00:00+00:00,0.12851287699938732
2024-09-04 08:00:00+00:00,0.11318930807422964
2024-09-04 09:00:00+00:00,0.11063651536948942
2024-09-04 10:00:00+00:00,0.09779429959620763
2024-09-04 11:00:00+00:00,0.09129933912852735
2024-09-04 12:00:00+00:00,0.08764329909627416
2024-09-04 13:00:00+00:00,0.08201201244232106
2024-09-04 14:00:00+00:00,0.07637375376563216
2024-09-04 15:00:00+00:00,0.07662379362869852
2024-09-04 16:00:00+00:00,0.08478890892503142
2024-09-04 17:00:00+00:00,0.08801313513407508
2024-09-04 18:00:00+00:00,0.09113874583998083
2024-09-04 19:00:00+00:00,0.09280820848438835
2024-09-04 20:00:00+00:00,0.10603818134542832
2024-09-04 21:00:00+00:00,0.1213481493165427
2024-09-04 22:00:00+00:00,0.13479610880530526
2024-09-04 23:00:00+00:00,0.13848508373472118
2024-09-05 00:00:00+00:00,0.15020240817277697
2024-09-05 01:00:00+00:00,0.1409604136616952
2024-09-05 02:00:00+00:00,0.13494428833014802
2024-09-05 03:00:00+00:00,0.14145436691012112
2024-09-05 04:00:00+00:00,0.14882874171288668
2024-09-05 05:00:00+00:00,0.16855595629230502
2024-09-05 06:00:00+00:00,0.16889082979513964
2024-09-05 07:00:00+00:00,0.14683954417665598
2024-09-05 08:00:00+00:00,0.1334827525763315
2024-09-05 09:00:00+00:00,0.1220542297767737
2024-09-05 10:00:00+00:00,0.1098418226362023
2024-09-05 11:00:00+00:00,0.11210157903593468
2024-09-05 12:00:00+00:00,0.11489731550410538
2024-09-05 13:00:00+00:00,0.11656705609233807
2024-09-05 14:00:00+00:00,0.11841338757405248
2024-09-05 15:00:00+00:00,0.1251118595372523
2024-09-05 16:00:00+00:00,0.1448746701235027
2024-09-05 17:00:00+00:00,0.15428226062276018
2024-09-05 18:00:00+00:00,0.1682126824362658
2024-09-05 19:00:00+00:00,0.20538027447194815
2024-09-05 20:00:00+00:00,0.25056956510397355
2024-09-05 21:00:00+00:00,0.2696655623874136
2024-09-05 22:00:00+00:00,0.27227445328830285
2024-09-05 23:00:00+00:00,0.25724806842298803
2024-09-06 00:00:00+00:00,0.2448295231671353
2024-09-06 01:00:00+00:00,0.22605492160556306
2024-09-06 02:00:00+00:00,0.22147666656446904
2024-09-06 03:00:00+00:00,0.23052055458960927
2024-09-06 04:00:00+00:00,0.2116598447439603
2024-09-06 05:00:00+00:00,0.20293269485705184
2024-09-06 06:00:00+00:00,0.1928151185843635
2024-09-06 07:00:00+00:00,0.199959725527592
2024-09-06 08:00:00+00:00,0.23115506784093448
2024-09-06 09:00:00+00:00,0.2628944513890094
2024-09-06 10:00:00+00:00,0.2979214545000166
2024-09-06 11:00:00+00:00,0.3390523151445376
2024-09-06 12:00:00+00:00,0.36791130446874093
2024-09-06 13:00:00+00:00,0.3997165267196104
2024-09-06 14:00:00+00:00,0.3599194867497076
2024-09-06 15:00:00+00:00,0.36336207796317443
2024-09-06 16:00:00+00:00,0.4289932926192648
2024-09-06 17:00:00+00:00,0.47328295023826644
2024-09-06 18:00:00+00:00,0.5224565842226043
2024-09-06 19:00:00+00:00,0.5711426203928107
2024-09-06 20:00:00+00:00,0.5816252930524834
2024-09-06 21:00:00+00:00,0.5891275335837604
2024-09-06 22:00:00+00:00,0.5490040500011819
2024-09-06 23:00:00+00:00,0.4943720890909388
2024-09-07 00:00:00+00:00,0.4253524124921064
2024-09-07 01:00:00+00:00,0.3457824655816749
2024-09-07 02:00:00+00:00,0.32763861931762334
2024-09-07 03:00:00+00:00,0.3712946821869675
2024-09-07 04:00:00+00:00,0.40720323316283336
2024-09-07 05:00:00+00:00,0.4289420653091151
2024-09-07 06:00:00+00:00,0.41407418293535203
2024-09-07 07:00:00+00:00,0.41463570176804393
2024-09-07 08:00:00+00:00,0.42177795887844155
2024-09-07 09:00:00+00:00,0.40883093160220574
2024-09-07 10:00:00+00:00,0.3933066615666992
2024-09-07 11:00:00+00:00,0.38567537306952443
2024-09-07 12:00:00+00:00,0.3740736156349407
2024-09-07 13:00:00+00:00,0.3724495810071094
2024-09-07 14:00:00+00:00,0.3347949373559571
2024-09-07 15:00:00+00:00,0.30453399851001894
2024-09-07 16:00:00+00:00,0.31430005989948284
2024-09-07 17:00:00+00:00,0.2983122611246628
2024-09-07 18:00:00+00:00,0.2801197910684929
2024-09-07 19:00:00+00:00,0.2955090114603538
2024-09-07 20:00:00+00:00,0.3170476334532515
2024-09-07 21:00:00+00:00,0.3289209570446326
2024-09-07 22:00:00+00:00,0.33647030616203727
2024-09-07 23:00:00+00:00,0.3360320528850941
2024-09-08 00:00:00+00:00,0.3084951709350743
2024-09-08 01:00:00+00:00,0.27068066898470494
2024-09-08 02:00:00+00:00,0.32276295856299336
2024-09-08 03:00:00+00:00,0.4182707692973458
2024-09-08 04:00:00+00:00,0.4597852168961183
2024-09-08 05:00:00+00:00,0.48212298508642354
2024-09-08 06:00:00+00:00,0.4832290114183527
2024-09-08 07:00:00+00:00,0.4710472946917889
2024-09-08 08:00:00+00:00,0.4240170100177767
2024-09-08 09:00:00+00:00,0.3837598870455499
2024-09-08 10:00:00+00:00,0.33040635110161
2024-09-08 11:00:00+00:00,0.2946476043276887
2024-09-08 12:00:00+00:00,0.2794547716747101
2024-09-08 13:00:00+00:00,0.26617294186386664
2024-09-08 14:00:00+00:00,0.24679378688630624
2024-09-08 15:00:00+00:00,0.22228527471009696
2024-09-08 16:00:00+00:00,0.250122799182785
2024-09-08 17:00:00+00:00,0.23971288876754626
2024-09-08 18:00:00+00:00,0.22291220958152777
2024-09-08 19:00:00+00:00,0.22914567465618993
2024-09-08 20:00:00+00:00,0.2526686975213109
2024-09-08 21:00:00+00:00,0.26080561203989727
2024-09-08 22:00:00+00:00,0.2717264906884639
2024-09-08 23:00:00+00:00,0.2877132895451887
2024-09-09 00:00:00+00:00,0.3059233898008901
2024-09-09 01:00:00+00:00,0.2929004089514902
2024-09-09 02:00:00+00:00,0.3218452196500152
2024-09-09 03:00:00+00:00,0.36309295404613007
2024-09-09 04:00:00+00:00,0.382280917366529
2024-09-09 05:00:00+00:00,0.3852878045193637
2024-09-09 06:00:00+00:00,0.4119693127205972
2024-09-09 07:00:00+00:00,0.4167323185190012
2024-09-09 08:00:00+00:00,0.3963718567281657
2024-09-09 09:00:00+00:00,0.3679454765196103
2024-09-09 10:00:00+00:00,0.309787783147696
2024-09-09 11:00:00+00:00,0.27994317750711595
2024-09-09 12:00:00+00:00,0.2577871861691893
2024-09-09 13:00:00+00:00,0.24605439242915308
2024-09-09 14:00:00+00:00,0.23251258141899975
2024-09-09 15:00:00+00:00,0.17882055139960373
2024-09-09 16:00:00+00:00,0.1758864241412617
2024-09-09 17:00:00+00:00,0.17734206689307674
2024-09-09 18:00:00+00:00,0.18421298673095873
2024-09-09 19:00:00+00:00,0.1945165346819924
2024-09-09 20:00:00+00:00,0.19850829079756785
2024-09-09 21:00:00+00:00,0.20900836947237303
2024-09-09 22:00:00+00:00,0.21920261370037747
2024-09-09 23:00:00+00:00,0.22799370671897745
2024-09-10 00:00:00+00:00,0.2304531420045977
2024-09-10 01:00:00+00:00,0.23434098744009785
2024-09-10 02:00:00+00:00,0.2871062884665062
2024-09-10 03:00:00+00:00,0.3408595373487331
2024-09-10 04:00:00+00:00,0.3992385952262856
2024-09-10 05:00:00+00:00,0.42577255983294227
2024-09-10 06:00:00+00:00,0.4562342891231512
2024-09-10 07:00:00+00:00,0.4729498738259183
2024-09-10 08:00:00+00:00,0.4558661497068085
2024-09-10 09:00:00+00:00,0.439945679280643
2024-09-10 10:00:00+00:00,0.40921785897992397
2024-09-10 11:00:00+00:00,0.35585913216028703
2024-09-10 12:00:00+00:00,0.32541634339687264
2024-09-10 13:00:00+00:00,0.301346953795119
2024-09-10 14:00:00+00:00,0.27017790016652504
2024-09-10 15:00:00+00:00,0.20118022115118736
2024-09-10 16:00:00+00:00,0.2017560087912371
2024-09-10 17:00:00+00:00,0.19244142759441224
2024-09-10 18:00:00+00:00,0.20086940002051118
2024-09-10 19:00:00+00:00,0.21088399875673383
2024-09-10 20:00:00+00:00,0.20782025763047857
2024-09-10 21:00:00+00:00,0.2143697023184771
2024-09-10 22:00:00+00:00,0.2051630637225335
2024-09-10 23:00:00+00:00,0.20895427187162632
2024-09-11 00:00:00+00:00,0.2244343940662654
2024-09-11 01:00:00+00:00,0.22951597413856611
2024-09-11 02:00:00+00:00,0.29683991368865503
2024-09-11 03:00:00+00:00,0.3373106379366284
2024-09-11 04:00:00+00:00,0.3796185693142769
2024-09-11 05:00:00+00:00,0.40583840624209816
2024-09-11 06:00:00+00:00,0.4312107631269958
2024-09-11 07:00:00+00:00,0.41495032322377373
2024-09-11 08:00:00+00:00,0.3925547083002353
2024-09-11 09:00:00+00:00,0.34634787808631906
2024-09-11 10:00:00+00:00,0.29663817820645627
2024-09-11 11:00:00+00:00,0.2787972391938762
2024-09-11 12:00:00+00:00,0.252831580628803
2024-09-11 13:00:00+00:00,0.21388622319221448
2024-09-11 14:00:00+00:00,0.16926456568704604
2024-09-11 15:00:00+00:00,0.09810589548445052
2024-09-11 16:00:00+00:00,0.09490718656481235
2024-09-11 17:00:00+00:00,0.0824752632378094
2024-09-11 18:00:00+00:00,0.06603118720866039
2024-09-11 19:00:00+00:00,0.06925015399602721
2024-09-11 20:00:00+00:00,0.07979887790164591
2024-09-11 21:00:00+00:00,0.08916453800078976
2024-09-11 22:00:00+00:00,0.10126898569320847
2024-09-11 23:00:00+00:00,0.12177933935687513
2024-09-12 00:00:00+00:00,0.149191760751771
2024-09-12 01:00:00+00:00,0.15408376621574113
2024-09-12 02:00:00+00:00,0.21701196556713834
2024-09-12 03:00:00+00:00,0.2974556214444274
2024-09-12 04:00:00+00:00,0.36070373037866793
2024-09-12 05:00:00+00:00,0.41402457397553916
2024-09-12 06:00:00+00:00,0.43197713566936596
2024-09-12 07:00:00+00:00,0.42841918880253144
2024-09-12 08:00:00+00:00,0.41059073875177643
2024-09-12 09:00:00+00:00,0.3807596286432581
2024-09-12 10:00:00+00:00,0.3379059643985251
2024-09-12 11:00:00+00:00,0.30141370593816935
2024-09-12 12:00:00+00:00,0.2725088468807333
2024-09-12 13:00:00+00:00,0.23418588285519215
2024-09-12 14:00:00+00:00,0.1928882640861453
2024-09-12 15:00:00+00:00,0.1432352724110373
2024-09-12 16:00:00+00:00,0.17034176160157485
2024-09-12 17:00:00+00:00,0.19007985402307007
2024-09-12 18:00:00+00:00,0.19692557807966793
2024-09-12 19:00:00+00:00,0.19065994527329178
2024-09-12 20:00:00+00:00,0.1941563246544669
2024-09-12 21:00:00+00:00,0.2048920697583638
2024-09-12 22:00:00+00:00,0.21838840962148007
2024-09-12 23:00:00+00:00,0.24636755721050688
2024-09-13 00:00:00+00:00,0.27394425280583246
2024-09-13 01:00:00+00:00,0.2827472965773962
2024-09-13 02:00:00+00:00,0.3623566434711607
2024-09-13 03:00:00+00:00,0.4654379376537979
2024-09-13 04:00:00+00:00,0.538487209665146
2024-09-13 05:00:00+00:00,0.6237806835950203
2024-09-13 06:00:00+00:00,0.6800001189995808
2024-09-13 07:00:00+00:00,0.6807832187132743
2024-09-13 08:00:00+00:00,0.6794424915973587
2024-09-13 09:00:00+00:00,0.6561120231745825
2024-09-13 10:00:00+00:00,0.6386509570882749
2024-09-13 11:00:00+00:00,0.6297138674595256
2024-09-13 12:00:00+00:00,0.6309478519991941
2024-09-13 13:00:00+00:00,0.5968613231216131
2024-09-13 14:00:00+00:00,0.5168795170048156
2024-09-13 15:00:00+00:00,0.4367686359881778
2024-09-13 16:00:00+00:00,0.475551335260885
2024-09-13 17:00:00+00:00,0.44617304943911745
2024-09-13 18:00:00+00:00,0.3694300935052326
2024-09-13 19:00:00+00:00,0.3234824268195162
2024-09-13 20:00:00+00:00,0.3031077641165497
2024-09-13 21:00:00+00:00,0.3055494680105513
2024-09-13 22:00:00+00:00,0.308291061433726
2024-09-13 23:00:00+00:00,0.32863486774452405
2024-09-14 00:00:00+00:00,0.367179557515909
2024-09-14 01:00:00+00:00,0.4149067370911803
2024-09-14 02:00:00+00:00,0.5794848890862642
2024-09-14 03:00:00+00:00,0.7298554853409182
2024-09-14 04:00:00+00:00,0.8039009080577623
2024-09-14 05:00:00+00:00,0.8351569427747807
2024-09-14 06:00:00+00:00,0.8287426531162566
2024-09-14 07:00:00+00:00,0.7869929722729544
2024-09-14 08:00:00+00:00,0.7350769337741672
2024-09-14 09:00:00+00:00,0.7038436113481721
2024-09-14 10:00:00+00:00,0.6701208615166414
2024-09-14 11:00:00+00:00,0.6397909926382186
2024-09-14 12:00:00+00:00,0.6146574568159059
2024-09-14 13:00:00+00:00,0.5630566447923483
2024-09-14 14:00:00+00:00,0.4811480484216905
2024-09-14 15:00:00+00:00,0.40359317855323024
2024-09-14 16:00:00+00:00,0.39202943120208894
2024-09-14 17:00:00+00:00,0.35397188115089584
2024-09-14 18:00:00+00:00,0.31048551506188965
2024-09-14 19:00:00+00:00,0.29089334340166956
2024-09-14 20:00:00+00:00,0.3049426441897479
2024-09-14 21:00:00+00:00,0.3616597616934198
2024-09-14 22:00:00+00:00,0.39734053119704427
2024-09-14 23:00:00+00:00,0.43071105917455177
2024-09-15 00:00:00+00:00,0.4084784473862759
2024-09-15 01:00:00+00:00,0.36703210690670135
2024-09-15 02:00:00+00:00,0.3934410221352529
2024-09-15 03:00:00+00:00,0.4286217550432054
2024-09-15 04:00:00+00:00,0.4321602610265154
2024-09-15 05:00:00+00:00,0.4095208952250958
2024-09-15 06:00:00+00:00,0.4145786121858943
2024-09-15 07:00:00+00:00,0.4336809922714065
2024-09-15 08:00:00+00:00,0.4441201032740282
2024-09-15 09:00:00+00:00,0.4204135083098422
2024-09-15 10:00:00+00:00,0.3918152093972301
2024-09-15 11:00:00+00:00,0.35115687548952645
2024-09-15 12:00:00+00:00,0.3029037905502667
2024-09-15 13:00:00+00:00,0.24083994403717057
2024-09-15 14:00:00+00:00,0.16920720918771884
2024-09-15 15:00:00+00:00,0.10669720390595754
2024-09-15 16:00:00+00:00,0.09683966696651132
2024-09-15 17:00:00+00:00,0.08252352539203978
2024-09-15 18:00:00+00:00,0.10122779147547147
2024-09-15 19:00:00+00:00,0.13904360646457464
2024-09-15 20:00:00+00:00,0.19076308379881227
2024-09-15 21:00:00+00:00,0.21265127846653495
2024-09-15 22:00:00+00:00,0.22022204014051217
2024-09-15 23:00:00+00:00,0.23934379654039292
2024-09-16 00:00:00+00:00,0.22735568345073023
2024-09-16 01:00:00+00:00,0.21212164237190806
2024-09-16 02:00:00+00:00,0.24875670238992992
2024-09-16 03:00:00+00:00,0.3063800260177893
2024-09-16 04:00:00+00:00,0.3551377685134258
2024-09-16 05:00:00+00:00,0.39832628341233345
2024-09-16 06:00:00+00:00,0.392819406807843
2024-09-16 07:00:00+00:00,0.36070503734370735
2024-09-16 08:00:00+00:00,0.3052546224315151
2024-09-16 09:00:00+00:00,0.2619721019996798
2024-09-16 10:00:00+00:00,0.2436163348125154
2024-09-16 11:00:00+00:00,0.2162226317845799
2024-09-16 12:00:00+00:00,0.18626123699029246
2024-09-16 13:00:00+00:00,0.14532598072268657
2024-09-16 14:00:00+00:00,0.0911305678635281
2024-09-16 15:00:00+00:00,0.056660990927462795
2024-09-16 16:00:00+00:00,0.06806805959456375
2024-09-16 17:00:00+00:00,0.06770655337557578
2024-09-16 18:00:00+00:00,0.1020058504566398
2024-09-16 19:00:00+00:00,0.14290217445153527
2024-09-16 20:00:00+00:00,0.195755092605093
2024-09-16 21:00:00+00:00,0.22215733797720566
2024-09-16 22:00:00+00:00,0.2411344880283569
2024-09-16 23:00:00+00:00,0.264310888298795
2024-09-17 00:00:00+00:00,0.3020780545864021
2024-09-17 01:00:00+00:00,0.31219905128901987
2024-09-17 02:00:00+00:00,0.361107193895559
2024-09-17 03:00:00+00:00,0.46178802988372236
2024-09-17 04:00:00+00:00,0.5189171959990284
2024-09-17 05:00:00+00:00,0.5297142109052527
2024-09-17 06:00:00+00:00,0.5073342088108781
2024-09-17 07:00:00+00:00,0.4747300225372804
2024-09-17 08:00:00+00:00,0.43315594561211834
2024-09-17 09:00:00+00:00,0.3843556115151951
2024-09-17 10:00:00+00:00,0.3225995013106148
2024-09-17 11:00:00+00:00,0.27760904770704853
2024-09-17 12:00:00+00:00,0.24631225821131406
2024-09-17 13:00:00+00:00,0.2240095500243092
2024-09-17 14:00:00+00:00,0.17094168957389316
2024-09-17 15:00:00+00:00,0.14288773305002794
2024-09-17 16:00:00+00:00,0.25513120201102013
2024-09-17 17:00:00+00:00,0.33692018749077585
2024-09-17 18:00:00+00:00,0.3512491154211808
2024-09-17 19:00:00+00:00,0.35461911022376297
2024-09-17 20:00:00+00:00,0.38215870566906635
2024-09-17 21:00:00+00:00,0.41160340654384436
2024-09-17 22:00:00+00:00,0.4746132233330549
2024-09-17 23:00:00+00:00,0.550270938599553
2024-09-18 00:00:00+00:00,0.6106679140196488
2024-09-18 01:00:00+00:00,0.6091301521717845
2024-09-18 02:00:00+00:00,0.6295873577917501
2024-09-18 03:00:00+00:00,0.7088248440467573
2024-09-18 04:00:00+00:00,0.7517372370480718
2024-09-18 05:00:00+00:00,0.754746628045274
2024-09-18 06:00:00+00:00,0.7572981645798597
2024-09-18 07:00:00+00:00,0.7457633002848035
2024-09-18 08:00:00+00:00,0.7212488935881691
2024-09-18 09:00:00+00:00,0.6864431597921017
2024-09-18 10:00:00+00:00,0.6458550131354726
2024-09-18 11:00:00+00:00,0.5882814133253258
2024-09-18 12:00:00+00:00,0.5483087058804093
2024-09-18 13:00:00+00:00,0.5491186729067026
2024-09-18 14:00:00+00:00,0.4791776534526243
2024-09-18 15:00:00+00:00,0.48795338667650795
2024-09-18 16:00:00+00:00,0.5478265349122331
2024-09-18 17:00:00+00:00,0.5290059168726328
2024-09-18 18:00:00+00:00,0.4582972225025686
2024-09-18 19:00:00+00:00,0.3907063277420222
2024-09-18 20:00:00+00:00,0.3944082365675316
2024-09-18 21:00:00+00:00,0.4379790061847443
2024-09-18 22:00:00+00:00,0.4979070989762099
2024-09-18 23:00:00+00:00,0.5553725081039811
2024-09-19 00:00:00+00:00,0.6151370177946738
2024-09-19 01:00:00+00:00,0.6150831013563242
2024-09-19 02:00:00+00:00,0.643595295491695
2024-09-19 03:00:00+00:00,0.7101924615770033
2024-09-19 04:00:00+00:00,0.7555487474607071
2024-09-19 05:00:00+00:00,0.7827406886871016
2024-09-19 06:00:00+00:00,0.787803519951664
2024-09-19 07:00:00+00:00,0.7769513599854777
2024-09-19 08:00:00+00:00,0.7477495620936105
2024-09-19 09:00:00+00:00,0.7086491691242373
2024-09-19 10:00:00+00:00,0.666979286394202
2024-09-19 11:00:00+00:00,0.6086889227122743
2024-09-19 12:00:00+00:00,0.5595494526805466
2024-09-19 13:00:00+00:00,0.5070959910686046
2024-09-19 14:00:00+00:00,0.4058410208590829
2024-09-19 15:00:00+00:00,0.40756457221061326
2024-09-19 16:00:00+00:00,0.4464452767247819
2024-09-19 17:00:00+00:00,0.34875045480709493
2024-09-19 18:00:00+00:00,0.2698729312211778
2024-09-19 19:00:00+00:00,0.2559993231428674
2024-09-19 20:00:00+00:00,0.31232038324076955
2024-09-19 21:00:00+00:00,0.37272186584825895
2024-09-19 22:00:00+00:00,0.4292199542902523
2024-09-19 23:00:00+00:00,0.46714299272589616
2024-09-20 00:00:00+00:00,0.5194773751482674
2024-09-20 01:00:00+00:00,0.5201002685183624
2024-09-20 02:00:00+00:00,0.5598795446313038
2024-09-20 03:00:00+00:00,0.6326385080410342
2024-09-20 04:00:00+00:00,0.6847366932729588
2024-09-20 05:00:00+00:00,0.6982001524683268
2024-09-20 06:00:00+00:00,0.683639864177402
2024-09-20 07:00:00+00:00,0.6645720223359181
2024-09-20 08:00:00+00:00,0.6504181072953423
2024-09-20 09:00:00+00:00,0.620555187839233
2024-09-20 10:00:00+00:00,0.5763327970365771
2024-09-20 11:00:00+00:00,0.5250649886856465
2024-09-20 12:00:00+00:00,0.46525610809042856
2024-09-20 13:00:00+00:00,0.40622387784926395
2024-09-20 14:00:00+00:00,0.32741688608812036
2024-09-20 15:00:00+00:00,0.28867526751290934
2024-09-20 16:00:00+00:00,0.33097113017054125
2024-09-20 17:00:00+00:00,0.3086129664421007
2024-09-20 18:00:00+00:00,0.3177296616497829
2024-09-20 19:00:00+00:00,0.3813021633487062
2024-09-20 20:00:00+00:00,0.4272699880115699
2024-09-20 21:00:00+00:00,0.45699105810622354
2024-09-20 22:00:00+00:00,0.4773719170620768
2024-09-20 23:00:00+00:00,0.4964322088314207
2024-09-21 00:00:00+00:00,0.465045838127607
2024-09-21 01:00:00+00:00,0.3950928221870921
2024-09-21 02:00:00+00:00,0.45049267330409604
2024-09-21 03:00:00+00:00,0.5508325133970005
2024-09-21 04:00:00+00:00,0.6208819868353376
2024-09-21 05:00:00+00:00,0.6510013106993492
2024-09-21 06:00:00+00:00,0.660890448166988
2024-09-21 07:00:00+00:00,0.6164296280188837
2024-09-21 08:00:00+00:00,0.5613774992690862
2024-09-21 09:00:00+00:00,0.5110649885812368
2024-09-21 10:00:00+00:00,0.4912210929454105
2024-09-21 11:00:00+00:00,0.4611861456395099
2024-09-21 12:00:00+00:00,0.4334557617508174
2024-09-21 13:00:00+00:00,0.4320742284467011
2024-09-21 14:00:00+00:00,0.39980692245349364
2024-09-21 15:00:00+00:00,0.46321850516200763
2024-09-21 16:00:00+00:00,0.5853246502394347
2024-09-21 17:00:00+00:00,0.5993574380985295
2024-09-21 18:00:00+00:00,0.5908968653707546
2024-09-21 19:00:00+00:00,0.5934865700494489
2024-09-21 20:00:00+00:00,0.6226048954236958
2024-09-21 21:00:00+00:00,0.6765604923635862
2024-09-21 22:00:00+00:00,0.7220835702832762
2024-09-21 23:00:00+00:00,0.7726951126994221
2024-09-22 00:00:00+00:00,0.8160299027669043
2024-09-22 01:00:00+00:00,0.772673575849032
2024-09-22 02:00:00+00:00,0.7035551537410788
2024-09-22 03:00:00+00:00,0.7057105445482552
2024-09-22 04:00:00+00:00,0.6977147677565959
2024-09-22 05:00:00+00:00,0.7052583562640762
2024-09-22 06:00:00+00:00,0.6296475568162142
2024-09-22 07:00:00+00:00,0.6009702062401476
2024-09-22 08:00:00+00:00,0.600079426034409
2024-09-22 09:00:00+00:00,0.5954613311732785
2024-09-22 10:00:00+00:00,0.5699653603990271
2024-09-22 11:00:00+00:00,0.5596684715670083
2024-09-22 12:00:00+00:00,0.5043910742998787
2024-09-22 13:00:00+00:00,0.41561103774203145
2024-09-22 14:00:00+00:00,0.35947538555348274
2024-09-22 15:00:00+00:00,0.36206782079164995
2024-09-22 16:00:00+00:00,0.3707556631021476
2024-09-22 17:00:00+00:00,0.3340498058244452
2024-09-22 18:00:00+00:00,0.32407132872269173
2024-09-22 19:00:00+00:00,0.35862254012460654
2024-09-22 20:00:00+00:00,0.431103880458095
2024-09-22 21:00:00+00:00,0.5104972041904667
2024-09-22 22:00:00+00:00,0.5964603427334535
2024-09-22 23:00:00+00:00,0.696600555856096
2024-09-23 00:00:00+00:00,0.6955857236957944
2024-09-23 01:00:00+00:00,0.6610082088587304
2024-09-23 02:00:00+00:00,0.6711146004231623
2024-09-23 03:00:00+00:00,0.6184330417599403
2024-09-23 04:00:00+00:00,0.5454378519481853
2024-09-23 05:00:00+00:00,0.4678359168771287
2024-09-23 06:00:00+00:00,0.45818266593769824
2024-09-23 07:00:00+00:00,0.418314717790886
2024-09-23 08:00:00+00:00,0.3479936647830098
2024-09-23 09:00:00+00:00,0.3099115505062924
2024-09-23 10:00:00+00:00,0.2553217304424438
2024-09-23 11:00:00+00:00,0.20382731815677552
2024-09-23 12:00:00+00:00,0.18920205514608615
2024-09-23 13:00:00+00:00,0.15400897629735075
2024-09-23 14:00:00+00:00,0.13485371071080898
2024-09-23 15:00:00+00:00,0.11475997105240801
2024-09-23 16:00:00+00:00,0.07404846108247269
2024-09-23 17:00:00+00:00,0.043262026123860015
2024-09-23 18:00:00+00:00,0.0235410370812121
2024-09-23 19:00:00+00:00,0.024971474543519046
2024-09-23 20:00:00+00:00,0.035389642037849674
2024-09-23 21:00:00+00:00,0.05500160544590533
2024-09-23 22:00:00+00:00,0.06590861785013347
2024-09-23 23:00:00+00:00,0.07695092873871338
2024-09-24 00:00:00+00:00,0.09291749225099304
2024-09-24 01:00:00+00:00,0.09376257347384824
2024-09-24 02:00:00+00:00,0.1177049461820372
2024-09-24 03:00:00+00:00,0.13695158475266217
2024-09-24 04:00:00+00:00,0.15175429974762772
2024-09-24 05:00:00+00:00,0.17400131071077354
2024-09-24 06:00:00+00:00,0.18511217502663171
2024-09-24 07:00:00+00:00,0.17263292688274942
2024-09-24 08:00:00+00:00,0.17098018135914705
2024-09-24 09:00:00+00:00,0.1683212979518736
2024-09-24 10:00:00+00:00,0.15792032877401835
2024-09-24 11:00:00+00:00,0.14207189865416964
2024-09-24 12:00:00+00:00,0.13296087450557237
2024-09-24 13:00:00+00:00,0.12685752690931834
2024-09-24 14:00:00+00:00,0.10526876490602918
2024-09-24 15:00:00+00:00,0.0672300080583883
2024-09-24 16:00:00+00:00,0.0644349729573102
2024-09-24 17:00:00+00:00,0.08057624397551029
2024-09-24 18:00:00+00:00,0.09903559335711058
2024-09-24 19:00:00+00:00,0.10131297261732705
2024-09-24 20:00:00+00:00,0.11291336972512767
2024-09-24 21:00:00+00:00,0.14324669457182276
2024-09-24 22:00:00+00:00,0.1693796985659795
2024-09-24 23:00:00+00:00,0.18371760822506417
2024-09-25 00:00:00+00:00,0.21500901367992753
2024-09-25 01:00:00+00:00,0.23025951606133077
2024-09-25 02:00:00+00:00,0.2355199054439966
2024-09-25 03:00:00+00:00,0.25181845047674806
2024-09-25 04:00:00+00:00,0.27517957605282434
2024-09-25 05:00:00+00:00,0.3168381872352344
2024-09-25 06:00:00+00:00,0.2929672322796852
2024-09-25 07:00:00+00:00,0.29353980577849775
2024-09-25 08:00:00+00:00,0.2996531403721622
2024-09-25 09:00:00+00:00,0.3331742943803126
2024-09-25 10:00:00+00:00,0.30086711270334926
2024-09-25 11:00:00+00:00,0.28391348697389374
2024-09-25 12:00:00+00:00,0.2754813560916886
2024-09-25 13:00:00+00:00,0.2852149258552229
2024-09-25 14:00:00+00:00,0.2620200051913399
2024-09-25 15:00:00+00:00,0.23308149179317705
2024-09-25 16:00:00+00:00,0.23916870096878318
2024-09-25 17:00:00+00:00,0.2517642882706923
2024-09-25 18:00:00+00:00,0.29471570262556857
2024-09-25 19:00:00+00:00,0.33908174638769634
2024-09-25 20:00:00+00:00,0.338508460856673
2024-09-25 21:00:00+00:00,0.31086689487897595
2024-09-25 22:00:00+00:00,0.2846172907748504
2024-09-25 23:00:00+00:00,0.28225889674637894
2024-09-26 00:00:00+00:00,0.23027838196845118
2024-09-26 01:00:00+00:00,0.1642359168492476
2024-09-26 02:00:00+00:00,0.1690074430647797
2024-09-26 03:00:00+00:00,0.1780070209946446
2024-09-26 04:00:00+00:00,0.2032584614335655
2024-09-26 05:00:00+00:00,0.22853133286705976
2024-09-26 06:00:00+00:00,0.2414313537253845
2024-09-26 07:00:00+00:00,0.23284560226427453
2024-09-26 08:00:00+00:00,0.2058047960296535
2024-09-26 09:00:00+00:00,0.1700983626364401
2024-09-26 10:00:00+00:00,0.16393754415294745
2024-09-26 11:00:00+00:00,0.15504454705106296
2024-09-26 12:00:00+00:00,0.14929479240919222
2024-09-26 13:00:00+00:00,0.14740612239679157
2024-09-26 14:00:00+00:00,0.12062738823078112
2024-09-26 15:00:00+00:00,0.08710360246915096
2024-09-26 16:00:00+00:00,0.08076379705588471
2024-09-26 17:00:00+00:00,0.08403692973690742
2024-09-26 18:00:00+00:00,0.09001514458636989
2024-09-26 19:00:00+00:00,0.10483876151374213
2024-09-26 20:00:00+00:00,0.10854012341753114
2024-09-26 21:00:00+00:00,0.10338817796860608
2024-09-26 22:00:00+00:00,0.09856412861299134
2024-09-26 23:00:00+00:00,0.09124924745462064
2024-09-27 00:00:00+00:00,0.0863766015662065
2024-09-27 01:00:00+00:00,0.08934197552388874
2024-09-27 02:00:00+00:00,0.11238956285871093
2024-09-27 03:00:00+00:00,0.1367337864094663
2024-09-27 04:00:00+00:00,0.13365754063100874
2024-09-27 05:00:00+00:00,0.14088140776786645
2024-09-27 06:00:00+00:00,0.1404273742736338
2024-09-27 07:00:00+00:00,0.13592114142623218
2024-09-27 08:00:00+00:00,0.11354988458413753
2024-09-27 09:00:00+00:00,0.09898646667755623
2024-09-27 10:00:00+00:00,0.08166239768547054
2024-09-27 11:00:00+00:00,0.06372343625878112
2024-09-27 12:00:00+00:00,0.05455294883426106
2024-09-27 13:00:00+00:00,0.05132424920467253
2024-09-27 14:00:00+00:00,0.04640489544934993
2024-09-27 15:00:00+00:00,0.021730900769052736
2024-09-27 16:00:00+00:00,0.011655378792613432
2024-09-27 17:00:00+00:00,0.012517207468592894
2024-09-27 18:00:00+00:00,0.02484675433795912
2024-09-27 19:00:00+00:00,0.041221583598690596
2024-09-27 20:00:00+00:00,0.05094597741993591
2024-09-27 21:00:00+00:00,0.054662754793973256
2024-09-27 22:00:00+00:00,0.05188590411704156
2024-09-27 23:00:00+00:00,0.060920609113915954
2024-09-28 00:00:00+00:00,0.07513800843303171
2024-09-28 01:00:00+00:00,0.09454952105371527
2024-09-28 02:00:00+00:00,0.12587909819567594
2024-09-28 03:00:00+00:00,0.13699851098334584
2024-09-28 04:00:00+00:00,0.14899161740902547
2024-09-28 05:00:00+00:00,0.1351139748068972
2024-09-28 06:00:00+00:00,0.11973675281757892
2024-09-28 07:00:00+00:00,0.1051973243047295
2024-09-28 08:00:00+00:00,0.0847983394924974
2024-09-28 09:00:00+00:00,0.06249645754484997
2024-09-28 10:00:00+00:00,0.0486030858095406
2024-09-28 11:00:00+00:00,0.05284537845731224
2024-09-28 12:00:00+00:00,0.06957917650658005
2024-09-28 13:00:00+00:00,0.08441372810845543
2024-09-28 14:00:00+00:00,0.09149810728563018
2024-09-28 15:00:00+00:00,0.04891752812743825
2024-09-28 16:00:00+00:00,0.05501676368796481
2024-09-28 17:00:00+00:00,0.12561142289090133
2024-09-28 18:00:00+00:00,0.1917776823749497
2024-09-28 19:00:00+00:00,0.18177846009994994
2024-09-28 20:00:00+00:00,0.16942358202037544
2024-09-28 21:00:00+00:00,0.16745898048810587
2024-09-28 22:00:00+00:00,0.18002667431228334
2024-09-28 23:00:00+00:00,0.18871819431705214
2024-09-29 00:00:00+00:00,0.18248031131661255
2024-09-29 01:00:00+00:00,0.17669108666315841
2024-09-29 02:00:00+00:00,0.1942787512450222
2024-09-29 03:00:00+00:00,0.20625186578017426
2024-09-29 04:00:00+00:00,0.18136774600189784
2024-09-29 05:00:00+00:00,0.1634175215235248
2024-09-29 06:00:00+00:00,0.15116240076548437
2024-09-29 07:00:00+00:00,0.1271439956345628
2024-09-29 08:00:00+00:00,0.09472474887279017
2024-09-29 09:00:00+00:00,0.06037482245125238
2024-09-29 10:00:00+00:00,0.04280384585092176
2024-09-29 11:00:00+00:00,0.035635357249731284
2024-09-29 12:00:00+00:00,0.03566787938874473
2024-09-29 13:00:00+00:00,0.04152907818863009
2024-09-29 14:00:00+00:00,0.05392162069335983
2024-09-29 15:00:00+00:00,0.025779020045695794
2024-09-29 16:00:00+00:00,0.006031538488007199
2024-09-29 17:00:00+00:00,0.015599276329260316
2024-09-29 18:00:00+00:00,0.055643580339272275
2024-09-29 19:00:00+00:00,0.08032202027697181
2024-09-29 20:00:00+00:00,0.08421668853201233
2024-09-29 21:00:00+00:00,0.07801418545226496
2024-09-29 22:00:00+00:00,0.07341997796126144
2024-09-29 23:00:00+00:00,0.06846323175937317
2024-09-30 00:00:00+00:00,0.06330308700375907
2024-09-30 01:00:00+00:00,0.0709874778834679
2024-09-30 02:00:00+00:00,0.09573718409297634
2024-09-30 03:00:00+00:00,0.1216997881320554
2024-09-30 04:00:00+00:00,0.15259258204803783
2024-09-30 05:00:00+00:00,0.17724123651604393
2024-09-30 06:00:00+00:00,0.1767549158769268
2024-09-30 07:00:00+00:00,0.1730446671459333
2024-09-30 08:00:00+00:00,0.16602797922065413
2024-09-30 09:00:00+00:00,0.14780827457413717
2024-09-30 10:00:00+00:00,0.13507710690338035
2024-09-30 11:00:00+00:00,0.13057910185118674
2024-09-30 12:00:00+00:00,0.1240253699664523
2024-09-30 13:00:00+00:00,0.12101425743841417
2024-09-30 14:00:00+00:00,0.1114474716126069
2024-09-30 15:00:00+00:00,0.06462414963019812
2024-09-30 16:00:00+00:00,0.0488471160050587
2024-09-30 17:00:00+00:00,0.04612079000583106
2024-09-30 18:00:00+00:00,0.03535729679518592
2024-09-30 19:00:00+00:00,0.029701049896371803
2024-09-30 20:00:00+00:00,0.029551142983916433
2024-09-30 21:00:00+00:00,0.03509310045195536
2024-09-30 22:00:00+00:00,0.04723004356636272
2024-09-30 23:00:00+00:00,0.061491627132359485
2024-10-01 00:00:00+00:00,0.08974609590359975
2024-10-01 01:00:00+00:00,0.1575721217404592
2024-10-01 02:00:00+00:00,0.24491155672532167
2024-10-01 03:00:00+00:00,0.2872878819511583
2024-10-01 04:00:00+00:00,0.2973189588733864
2024-10-01 05:00:00+00:00,0.29330528431310815
2024-10-01 06:00:00+00:00,0.2595728229334392
2024-10-01 07:00:00+00:00,0.2304586423133332
2024-10-01 08:00:00+00:00,0.20649701516234628
2024-10-01 09:00:00+00:00,0.1999360411562395
2024-10-01 10:00:00+00:00,0.17890278846270574
2024-10-01 11:00:00+00:00,0.16919559693475952
2024-10-01 12:00:00+00:00,0.18679826075803987
2024-10-01 13:00:00+00:00,0.22952038078462542
2024-10-01 14:00:00+00:00,0.2834574887479782
2024-10-01 15:00:00+00:00,0.2747812240920735
2024-10-01 16:00:00+00:00,0.27417435106711485
2024-10-01 17:00:00+00:00,0.2691554258886906
2024-10-01 18:00:00+00:00,0.2988923043637763
2024-10-01 19:00:00+00:00,0.3004637449917569
2024-10-01 20:00:00+00:00,0.28421529683893587
2024-10-01 21:00:00+00:00,0.26117713421480293
2024-10-01 22:00:00+00:00,0.24993615462586613
2024-10-01 23:00:00+00:00,0.2486990972306613
2024-10-02 00:00:00+00:00,0.23805842764219065
2024-10-02 01:00:00+00:00,0.23637281226056986
2024-10-02 02:00:00+00:00,0.2952907802218194
2024-10-02 03:00:00+00:00,0.31574892372143026
2024-10-02 04:00:00+00:00,0.2954394840366404
2024-10-02 05:00:00+00:00,0.2784466065147649
2024-10-02 06:00:00+00:00,0.28969194452173513
2024-10-02 07:00:00+00:00,0.27953549168802144
2024-10-02 08:00:00+00:00,0.2495255022408876
2024-10-02 09:00:00+00:00,0.2170689944484968
2024-10-02 10:00:00+00:00,0.20008758905077392
2024-10-02 11:00:00+00:00,0.1997853742004652
2024-10-02 12:00:00+00:00,0.19117573385080464
2024-10-02 13:00:00+00:00,0.18849814198247716
2024-10-02 14:00:00+00:00,0.18508580629926757
2024-10-02 15:00:00+00:00,0.1244233361753022
2024-10-02 16:00:00+00:00,0.14180438466382636
2024-10-02 17:00:00+00:00,0.1663381616734407
2024-10-02 18:00:00+00:00,0.1629191010005543
2024-10-02 19:00:00+00:00,0.16202793265682053
2024-10-02 20:00:00+00:00,0.1724175848789542
2024-10-02 21:00:00+00:00,0.19370014757994278
2024-10-02 22:00:00+00:00,0.19512149521627073
2024-10-02 23:00:00+00:00,0.19967466138033282
2024-10-03 00:00:00+00:00,0.2187268842104999
2024-10-03 01:00:00+00:00,0.2604505220283007
2024-10-03 02:00:00+00:00,0.3602867125088769
2024-10-03 03:00:00+00:00,0.4597534151044925
2024-10-03 04:00:00+00:00,0.5414284355899828
2024-10-03 05:00:00+00:00,0.6007125385761137
2024-10-03 06:00:00+00:00,0.6328219717174236
2024-10-03 07:00:00+00:00,0.6365265454486613
2024-10-03 08:00:00+00:00,0.6444241860890527
2024-10-03 09:00:00+00:00,0.6483663753991468
2024-10-03 10:00:00+00:00,0.6430383147933159
2024-10-03 11:00:00+00:00,0.6501081151154943
2024-10-03 12:00:00+00:00,0.6458686892153312
2024-10-03 13:00:00+00:00,0.6166091904312027
2024-10-03 14:00:00+00:00,0.5557901745214151
2024-10-03 15:00:00+00:00,0.4032222629524008
2024-10-03 16:00:00+00:00,0.3890530376104877
2024-10-03 17:00:00+00:00,0.38375930285014526
2024-10-03 18:00:00+00:00,0.34862563069797703
2024-10-03 19:00:00+00:00,0.3077770820579355
2024-10-03 20:00:00+00:00,0.29929374266511105
2024-10-03 21:00:00+00:00,0.30988469320805767
2024-10-03 22:00:00+00:00,0.3265235379749992
2024-10-03 23:00:00+00:00,0.34105548384094714
2024-10-04 00:00:00+00:00,0.32827227270735426
2024-10-04 01:00:00+00:00,0.3561184034242568
2024-10-04 02:00:00+00:00,0.4532250366278733
2024-10-04 03:00:00+00:00,0.5247690491908636
2024-10-04 04:00:00+00:00,0.5765500748135479
2024-10-04 05:00:00+00:00,0.5681446454826995
2024-10-04 06:00:00+00:00,0.5481201219711733
2024-10-04 07:00:00+00:00,0.5130877759613441
2024-10-04 08:00:00+00:00,0.46416804637275283
2024-10-04 09:00:00+00:00,0.4129957531208814
2024-10-04 10:00:00+00:00,0.34480260600685775
2024-10-04 11:00:00+00:00,0.27737728453043886
2024-10-04 12:00:00+00:00,0.20917183532915204
2024-10-04 13:00:00+00:00,0.17602155245371118
2024-10-04 14:00:00+00:00,0.15273364472145542
2024-10-04 15:00:00+00:00,0.12721708878688323
2024-10-04 16:00:00+00:00,0.14160263359970926
2024-10-04 17:00:00+00:00,0.15864128335033045
2024-10-04 18:00:00+00:00,0.1850720316664865
2024-10-04 19:00:00+00:00,0.21392866808485878
2024-10-04 20:00:00+00:00,0.2201031404864561
2024-10-04 21:00:00+00:00,0.24514910140825683
2024-10-04 22:00:00+00:00,0.23537678798191528
2024-10-04 23:00:00+00:00,0.23259753436347963
2024-10-05 00:00:00+00:00,0.2242728172730597
2024-10-05 01:00:00+00:00,0.24735137249572636
2024-10-05 02:00:00+00:00,0.32048659169363747
2024-10-05 03:00:00+00:00,0.39684383509714505
2024-10-05 04:00:00+00:00,0.44821436704627016
2024-10-05 05:00:00+00:00,0.47678209933255133
2024-10-05 06:00:00+00:00,0.47506148219002126
2024-10-05 07:00:00+00:00,0.4186538371676428
2024-10-05 08:00:00+00:00,0.347583794747716
2024-10-05 09:00:00+00:00,0.29326141481374823
2024-10-05 10:00:00+00:00,0.25782428154702297
2024-10-05 11:00:00+00:00,0.20665180922962526
2024-10-05 12:00:00+00:00,0.1814404450148346
2024-10-05 13:00:00+00:00,0.17360698441636954
2024-10-05 14:00:00+00:00,0.158476784784737
2024-10-05 15:00:00+00:00,0.11626493802345753
2024-10-05 16:00:00+00:00,0.1135306266345041
2024-10-05 17:00:00+00:00,0.1136440516122612
2024-10-05 18:00:00+00:00,0.09195812803258649
2024-10-05 19:00:00+00:00,0.08808743803617144
2024-10-05 20:00:00+00:00,0.10293025546615082
2024-10-05 21:00:00+00:00,0.10701744179367549
2024-10-05 22:00:00+00:00,0.1172131026024423
2024-10-05 23:00:00+00:00,0.12183229235544908
2024-10-06 00:00:00+00:00,0.14211102181441865
2024-10-06 01:00:00+00:00,0.18688219617794133
2024-10-06 02:00:00+00:00,0.26339844593656603
2024-10-06 03:00:00+00:00,0.3286431809691362
2024-10-06 04:00:00+00:00,0.3840549057248767
2024-10-06 05:00:00+00:00,0.42002278501772944
2024-10-06 06:00:00+00:00,0.42815554559932745
2024-10-06 07:00:00+00:00,0.4214605742171316
2024-10-06 08:00:00+00:00,0.40361665634666694
2024-10-06 09:00:00+00:00,0.35756431358692076
2024-10-06 10:00:00+00:00,0.29094804609422187
2024-10-06 11:00:00+00:00,0.23754748540282886
2024-10-06 12:00:00+00:00,0.20590150084975825
2024-10-06 13:00:00+00:00,0.18741817049806173
2024-10-06 14:00:00+00:00,0.17510388646121888
2024-10-06 15:00:00+00:00,0.12561722833047506
2024-10-06 16:00:00+00:00,0.11690409913327719
2024-10-06 17:00:00+00:00,0.12085689264382314
2024-10-06 18:00:00+00:00,0.14638700842654254
2024-10-06 19:00:00+00:00,0.18503902522264973
2024-10-06 20:00:00+00:00,0.20437113867779147
2024-10-06 21:00:00+00:00,0.2044814902938711
2024-10-06 22:00:00+00:00,0.20480067576942074
2024-10-06 23:00:00+00:00,0.20571066468448448
2024-10-07 00:00:00+00:00,0.19749031481350304
2024-10-07 01:00:00+00:00,0.20087760608780053
2024-10-07 02:00:00+00:00,0.248646535876918
2024-10-07 03:00:00+00:00,0.27417415858884675
2024-10-07 04:00:00+00:00,0.2905371417232312
2024-10-07 05:00:00+00:00,0.27975247011862486
2024-10-07 06:00:00+00:00,0.25073884142558533
2024-10-07 07:00:00+00:00,0.21717071097031349
2024-10-07 08:00:00+00:00,0.18383727222463941
2024-10-07 09:00:00+00:00,0.1606888869419742
2024-10-07 10:00:00+00:00,0.140323267572302
2024-10-07 11:00:00+00:00,0.12922153606827194
2024-10-07 12:00:00+00:00,0.1367063365283442
2024-10-07 13:00:00+00:00,0.13718942563665865
2024-10-07 14:00:00+00:00,0.12444078824928392
2024-10-07 15:00:00+00:00,0.07481883933476521
2024-10-07 16:00:00+00:00,0.08099754510136642
2024-10-07 17:00:00+00:00,0.11149737630349285
2024-10-07 18:00:00+00:00,0.14600985853993054
2024-10-07 19:00:00+00:00,0.14584737090948102
2024-10-07 20:00:00+00:00,0.1409876526265483
2024-10-07 21:00:00+00:00,0.14082839251392482
2024-10-07 22:00:00+00:00,0.14438424522154084
2024-10-07 23:00:00+00:00,0.13426352201593625
2024-10-08 00:00:00+00:00,0.10935115077348737
2024-10-08 01:00:00+00:00,0.13896752447615732
2024-10-08 02:00:00+00:00,0.19091306750011836
2024-10-08 03:00:00+00:00,0.2302839172370825
2024-10-08 04:00:00+00:00,0.23466819069841013
2024-10-08 05:00:00+00:00,0.25584853594240486
2024-10-08 06:00:00+00:00,0.2749081111242672
2024-10-08 07:00:00+00:00,0.29432277704078497
2024-10-08 08:00:00+00:00,0.30573262529074924
2024-10-08 09:00:00+00:00,0.2816295052824769
2024-10-08 10:00:00+00:00,0.2728491683066891
2024-10-08 11:00:00+00:00,0.2630701168033054
2024-10-08 12:00:00+00:00,0.23276586759942247
2024-10-08 13:00:00+00:00,0.20267480427397203
2024-10-08 14:00:00+00:00,0.167053006221635
2024-10-08 15:00:00+00:00,0.08072922515346666
2024-10-08 16:00:00+00:00,0.05836687191354201
2024-10-08 17:00:00+00:00,0.06066735677264779
2024-10-08 18:00:00+00:00,0.035338015635363144
2024-10-08 19:00:00+00:00,0.027160123129791325
2024-10-08 20:00:00+00:00,0.035173201888413344
2024-10-08 21:00:00+00:00,0.04557810338571678
2024-10-08 22:00:00+00:00,0.048285707655760374
2024-10-08 23:00:00+00:00,0.05400375280446856
2024-10-09 00:00:00+00:00,0.0699078581310341
2024-10-09 01:00:00+00:00,0.13677861190109583
2024-10-09 02:00:00+00:00,0.2329738923921829
2024-10-09 03:00:00+00:00,0.30441939903160525
2024-10-09 04:00:00+00:00,0.37263041943754865
2024-10-09 05:00:00+00:00,0.4553533607389695
2024-10-09 06:00:00+00:00,0.518974545882367
2024-10-09 07:00:00+00:00,0.5467348529111595
2024-10-09 08:00:00+00:00,0.5327084318383832
2024-10-09 09:00:00+00:00,0.5014344400992291
2024-10-09 10:00:00+00:00,0.47644278704369114
2024-10-09 11:00:00+00:00,0.4484526869206074
2024-10-09 12:00:00+00:00,0.4534957320410404
2024-10-09 13:00:00+00:00,0.4318941107613319
2024-10-09 14:00:00+00:00,0.39509583199189585
2024-10-09 15:00:00+00:00,0.2472983432505958
2024-10-09 16:00:00+00:00,0.2044018623525065
2024-10-09 17:00:00+00:00,0.21315977969534392
2024-10-09 18:00:00+00:00,0.1640247237933346
2024-10-09 19:00:00+00:00,0.11484849898064832
2024-10-09 20:00:00+00:00,0.11444095412187827
2024-10-09 21:00:00+00:00,0.13934846767415202
2024-10-09 22:00:00+00:00,0.1615066581955964
2024-10-09 23:00:00+00:00,0.17315087010335434
2024-10-10 00:00:00+00:00,0.19696729416513598
2024-10-10 01:00:00+00:00,0.29458994804815886
2024-10-10 02:00:00+00:00,0.4221884597102834
2024-10-10 03:00:00+00:00,0.5029523694548912
2024-10-10 04:00:00+00:00,0.5525225247957153
2024-10-10 05:00:00+00:00,0.5685313260804293
2024-10-10 06:00:00+00:00,0.5866000131960845
2024-10-10 07:00:00+00:00,0.5957224915008216
2024-10-10 08:00:00+00:00,0.6045971679542708
2024-10-10 09:00:00+00:00,0.5902236366197645
2024-10-10 10:00:00+00:00,0.5852661969321252
2024-10-10 11:00:00+00:00,0.5414887208392157
2024-10-10 12:00:00+00:00,0.5105361463329305
2024-10-10 13:00:00+00:00,0.4810208649715178
2024-10-10 14:00:00+00:00,0.40094619311562396
2024-10-10 15:00:00+00:00,0.258468703018496
2024-10-10 16:00:00+00:00,0.17665934069167646
2024-10-10 17:00:00+00:00,0.19303074916094906
2024-10-10 18:00:00+00:00,0.19730939026675373
2024-10-10 19:00:00+00:00,0.19112335087568172
2024-10-10 20:00:00+00:00,0.18804527297453588
2024-10-10 21:00:00+00:00,0.20501137888065132
2024-10-10 22:00:00+00:00,0.21927045632464506
2024-10-10 23:00:00+00:00,0.2333777066649262
2024-10-11 00:00:00+00:00,0.2699412299871261
2024-10-11 01:00:00+00:00,0.4015883970378843
2024-10-11 02:00:00+00:00,0.5368892831381132
2024-10-11 03:00:00+00:00,0.6577439862874074
2024-10-11 04:00:00+00:00,0.7185991351113823
2024-10-11 05:00:00+00:00,0.7337115953615958
2024-10-11 06:00:00+00:00,0.7357539071746787
2024-10-11 07:00:00+00:00,0.7032050732620176
2024-10-11 08:00:00+00:00,0.7041667242986756
2024-10-11 09:00:00+00:00,0.6874600387151135
2024-10-11 10:00:00+00:00,0.6599463976482955
2024-10-11 11:00:00+00:00,0.6011983344191114
2024-10-11 12:00:00+00:00,0.5318066113192422
2024-10-11 13:00:00+00:00,0.48202553692565947
2024-10-11 14:00:00+00:00,0.43061004980429846
2024-10-11 15:00:00+00:00,0.3524470524037603
2024-10-11 16:00:00+00:00,0.32556660717502756
2024-10-11 17:00:00+00:00,0.3807698921383759
2024-10-11 18:00:00+00:00,0.3978292494993357
2024-10-11 19:00:00+00:00,0.39231306550045575
2024-10-11 20:00:00+00:00,0.40073074185763524
2024-10-11 21:00:00+00:00,0.3868636891032406
2024-10-11 22:00:00+00:00,0.36828982527494836
2024-10-11 23:00:00+00:00,0.36768621845146465
2024-10-12 00:00:00+00:00,0.36786014740375933
2024-10-12 01:00:00+00:00,0.47647626239119756
2024-10-12 02:00:00+00:00,0.6690000495348823
2024-10-12 03:00:00+00:00,0.7804563433332319
2024-10-12 04:00:00+00:00,0.8026686413251763
2024-10-12 05:00:00+00:00,0.7865486686202492
2024-10-12 06:00:00+00:00,0.7614238141679663
2024-10-12 07:00:00+00:00,0.7225945972289833
2024-10-12 08:00:00+00:00,0.6921885914819759
2024-10-12 09:00:00+00:00,0.6707474130945713
2024-10-12 10:00:00+00:00,0.6430239507591063
2024-10-12 11:00:00+00:00,0.6119166509845926
2024-10-12 12:00:00+00:00,0.5941865878780703
2024-10-12 13:00:00+00:00,0.5641618528747204
2024-10-12 14:00:00+00:00,0.5399819631405977
2024-10-12 15:00:00+00:00,0.4250056077588972
2024-10-12 16:00:00+00:00,0.34977674719723084
2024-10-12 17:00:00+00:00,0.33724478144658593
2024-10-12 18:00:00+00:00,0.3334292014417781
2024-10-12 19:00:00+00:00,0.35649656125491735
2024-10-12 20:00:00+00:00,0.3640892310338556
2024-10-12 21:00:00+00:00,0.35064902833976075
2024-10-12 22:00:00+00:00,0.34699651864238346
2024-10-12 23:00:00+00:00,0.3548800774584379
2024-10-13 00:00:00+00:00,0.3753360248836842
2024-10-13 01:00:00+00:00,0.505014529920542
2024-10-13 02:00:00+00:00,0.7076765489593217
2024-10-13 03:00:00+00:00,0.8256578611436227
2024-10-13 04:00:00+00:00,0.8627597495077522
2024-10-13 05:00:00+00:00,0.849045256713376
2024-10-13 06:00:00+00:00,0.8275795133773884
2024-10-13 07:00:00+00:00,0.7970507683891752
2024-10-13 08:00:00+00:00,0.7692868233981958
2024-10-13 09:00:00+00:00,0.7348025351789041
2024-10-13 10:00:00+00:00,0.7137268836154225
2024-10-13 11:00:00+00:00,0.6890115966344541
2024-10-13 12:00:00+00:00,0.6584999601226532
2024-10-13 13:00:00+00:00,0.6177588428085742
2024-10-13 14:00:00+00:00,0.5799959944838574
2024-10-13 15:00:00+00:00,0.4090105427486918
2024-10-13 16:00:00+00:00,0.3086487852956729
2024-10-13 17:00:00+00:00,0.2845415849578041
2024-10-13 18:00:00+00:00,0.30431737332982073
2024-10-13 19:00:00+00:00,0.27581054642420244
2024-10-13 20:00:00+00:00,0.21763263050598478
2024-10-13 21:00:00+00:00,0.18380728487691275
2024-10-13 22:00:00+00:00,0.17716859317863928
2024-10-13 23:00:00+00:00,0.1954405660869913
2024-10-14 00:00:00+00:00,0.22589621911593114
2024-10-14 01:00:00+00:00,0.3323758802799992
2024-10-14 02:00:00+00:00,0.4846955315784093
2024-10-14 03:00:00+00:00,0.620943295321314
2024-10-14 04:00:00+00:00,0.6851128984831724
2024-10-14 05:00:00+00:00,0.6746004068400282
2024-10-14 06:00:00+00:00,0.6016806013733511
2024-10-14 07:00:00+00:00,0.5345878617008682
2024-10-14 08:00:00+00:00,0.4967616413163462
2024-10-14 09:00:00+00:00,0.4919411579785621
2024-10-14 10:00:00+00:00,0.49651606341334187
2024-10-14 11:00:00+00:00,0.49574514333689385
2024-10-14 12:00:00+00:00,0.5041369271371203
2024-10-14 13:00:00+00:00,0.4849950780884601
2024-10-14 14:00:00+00:00,0.41216472353465594
2024-10-14 15:00:00+00:00,0.29331003546056056
2024-10-14 16:00:00+00:00,0.18346232191922748
2024-10-14 17:00:00+00:00,0.09383841359907745
2024-10-14 18:00:00+00:00,0.05785437849601136
2024-10-14 19:00:00+00:00,0.046503693850226076
2024-10-14 20:00:00+00:00,0.055889291935859606
2024-10-14 21:00:00+00:00,0.0738170708596222
2024-10-14 22:00:00+00:00,0.09673968708746061
2024-10-14 23:00:00+00:00,0.12355034361516151
2024-10-15 00:00:00+00:00,0.1539988431335921
2024-10-15 01:00:00+00:00,0.20958990441806427
2024-10-15 02:00:00+00:00,0.2976114959424055
2024-10-15 03:00:00+00:00,0.3765330487513844
2024-10-15 04:00:00+00:00,0.45511554939192744
2024-10-15 05:00:00+00:00,0.5452395296653274
2024-10-15 06:00:00+00:00,0.6175422938387797
2024-10-15 07:00:00+00:00,0.667834424064271
2024-10-15 08:00:00+00:00,0.7047988550349096
2024-10-15 09:00:00+00:00,0.6935109886219969
2024-10-15 10:00:00+00:00,0.6810228581700278
2024-10-15 11:00:00+00:00,0.6395639507828835
2024-10-15 12:00:00+00:00,0.5795261020312257
2024-10-15 13:00:00+00:00,0.5266607424569628
2024-10-15 14:00:00+00:00,0.4382512295297379
2024-10-15 15:00:00+00:00,0.2803469679189169
2024-10-15 16:00:00+00:00,0.2168284177990039
2024-10-15 17:00:00+00:00,0.28284444000500447
2024-10-15 18:00:00+00:00,0.29365253322137413
2024-10-15 19:00:00+00:00,0.22765547605386346
2024-10-15 20:00:00+00:00,0.17660223408149073
2024-10-15 21:00:00+00:00,0.18224157727416126
2024-10-15 22:00:00+00:00,0.22974760412773404
2024-10-15 23:00:00+00:00,0.29367316946580335
2024-10-16 00:00:00+00:00,0.3759428524282407
2024-10-16 01:00:00+00:00,0.42850491635996624
2024-10-16 02:00:00+00:00,0.5884429172341985
2024-10-16 03:00:00+00:00,0.7507898082899342
2024-10-16 04:00:00+00:00,0.7992187513748286
2024-10-16 05:00:00+00:00,0.7851417997314185
2024-10-16 06:00:00+00:00,0.7633610004897861
2024-10-16 07:00:00+00:00,0.7536027874703942
2024-10-16 08:00:00+00:00,0.7343319863334408
2024-10-16 09:00:00+00:00,0.7136096441045052
2024-10-16 10:00:00+00:00,0.6940140540750733
2024-10-16 11:00:00+00:00,0.666593338074331
2024-10-16 12:00:00+00:00,0.6680200719930125
2024-10-16 13:00:00+00:00,0.6119717696167533
2024-10-16 14:00:00+00:00,0.5436000343760692
2024-10-16 15:00:00+00:00,0.5047844906970154
2024-10-16 16:00:00+00:00,0.45059302971604726
2024-10-16 17:00:00+00:00,0.3612442500636896
2024-10-16 18:00:00+00:00,0.3022990455236812
2024-10-16 19:00:00+00:00,0.2849314768045357
2024-10-16 20:00:00+00:00,0.28540204933017665
2024-10-16 21:00:00+00:00,0.2915185445587228
2024-10-16 22:00:00+00:00,0.3073935584074871
2024-10-16 23:00:00+00:00,0.3436694230303265
2024-10-17 00:00:00+00:00,0.36466832178753505
2024-10-17 01:00:00+00:00,0.42676674403526116
2024-10-17 02:00:00+00:00,0.552218310253828
2024-10-17 03:00:00+00:00,0.6473921423068358
2024-10-17 04:00:00+00:00,0.7048174191372625
2024-10-17 05:00:00+00:00,0.7445136362499446
2024-10-17 06:00:00+00:00,0.7482350267756511
2024-10-17 07:00:00+00:00,0.7378446280313992
2024-10-17 08:00:00+00:00,0.7405968759076164
2024-10-17 09:00:00+00:00,0.7497075841156456
2024-10-17 10:00:00+00:00,0.7246580743486621
2024-10-17 11:00:00+00:00,0.7361893907385121
2024-10-17 12:00:00+00:00,0.7287108976654729
2024-10-17 13:00:00+00:00,0.6909480129347426
2024-10-17 14:00:00+00:00,0.6152691582833089
2024-10-17 15:00:00+00:00,0.5001953431719025
2024-10-17 16:00:00+00:00,0.5462786434074456
2024-10-17 17:00:00+00:00,0.6070185003156912
2024-10-17 18:00:00+00:00,0.6184248414048159
2024-10-17 19:00:00+00:00,0.6368151107553713
2024-10-17 20:00:00+00:00,0.6576888961437658
2024-10-17 21:00:00+00:00,0.694634508025345
2024-10-17 22:00:00+00:00,0.7269125048414556
2024-10-17 23:00:00+00:00,0.7830342613571704
2024-10-18 00:00:00+00:00,0.8276514601921947
2024-10-18 01:00:00+00:00,0.8549250401866388
2024-10-18 02:00:00+00:00,0.8768762550737262
2024-10-18 03:00:00+00:00,0.8814468242522265
2024-10-18 04:00:00+00:00,0.8793765957873754
2024-10-18 05:00:00+00:00,0.8525481263431696
2024-10-18 06:00:00+00:00,0.8305921282409695
2024-10-18 07:00:00+00:00,0.8103583324793875
2024-10-18 08:00:00+00:00,0.7938309407279316
2024-10-18 09:00:00+00:00,0.7747684053431032
2024-10-18 10:00:00+00:00,0.7741656292419419
2024-10-18 11:00:00+00:00,0.7873179110193811
2024-10-18 12:00:00+00:00,0.7957705141562663
2024-10-18 13:00:00+00:00,0.7853505954495338
2024-10-18 14:00:00+00:00,0.7438024200472545
2024-10-18 15:00:00+00:00,0.6995720199939305
2024-10-18 16:00:00+00:00,0.7473079846981778
2024-10-18 17:00:00+00:00,0.8084214876944196
2024-10-18 18:00:00+00:00,0.8231048697423081
2024-10-18 19:00:00+00:00,0.826748996692964
2024-10-18 20:00:00+00:00,0.8209322087827589
2024-10-18 21:00:00+00:00,0.8242484627779878
2024-10-18 22:00:00+00:00,0.8378884010819381
2024-10-18 23:00:00+00:00,0.8770643132107132
2024-10-19 00:00:00+00:00,0.8831611814042316
2024-10-19 01:00:00+00:00,0.8640625187450749
2024-10-19 02:00:00+00:00,0.8556508513323849
2024-10-19 03:00:00+00:00,0.8571011315904827
2024-10-19 04:00:00+00:00,0.8653935057881802
2024-10-19 05:00:00+00:00,0.8464637077047683
2024-10-19 06:00:00+00:00,0.8243314468331964
2024-10-19 07:00:00+00:00,0.7957238058193696
2024-10-19 08:00:00+00:00,0.7836718690834918
2024-10-19 09:00:00+00:00,0.7775389551043784
2024-10-19 10:00:00+00:00,0.7670141707014303
2024-10-19 11:00:00+00:00,0.7624041081203926
2024-10-19 12:00:00+00:00,0.7173154627261794
2024-10-19 13:00:00+00:00,0.6637270389067734
2024-10-19 14:00:00+00:00,0.6254322638731195
2024-10-19 15:00:00+00:00,0.5964317809685719
2024-10-19 16:00:00+00:00,0.6345008689784266
2024-10-19 17:00:00+00:00,0.639971001250159
2024-10-19 18:00:00+00:00,0.6584560137259836
2024-10-19 19:00:00+00:00,0.6677268851833033
2024-10-19 20:00:00+00:00,0.6620357500076677
2024-10-19 21:00:00+00:00,0.6505416187272558
2024-10-19 22:00:00+00:00,0.6552561722792556
2024-10-19 23:00:00+00:00,0.6741131334624064
2024-10-20 00:00:00+00:00,0.6555790320868528
2024-10-20 01:00:00+00:00,0.6477286378476076
2024-10-20 02:00:00+00:00,0.7044948383942317
2024-10-20 03:00:00+00:00,0.7307969589501455
2024-10-20 04:00:00+00:00,0.7132417293063967
2024-10-20 05:00:00+00:00,0.7029762852195396
2024-10-20 06:00:00+00:00,0.6987564832814042
2024-10-20 07:00:00+00:00,0.6891217922144321
2024-10-20 08:00:00+00:00,0.6826030212377815
2024-10-20 09:00:00+00:00,0.6538459292001095
2024-10-20 10:00:00+00:00,0.6193407650423771
2024-10-20 11:00:00+00:00,0.5950332246174476
2024-10-20 12:00:00+00:00,0.546577316173172
2024-10-20 13:00:00+00:00,0.488948990134907
2024-10-20 14:00:00+00:00,0.42572766330077993
2024-10-20 15:00:00+00:00,0.36814160471651536
2024-10-20 16:00:00+00:00,0.4507025150714616
2024-10-20 17:00:00+00:00,0.523083140391958
2024-10-20 18:00:00+00:00,0.5162257268958679
2024-10-20 19:00:00+00:00,0.519245855064046
2024-10-20 20:00:00+00:00,0.5416146899120359
2024-10-20 21:00:00+00:00,0.5436671272606065
2024-10-20 22:00:00+00:00,0.556867214652913
2024-10-20 23:00:00+00:00,0.5581999500161848
2024-10-21 00:00:00+00:00,0.5490670190641325
2024-10-21 01:00:00+00:00,0.5733012588911552
2024-10-21 02:00:00+00:00,0.6763850495429596
2024-10-21 03:00:00+00:00,0.7449563148278656
2024-10-21 04:00:00+00:00,0.7730141064920685
2024-10-21 05:00:00+00:00,0.7796069256371796
2024-10-21 06:00:00+00:00,0.7357188571857436
2024-10-21 07:00:00+00:00,0.7110274602502199
2024-10-21 08:00:00+00:00,0.6904569356167729
2024-10-21 09:00:00+00:00,0.6706534493905986
2024-10-21 10:00:00+00:00,0.6768130403009145
2024-10-21 11:00:00+00:00,0.6887660543420985
2024-10-21 12:00:00+00:00,0.697374983454913
2024-10-21 13:00:00+00:00,0.712739983218819
2024-10-21 14:00:00+00:00,0.6558140314579948
2024-10-21 15:00:00+00:00,0.5652701957064671
2024-10-21 16:00:00+00:00,0.6053803610510159
2024-10-21 17:00:00+00:00,0.6160873818463999
2024-10-21 18:00:00+00:00,0.6153402521778859
2024-10-21 19:00:00+00:00,0.6187428379185319
2024-10-21 20:00:00+00:00,0.6160850047542501
2024-10-21 21:00:00+00:00,0.6165016773272833
2024-10-21 22:00:00+00:00,0.6426822004603875
2024-10-21 23:00:00+00:00,0.6314365416683548
2024-10-22 00:00:00+00:00,0.6189926065983733
2024-10-22 01:00:00+00:00,0.6036639204049103
2024-10-22 02:00:00+00:00,0.6844845025628594
2024-10-22 03:00:00+00:00,0.7347573074857847
2024-10-22 04:00:00+00:00,0.732240051533203
2024-10-22 05:00:00+00:00,0.7275995218187331
2024-10-22 06:00:00+00:00,0.7130243823688461
2024-10-22 07:00:00+00:00,0.683093756187382
2024-10-22 08:00:00+00:00,0.6404729593024412
2024-10-22 09:00:00+00:00,0.5887985768354107
2024-10-22 10:00:00+00:00,0.5406468504676799
2024-10-22 11:00:00+00:00,0.4685942997637259
2024-10-22 12:00:00+00:00,0.4123865936030479
2024-10-22 13:00:00+00:00,0.3584591819312915
2024-10-22 14:00:00+00:00,0.31067411961445585
2024-10-22 15:00:00+00:00,0.21984240748669823
2024-10-22 16:00:00+00:00,0.21291331036922598
2024-10-22 17:00:00+00:00,0.15648548784711108
2024-10-22 18:00:00+00:00,0.09341045114887694
2024-10-22 19:00:00+00:00,0.0700899733026525
2024-10-22 20:00:00+00:00,0.07415704109589055
2024-10-22 21:00:00+00:00,0.09142459573530134
2024-10-22 22:00:00+00:00,0.112280144350088
2024-10-22 23:00:00+00:00,0.12209343081046176
2024-10-23 00:00:00+00:00,0.14146015564703524
2024-10-23 01:00:00+00:00,0.23093212985076167
2024-10-23 02:00:00+00:00,0.3545167489142093
2024-10-23 03:00:00+00:00,0.44262574296183077
2024-10-23 04:00:00+00:00,0.5052798447996734
2024-10-23 05:00:00+00:00,0.5295302819766411
2024-10-23 06:00:00+00:00,0.5371948362427121
2024-10-23 07:00:00+00:00,0.5245211866749374
2024-10-23 08:00:00+00:00,0.5044524363645164
2024-10-23 09:00:00+00:00,0.4689829718463164
2024-10-23 10:00:00+00:00,0.44157422395195034
2024-10-23 11:00:00+00:00,0.40088797888772604
2024-10-23 12:00:00+00:00,0.34308178510634124
2024-10-23 13:00:00+00:00,0.2984822308597198
2024-10-23 14:00:00+00:00,0.2538232376319531
2024-10-23 15:00:00+00:00,0.16644873711238997
2024-10-23 16:00:00+00:00,0.12402579664348462
2024-10-23 17:00:00+00:00,0.08328266134443789
2024-10-23 18:00:00+00:00,0.048386316957547255
2024-10-23 19:00:00+00:00,0.05308429199912509
2024-10-23 20:00:00+00:00,0.07810813382738986
2024-10-23 21:00:00+00:00,0.08513081442833416
2024-10-23 22:00:00+00:00,0.09303951779695259
2024-10-23 23:00:00+00:00,0.12272336337546047
2024-10-24 00:00:00+00:00,0.179090612726305
2024-10-24 01:00:00+00:00,0.31190036247138686
2024-10-24 02:00:00+00:00,0.5092120633811813
2024-10-24 03:00:00+00:00,0.6486435219072951
2024-10-24 04:00:00+00:00,0.7037163099309466
2024-10-24 05:00:00+00:00,0.7233844884899215
2024-10-24 06:00:00+00:00,0.7072704028940661
2024-10-24 07:00:00+00:00,0.7009078408662685
2024-10-24 08:00:00+00:00,0.6899790837322283
2024-10-24 09:00:00+00:00,0.673968193928155
2024-10-24 10:00:00+00:00,0.6584230721405264
2024-10-24 11:00:00+00:00,0.6500668396620946
2024-10-24 12:00:00+00:00,0.6268415736640441
2024-10-24 13:00:00+00:00,0.6072683458566893
2024-10-24 14:00:00+00:00,0.5931290810370192
2024-10-24 15:00:00+00:00,0.4756676475211223
2024-10-24 16:00:00+00:00,0.4607438350985477
2024-10-24 17:00:00+00:00,0.4913126717120448
2024-10-24 18:00:00+00:00,0.569545621116458
2024-10-24 19:00:00+00:00,0.6148503790421388
2024-10-24 20:00:00+00:00,0.6257120608981248
2024-10-24 21:00:00+00:00,0.6485843270669736
2024-10-24 22:00:00+00:00,0.6786394024515378
2024-10-24 23:00:00+00:00,0.6915564654817774
2024-10-25 00:00:00+00:00,0.6894193128581737
2024-10-25 01:00:00+00:00,0.7564270551180567
2024-10-25 02:00:00+00:00,0.8265009274906632
2024-10-25 03:00:00+00:00,0.8359444628364989
2024-10-25 04:00:00+00:00,0.8352186931581785
2024-10-25 05:00:00+00:00,0.8357131982812781
2024-10-25 06:00:00+00:00,0.8412777255977452
2024-10-25 07:00:00+00:00,0.8163884007718181
2024-10-25 08:00:00+00:00,0.7715199431772569
2024-10-25 09:00:00+00:00,0.7203307507022068
2024-10-25 10:00:00+00:00,0.6859811117327183
2024-10-25 11:00:00+00:00,0.6155270614476127
2024-10-25 12:00:00+00:00,0.576968935688063
2024-10-25 13:00:00+00:00,0.5405034549894675
2024-10-25 14:00:00+00:00,0.509530308337921
2024-10-25 15:00:00+00:00,0.4755098174743088
2024-10-25 16:00:00+00:00,0.4483889581035615
2024-10-25 17:00:00+00:00,0.3754495612486584
2024-10-25 18:00:00+00:00,0.27246328896663313
2024-10-25 19:00:00+00:00,0.1969235834856542
2024-10-25 20:00:00+00:00,0.1582340117716559
2024-10-25 21:00:00+00:00,0.138314579586862
2024-10-25 22:00:00+00:00,0.12984130947554606
2024-10-25 23:00:00+00:00,0.12555098699235523
2024-10-26 00:00:00+00:00,0.1376883267045464
2024-10-26 01:00:00+00:00,0.19537531747253106
2024-10-26 02:00:00+00:00,0.27789465837834576
2024-10-26 03:00:00+00:00,0.3087005186385646
2024-10-26 04:00:00+00:00,0.3121011258732564
2024-10-26 05:00:00+00:00,0.30855877704903195
2024-10-26 06:00:00+00:00,0.3147168588632045
2024-10-26 07:00:00+00:00,0.31642155135743827
2024-10-26 08:00:00+00:00,0.31149397385603717
2024-10-26 09:00:00+00:00,0.3206341363004967
2024-10-26 10:00:00+00:00,0.32236872344631146
2024-10-26 11:00:00+00:00,0.31839741944822697
2024-10-26 12:00:00+00:00,0.3081964901795476
2024-10-26 13:00:00+00:00,0.2832728370497318
2024-10-26 14:00:00+00:00,0.24438068011476444
2024-10-26 15:00:00+00:00,0.1359525979934061
2024-10-26 16:00:00+00:00,0.06063744447843064
2024-10-26 17:00:00+00:00,0.030614883279232476
2024-10-26 18:00:00+00:00,0.026706025861767374
2024-10-26 19:00:00+00:00,0.035900203550569616
2024-10-26 20:00:00+00:00,0.038819312117211804
2024-10-26 21:00:00+00:00,0.044086821279691095
2024-10-26 22:00:00+00:00,0.054767046996055176
2024-10-26 23:00:00+00:00,0.06954892737539373
2024-10-27 00:00:00+00:00,0.08446229181438268
2024-10-27 01:00:00+00:00,0.12747776950948567
2024-10-27 02:00:00+00:00,0.17953058178576614
2024-10-27 03:00:00+00:00,0.21370967091007576
2024-10-27 04:00:00+00:00,0.24482893344033044
2024-10-27 05:00:00+00:00,0.25860795659865
2024-10-27 06:00:00+00:00,0.27704906146991276
2024-10-27 07:00:00+00:00,0.2770238604826049
2024-10-27 08:00:00+00:00,0.28202701209588116
2024-10-27 09:00:00+00:00,0.2890609891899813
2024-10-27 10:00:00+00:00,0.2810451729666745
2024-10-27 11:00:00+00:00,0.28755369505399614
2024-10-27 12:00:00+00:00,0.29939694868817596
2024-10-27 13:00:00+00:00,0.29593668671157575
2024-10-27 14:00:00+00:00,0.28379652005616607
2024-10-27 15:00:00+00:00,0.19683375162922168
2024-10-27 16:00:00+00:00,0.17466000778635765
2024-10-27 17:00:00+00:00,0.24172538420016965
2024-10-27 18:00:00+00:00,0.2691141989525403
2024-10-27 19:00:00+00:00,0.2779662294194635
2024-10-27 20:00:00+00:00,0.2893891403784568
2024-10-27 21:00:00+00:00,0.305510814296266
2024-10-27 22:00:00+00:00,0.34479525130522115
2024-10-27 23:00:00+00:00,0.39221165577251255
2024-10-28 00:00:00+00:00,0.42079596418312154
2024-10-28 01:00:00+00:00,0.5795729987972609
2024-10-28 02:00:00+00:00,0.7853333908785992
2024-10-28 03:00:00+00:00,0.8138625977212366
2024-10-28 04:00:00+00:00,0.8127781933075723
2024-10-28 05:00:00+00:00,0.8011220908415004
2024-10-28 06:00:00+00:00,0.7916128472688412
2024-10-28 07:00:00+00:00,0.7717201860129014
2024-10-28 08:00:00+00:00,0.7581965927960608
2024-10-28 09:00:00+00:00,0.745839746984109
2024-10-28 10:00:00+00:00,0.7302578865758876
2024-10-28 11:00:00+00:00,0.7246436908641695
2024-10-28 12:00:00+00:00,0.723467558697593
2024-10-28 13:00:00+00:00,0.7270464940469796
2024-10-28 14:00:00+00:00,0.7141991706220755
2024-10-28 15:00:00+00:00,0.6783677645673017
2024-10-28 16:00:00+00:00,0.6874506143298008
2024-10-28 17:00:00+00:00,0.7109578969266342
2024-10-28 18:00:00+00:00,0.7183604044311547
2024-10-28 19:00:00+00:00,0.7387251987545166
2024-10-28 20:00:00+00:00,0.7752707697906166
2024-10-28 21:00:00+00:00,0.8047666716923547
2024-10-28 22:00:00+00:00,0.8287801681212987
2024-10-28 23:00:00+00:00,0.8525572384755143
2024-10-29 00:00:00+00:00,0.8545947554683899
2024-10-29 01:00:00+00:00,0.8489018924351533
2024-10-29 02:00:00+00:00,0.8729120527428308
2024-10-29 03:00:00+00:00,0.8882415823121462
2024-10-29 04:00:00+00:00,0.898319247218124
2024-10-29 05:00:00+00:00,0.8985914922910363
2024-10-29 06:00:00+00:00,0.892019350749321
2024-10-29 07:00:00+00:00,0.875302144695523
2024-10-29 08:00:00+00:00,0.8742624615445539
2024-10-29 09:00:00+00:00,0.866044317328467
2024-10-29 10:00:00+00:00,0.8730478406295709
2024-10-29 11:00:00+00:00,0.8883583453634287
2024-10-29 12:00:00+00:00,0.8826087137861757
2024-10-29 13:00:00+00:00,0.8848324192665953
2024-10-29 14:00:00+00:00,0.8763657429459263
2024-10-29 15:00:00+00:00,0.870943489137241
2024-10-29 16:00:00+00:00,0.886467741819335
2024-10-29 17:00:00+00:00,0.8928334495146958
2024-10-29 18:00:00+00:00,0.9012396435887458
2024-10-29 19:00:00+00:00,0.9009505971225185
2024-10-29 20:00:00+00:00,0.9141426702388977
2024-10-29 21:00:00+00:00,0.9125564407434754
2024-10-29 22:00:00+00:00,0.9141455273336706
2024-10-29 23:00:00+00:00,0.9182423287894348
2024-10-30 00:00:00+00:00,0.9236981297815242
2024-10-30 01:00:00+00:00,0.9251455837110035
2024-10-30 02:00:00+00:00,0.9364542568656243
2024-10-30 03:00:00+00:00,0.9354679749374153
2024-10-30 04:00:00+00:00,0.9260368118517049
2024-10-30 05:00:00+00:00,0.9065831981528641
2024-10-30 06:00:00+00:00,0.9001996161171484
2024-10-30 07:00:00+00:00,0.886699909438917
2024-10-30 08:00:00+00:00,0.8907600537628215
2024-10-30 09:00:00+00:00,0.8825410311748334
2024-10-30 10:00:00+00:00,0.8817834518958515
2024-10-30 11:00:00+00:00,0.8783837893737111
2024-10-30 12:00:00+00:00,0.8681939286900354
2024-10-30 13:00:00+00:00,0.8592036034551573
2024-10-30 14:00:00+00:00,0.8357239232687123
2024-10-30 15:00:00+00:00,0.8074319390224416
2024-10-30 16:00:00+00:00,0.8440670724670906
2024-10-30 17:00:00+00:00,0.8396241045944771
2024-10-30 18:00:00+00:00,0.8290275118424941
2024-10-30 19:00:00+00:00,0.7957190804851185
2024-10-30 20:00:00+00:00,0.7563713513505149
2024-10-30 21:00:00+00:00,0.7287066069257487
2024-10-30 22:00:00+00:00,0.7145953844254762
2024-10-30 23:00:00+00:00,0.7073857113316904
2024-10-31 00:00:00+00:00,0.6207125925828261
2024-10-31 01:00:00+00:00,0.6171087166919323
2024-10-31 02:00:00+00:00,0.6742741880625045
2024-10-31 03:00:00+00:00,0.6433091679417728
2024-10-31 04:00:00+00:00,0.6064656670467705
2024-10-31 05:00:00+00:00,0.6041221281179323
2024-10-31 06:00:00+00:00,0.5590440063754142
2024-10-31 07:00:00+00:00,0.5475668955028457
2024-10-31 08:00:00+00:00,0.466233572171248
2024-10-31 09:00:00+00:00,0.44013700285989316
2024-10-31 10:00:00+00:00,0.4842535537168279
2024-10-31 11:00:00+00:00,0.4980607840158119
2024-10-31 12:00:00+00:00,0.48187268886283896
2024-10-31 13:00:00+00:00,0.41673378853381327
2024-10-31 14:00:00+00:00,0.34833100160276304
2024-10-31 15:00:00+00:00,0.25308746374742136
2024-10-31 16:00:00+00:00,0.17971414817266618
2024-10-31 17:00:00+00:00,0.12116150125278832
2024-10-31 18:00:00+00:00,0.09384044188763396
2024-10-31 19:00:00+00:00,0.10363693400451648
2024-10-31 20:00:00+00:00,0.11935396657870721
2024-10-31 21:00:00+00:00,0.13334220088860904
2024-10-31 22:00:00+00:00,0.14253458419839546
2024-10-31 23:00:00+00:00,0.13222809676003203
2024-11-01 00:00:00+00:00,0.1555855219377889
2024-11-01 01:00:00+00:00,0.2208311492972962
2024-11-01 02:00:00+00:00,0.29332579655294316
2024-11-01 03:00:00+00:00,0.341016087725979
2024-11-01 04:00:00+00:00,0.3649017095327876
2024-11-01 05:00:00+00:00,0.40317265041344663
2024-11-01 06:00:00+00:00,0.39428410175042344
2024-11-01 07:00:00+00:00,0.3711898157676932
2024-11-01 08:00:00+00:00,0.3538592602507422
2024-11-01 09:00:00+00:00,0.32874891697514647
2024-11-01 10:00:00+00:00,0.29307789231652087
2024-11-01 11:00:00+00:00,0.2743775981038569
2024-11-01 12:00:00+00:00,0.24868058236861662
2024-11-01 13:00:00+00:00,0.22368023456645988
2024-11-01 14:00:00+00:00,0.19147160624572557
2024-11-01 15:00:00+00:00,0.14443732461080325
2024-11-01 16:00:00+00:00,0.13168892377213404
2024-11-01 17:00:00+00:00,0.1587403017057113
2024-11-01 18:00:00+00:00,0.19626734495480028
2024-11-01 19:00:00+00:00,0.23265838110406903
2024-11-01 20:00:00+00:00,0.2759225257542311
2024-11-01 21:00:00+00:00,0.32275144732135663
2024-11-01 22:00:00+00:00,0.3705474548693548
2024-11-01 23:00:00+00:00,0.4324960358583699
2024-11-02 00:00:00+00:00,0.47790400653156306
2024-11-02 01:00:00+00:00,0.5186624676777126
2024-11-02 02:00:00+00:00,0.5689149934026728
2024-11-02 03:00:00+00:00,0.6006863692683828
2024-11-02 04:00:00+00:00,0.6328575983819511
2024-11-02 05:00:00+00:00,0.6475508629813982
2024-11-02 06:00:00+00:00,0.6488566761880556
2024-11-02 07:00:00+00:00,0.6342231881297818
2024-11-02 08:00:00+00:00,0.6418841347298322
2024-11-02 09:00:00+00:00,0.6397080685245894
2024-11-02 10:00:00+00:00,0.6271790267878147
2024-11-02 11:00:00+00:00,0.6097077813342875
2024-11-02 12:00:00+00:00,0.5774033955451646
2024-11-02 13:00:00+00:00,0.5377269920890017
2024-11-02 14:00:00+00:00,0.47635237149799525
2024-11-02 15:00:00+00:00,0.4807692130848797
2024-11-02 16:00:00+00:00,0.5683819737179654
2024-11-02 17:00:00+00:00,0.6345792454495192
2024-11-02 18:00:00+00:00,0.6464708255901678
2024-11-02 19:00:00+00:00,0.6659693278675233
2024-11-02 20:00:00+00:00,0.6864433817350181
2024-11-02 21:00:00+00:00,0.7473676039740493
2024-11-02 22:00:00+00:00,0.7622501085863402
2024-11-02 23:00:00+00:00,0.7402241113006744
2024-11-03 00:00:00+00:00,0.7266722841899916
2024-11-03 01:00:00+00:00,0.7057563766824273
2024-11-03 02:00:00+00:00,0.7147762009833849
2024-11-03 03:00:00+00:00,0.74637918978142
2024-11-03 04:00:00+00:00,0.798885280136191
2024-11-03 05:00:00+00:00,0.8145993099192488
2024-11-03 06:00:00+00:00,0.802065781674564
2024-11-03 07:00:00+00:00,0.7575301483978798
2024-11-03 08:00:00+00:00,0.7609845966920353
2024-11-03 09:00:00+00:00,0.7535080034922996
2024-11-03 10:00:00+00:00,0.7045972528124583
2024-11-03 11:00:00+00:00,0.7108943767482219
2024-11-03 12:00:00+00:00,0.7154913161725099
2024-11-03 13:00:00+00:00,0.713333560239808
2024-11-03 14:00:00+00:00,0.7183068438100692
2024-11-03 15:00:00+00:00,0.7305510073341701
2024-11-03 16:00:00+00:00,0.7289952524196862
2024-11-03 17:00:00+00:00,0.7627208991142269
2024-11-03 18:00:00+00:00,0.7470299362102565
2024-11-03 19:00:00+00:00,0.7025185464824931
2024-11-03 20:00:00+00:00,0.6720064269312219
2024-11-03 21:00:00+00:00,0.6218988348114305
2024-11-03 22:00:00+00:00,0.5852610768800434
2024-11-03 23:00:00+00:00,0.5628652016914689
2024-11-04 00:00:00+00:00,0.5798029248620761
2024-11-04 01:00:00+00:00,0.6183421497907626
2024-11-04 02:00:00+00:00,0.6902088365882941
2024-11-04 03:00:00+00:00,0.722142177999805
2024-11-04 04:00:00+00:00,0.7403367269586515
2024-11-04 05:00:00+00:00,0.7514967243531347
2024-11-04 06:00:00+00:00,0.8118440768945347
2024-11-04 07:00:00+00:00,0.8501045133207114
2024-11-04 08:00:00+00:00,0.8996810120930528
2024-11-04 09:00:00+00:00,0.8986395490965509
2024-11-04 10:00:00+00:00,0.87796170098137
2024-11-04 11:00:00+00:00,0.8042045715926466
2024-11-04 12:00:00+00:00,0.7377308906560623
2024-11-04 13:00:00+00:00,0.6598630236112916
2024-11-04 14:00:00+00:00,0.6014856997373402
2024-11-04 15:00:00+00:00,0.590263807094617
2024-11-04 16:00:00+00:00,0.5905575222795869
2024-11-04 17:00:00+00:00,0.6408344282838978
2024-11-04 18:00:00+00:00,0.6670221619768553
2024-11-04 19:00:00+00:00,0.6354658221525847
2024-11-04 20:00:00+00:00,0.6266691365990918
2024-11-04 21:00:00+00:00,0.6278230816322936
2024-11-04 22:00:00+00:00,0.6519412247067718
2024-11-04 23:00:00+00:00,0.6417482133664268
2024-11-05 00:00:00+00:00,0.5807408641234507
2024-11-05 01:00:00+00:00,0.5826663221775173
2024-11-05 02:00:00+00:00,0.6051206137250936
2024-11-05 03:00:00+00:00,0.6299483616655961
2024-11-05 04:00:00+00:00,0.674064070086655
2024-11-05 05:00:00+00:00,0.6943171100235992
2024-11-05 06:00:00+00:00,0.6979929782458544
2024-11-05 07:00:00+00:00,0.6763062794747776
2024-11-05 08:00:00+00:00,0.6498401946576138
2024-11-05 09:00:00+00:00,0.5859775612172695
2024-11-05 10:00:00+00:00,0.5396345885285492
2024-11-05 11:00:00+00:00,0.5200416330725266
2024-11-05 12:00:00+00:00,0.5433400893297021
2024-11-05 13:00:00+00:00,0.5296980244373437
2024-11-05 14:00:00+00:00,0.45741757787323695
2024-11-05 15:00:00+00:00,0.4303198862844408
2024-11-05 16:00:00+00:00,0.318979420658423
2024-11-05 17:00:00+00:00,0.25705530711350394
2024-11-05 18:00:00+00:00,0.2499003145866694
2024-11-05 19:00:00+00:00,0.24841506720218137
2024-11-05 20:00:00+00:00,0.218110734051165
2024-11-05 21:00:00+00:00,0.17906306230384864
2024-11-05 22:00:00+00:00,0.14338793913069622
2024-11-05 23:00:00+00:00,0.1044521457743919
2024-11-06 00:00:00+00:00,0.1432288522629752
2024-11-06 01:00:00+00:00,0.21807091773054138
2024-11-06 02:00:00+00:00,0.32231178100663943
2024-11-06 03:00:00+00:00,0.44131065128313807
2024-11-06 04:00:00+00:00,0.5548927067442956
2024-11-06 05:00:00+00:00,0.6432944550678171
2024-11-06 06:00:00+00:00,0.6936733363405573
2024-11-06 07:00:00+00:00,0.7028865297904283
2024-11-06 08:00:00+00:00,0.7016408574743027
2024-11-06 09:00:00+00:00,0.6907539474078428
2024-11-06 10:00:00+00:00,0.6852384367213717
2024-11-06 11:00:00+00:00,0.6929234629167466
2024-11-06 12:00:00+00:00,0.6881895186253539
2024-11-06 13:00:00+00:00,0.6378830385014539
2024-11-06 14:00:00+00:00,0.4791768190788546
2024-11-06 15:00:00+00:00,0.3582900151892497
2024-11-06 16:00:00+00:00,0.36947785721883897
2024-11-06 17:00:00+00:00,0.35344243496767813
2024-11-06 18:00:00+00:00,0.3131561530924116
2024-11-06 19:00:00+00:00,0.30000218568400877
2024-11-06 20:00:00+00:00,0.2996547394529804
2024-11-06 21:00:00+00:00,0.32948644312051556
2024-11-06 22:00:00+00:00,0.37949094801581257
2024-11-06 23:00:00+00:00,0.4218223444610617
2024-11-07 00:00:00+00:00,0.5226391833736695
2024-11-07 01:00:00+00:00,0.6584871253579292
2024-11-07 02:00:00+00:00,0.6965182093580358
2024-11-07 03:00:00+00:00,0.7341385054357809
2024-11-07 04:00:00+00:00,0.7404105894817501
2024-11-07 05:00:00+00:00,0.7103097762860417
2024-11-07 06:00:00+00:00,0.6940865218899402
2024-11-07 07:00:00+00:00,0.6727969738619329
2024-11-07 08:00:00+00:00,0.6290566055111636
2024-11-07 09:00:00+00:00,0.6262318731174199
2024-11-07 10:00:00+00:00,0.5971426476084569
2024-11-07 11:00:00+00:00,0.5050626512952126
2024-11-07 12:00:00+00:00,0.4368608524204192
2024-11-07 13:00:00+00:00,0.400618544380749
2024-11-07 14:00:00+00:00,0.37853290157217534
2024-11-07 15:00:00+00:00,0.3494918770828163
2024-11-07 16:00:00+00:00,0.33010946533969904
2024-11-07 17:00:00+00:00,0.336131174457127
2024-11-07 18:00:00+00:00,0.3683668047240206
2024-11-07 19:00:00+00:00,0.3769508280744592
2024-11-07 20:00:00+00:00,0.39965767782679956
2024-11-07 21:00:00+00:00,0.41701191290676165
2024-11-07 22:00:00+00:00,0.4178435200362502
2024-11-07 23:00:00+00:00,0.4274664812447396
2024-11-08 00:00:00+00:00,0.4586313408788845
2024-11-08 01:00:00+00:00,0.4936626224737683
2024-11-08 02:00:00+00:00,0.4999537566261022
2024-11-08 03:00:00+00:00,0.4768798820164962
2024-11-08 04:00:00+00:00,0.45704211918514165
2024-11-08 05:00:00+00:00,0.4506119411758757
2024-11-08 06:00:00+00:00,0.47224768277159224
2024-11-08 07:00:00+00:00,0.4914234029340251
2024-11-08 08:00:00+00:00,0.5429713468461186
2024-11-08 09:00:00+00:00,0.5858532184122808
2024-11-08 10:00:00+00:00,0.5767447816575022
2024-11-08 11:00:00+00:00,0.5939122263034208
2024-11-08 12:00:00+00:00,0.6241120312097909
2024-11-08 13:00:00+00:00,0.6509677937036525
2024-11-08 14:00:00+00:00,0.6601751235800177
2024-11-08 15:00:00+00:00,0.6842596603248773
2024-11-08 16:00:00+00:00,0.6945756081930375
2024-11-08 17:00:00+00:00,0.6485876756610055
2024-11-08 18:00:00+00:00,0.6424859263502049
2024-11-08 19:00:00+00:00,0.654400397883556
2024-11-08 20:00:00+00:00,0.6339437825326893
2024-11-08 21:00:00+00:00,0.6063632132218361
2024-11-08 22:00:00+00:00,0.5798640149842772
2024-11-08 23:00:00+00:00,0.5020533575855797
2024-11-09 00:00:00+00:00,0.45637662691086556
2024-11-09 01:00:00+00:00,0.42719694120732227
2024-11-09 02:00:00+00:00,0.37138869596276614
2024-11-09 03:00:00+00:00,0.31962907758217174
2024-11-09 04:00:00+00:00,0.2728658179299499
2024-11-09 05:00:00+00:00,0.2550630374447959
2024-11-09 06:00:00+00:00,0.2497440955872982
2024-11-09 07:00:00+00:00,0.2550280233195801
2024-11-09 08:00:00+00:00,0.25093910971290156
2024-11-09 09:00:00+00:00,0.25962254534118695
2024-11-09 10:00:00+00:00,0.2703142020758075
2024-11-09 11:00:00+00:00,0.2895711487904348
2024-11-09 12:00:00+00:00,0.3003672247685787
2024-11-09 13:00:00+00:00,0.30071548668230524
2024-11-09 14:00:00+00:00,0.26347815120907553
2024-11-09 15:00:00+00:00,0.19027435728980277
2024-11-09 16:00:00+00:00,0.1729072678140686
2024-11-09 17:00:00+00:00,0.18109859283712268
2024-11-09 18:00:00+00:00,0.19576786909127308
2024-11-09 19:00:00+00:00,0.212792365579342
2024-11-09 20:00:00+00:00,0.22550335058049148
2024-11-09 21:00:00+00:00,0.24038489515138314
2024-11-09 22:00:00+00:00,0.22753075996973904
2024-11-09 23:00:00+00:00,0.211009936123423
2024-11-10 00:00:00+00:00,0.2583722450506855
2024-11-10 01:00:00+00:00,0.29245893245892124
2024-11-10 02:00:00+00:00,0.3110068304482451
2024-11-10 03:00:00+00:00,0.336656297869113
2024-11-10 04:00:00+00:00,0.34301116029619855
2024-11-10 05:00:00+00:00,0.31874700492119373
2024-11-10 06:00:00+00:00,0.2844357433852005
2024-11-10 07:00:00+00:00,0.24455424030704137
2024-11-10 08:00:00+00:00,0.22428423838540976
2024-11-10 09:00:00+00:00,0.2153289414115482
2024-11-10 10:00:00+00:00,0.20253821408112277
2024-11-10 11:00:00+00:00,0.1942010106318897
2024-11-10 12:00:00+00:00,0.1927566440552766
2024-11-10 13:00:00+00:00,0.1811109529860121
2024-11-10 14:00:00+00:00,0.11985120757576208
2024-11-10 15:00:00+00:00,0.055400354149051714
2024-11-10 16:00:00+00:00,0.0549258871199408
2024-11-10 17:00:00+00:00,0.06438352912718541
2024-11-10 18:00:00+00:00,0.06316143706193668
2024-11-10 19:00:00+00:00,0.05183351340518882
2024-11-10 20:00:00+00:00,0.05559675786753478
2024-11-10 21:00:00+00:00,0.050745095834096
2024-11-10 22:00:00+00:00,0.0444809738953573
2024-11-10 23:00:00+00:00,0.043472970555984584
2024-11-11 00:00:00+00:00,0.04786892814232201
2024-11-11 01:00:00+00:00,0.04772112833183872
2024-11-11 02:00:00+00:00,0.04817406617498329
2024-11-11 03:00:00+00:00,0.04908597426902182
2024-11-11 04:00:00+00:00,0.0600780451120173
2024-11-11 05:00:00+00:00,0.06397437763163209
2024-11-11 06:00:00+00:00,0.06661123764220955
2024-11-11 07:00:00+00:00,0.06987278641418021
2024-11-11 08:00:00+00:00,0.06293639193363884
2024-11-11 09:00:00+00:00,0.05821399391608472
2024-11-11 10:00:00+00:00,0.057070439672512775
2024-11-11 11:00:00+00:00,0.05426110322642822
2024-11-11 12:00:00+00:00,0.050962431744998996
2024-11-11 13:00:00+00:00,0.047128368584277436
2024-11-11 14:00:00+00:00,0.04045547208056828
2024-11-11 15:00:00+00:00,0.02339933135539879
2024-11-11 16:00:00+00:00,0.019237064005987344
2024-11-11 17:00:00+00:00,0.03582067947661003
2024-11-11 18:00:00+00:00,0.04823924049514586
2024-11-11 19:00:00+00:00,0.051929536308484237
2024-11-11 20:00:00+00:00,0.05664462803319234
2024-11-11 21:00:00+00:00,0.06971121439316301
2024-11-11 22:00:00+00:00,0.07304884218900969
2024-11-11 23:00:00+00:00,0.09351674188564335
2024-11-12 00:00:00+00:00,0.16593334339731963
2024-11-12 01:00:00+00:00,0.23615137530443403
2024-11-12 02:00:00+00:00,0.3054099459224902
2024-11-12 03:00:00+00:00,0.38229534546375327
2024-11-12 04:00:00+00:00,0.4495730176705432
2024-11-12 05:00:00+00:00,0.4652307700111611
2024-11-12 06:00:00+00:00,0.4993680228776204
2024-11-12 07:00:00+00:00,0.5426814764181692
2024-11-12 08:00:00+00:00,0.5620197096627233
2024-11-12 09:00:00+00:00,0.5753045603411711
2024-11-12 10:00:00+00:00,0.6248604666502973
2024-11-12 11:00:00+00:00,0.6628045701765792
2024-11-12 12:00:00+00:00,0.680168092839118
2024-11-12 13:00:00+00:00,0.6590041491368898
2024-11-12 14:00:00+00:00,0.564089839574652
2024-11-12 15:00:00+00:00,0.492640644069699
2024-11-12 16:00:00+00:00,0.5348438102563133
2024-11-12 17:00:00+00:00,0.5380134747692821
2024-11-12 18:00:00+00:00,0.5514903846670625
2024-11-12 19:00:00+00:00,0.5677883249695378
2024-11-12 20:00:00+00:00,0.5794678060253708
2024-11-12 21:00:00+00:00,0.6166667939635888
2024-11-12 22:00:00+00:00,0.6351898417576102
2024-11-12 23:00:00+00:00,0.6286207647924071
2024-11-13 00:00:00+00:00,0.6956963760682062
2024-11-13 01:00:00+00:00,0.759894548695523
2024-11-13 02:00:00+00:00,0.7775221608331931
2024-11-13 03:00:00+00:00,0.7871471718050871
2024-11-13 04:00:00+00:00,0.7816375451908406
2024-11-13 05:00:00+00:00,0.7584903934104348
2024-11-13 06:00:00+00:00,0.7507770015437409
2024-11-13 07:00:00+00:00,0.6937502918202284
2024-11-13 08:00:00+00:00,0.6376084880638305
2024-11-13 09:00:00+00:00,0.6048132235810063
2024-11-13 10:00:00+00:00,0.5815287609711399
2024-11-13 11:00:00+00:00,0.6068210147203913
2024-11-13 12:00:00+00:00,0.6237967093992509
2024-11-13 13:00:00+00:00,0.6499939202608177
2024-11-13 14:00:00+00:00,0.5634356773434628
2024-11-13 15:00:00+00:00,0.5072707855946587
2024-11-13 16:00:00+00:00,0.5014065547920625
2024-11-13 17:00:00+00:00,0.49085916840072
2024-11-13 18:00:00+00:00,0.46086844872523197
2024-11-13 19:00:00+00:00,0.44886877121295343
2024-11-13 20:00:00+00:00,0.45346180771013583
2024-11-13 21:00:00+00:00,0.4377751927759984
2024-11-13 22:00:00+00:00,0.3981621699840409
2024-11-13 23:00:00+00:00,0.3053345290759166
2024-11-14 00:00:00+00:00,0.29575267416120715
2024-11-14 01:00:00+00:00,0.2776850616917802
2024-11-14 02:00:00+00:00,0.24212928220312874
2024-11-14 03:00:00+00:00,0.21919117978988562
2024-11-14 04:00:00+00:00,0.21828013904110063
2024-11-14 05:00:00+00:00,0.20397737875539124
2024-11-14 06:00:00+00:00,0.1972821348523116
2024-11-14 07:00:00+00:00,0.19637130277831313
2024-11-14 08:00:00+00:00,0.22089628880217468
2024-11-14 09:00:00+00:00,0.29084942719270734
2024-11-14 10:00:00+00:00,0.32708209067564237
2024-11-14 11:00:00+00:00,0.3379460304998313
2024-11-14 12:00:00+00:00,0.34743338758698944
2024-11-14 13:00:00+00:00,0.34343031780561023
2024-11-14 14:00:00+00:00,0.2963785637064464
2024-11-14 15:00:00+00:00,0.2418134872228718
2024-11-14 16:00:00+00:00,0.238036398931012
2024-11-14 17:00:00+00:00,0.2309797163064889
2024-11-14 18:00:00+00:00,0.2258818804972405
2024-11-14 19:00:00+00:00,0.23544657859905313
2024-11-14 20:00:00+00:00,0.24081620908785095
2024-11-14 21:00:00+00:00,0.23829765936605415
2024-11-14 22:00:00+00:00,0.22834443093734022
2024-11-14 23:00:00+00:00,0.25900689141714656
2024-11-15 00:00:00+00:00,0.3787097355941982
2024-11-15 01:00:00+00:00,0.5164573615126125
2024-11-15 02:00:00+00:00,0.6222456819881947
2024-11-15 03:00:00+00:00,0.6897338892311835
2024-11-15 04:00:00+00:00,0.7305595903320422
2024-11-15 05:00:00+00:00,0.7566985037054837
2024-11-15 06:00:00+00:00,0.76071765023059
2024-11-15 07:00:00+00:00,0.748588760003453
2024-11-15 08:00:00+00:00,0.7361965160858788
2024-11-15 09:00:00+00:00,0.7305943737653293
2024-11-15 10:00:00+00:00,0.7235138754258121
2024-11-15 11:00:00+00:00,0.7017924456432155
2024-11-15 12:00:00+00:00,0.6864793929222467
2024-11-15 13:00:00+00:00,0.6904097692220894
2024-11-15 14:00:00+00:00,0.5815251171160233
2024-11-15 15:00:00+00:00,0.486321530612547
2024-11-15 16:00:00+00:00,0.5056927387394187
2024-11-15 17:00:00+00:00,0.49069636298590225
2024-11-15 18:00:00+00:00,0.49005046654666407
2024-11-15 19:00:00+00:00,0.5060543052253625
2024-11-15 20:00:00+00:00,0.5597438445239092
2024-11-15 21:00:00+00:00,0.6049582109817541
2024-11-15 22:00:00+00:00,0.6546776911003467
2024-11-15 23:00:00+00:00,0.7066623125633664
2024-11-16 00:00:00+00:00,0.7802737573418379
2024-11-16 01:00:00+00:00,0.8168401443747992
2024-11-16 02:00:00+00:00,0.8190721026682634
2024-11-16 03:00:00+00:00,0.8208609212530196
2024-11-16 04:00:00+00:00,0.8258940663961757
2024-11-16 05:00:00+00:00,0.8214961581054974
2024-11-16 06:00:00+00:00,0.819400586897649
2024-11-16 07:00:00+00:00,0.8075945700354628
2024-11-16 08:00:00+00:00,0.8032100286085221
2024-11-16 09:00:00+00:00,0.7927665946539041
2024-11-16 10:00:00+00:00,0.7945384182463356
2024-11-16 11:00:00+00:00,0.7927205282125088
2024-11-16 12:00:00+00:00,0.7842174593995224
2024-11-16 13:00:00+00:00,0.7747957928965515
2024-11-16 14:00:00+00:00,0.7165902876191582
2024-11-16 15:00:00+00:00,0.7008282747102833
2024-11-16 16:00:00+00:00,0.7415240790102976
2024-11-16 17:00:00+00:00,0.7080996884984782
2024-11-16 18:00:00+00:00,0.6692784122280305
2024-11-16 19:00:00+00:00,0.6394955383882355
2024-11-16 20:00:00+00:00,0.6262058326226244
2024-11-16 21:00:00+00:00,0.6442263947483147
2024-11-16 22:00:00+00:00,0.6652137055473415
2024-11-16 23:00:00+00:00,0.6880311775566922
2024-11-17 00:00:00+00:00,0.7863698879430149
2024-11-17 01:00:00+00:00,0.8557804551859329
2024-11-17 02:00:00+00:00,0.8721677358094287
2024-11-17 03:00:00+00:00,0.8663253685713681
2024-11-17 04:00:00+00:00,0.8687152203962134
2024-11-17 05:00:00+00:00,0.841256666906178
2024-11-17 06:00:00+00:00,0.8271421225288984
2024-11-17 07:00:00+00:00,0.8192369854673341
2024-11-17 08:00:00+00:00,0.7881586837152641
2024-11-17 09:00:00+00:00,0.7118187926036157
2024-11-17 10:00:00+00:00,0.6073873054884777
2024-11-17 11:00:00+00:00,0.49153995481596807
2024-11-17 12:00:00+00:00,0.40056738460429675
2024-11-17 13:00:00+00:00,0.3503255803960882
2024-11-17 14:00:00+00:00,0.3466279827005629
2024-11-17 15:00:00+00:00,0.3434214782303022
2024-11-17 16:00:00+00:00,0.36665257215505687
2024-11-17 17:00:00+00:00,0.37775699398033413
2024-11-17 18:00:00+00:00,0.37594758857222177
2024-11-17 19:00:00+00:00,0.4006535313551048
2024-11-17 20:00:00+00:00,0.35937655436188737
2024-11-17 21:00:00+00:00,0.3078105755903722
2024-11-17 22:00:00+00:00,0.3266371683014721
2024-11-17 23:00:00+00:00,0.443648852519178
2024-11-18 00:00:00+00:00,0.5388899537023201
2024-11-18 01:00:00+00:00,0.6067723240814814
2024-11-18 02:00:00+00:00,0.6713228479903571
2024-11-18 03:00:00+00:00,0.7525265319662165
2024-11-18 04:00:00+00:00,0.8356264689981009
2024-11-18 05:00:00+00:00,0.9052424636255954
2024-11-18 06:00:00+00:00,0.8938749877093191
2024-11-18 07:00:00+00:00,0.9129423059838837
2024-11-18 08:00:00+00:00,0.9039633295916228
2024-11-18 09:00:00+00:00,0.896490177971288
2024-11-18 10:00:00+00:00,0.8890907116523257
2024-11-18 11:00:00+00:00,0.8682670761079233
2024-11-18 12:00:00+00:00,0.874947664873297
2024-11-18 13:00:00+00:00,0.9189558796768728
2024-11-18 14:00:00+00:00,0.8713175688797874
2024-11-18 15:00:00+00:00,0.8822999320430095
2024-11-18 16:00:00+00:00,0.8678314616704366
2024-11-18 17:00:00+00:00,0.8527177037464899
2024-11-18 18:00:00+00:00,0.8292922389832325
2024-11-18 19:00:00+00:00,0.8330064586450172
2024-11-18 20:00:00+00:00,0.789542935576076
2024-11-18 21:00:00+00:00,0.7339015784258754
2024-11-18 22:00:00+00:00,0.7062027851594692
2024-11-18 23:00:00+00:00,0.6326416316553023
2024-11-19 00:00:00+00:00,0.6552502288438988
2024-11-19 01:00:00+00:00,0.6735206715427889
2024-11-19 02:00:00+00:00,0.7019155779753695
2024-11-19 03:00:00+00:00,0.7170529849492434
2024-11-19 04:00:00+00:00,0.7281469028623324
2024-11-19 05:00:00+00:00,0.7348629828994626
2024-11-19 06:00:00+00:00,0.7498504365766553
2024-11-19 07:00:00+00:00,0.7371325625599269
2024-11-19 08:00:00+00:00,0.7194785603285033
2024-11-19 09:00:00+00:00,0.6936487396496903
2024-11-19 10:00:00+00:00,0.6780827993344943
2024-11-19 11:00:00+00:00,0.6449704142153023
2024-11-19 12:00:00+00:00,0.6106280937583544
2024-11-19 13:00:00+00:00,0.5633754861280343
2024-11-19 14:00:00+00:00,0.45779815263659035
2024-11-19 15:00:00+00:00,0.3226378197063545
2024-11-19 16:00:00+00:00,0.3361228650647268
2024-11-19 17:00:00+00:00,0.3765886548336744
2024-11-19 18:00:00+00:00,0.34887036663509385
2024-11-19 19:00:00+00:00,0.33708278658074836
2024-11-19 20:00:00+00:00,0.330423091757981
2024-11-19 21:00:00+00:00,0.3208878469887752
2024-11-19 22:00:00+00:00,0.2922657348918749
2024-11-19 23:00:00+00:00,0.2931938135103746
2024-11-20 00:00:00+00:00,0.4148952774397931
2024-11-20 01:00:00+00:00,0.46525331570942347
2024-11-20 02:00:00+00:00,0.5044472346429365
2024-11-20 03:00:00+00:00,0.5399812733785997
2024-11-20 04:00:00+00:00,0.5855506241368361
2024-11-20 05:00:00+00:00,0.635001204775854
2024-11-20 06:00:00+00:00,0.6145100965167496
2024-11-20 07:00:00+00:00,0.6156670307475777
2024-11-20 08:00:00+00:00,0.6016490243807243
2024-11-20 09:00:00+00:00,0.5597475662886179
2024-11-20 10:00:00+00:00,0.5677126246477388
2024-11-20 11:00:00+00:00,0.5585932201023615
2024-11-20 12:00:00+00:00,0.5722275971437143
2024-11-20 13:00:00+00:00,0.5279114489619309
2024-11-20 14:00:00+00:00,0.38691003786296696
2024-11-20 15:00:00+00:00,0.28842054096308783
2024-11-20 16:00:00+00:00,0.26642623610639565
2024-11-20 17:00:00+00:00,0.24324940923123115
2024-11-20 18:00:00+00:00,0.2234275102027701
2024-11-20 19:00:00+00:00,0.2087033696524125
2024-11-20 20:00:00+00:00,0.19773356320163055
2024-11-20 21:00:00+00:00,0.18622975674294096
2024-11-20 22:00:00+00:00,0.16049995777213347
2024-11-20 23:00:00+00:00,0.12205560854155774
2024-11-21 00:00:00+00:00,0.1441147825875743
2024-11-21 01:00:00+00:00,0.18678017557372173
2024-11-21 02:00:00+00:00,0.21786949450131068
2024-11-21 03:00:00+00:00,0.2403346191336205
2024-11-21 04:00:00+00:00,0.26067200999623896
2024-11-21 05:00:00+00:00,0.27123750141986525
2024-11-21 06:00:00+00:00,0.28221661804881326
2024-11-21 07:00:00+00:00,0.2951443046213293
2024-11-21 08:00:00+00:00,0.3239816034451349
2024-11-21 09:00:00+00:00,0.34676453800582224
2024-11-21 10:00:00+00:00,0.3780746040552432
2024-11-21 11:00:00+00:00,0.3826636700916226
2024-11-21 12:00:00+00:00,0.3502402437604251
2024-11-21 13:00:00+00:00,0.30811378927418787
2024-11-21 14:00:00+00:00,0.2249256144052773
2024-11-21 15:00:00+00:00,0.10241983129846101
2024-11-21 16:00:00+00:00,0.05823797047552187
2024-11-21 17:00:00+00:00,0.047658003232786614
2024-11-21 18:00:00+00:00,0.029142531830247967
2024-11-21 19:00:00+00:00,0.01854137364848031
2024-11-21 20:00:00+00:00,0.01662285218726542
2024-11-21 21:00:00+00:00,0.016762596652078382
2024-11-21 22:00:00+00:00,0.02638099008084185
2024-11-21 23:00:00+00:00,0.03746138791402089
2024-11-22 00:00:00+00:00,0.05759095633190044
2024-11-22 01:00:00+00:00,0.09304112906131255
2024-11-22 02:00:00+00:00,0.12533625644328358
2024-11-22 03:00:00+00:00,0.14949642481935063
2024-11-22 04:00:00+00:00,0.16978557872633995
2024-11-22 05:00:00+00:00,0.19163724153215023
2024-11-22 06:00:00+00:00,0.20351704326091388
2024-11-22 07:00:00+00:00,0.22700584534099838
2024-11-22 08:00:00+00:00,0.22887798687865002
2024-11-22 09:00:00+00:00,0.21205622962308693
2024-11-22 10:00:00+00:00,0.19510379126473568
2024-11-22 11:00:00+00:00,0.19124938115543413
2024-11-22 12:00:00+00:00,0.20086739071224968
2024-11-22 13:00:00+00:00,0.2031121363739297
2024-11-22 14:00:00+00:00,0.18035988792504976
2024-11-22 15:00:00+00:00,0.10314199009314874
2024-11-22 16:00:00+00:00,0.07246279926056015
2024-11-22 17:00:00+00:00,0.06823840387410933
2024-11-22 18:00:00+00:00,0.06334552499119128
2024-11-22 19:00:00+00:00,0.0910436380038236
2024-11-22 20:00:00+00:00,0.12598808355588978
2024-11-22 21:00:00+00:00,0.15721612653147782
2024-11-22 22:00:00+00:00,0.18465123418727813
2024-11-22 23:00:00+00:00,0.24596657306244105
2024-11-23 00:00:00+00:00,0.387972652066417
2024-11-23 01:00:00+00:00,0.5408518410162472
2024-11-23 02:00:00+00:00,0.6806359032076142
2024-11-23 03:00:00+00:00,0.7693418857763772
2024-11-23 04:00:00+00:00,0.8084930209918649
2024-11-23 05:00:00+00:00,0.7993331644125157
2024-11-23 06:00:00+00:00,0.7934474352624135
2024-11-23 07:00:00+00:00,0.8020131984482902
2024-11-23 08:00:00+00:00,0.7831200178369596
2024-11-23 09:00:00+00:00,0.7642034665533624
2024-11-23 10:00:00+00:00,0.7429337678648287
2024-11-23 11:00:00+00:00,0.7297622882601
2024-11-23 12:00:00+00:00,0.7138813608021567
2024-11-23 13:00:00+00:00,0.7222385533219878
2024-11-23 14:00:00+00:00,0.6510624868655545
2024-11-23 15:00:00+00:00,0.5158557789647086
2024-11-23 16:00:00+00:00,0.5159565272022552
2024-11-23 17:00:00+00:00,0.5374517563000394
2024-11-23 18:00:00+00:00,0.5621938898056654
2024-11-23 19:00:00+00:00,0.6005475811573688
2024-11-23 20:00:00+00:00,0.6439293421405722
2024-11-23 21:00:00+00:00,0.6930443751328289
2024-11-23 22:00:00+00:00,0.7438688734946903
2024-11-23 23:00:00+00:00,0.7960971378829036
2024-11-24 00:00:00+00:00,0.8753719287689782
2024-11-24 01:00:00+00:00,0.9228247127135276
2024-11-24 02:00:00+00:00,0.9315291663613194
2024-11-24 03:00:00+00:00,0.9374619394199345
2024-11-24 04:00:00+00:00,0.9335559723579498
2024-11-24 05:00:00+00:00,0.9523041672315679
2024-11-24 06:00:00+00:00,0.943240425347836
2024-11-24 07:00:00+00:00,0.9411080909715467
2024-11-24 08:00:00+00:00,0.9273273490661679
2024-11-24 09:00:00+00:00,0.9141357385628462
2024-11-24 10:00:00+00:00,0.8985244692539848
2024-11-24 11:00:00+00:00,0.8992187081069866
2024-11-24 12:00:00+00:00,0.8937142607994955
2024-11-24 13:00:00+00:00,0.8825220356232598
2024-11-24 14:00:00+00:00,0.823141371597278
2024-11-24 15:00:00+00:00,0.7839712007366029
2024-11-24 16:00:00+00:00,0.7787568800729675
2024-11-24 17:00:00+00:00,0.7848513111604511
2024-11-24 18:00:00+00:00,0.7818546667147922
2024-11-24 19:00:00+00:00,0.7685271720494434
2024-11-24 20:00:00+00:00,0.755546124853922
2024-11-24 21:00:00+00:00,0.724468236655366
2024-11-24 22:00:00+00:00,0.7146879908756659
2024-11-24 23:00:00+00:00,0.7623518254335333
2024-11-25 00:00:00+00:00,0.8674310066568434
2024-11-25 01:00:00+00:00,0.9248481103191586
2024-11-25 02:00:00+00:00,0.9329532432917671
2024-11-25 03:00:00+00:00,0.9348271579143513
2024-11-25 04:00:00+00:00,0.9129970182208129
2024-11-25 05:00:00+00:00,0.9018459137995343
2024-11-25 06:00:00+00:00,0.8945663998360198
2024-11-25 07:00:00+00:00,0.8610670815546388
2024-11-25 08:00:00+00:00,0.8398529081104149
2024-11-25 09:00:00+00:00,0.802178698739626
2024-11-25 10:00:00+00:00,0.7813554016229222
2024-11-25 11:00:00+00:00,0.7710754041688933
2024-11-25 12:00:00+00:00,0.7983043924366368
2024-11-25 13:00:00+00:00,0.786415731465364
2024-11-25 14:00:00+00:00,0.7309744321200462
2024-11-25 15:00:00+00:00,0.7196192443359969
2024-11-25 16:00:00+00:00,0.7519896770327126
2024-11-25 17:00:00+00:00,0.7579459942615674
2024-11-25 18:00:00+00:00,0.7053518451352966
2024-11-25 19:00:00+00:00,0.6457879298676181
2024-11-25 20:00:00+00:00,0.5904167855972555
2024-11-25 21:00:00+00:00,0.5345534015471968
2024-11-25 22:00:00+00:00,0.46582294766018845
2024-11-25 23:00:00+00:00,0.3933297394724343
2024-11-26 00:00:00+00:00,0.3787343581705723
2024-11-26 01:00:00+00:00,0.4078303606932969
2024-11-26 02:00:00+00:00,0.43701124880756875
2024-11-26 03:00:00+00:00,0.42720944770332464
2024-11-26 04:00:00+00:00,0.3832328807882967
2024-11-26 05:00:00+00:00,0.33742372951194594
2024-11-26 06:00:00+00:00,0.3142780618098469
2024-11-26 07:00:00+00:00,0.2951951834532622
2024-11-26 08:00:00+00:00,0.28672543087868035
2024-11-26 09:00:00+00:00,0.2682223503550326
2024-11-26 10:00:00+00:00,0.24380117009540603
2024-11-26 11:00:00+00:00,0.24329258481100474
2024-11-26 12:00:00+00:00,0.23936082305808357
2024-11-26 13:00:00+00:00,0.2136714076114211
2024-11-26 14:00:00+00:00,0.19160857532141662
2024-11-26 15:00:00+00:00,0.17408495983552003
2024-11-26 16:00:00+00:00,0.19862911841576383
2024-11-26 17:00:00+00:00,0.2346152493410838
2024-11-26 18:00:00+00:00,0.26527886497972225
2024-11-26 19:00:00+00:00,0.3010908746552441
2024-11-26 20:00:00+00:00,0.35526957476810345
2024-11-26 21:00:00+00:00,0.41746654321377596
2024-11-26 22:00:00+00:00,0.46126366676812597
2024-11-26 23:00:00+00:00,0.5420238401060832
2024-11-27 00:00:00+00:00,0.7001085131810876
2024-11-27 01:00:00+00:00,0.7588681274562984
2024-11-27 02:00:00+00:00,0.7638062285370887
2024-11-27 03:00:00+00:00,0.7830950967457359
2024-11-27 04:00:00+00:00,0.788568581516018
2024-11-27 05:00:00+00:00,0.8008495834789874
2024-11-27 06:00:00+00:00,0.8061743717373431
2024-11-27 07:00:00+00:00,0.8049725738012247
2024-11-27 08:00:00+00:00,0.8014156698383346
2024-11-27 09:00:00+00:00,0.7976051730819127
2024-11-27 10:00:00+00:00,0.7968069071363595
2024-11-27 11:00:00+00:00,0.7940399388663743
2024-11-27 12:00:00+00:00,0.803781080719191
2024-11-27 13:00:00+00:00,0.8233829928137506
2024-11-27 14:00:00+00:00,0.7705291086897111
2024-11-27 15:00:00+00:00,0.7281275217757754
2024-11-27 16:00:00+00:00,0.7383882277302398
2024-11-27 17:00:00+00:00,0.739152669127011
2024-11-27 18:00:00+00:00,0.7455055330917181
2024-11-27 19:00:00+00:00,0.7417610606472997
2024-11-27 20:00:00+00:00,0.7299812420513516
2024-11-27 21:00:00+00:00,0.7290324186934409
2024-11-27 22:00:00+00:00,0.754930401516231
2024-11-27 23:00:00+00:00,0.8344674002252169
2024-11-28 00:00:00+00:00,0.8563611640368785
2024-11-28 01:00:00+00:00,0.8415953056295586
2024-11-28 02:00:00+00:00,0.8659355421976161
2024-11-28 03:00:00+00:00,0.8732851640203423
2024-11-28 04:00:00+00:00,0.83833304240313
2024-11-28 05:00:00+00:00,0.7603099963706972
2024-11-28 06:00:00+00:00,0.7064209790520134
2024-11-28 07:00:00+00:00,0.6414132752221302
2024-11-28 08:00:00+00:00,0.592499424246669
2024-11-28 09:00:00+00:00,0.5582233283167225
2024-11-28 10:00:00+00:00,0.5489248087878478
2024-11-28 11:00:00+00:00,0.5575938135351322
2024-11-28 12:00:00+00:00,0.5414358808908943
2024-11-28 13:00:00+00:00,0.4700599186670685
2024-11-28 14:00:00+00:00,0.4150772959022892
2024-11-28 15:00:00+00:00,0.4258793191841548
2024-11-28 16:00:00+00:00,0.4001352197360115
2024-11-28 17:00:00+00:00,0.3543763220264458
2024-11-28 18:00:00+00:00,0.3199109386148413
2024-11-28 19:00:00+00:00,0.28263480803316665
2024-11-28 20:00:00+00:00,0.24634734428088628
2024-11-28 21:00:00+00:00,0.23336041999065832
2024-11-28 22:00:00+00:00,0.21274023198721928
2024-11-28 23:00:00+00:00,0.2034133826145918
2024-11-29 00:00:00+00:00,0.20425619458952593
2024-11-29 01:00:00+00:00,0.23737349593050766
2024-11-29 02:00:00+00:00,0.2497030928355469
2024-11-29 03:00:00+00:00,0.269999209257048
2024-11-29 04:00:00+00:00,0.29678016028536525
2024-11-29 05:00:00+00:00,0.32419351598076496
2024-11-29 06:00:00+00:00,0.3333588767733675
2024-11-29 07:00:00+00:00,0.3161555099487659
2024-11-29 08:00:00+00:00,0.32473363400659083
2024-11-29 09:00:00+00:00,0.328789265358631
2024-11-29 10:00:00+00:00,0.3160538919798716
2024-11-29 11:00:00+00:00,0.29942773414827045
2024-11-29 12:00:00+00:00,0.2916272348386165
2024-11-29 13:00:00+00:00,0.29131834528737455
2024-11-29 14:00:00+00:00,0.290549754328121
2024-11-29 15:00:00+00:00,0.2560775155231746
2024-11-29 16:00:00+00:00,0.27289980513082207
2024-11-29 17:00:00+00:00,0.2533140772265359
2024-11-29 18:00:00+00:00,0.23793559151109794
2024-11-29 19:00:00+00:00,0.24591198103404696
2024-11-29 20:00:00+00:00,0.238364100810713
2024-11-29 21:00:00+00:00,0.24339616895769967
2024-11-29 22:00:00+00:00,0.25275699822830494
2024-11-29 23:00:00+00:00,0.25203318587031404
2024-11-30 00:00:00+00:00,0.3387710974173343
2024-11-30 01:00:00+00:00,0.44303543501618653
2024-11-30 02:00:00+00:00,0.5375396814502623
2024-11-30 03:00:00+00:00,0.6419737948959388
2024-11-30 04:00:00+00:00,0.7264183869886807
2024-11-30 05:00:00+00:00,0.7692927343682098
2024-11-30 06:00:00+00:00,0.8032448024974324
2024-11-30 07:00:00+00:00,0.7870313976814051
2024-11-30 08:00:00+00:00,0.7830187997919199
2024-11-30 09:00:00+00:00,0.7498700715653305
2024-11-30 10:00:00+00:00,0.7366598257745112
2024-11-30 11:00:00+00:00,0.7166529597218355
2024-11-30 12:00:00+00:00,0.7097405852927217
2024-11-30 13:00:00+00:00,0.6780479540435219
2024-11-30 14:00:00+00:00,0.5619801767811722
2024-11-30 15:00:00+00:00,0.3859707689325048
2024-11-30 16:00:00+00:00,0.32075263295769807
2024-11-30 17:00:00+00:00,0.22373216378599628
2024-11-30 18:00:00+00:00,0.13251158225288573
2024-11-30 19:00:00+00:00,0.07685781705114644
2024-11-30 20:00:00+00:00,0.04528349283696254
2024-11-30 21:00:00+00:00,0.03243984370795288
2024-11-30 22:00:00+00:00,0.027027497902497716
2024-11-30 23:00:00+00:00,0.02537819337984932
2024-12-01 00:00:00+00:00,0.04013924481957291
2024-12-01 01:00:00+00:00,0.0652394223576084
2024-12-01 02:00:00+00:00,0.08358561837851176
2024-12-01 03:00:00+00:00,0.10623180323956563
2024-12-01 04:00:00+00:00,0.13481065559264116
2024-12-01 05:00:00+00:00,0.16079407707469934
2024-12-01 06:00:00+00:00,0.18602786902069962
2024-12-01 07:00:00+00:00,0.19725487567796343
2024-12-01 08:00:00+00:00,0.20577212772429182
2024-12-01 09:00:00+00:00,0.19944946585579246
2024-12-01 10:00:00+00:00,0.1952981224434601
2024-12-01 11:00:00+00:00,0.17642920938660428
2024-12-01 12:00:00+00:00,0.1485881141600501
2024-12-01 13:00:00+00:00,0.14462568845707552
2024-12-01 14:00:00+00:00,0.1287502540772791
2024-12-01 15:00:00+00:00,0.07432596221483818
2024-12-01 16:00:00+00:00,0.07487935733664469
2024-12-01 17:00:00+00:00,0.07530114934715977
2024-12-01 18:00:00+00:00,0.062259833858135646
2024-12-01 19:00:00+00:00,0.06173481753116655
2024-12-01 20:00:00+00:00,0.067973594304661
2024-12-01 21:00:00+00:00,0.08729917351305275
2024-12-01 22:00:00+00:00,0.11210982859521436
2024-12-01 23:00:00+00:00,0.15795284671929044
2024-12-02 00:00:00+00:00,0.23517570545801864
2024-12-02 01:00:00+00:00,0.2898362596585094
2024-12-02 02:00:00+00:00,0.3316535779219752
2024-12-02 03:00:00+00:00,0.33783927006403053
2024-12-02 04:00:00+00:00,0.3269845130150368
2024-12-02 05:00:00+00:00,0.3056714809391337
2024-12-02 06:00:00+00:00,0.2792125818085983
2024-12-02 07:00:00+00:00,0.252272813721973
2024-12-02 08:00:00+00:00,0.24402612545594657
2024-12-02 09:00:00+00:00,0.23839245014090196
2024-12-02 10:00:00+00:00,0.2027162643604513
2024-12-02 11:00:00+00:00,0.19231952992141177
2024-12-02 12:00:00+00:00,0.1897140447362043
2024-12-02 13:00:00+00:00,0.18690091364107814
2024-12-02 14:00:00+00:00,0.17240835177886246
2024-12-02 15:00:00+00:00,0.1589434342099302
2024-12-02 16:00:00+00:00,0.16374787493236523
2024-12-02 17:00:00+00:00,0.16287046625409418
2024-12-02 18:00:00+00:00,0.17779245982211053
2024-12-02 19:00:00+00:00,0.1915746020394274
2024-12-02 20:00:00+00:00,0.19952943941929135
2024-12-02 21:00:00+00:00,0.20054479626725352
2024-12-02 22:00:00+00:00,0.20696829697257438
2024-12-02 23:00:00+00:00,0.23932883027046029
2024-12-03 00:00:00+00:00,0.27795464833034095
2024-12-03 01:00:00+00:00,0.33145670999970506
2024-12-03 02:00:00+00:00,0.38718806042922815
2024-12-03 03:00:00+00:00,0.40418169958515204
2024-12-03 04:00:00+00:00,0.42011120137798785
2024-12-03 05:00:00+00:00,0.4101335220993787
2024-12-03 06:00:00+00:00,0.3597808876101263
2024-12-03 07:00:00+00:00,0.32604023252747444
2024-12-03 08:00:00+00:00,0.30244778227383307
2024-12-03 09:00:00+00:00,0.2865290516718926
2024-12-03 10:00:00+00:00,0.28983864546351845
2024-12-03 11:00:00+00:00,0.2733878764762
2024-12-03 12:00:00+00:00,0.2737472890059577
2024-12-03 13:00:00+00:00,0.29129443438168173
2024-12-03 14:00:00+00:00,0.276339491129949
2024-12-03 15:00:00+00:00,0.22674263304472111
2024-12-03 16:00:00+00:00,0.2329628428597801
2024-12-03 17:00:00+00:00,0.2654718087531092
2024-12-03 18:00:00+00:00,0.2884346414784964
2024-12-03 19:00:00+00:00,0.30855428273208607
2024-12-03 20:00:00+00:00,0.3103210903206056
2024-12-03 21:00:00+00:00,0.3012296329762331
2024-12-03 22:00:00+00:00,0.3081773726479444
2024-12-03 23:00:00+00:00,0.3172748816334319
2024-12-04 00:00:00+00:00,0.3820153381370789
2024-12-04 01:00:00+00:00,0.44446596770534513
2024-12-04 02:00:00+00:00,0.5097715746048
2024-12-04 03:00:00+00:00,0.5822123180394744
2024-12-04 04:00:00+00:00,0.6304282956704291
2024-12-04 05:00:00+00:00,0.6229700637911896
2024-12-04 06:00:00+00:00,0.6132161947286541
2024-12-04 07:00:00+00:00,0.5578899041130636
2024-12-04 08:00:00+00:00,0.47521447385233107
2024-12-04 09:00:00+00:00,0.39921839162412426
2024-12-04 10:00:00+00:00,0.3603394948655603
2024-12-04 11:00:00+00:00,0.3168769481791483
2024-12-04 12:00:00+00:00,0.2852700988252567
2024-12-04 13:00:00+00:00,0.24374339689725874
2024-12-04 14:00:00+00:00,0.19405010918812762
2024-12-04 15:00:00+00:00,0.16276763083484716
2024-12-04 16:00:00+00:00,0.149044271097385
2024-12-04 17:00:00+00:00,0.12227715399267526
2024-12-04 18:00:00+00:00,0.0967813735636684
2024-12-04 19:00:00+00:00,0.09196010559856409
2024-12-04 20:00:00+00:00,0.08707433170890587
2024-12-04 21:00:00+00:00,0.08267433471810332
2024-12-04 22:00:00+00:00,0.08412001888872107
2024-12-04 23:00:00+00:00,0.09238700829754883
2024-12-05 00:00:00+00:00,0.13465012972933318
2024-12-05 01:00:00+00:00,0.18711525171380144
2024-12-05 02:00:00+00:00,0.21006484414690382
2024-12-05 03:00:00+00:00,0.20925637605777678
2024-12-05 04:00:00+00:00,0.2187154385864545
2024-12-05 05:00:00+00:00,0.2251968164657865
2024-12-05 06:00:00+00:00,0.23181941999600272
2024-12-05 07:00:00+00:00,0.25249751496347783
2024-12-05 08:00:00+00:00,0.2819659206360211
2024-12-05 09:00:00+00:00,0.28537272499127014
2024-12-05 10:00:00+00:00,0.3079341003627216
2024-12-05 11:00:00+00:00,0.3863120480499185
2024-12-05 12:00:00+00:00,0.4592989137550255
2024-12-05 13:00:00+00:00,0.49689961725149756
2024-12-05 14:00:00+00:00,0.4978752633092765
2024-12-05 15:00:00+00:00,0.4526409390531292
2024-12-05 16:00:00+00:00,0.4301086779719859
2024-12-05 17:00:00+00:00,0.3784293283798221
2024-12-05 18:00:00+00:00,0.30569938949264264
2024-12-05 19:00:00+00:00,0.27483638039560065
2024-12-05 20:00:00+00:00,0.27181682127474394
2024-12-05 21:00:00+00:00,0.26625712254533285
2024-12-05 22:00:00+00:00,0.27343709888874723
2024-12-05 23:00:00+00:00,0.30078927299500025
2024-12-06 00:00:00+00:00,0.3694833427048678
2024-12-06 01:00:00+00:00,0.4057721279195177
2024-12-06 02:00:00+00:00,0.4139213335710255
2024-12-06 03:00:00+00:00,0.4070237869822258
2024-12-06 04:00:00+00:00,0.39367763284306073
2024-12-06 05:00:00+00:00,0.398325557244322
2024-12-06 06:00:00+00:00,0.3657823079852123
2024-12-06 07:00:00+00:00,0.30054937005559856
2024-12-06 08:00:00+00:00,0.27908712288995574
2024-12-06 09:00:00+00:00,0.2786706554848736
2024-12-06 10:00:00+00:00,0.28149774993114285
2024-12-06 11:00:00+00:00,0.272072015535188
2024-12-06 12:00:00+00:00,0.27769273938380884
2024-12-06 13:00:00+00:00,0.27483973820863294
2024-12-06 14:00:00+00:00,0.22962054124762596
2024-12-06 15:00:00+00:00,0.2164723692644317
2024-12-06 16:00:00+00:00,0.2039916213157125
2024-12-06 17:00:00+00:00,0.20420927931318397
2024-12-06 18:00:00+00:00,0.20652105383253935
2024-12-06 19:00:00+00:00,0.19963662175993602
2024-12-06 20:00:00+00:00,0.18883552460800912
2024-12-06 21:00:00+00:00,0.19165441851838927
2024-12-06 22:00:00+00:00,0.18424914328917077
2024-12-06 23:00:00+00:00,0.17836935981590796
2024-12-07 00:00:00+00:00,0.18041577477109444
2024-12-07 01:00:00+00:00,0.17800013111139512
2024-12-07 02:00:00+00:00,0.2044273344868863
2024-12-07 03:00:00+00:00,0.23686436047062112
2024-12-07 04:00:00+00:00,0.23933662958098892
2024-12-07 05:00:00+00:00,0.2280183260777397
2024-12-07 06:00:00+00:00,0.20952994450916462
2024-12-07 07:00:00+00:00,0.1851480410959474
2024-12-07 08:00:00+00:00,0.17332813116393894
2024-12-07 09:00:00+00:00,0.18639342176628249
2024-12-07 10:00:00+00:00,0.19711345071590483
2024-12-07 11:00:00+00:00,0.18484971897761437
2024-12-07 12:00:00+00:00,0.1747894552784276
2024-12-07 13:00:00+00:00,0.17336280060699696
2024-12-07 14:00:00+00:00,0.17233326728629314
2024-12-07 15:00:00+00:00,0.15831141283634856
2024-12-07 16:00:00+00:00,0.13569885628590259
2024-12-07 17:00:00+00:00,0.1274030689250172
2024-12-07 18:00:00+00:00,0.1305384028203089
2024-12-07 19:00:00+00:00,0.13678448993577896
2024-12-07 20:00:00+00:00,0.12503519537799515
2024-12-07 21:00:00+00:00,0.11342315170809242
2024-12-07 22:00:00+00:00,0.09813763498455569
2024-12-07 23:00:00+00:00,0.10123649312730233
2024-12-08 00:00:00+00:00,0.1366944541767484
2024-12-08 01:00:00+00:00,0.19183632009842094
2024-12-08 02:00:00+00:00,0.25154998967698267
2024-12-08 03:00:00+00:00,0.28448692011738297
2024-12-08 04:00:00+00:00,0.2697369674142175
2024-12-08 05:00:00+00:00,0.24832235825839855
2024-12-08 06:00:00+00:00,0.24358590679656755
2024-12-08 07:00:00+00:00,0.2745371554659771
2024-12-08 08:00:00+00:00,0.3039310393665076
2024-12-08 09:00:00+00:00,0.32362753544108164
2024-12-08 10:00:00+00:00,0.3250701807037766
2024-12-08 11:00:00+00:00,0.3265171962426703
2024-12-08 12:00:00+00:00,0.3410098791087859
2024-12-08 13:00:00+00:00,0.37252200384771517
2024-12-08 14:00:00+00:00,0.42744027907398346
2024-12-08 15:00:00+00:00,0.4610005409858411
2024-12-08 16:00:00+00:00,0.5197028878425761
2024-12-08 17:00:00+00:00,0.5838740335058971
2024-12-08 18:00:00+00:00,0.6071549062731434
2024-12-08 19:00:00+00:00,0.6187512642295494
2024-12-08 20:00:00+00:00,0.6532767412074835
2024-12-08 21:00:00+00:00,0.6470769348842073
2024-12-08 22:00:00+00:00,0.6287212389906465
2024-12-08 23:00:00+00:00,0.6026887043863873
2024-12-09 00:00:00+00:00,0.649498356290326
2024-12-09 01:00:00+00:00,0.7100522702618158
2024-12-09 02:00:00+00:00,0.7151096033506664
2024-12-09 03:00:00+00:00,0.7374869400693245
2024-12-09 04:00:00+00:00,0.7210417122074142
2024-12-09 05:00:00+00:00,0.7013627894276393
2024-12-09 06:00:00+00:00,0.6727484018769817
2024-12-09 07:00:00+00:00,0.6623151352145004
2024-12-09 08:00:00+00:00,0.6783714100493008
2024-12-09 09:00:00+00:00,0.641712677951927
2024-12-09 10:00:00+00:00,0.6292236438571498
2024-12-09 11:00:00+00:00,0.6362117807911246
2024-12-09 12:00:00+00:00,0.6482122502336177
2024-12-09 13:00:00+00:00,0.6506697454438621
2024-12-09 14:00:00+00:00,0.5758506393365311
2024-12-09 15:00:00+00:00,0.42975840215857414
2024-12-09 16:00:00+00:00,0.40035137427719875
2024-12-09 17:00:00+00:00,0.4611584182483979
2024-12-09 18:00:00+00:00,0.4755126838242351
2024-12-09 19:00:00+00:00,0.4867745586211312
2024-12-09 20:00:00+00:00,0.48098243916538475
2024-12-09 21:00:00+00:00,0.4640345810233717
2024-12-09 22:00:00+00:00,0.4267503416258241
2024-12-09 23:00:00+00:00,0.4082163379716753
2024-12-10 00:00:00+00:00,0.4685568801663001
2024-12-10 01:00:00+00:00,0.5657882132936755
2024-12-10 02:00:00+00:00,0.6365380141744371
2024-12-10 03:00:00+00:00,0.6744946744131594
2024-12-10 04:00:00+00:00,0.6963826025613867
2024-12-10 05:00:00+00:00,0.7091256440154919
2024-12-10 06:00:00+00:00,0.7114176971044859
2024-12-10 07:00:00+00:00,0.7214347677620275
2024-12-10 08:00:00+00:00,0.723848113540675
2024-12-10 09:00:00+00:00,0.7191461463103754
2024-12-10 10:00:00+00:00,0.7683541317726386
2024-12-10 11:00:00+00:00,0.7861005352863006
2024-12-10 12:00:00+00:00,0.7902297947096046
2024-12-10 13:00:00+00:00,0.7512492012410368
2024-12-10 14:00:00+00:00,0.7055556972638443
2024-12-10 15:00:00+00:00,0.6890191254125109
2024-12-10 16:00:00+00:00,0.7107804958095487
2024-12-10 17:00:00+00:00,0.7238707486090122
2024-12-10 18:00:00+00:00,0.7266781699614046
2024-12-10 19:00:00+00:00,0.7137605650708564
2024-12-10 20:00:00+00:00,0.6940937743510541
2024-12-10 21:00:00+00:00,0.6568883382823962
2024-12-10 22:00:00+00:00,0.6455860358909177
2024-12-10 23:00:00+00:00,0.5404885591816206
2024-12-11 00:00:00+00:00,0.48506661243434074
2024-12-11 01:00:00+00:00,0.46244002912048976
2024-12-11 02:00:00+00:00,0.4285096824024311
2024-12-11 03:00:00+00:00,0.38709294120489396
2024-12-11 04:00:00+00:00,0.3422201874115141
2024-12-11 05:00:00+00:00,0.3378831862729927
2024-12-11 06:00:00+00:00,0.35497476046136295
2024-12-11 07:00:00+00:00,0.40088773286694945
2024-12-11 08:00:00+00:00,0.4186965568949592
2024-12-11 09:00:00+00:00,0.4173698838740735
2024-12-11 10:00:00+00:00,0.42141189117033984
2024-12-11 11:00:00+00:00,0.4040102531469887
2024-12-11 12:00:00+00:00,0.38329114953483256
2024-12-11 13:00:00+00:00,0.3599866611229782
2024-12-11 14:00:00+00:00,0.3392140923696588
2024-12-11 15:00:00+00:00,0.2493250450544446
2024-12-11 16:00:00+00:00,0.1904163914651025
2024-12-11 17:00:00+00:00,0.21432685663430762
2024-12-11 18:00:00+00:00,0.2578412987372543
2024-12-11 19:00:00+00:00,0.2843776913394045
2024-12-11 20:00:00+00:00,0.2783254622690949
2024-12-11 21:00:00+00:00,0.30387328406406705
2024-12-11 22:00:00+00:00,0.33025358243065206
2024-12-11 23:00:00+00:00,0.3469277206765993
2024-12-12 00:00:00+00:00,0.5129698670786887
2024-12-12 01:00:00+00:00,0.7248217623291224
2024-12-12 02:00:00+00:00,0.816347902642844
2024-12-12 03:00:00+00:00,0.8556707090593412
2024-12-12 04:00:00+00:00,0.8679636437349558
2024-12-12 05:00:00+00:00,0.8782697881903498
2024-12-12 06:00:00+00:00,0.8724392666448008
2024-12-12 07:00:00+00:00,0.8712137191535739
2024-12-12 08:00:00+00:00,0.8604031769730038
2024-12-12 09:00:00+00:00,0.8411288772434584
2024-12-12 10:00:00+00:00,0.8375810694333122
2024-12-12 11:00:00+00:00,0.8339955804591982
2024-12-12 12:00:00+00:00,0.8360693401627488
2024-12-12 13:00:00+00:00,0.8424345679639453
2024-12-12 14:00:00+00:00,0.8148908926590336
2024-12-12 15:00:00+00:00,0.7366802092375635
2024-12-12 16:00:00+00:00,0.7620426556969838
2024-12-12 17:00:00+00:00,0.8378860173737996
2024-12-12 18:00:00+00:00,0.857533768290826
2024-12-12 19:00:00+00:00,0.8329972964046936
2024-12-12 20:00:00+00:00,0.8160454822630547
2024-12-12 21:00:00+00:00,0.7774512499448131
2024-12-12 22:00:00+00:00,0.7169759009458601
2024-12-12 23:00:00+00:00,0.7052776308440633
2024-12-13 00:00:00+00:00,0.7620237832823337
2024-12-13 01:00:00+00:00,0.8273982686240235
2024-12-13 02:00:00+00:00,0.8948270474786796
2024-12-13 03:00:00+00:00,0.9218455471306028
2024-12-13 04:00:00+00:00,0.9124205436748478
2024-12-13 05:00:00+00:00,0.9121706251049049
2024-12-13 06:00:00+00:00,0.8976468258346554
2024-12-13 07:00:00+00:00,0.8707095614839389
2024-12-13 08:00:00+00:00,0.8431896497976306
2024-12-13 09:00:00+00:00,0.8104073688850435
2024-12-13 10:00:00+00:00,0.810625197199029
2024-12-13 11:00:00+00:00,0.8113468560708221
2024-12-13 12:00:00+00:00,0.8056361703959389
2024-12-13 13:00:00+00:00,0.8303700422310495
2024-12-13 14:00:00+00:00,0.7854542550835735
2024-12-13 15:00:00+00:00,0.6981243985317134
2024-12-13 16:00:00+00:00,0.7019222118957831
2024-12-13 17:00:00+00:00,0.7251617732736044
2024-12-13 18:00:00+00:00,0.7255405963545677
2024-12-13 19:00:00+00:00,0.7247499562938757
2024-12-13 20:00:00+00:00,0.719779889829393
2024-12-13 21:00:00+00:00,0.7463614036903987
2024-12-13 22:00:00+00:00,0.7580589176172415
2024-12-13 23:00:00+00:00,0.7896809893846664
2024-12-14 00:00:00+00:00,0.8437364626254259
2024-12-14 01:00:00+00:00,0.8913882568071841
2024-12-14 02:00:00+00:00,0.9107461842950867
2024-12-14 03:00:00+00:00,0.930105401647687
2024-12-14 04:00:00+00:00,0.9086980637525123
2024-12-14 05:00:00+00:00,0.8709676525712401
2024-12-14 06:00:00+00:00,0.807973484836442
2024-12-14 07:00:00+00:00,0.7551646680672202
2024-12-14 08:00:00+00:00,0.6699059334640426
2024-12-14 09:00:00+00:00,0.6038490527565329
2024-12-14 10:00:00+00:00,0.5284792270982419
2024-12-14 11:00:00+00:00,0.45229885734038267
2024-12-14 12:00:00+00:00,0.4156785389017532
2024-12-14 13:00:00+00:00,0.35667150292344907
2024-12-14 14:00:00+00:00,0.26056980295129273
2024-12-14 15:00:00+00:00,0.14592898653964723
2024-12-14 16:00:00+00:00,0.08426709965332267
2024-12-14 17:00:00+00:00,0.09496600610143355
2024-12-14 18:00:00+00:00,0.10591269711972572
2024-12-14 19:00:00+00:00,0.09795590578175588
2024-12-14 20:00:00+00:00,0.08250961862025231
2024-12-14 21:00:00+00:00,0.08124301729316576
2024-12-14 22:00:00+00:00,0.08112919260847175
2024-12-14 23:00:00+00:00,0.08792266329824704
2024-12-15 00:00:00+00:00,0.13082713067065038
2024-12-15 01:00:00+00:00,0.2061523262439683
2024-12-15 02:00:00+00:00,0.284927398463351
2024-12-15 03:00:00+00:00,0.3575810221756314
2024-12-15 04:00:00+00:00,0.4328344270425504
2024-12-15 05:00:00+00:00,0.521898786612327
2024-12-15 06:00:00+00:00,0.6269198401940371
2024-12-15 07:00:00+00:00,0.7098492339605782
2024-12-15 08:00:00+00:00,0.7581720505515257
2024-12-15 09:00:00+00:00,0.7537115917766699
2024-12-15 10:00:00+00:00,0.7371307132284379
2024-12-15 11:00:00+00:00,0.7217918127801654
2024-12-15 12:00:00+00:00,0.7034518675307866
2024-12-15 13:00:00+00:00,0.6709870593842313
2024-12-15 14:00:00+00:00,0.6358745872454841
2024-12-15 15:00:00+00:00,0.6228563094601225
2024-12-15 16:00:00+00:00,0.6577724440764252
2024-12-15 17:00:00+00:00,0.707979505704172
2024-12-15 18:00:00+00:00,0.8001496161198742
2024-12-15 19:00:00+00:00,0.8390303504240679
2024-12-15 20:00:00+00:00,0.8535104252044116
2024-12-15 21:00:00+00:00,0.8469485566298851
2024-12-15 22:00:00+00:00,0.791976931915718
2024-12-15 23:00:00+00:00,0.7440921474180088
2024-12-16 00:00:00+00:00,0.7810341416915079
2024-12-16 01:00:00+00:00,0.8516387285287226
2024-12-16 02:00:00+00:00,0.9219798368755413
2024-12-16 03:00:00+00:00,0.9558778209252178
2024-12-16 04:00:00+00:00,0.9482050484806214
2024-12-16 05:00:00+00:00,0.9129747248339392
2024-12-16 06:00:00+00:00,0.8476429438907177
2024-12-16 07:00:00+00:00,0.8153232217701387
2024-12-16 08:00:00+00:00,0.7218224526885116
2024-12-16 09:00:00+00:00,0.6460460434782027
2024-12-16 10:00:00+00:00,0.613145373029584
2024-12-16 11:00:00+00:00,0.5541172090545213
2024-12-16 12:00:00+00:00,0.4713394006369637
2024-12-16 13:00:00+00:00,0.4703838322967988
2024-12-16 14:00:00+00:00,0.4186925406283776
2024-12-16 15:00:00+00:00,0.37123893944655334
2024-12-16 16:00:00+00:00,0.38621716154207786
2024-12-16 17:00:00+00:00,0.33986140546196525
2024-12-16 18:00:00+00:00,0.3082599465118626
2024-12-16 19:00:00+00:00,0.2894836063191126
2024-12-16 20:00:00+00:00,0.27489441400339576
2024-12-16 21:00:00+00:00,0.2705130175571126
2024-12-16 22:00:00+00:00,0.26963616765872733
2024-12-16 23:00:00+00:00,0.28984842599147187
2024-12-17 00:00:00+00:00,0.3645078399223586
2024-12-17 01:00:00+00:00,0.3743220574294713
2024-12-17 02:00:00+00:00,0.383303086621984
2024-12-17 03:00:00+00:00,0.38362795338790134
2024-12-17 04:00:00+00:00,0.3186419880695239
2024-12-17 05:00:00+00:00,0.26172064016906255
2024-12-17 06:00:00+00:00,0.20665408321358186
2024-12-17 07:00:00+00:00,0.1602307069944124
2024-12-17 08:00:00+00:00,0.1377014475836607
2024-12-17 09:00:00+00:00,0.12547713987041026
2024-12-17 10:00:00+00:00,0.1272309240481496
2024-12-17 11:00:00+00:00,0.13625879957334214
2024-12-17 12:00:00+00:00,0.16729155197955953
2024-12-17 13:00:00+00:00,0.19983573984137332
2024-12-17 14:00:00+00:00,0.21120676442206768
2024-12-17 15:00:00+00:00,0.1989264358799661
2024-12-17 16:00:00+00:00,0.23387781654261336
2024-12-17 17:00:00+00:00,0.29525831697594995
2024-12-17 18:00:00+00:00,0.4119113781718656
2024-12-17 19:00:00+00:00,0.5177940446687921
2024-12-17 20:00:00+00:00,0.5679447352902828
2024-12-17 21:00:00+00:00,0.5845520707790597
2024-12-17 22:00:00+00:00,0.5645200459295606
2024-12-17 23:00:00+00:00,0.5091199628914278
2024-12-18 00:00:00+00:00,0.560819464640115
2024-12-18 01:00:00+00:00,0.6476980584954405
2024-12-18 02:00:00+00:00,0.6832905367641419
2024-12-18 03:00:00+00:00,0.6898544597658025
2024-12-18 04:00:00+00:00,0.6788647093271423
2024-12-18 05:00:00+00:00,0.6844272267930539
2024-12-18 06:00:00+00:00,0.7018163655509911
2024-12-18 07:00:00+00:00,0.721004178222077
2024-12-18 08:00:00+00:00,0.7184260276262566
2024-12-18 09:00:00+00:00,0.6937200118144289
2024-12-18 10:00:00+00:00,0.6955083657254097
2024-12-18 11:00:00+00:00,0.7470940046480482
2024-12-18 12:00:00+00:00,0.7781103352668511
2024-12-18 13:00:00+00:00,0.763723739198751
2024-12-18 14:00:00+00:00,0.7308202775621745
2024-12-18 15:00:00+00:00,0.6888399737337764
2024-12-18 16:00:00+00:00,0.6008031893328564
2024-12-18 17:00:00+00:00,0.49672653453113774
2024-12-18 18:00:00+00:00,0.3464747189873576
2024-12-18 19:00:00+00:00,0.26018321707427333
2024-12-18 20:00:00+00:00,0.23777375199445608
2024-12-18 21:00:00+00:00,0.22873944218540074
2024-12-18 22:00:00+00:00,0.21086814218442895
2024-12-18 23:00:00+00:00,0.19692965410706426
2024-12-19 00:00:00+00:00,0.21481485867449396
2024-12-19 01:00:00+00:00,0.23814346156926267
2024-12-19 02:00:00+00:00,0.27247886040067726
2024-12-19 03:00:00+00:00,0.2819860844337923
2024-12-19 04:00:00+00:00,0.3027160863867439
2024-12-19 05:00:00+00:00,0.30401189589333133
2024-12-19 06:00:00+00:00,0.29295399607268297
2024-12-19 07:00:00+00:00,0.2962493861322482
2024-12-19 08:00:00+00:00,0.3202131759522805
2024-12-19 09:00:00+00:00,0.3466741101681257
2024-12-19 10:00:00+00:00,0.37323553926169345
2024-12-19 11:00:00+00:00,0.4212383380278867
2024-12-19 12:00:00+00:00,0.449706908178533
2024-12-19 13:00:00+00:00,0.48090726562811703
2024-12-19 14:00:00+00:00,0.47859935198999465
2024-12-19 15:00:00+00:00,0.3635893186958486
2024-12-19 16:00:00+00:00,0.3370439799395146
2024-12-19 17:00:00+00:00,0.3423778537216491
2024-12-19 18:00:00+00:00,0.3233854635420226
2024-12-19 19:00:00+00:00,0.29207971444320957
2024-12-19 20:00:00+00:00,0.23298110345817727
2024-12-19 21:00:00+00:00,0.16805355572800165
2024-12-19 22:00:00+00:00,0.1362768512077292
2024-12-19 23:00:00+00:00,0.15344145419618146
2024-12-20 00:00:00+00:00,0.25062749437437537
2024-12-20 01:00:00+00:00,0.3609811788000426
2024-12-20 02:00:00+00:00,0.4501275782186176
2024-12-20 03:00:00+00:00,0.5021395466714839
2024-12-20 04:00:00+00:00,0.4724596549595781
2024-12-20 05:00:00+00:00,0.3879403352399664
2024-12-20 06:00:00+00:00,0.33182330149164385
2024-12-20 07:00:00+00:00,0.2890307546645839
2024-12-20 08:00:00+00:00,0.26920805434229605
2024-12-20 09:00:00+00:00,0.2831663744418747
2024-12-20 10:00:00+00:00,0.31039612437981956
2024-12-20 11:00:00+00:00,0.3265604033116572
2024-12-20 12:00:00+00:00,0.32657733214409607
2024-12-20 13:00:00+00:00,0.3418477729458243
2024-12-20 14:00:00+00:00,0.30175070143798854
2024-12-20 15:00:00+00:00,0.2095130393930563
2024-12-20 16:00:00+00:00,0.16847473693454612
2024-12-20 17:00:00+00:00,0.16750218271259842
2024-12-20 18:00:00+00:00,0.17151694229499947
2024-12-20 19:00:00+00:00,0.16300734704429864
2024-12-20 20:00:00+00:00,0.15079301757944644
2024-12-20 21:00:00+00:00,0.14573863489611447
2024-12-20 22:00:00+00:00,0.14975704889029154
2024-12-20 23:00:00+00:00,0.17726032505298683
2024-12-21 00:00:00+00:00,0.23894253321930187
2024-12-21 01:00:00+00:00,0.31470117271587256
2024-12-21 02:00:00+00:00,0.37516674444063686
2024-12-21 03:00:00+00:00,0.4472721605807371
2024-12-21 04:00:00+00:00,0.5339544376292543
2024-12-21 05:00:00+00:00,0.6272964292038928
2024-12-21 06:00:00+00:00,0.6327289329864952
2024-12-21 07:00:00+00:00,0.6418891834160046
2024-12-21 08:00:00+00:00,0.6597706384532656
2024-12-21 09:00:00+00:00,0.654453126661578
2024-12-21 10:00:00+00:00,0.6319974908029722
2024-12-21 11:00:00+00:00,0.6064297816717834
2024-12-21 12:00:00+00:00,0.6143577989186378
2024-12-21 13:00:00+00:00,0.6160646642770469
2024-12-21 14:00:00+00:00,0.5425919181672086
2024-12-21 15:00:00+00:00,0.36059968011208
2024-12-21 16:00:00+00:00,0.29793907645667705
2024-12-21 17:00:00+00:00,0.236633660985898
2024-12-21 18:00:00+00:00,0.1583370275579352
2024-12-21 19:00:00+00:00,0.11289776524729374
2024-12-21 20:00:00+00:00,0.101846205459786
2024-12-21 21:00:00+00:00,0.10509001098197268
2024-12-21 22:00:00+00:00,0.134905309564753
2024-12-21 23:00:00+00:00,0.19129008459697103
2024-12-22 00:00:00+00:00,0.339867047490237
2024-12-22 01:00:00+00:00,0.5019092525335567
2024-12-22 02:00:00+00:00,0.6099723993292914
2024-12-22 03:00:00+00:00,0.6672960710974242
2024-12-22 04:00:00+00:00,0.691201108697615
2024-12-22 05:00:00+00:00,0.6732447248423571
2024-12-22 06:00:00+00:00,0.6754465703012296
2024-12-22 07:00:00+00:00,0.7013325412002767
2024-12-22 08:00:00+00:00,0.7414794495399245
2024-12-22 09:00:00+00:00,0.7618792269692771
2024-12-22 10:00:00+00:00,0.7504696651229268
2024-12-22 11:00:00+00:00,0.7578556370667214
2024-12-22 12:00:00+00:00,0.7649894953061851
2024-12-22 13:00:00+00:00,0.7877475674518749
2024-12-22 14:00:00+00:00,0.764534648913031
2024-12-22 15:00:00+00:00,0.678165195579004
2024-12-22 16:00:00+00:00,0.7423752246724095
2024-12-22 17:00:00+00:00,0.7374216780059695
2024-12-22 18:00:00+00:00,0.7257724975269604
2024-12-22 19:00:00+00:00,0.7425183785766574
2024-12-22 20:00:00+00:00,0.7551723220429182
2024-12-22 21:00:00+00:00,0.7631720267795197
2024-12-22 22:00:00+00:00,0.8078126950566508
2024-12-22 23:00:00+00:00,0.8401465402159219
2024-12-23 00:00:00+00:00,0.8742769224324974
2024-12-23 01:00:00+00:00,0.9025574011854492
2024-12-23 02:00:00+00:00,0.9139007654748937
2024-12-23 03:00:00+00:00,0.9426960953595485
2024-12-23 04:00:00+00:00,0.9563998155530649
2024-12-23 05:00:00+00:00,0.9551022796711471
2024-12-23 06:00:00+00:00,0.9416432340270505
2024-12-23 07:00:00+00:00,0.926689360360134
2024-12-23 08:00:00+00:00,0.8941891288370493
2024-12-23 09:00:00+00:00,0.8775125072092999
2024-12-23 10:00:00+00:00,0.8755904273946783
2024-12-23 11:00:00+00:00,0.8657937015128669
2024-12-23 12:00:00+00:00,0.8496925619243408
2024-12-23 13:00:00+00:00,0.8138960216231053
2024-12-23 14:00:00+00:00,0.7690962247939099
2024-12-23 15:00:00+00:00,0.7276882154359109
2024-12-23 16:00:00+00:00,0.7793482544759092
2024-12-23 17:00:00+00:00,0.7868299785013041
2024-12-23 18:00:00+00:00,0.7348407190495432
2024-12-23 19:00:00+00:00,0.6783631398466906
2024-12-23 20:00:00+00:00,0.5943232676579122
2024-12-23 21:00:00+00:00,0.5079629839755622
2024-12-23 22:00:00+00:00,0.47844704148528233
2024-12-23 23:00:00+00:00,0.5033177543062072
2024-12-24 00:00:00+00:00,0.6179385634261715
2024-12-24 01:00:00+00:00,0.7301788174505617
2024-12-24 02:00:00+00:00,0.7280212385588211
2024-12-24 03:00:00+00:00,0.704440021241462
2024-12-24 04:00:00+00:00,0.6447260026785423
2024-12-24 05:00:00+00:00,0.5425445330110675
2024-12-24 06:00:00+00:00,0.4889699441998574
2024-12-24 07:00:00+00:00,0.4724166970566738
2024-12-24 08:00:00+00:00,0.4762770542166265
2024-12-24 09:00:00+00:00,0.4528651143416204
2024-12-24 10:00:00+00:00,0.40715196160148154
2024-12-24 11:00:00+00:00,0.3807354883832954
2024-12-24 12:00:00+00:00,0.39631205983288564
2024-12-24 13:00:00+00:00,0.3816244685340061
2024-12-24 14:00:00+00:00,0.3482723132651717
2024-12-24 15:00:00+00:00,0.32658886948815763
2024-12-24 16:00:00+00:00,0.3672138614165612
2024-12-24 17:00:00+00:00,0.3700285458951857
2024-12-24 18:00:00+00:00,0.3866234746700827
2024-12-24 19:00:00+00:00,0.38796082604110627
2024-12-24 20:00:00+00:00,0.3753514733254165
2024-12-24 21:00:00+00:00,0.37754286414856203
2024-12-24 22:00:00+00:00,0.3994231596874807
2024-12-24 23:00:00+00:00,0.3964235182713128
2024-12-25 00:00:00+00:00,0.4020021581059655
2024-12-25 01:00:00+00:00,0.41574838013301113
2024-12-25 02:00:00+00:00,0.40805608003782723
2024-12-25 03:00:00+00:00,0.37944300198291503
2024-12-25 04:00:00+00:00,0.3171053200289476
2024-12-25 05:00:00+00:00,0.2687921055150271
2024-12-25 06:00:00+00:00,0.21186378288035917
2024-12-25 07:00:00+00:00,0.16977196233499003
2024-12-25 08:00:00+00:00,0.1415447840103936
2024-12-25 09:00:00+00:00,0.12625458190160768
2024-12-25 10:00:00+00:00,0.10957380828912902
2024-12-25 11:00:00+00:00,0.08651256287861371
2024-12-25 12:00:00+00:00,0.08691775150548203
2024-12-25 13:00:00+00:00,0.09307577966868734
2024-12-25 14:00:00+00:00,0.09303119589563413
2024-12-25 15:00:00+00:00,0.10326866620907348
2024-12-25 16:00:00+00:00,0.10941015364168209
2024-12-25 17:00:00+00:00,0.09934150813575045
2024-12-25 18:00:00+00:00,0.08269686378601193
2024-12-25 19:00:00+00:00,0.09322333591679419
2024-12-25 20:00:00+00:00,0.11064323157400113
2024-12-25 21:00:00+00:00,0.13593720967401784
2024-12-25 22:00:00+00:00,0.1490099422512022
2024-12-25 23:00:00+00:00,0.1678347993679714
2024-12-26 00:00:00+00:00,0.24131251169911944
2024-12-26 01:00:00+00:00,0.3257835665168771
2024-12-26 02:00:00+00:00,0.40358910516499874
2024-12-26 03:00:00+00:00,0.46181978142275754
2024-12-26 04:00:00+00:00,0.45504882935269036
2024-12-26 05:00:00+00:00,0.4255773131893973
2024-12-26 06:00:00+00:00,0.3477299990203695
2024-12-26 07:00:00+00:00,0.31342751353896364
2024-12-26 08:00:00+00:00,0.3053532746298901
2024-12-26 09:00:00+00:00,0.25583857569817225
2024-12-26 10:00:00+00:00,0.20929382125148616
2024-12-26 11:00:00+00:00,0.16766722950141827
2024-12-26 12:00:00+00:00,0.17857010723817668
2024-12-26 13:00:00+00:00,0.1773715273839663
2024-12-26 14:00:00+00:00,0.17561378623047164
2024-12-26 15:00:00+00:00,0.17439804630959946
2024-12-26 16:00:00+00:00,0.22916222417195173
2024-12-26 17:00:00+00:00,0.28084347569813645
2024-12-26 18:00:00+00:00,0.3097814462960144
2024-12-26 19:00:00+00:00,0.31207347039034794
2024-12-26 20:00:00+00:00,0.2988170332858686
2024-12-26 21:00:00+00:00,0.25947646590464535
2024-12-26 22:00:00+00:00,0.18336152212758436
2024-12-26 23:00:00+00:00,0.12923854259338516
2024-12-27 00:00:00+00:00,0.14796498109594355
2024-12-27 01:00:00+00:00,0.16856575475211813
2024-12-27 02:00:00+00:00,0.19113810839852188
2024-12-27 03:00:00+00:00,0.2044148465734966
2024-12-27 04:00:00+00:00,0.2527685843426865
2024-12-27 05:00:00+00:00,0.33806478434906856
2024-12-27 06:00:00+00:00,0.4233095882110576
2024-12-27 07:00:00+00:00,0.474403607232359
2024-12-27 08:00:00+00:00,0.5480543294356869
2024-12-27 09:00:00+00:00,0.5987562424594207
2024-12-27 10:00:00+00:00,0.6632413740097349
2024-12-27 11:00:00+00:00,0.7113607522787195
2024-12-27 12:00:00+00:00,0.7357670119657335
2024-12-27 13:00:00+00:00,0.7286239025858594
2024-12-27 14:00:00+00:00,0.6881433982799208
2024-12-27 15:00:00+00:00,0.5473476763489931
2024-12-27 16:00:00+00:00,0.461925826391818
2024-12-27 17:00:00+00:00,0.4615920975634621
2024-12-27 18:00:00+00:00,0.47260463881733755
2024-12-27 19:00:00+00:00,0.45072110618006295
2024-12-27 20:00:00+00:00,0.4006445057729053
2024-12-27 21:00:00+00:00,0.2491319803133106
2024-12-27 22:00:00+00:00,0.18410935511544982
2024-12-27 23:00:00+00:00,0.24731747430339956
2024-12-28 00:00:00+00:00,0.3692298747112952
2024-12-28 01:00:00+00:00,0.4905829202932031
2024-12-28 02:00:00+00:00,0.5538969914286913
2024-12-28 03:00:00+00:00,0.6316184856557884
2024-12-28 04:00:00+00:00,0.6916679439850878
2024-12-28 05:00:00+00:00,0.7319545500437935
2024-12-28 06:00:00+00:00,0.7206903395137143
2024-12-28 07:00:00+00:00,0.6639244878068363
2024-12-28 08:00:00+00:00,0.5928767077545581
2024-12-28 09:00:00+00:00,0.5694870950332744
2024-12-28 10:00:00+00:00,0.5788230244705863
2024-12-28 11:00:00+00:00,0.592763725469587
2024-12-28 12:00:00+00:00,0.5535208842652588
2024-12-28 13:00:00+00:00,0.5482003769491799
2024-12-28 14:00:00+00:00,0.5538078974176707
2024-12-28 15:00:00+00:00,0.567528046665343
2024-12-28 16:00:00+00:00,0.5947695031069692
2024-12-28 17:00:00+00:00,0.6441604603486801
2024-12-28 18:00:00+00:00,0.660912077605065
2024-12-28 19:00:00+00:00,0.6339012776623127
2024-12-28 20:00:00+00:00,0.6297902924670653
2024-12-28 21:00:00+00:00,0.6395057409656445
2024-12-28 22:00:00+00:00,0.5783168915126091
2024-12-28 23:00:00+00:00,0.4094482116856186
2024-12-29 00:00:00+00:00,0.3438931284390186
2024-12-29 01:00:00+00:00,0.35063723402058095
2024-12-29 02:00:00+00:00,0.33168449577414666
2024-12-29 03:00:00+00:00,0.30534774163889417
2024-12-29 04:00:00+00:00,0.2514033927833691
2024-12-29 05:00:00+00:00,0.21690928528016934
2024-12-29 06:00:00+00:00,0.22087403572583234
2024-12-29 07:00:00+00:00,0.2212349843941346
2024-12-29 08:00:00+00:00,0.254602078420512
2024-12-29 09:00:00+00:00,0.2933105966988464
2024-12-29 10:00:00+00:00,0.31013920323790406
2024-12-29 11:00:00+00:00,0.34962698193200586
2024-12-29 12:00:00+00:00,0.4024186223295887
2024-12-29 13:00:00+00:00,0.45180870503161047
2024-12-29 14:00:00+00:00,0.4497031748087297
2024-12-29 15:00:00+00:00,0.2995670962234062
2024-12-29 16:00:00+00:00,0.15026439441797423
2024-12-29 17:00:00+00:00,0.09513582063190656
2024-12-29 18:00:00+00:00,0.07642464940868347
2024-12-29 19:00:00+00:00,0.06053780975152598
2024-12-29 20:00:00+00:00,0.058464812368929774
2024-12-29 21:00:00+00:00,0.0717115712582841
2024-12-29 22:00:00+00:00,0.11033021545354862
2024-12-29 23:00:00+00:00,0.14393769115659785
2024-12-30 00:00:00+00:00,0.21536433015355852
2024-12-30 01:00:00+00:00,0.32076719333854053
2024-12-30 02:00:00+00:00,0.4790118515734386
2024-12-30 03:00:00+00:00,0.6798584954855598
2024-12-30 04:00:00+00:00,0.8236711418554761
2024-12-30 05:00:00+00:00,0.9208077633106427
2024-12-30 06:00:00+00:00,0.9024213470684376
2024-12-30 07:00:00+00:00,0.8822674019503487
2024-12-30 08:00:00+00:00,0.8737745858227501
2024-12-30 09:00:00+00:00,0.8596802778383511
2024-12-30 10:00:00+00:00,0.871139853629781
2024-12-30 11:00:00+00:00,0.905289318960358
2024-12-30 12:00:00+00:00,0.935219755989625
2024-12-30 13:00:00+00:00,0.9414851214811412
2024-12-30 14:00:00+00:00,0.8889659139348562
2024-12-30 15:00:00+00:00,0.7745196420404512
2024-12-30 16:00:00+00:00,0.7509974683718065
2024-12-30 17:00:00+00:00,0.8012072884329452
2024-12-30 18:00:00+00:00,0.8234182675293791
2024-12-30 19:00:00+00:00,0.7923705760402421
2024-12-30 20:00:00+00:00,0.7176655679338536
2024-12-30 21:00:00+00:00,0.6288229019699545
2024-12-30 22:00:00+00:00,0.5176624957146091
2024-12-30 23:00:00+00:00,0.375967694669896
2024-12-31 00:00:00+00:00,0.39034831140276705
2024-12-31 01:00:00+00:00,0.4462269354728422
2024-12-31 02:00:00+00:00,0.5370269850339573
2024-12-31 03:00:00+00:00,0.6784763913987806
2024-12-31 04:00:00+00:00,0.7612180585869739
2024-12-31 05:00:00+00:00,0.7939403774937908
2024-12-31 06:00:00+00:00,0.8048880743592608
2024-12-31 07:00:00+00:00,0.8104415134235233
2024-12-31 08:00:00+00:00,0.8198440732046207
2024-12-31 09:00:00+00:00,0.7869818220546055
2024-12-31 10:00:00+00:00,0.7530652925213418
2024-12-31 11:00:00+00:00,0.752295740978395
2024-12-31 12:00:00+00:00,0.7336938594147062
2024-12-31 13:00:00+00:00,0.7276142363195713
2024-12-31 14:00:00+00:00,0.6703982519486956
2024-12-31 15:00:00+00:00,0.5975116640228889
2024-12-31 16:00:00+00:00,0.5549636545086775
2024-12-31 17:00:00+00:00,0.3590477850665467
2024-12-31 18:00:00+00:00,0.24396829058087868
2024-12-31 19:00:00+00:00,0.18399758294178412
2024-12-31 20:00:00+00:00,0.1489664299790712
2024-12-31 21:00:00+00:00,0.13170968680493406
2024-12-31 22:00:00+00:00,0.13815631722315713
2024-12-31 23:00:00+00:00,0.14748667415430652
2025-01-01 00:00:00+00:00,0.18920048332458686
2025-01-01 01:00:00+00:00,0.26668487238007604
2025-01-01 02:00:00+00:00,0.3226286893529265
2025-01-01 03:00:00+00:00,0.3808902473822197
2025-01-01 04:00:00+00:00,0.42833374381649847
2025-01-01 05:00:00+00:00,0.48199089962256775
