Index,Value
1,0.35816818745647183
2,0.12738245315727745
