Index,Value
1,0.35478555889383867
2,0.13199201372552638
