Iteration,LowerBound,UpperBound,OracleValue,Gap
1,-1.0e7,41.13249167085099,41.13249167085099,1.000004113249167e7
2,-40.148506682155606,15.524504584054892,15.524504584054892,55.673011266210494
3,-4.563114930256987,10.642651907526066,10.642651907526066,15.205766837783052
4,0.058809705612634766,2.022287173618462,2.022287173618462,1.9634774680058276
5,0.6265151164090907,2.011864532984844,2.011864532984844,1.3853494165757532
6,1.3815245526449165,1.9498707750463586,1.9498707750463586,0.5683462224014422
7,1.4833562070838893,1.4833562070838895,1.4833562070838895,2.220446049250313e-16
