player,x_star,share
1,55.0,0.4583333333333333
2,65.0,0.5416666666666666
