hour,pv,wind
1,0.12,0.435
2,0.0,0.432
3,0.0,0.415
4,0.0,0.38
5,0.0,0.394
6,0.0,0.471
7,0.0,0.592
8,0.0,0.682
9,0.0,0.715
10,0.0,0.698
11,0.0,0.634
12,0.0,0.6
13,0.0,0.596
14,0.0,0.597
15,0.0,0.563
16,0.206,0.476
17,0.457,0.367
18,0.645,0.601
19,0.753,0.494
20,0.802,0.374
21,0.793,0.311
22,0.724,0.265
23,0.591,0.227
24,0.377,0.177
25,0.097,0.147
26,0.0,0.128
27,0.0,0.103
28,0.0,0.057
29,0.0,0.026
30,0.0,0.017
31,0.0,0.019
32,0.0,0.02
33,0.0,0.034
34,0.0,0.046
35,0.0,0.061
36,0.0,0.095
37,0.0,0.119
38,0.0,0.093
39,0.0,0.071
40,0.181,0.086
41,0.424,0.087
42,0.609,0.227
43,0.718,0.309
44,0.765,0.282
45,0.755,0.238
46,0.682,0.193
47,0.551,0.159
48,0.343,0.138
49,0.087,0.139
50,0.0,0.118
51,0.0,0.081
52,0.0,0.05
53,0.0,0.032
54,0.0,0.031
55,0.0,0.04
56,0.0,0.053
57,0.0,0.074
58,0.0,0.108
59,0.0,0.14
60,0.0,0.158
61,0.0,0.181
62,0.0,0.209
63,0.0,0.252
64,0.182,0.276
65,0.423,0.182
66,0.607,0.204
67,0.716,0.162
68,0.762,0.097
69,0.752,0.07
70,0.685,0.071
71,0.556,0.079
72,0.352,0.096
73,0.096,0.137
74,0.0,0.183
75,0.0,0.206
76,0.0,0.193
77,0.0,0.175
78,0.0,0.166
79,0.0,0.152
80,0.0,0.136
81,0.0,0.133
82,0.0,0.172
83,0.0,0.22
84,0.0,0.247
85,0.0,0.308
86,0.0,0.422
87,0.0,0.526
88,0.191,0.552
89,0.431,0.364
90,0.612,0.343
91,0.716,0.401
92,0.757,0.343
93,0.744,0.257
94,0.672,0.185
95,0.543,0.144
96,0.34,0.115
97,0.048,0.138
98,0.0,0.162
99,0.0,0.163
100,0.0,0.158
101,0.0,0.203
102,0.0,0.233
103,0.0,0.23
104,0.0,0.264
105,0.0,0.286
106,0.0,0.29
107,0.0,0.283
108,0.0,0.262
109,0.0,0.261
110,0.0,0.234
111,0.0,0.202
112,0.0,0.197
113,0.03,0.217
114,0.073,0.193
115,0.106,0.17
116,0.126,0.251
117,0.102,0.294
118,0.087,0.208
119,0.06,0.155
120,0.028,0.164
121,0.0,0.21
122,0.0,0.227
123,0.0,0.197
124,0.0,0.186
125,0.0,0.14
126,0.0,0.091
127,0.0,0.042
128,0.0,0.032
129,0.0,0.043
130,0.0,0.062
131,0.0,0.07
132,0.0,0.09
133,0.0,0.115
134,0.0,0.132
135,0.0,0.104
136,0.073,0.076
137,0.214,0.085
138,0.54,0.084
139,0.669,0.083
140,0.723,0.093
141,0.707,0.167
142,0.553,0.184
143,0.498,0.207
144,0.2,0.252
145,0.016,0.218
146,0.0,0.234
147,0.0,0.286
148,0.0,0.293
149,0.0,0.328
150,0.0,0.414
151,0.0,0.528
152,0.0,0.586
153,0.0,0.637
154,0.0,0.647
155,0.0,0.59
156,0.0,0.539
157,0.0,0.457
158,0.0,0.384
159,0.0,0.302
160,0.0,0.243
161,0.026,0.146
162,0.091,0.086
163,0.162,0.062
164,0.309,0.054
165,0.482,0.046
166,0.501,0.045
167,0.414,0.042
168,0.238,0.025
169,0.044,0.009
170,0.0,0.001
171,0.0,0.0
172,0.0,0.005
173,0.0,0.056
174,0.0,0.176
175,0.0,0.31
176,0.0,0.392
177,0.0,0.425
178,0.0,0.448
179,0.0,0.532
180,0.0,0.551
181,0.0,0.593
182,0.0,0.637
183,0.0,0.647
184,0.021,0.618
185,0.096,0.505
186,0.177,0.63
187,0.28,0.668
188,0.378,0.56
189,0.482,0.481
190,0.455,0.437
191,0.316,0.401
192,0.145,0.354
193,0.019,0.395
194,0.0,0.473
195,0.0,0.516
196,0.0,0.542
197,0.0,0.501
198,0.0,0.398
199,0.0,0.278
200,0.0,0.209
201,0.0,0.185
202,0.0,0.142
203,0.0,0.108
204,0.0,0.087
205,0.0,0.075
206,0.0,0.065
207,0.0,0.044
208,0.058,0.024
209,0.263,0.01
210,0.522,0.008
211,0.641,0.041
212,0.589,0.03
213,0.497,0.015
214,0.421,0.008
215,0.311,0.01
216,0.142,0.021
217,0.015,0.068
218,0.0,0.142
219,0.0,0.204
220,0.0,0.219
221,0.0,0.18
222,0.0,0.101
223,0.0,0.045
224,0.0,0.026
225,0.0,0.019
226,0.0,0.027
227,0.0,0.042
228,0.0,0.048
229,0.0,0.042
230,0.0,0.035
231,0.0,0.035
232,0.012,0.034
233,0.084,0.018
234,0.218,0.008
235,0.62,0.004
236,0.746,0.001
237,0.732,0.001
238,0.597,0.0
239,0.514,0.0
240,0.225,0.001
241,0.037,0.005
242,0.0,0.015
243,0.0,0.025
244,0.0,0.023
245,0.0,0.022
246,0.0,0.023
247,0.0,0.036
248,0.0,0.054
249,0.0,0.067
250,0.0,0.084
251,0.0,0.098
252,0.0,0.101
253,0.0,0.11
254,0.0,0.139
255,0.0,0.197
256,0.02,0.27
257,0.097,0.278
258,0.145,0.237
259,0.247,0.29
260,0.488,0.448
261,0.568,0.586
262,0.323,0.618
263,0.147,0.568
264,0.065,0.476
265,0.005,0.46
266,0.0,0.483
267,0.0,0.445
268,0.0,0.455
269,0.0,0.488
270,0.0,0.488
271,0.0,0.49
272,0.0,0.583
273,0.0,0.687
274,0.0,0.72
275,0.0,0.705
276,0.0,0.561
277,0.0,0.448
278,0.0,0.413
279,0.0,0.357
280,0.004,0.274
281,0.064,0.218
282,0.17,0.233
283,0.244,0.243
284,0.377,0.266
285,0.414,0.331
286,0.441,0.393
287,0.378,0.437
288,0.233,0.425
289,0.04,0.339
290,0.0,0.362
291,0.0,0.312
292,0.0,0.22
293,0.0,0.134
294,0.0,0.078
295,0.0,0.038
296,0.0,0.019
297,0.0,0.012
298,0.0,0.011
299,0.0,0.016
300,0.0,0.028
301,0.0,0.035
302,0.0,0.041
303,0.0,0.065
304,0.154,0.136
305,0.341,0.153
306,0.326,0.256
307,0.373,0.467
308,0.665,0.527
309,0.63,0.526
310,0.399,0.503
311,0.216,0.46
312,0.078,0.391
313,0.006,0.392
314,0.0,0.494
315,0.0,0.592
316,0.0,0.667
317,0.0,0.684
318,0.0,0.684
319,0.0,0.676
320,0.0,0.648
321,0.0,0.7
322,0.0,0.746
323,0.0,0.788
324,0.0,0.813
325,0.0,0.818
326,0.0,0.835
327,0.0,0.86
328,0.023,0.872
329,0.125,0.861
330,0.266,0.923
331,0.257,0.959
332,0.112,0.924
333,0.141,0.845
334,0.116,0.812
335,0.071,0.714
336,0.026,0.545
337,0.0,0.444
338,0.0,0.383
339,0.0,0.294
340,0.0,0.214
341,0.0,0.183
342,0.0,0.187
343,0.0,0.194
344,0.0,0.191
345,0.0,0.179
346,0.0,0.154
347,0.0,0.141
348,0.0,0.152
349,0.0,0.17
350,0.0,0.188
351,0.0,0.203
352,0.009,0.197
353,0.099,0.201
354,0.265,0.311
355,0.34,0.414
356,0.24,0.48
357,0.126,0.516
358,0.105,0.555
359,0.067,0.558
360,0.044,0.516
361,0.0,0.447
362,0.0,0.417
363,0.0,0.432
364,0.0,0.349
365,0.0,0.264
366,0.0,0.18
367,0.0,0.137
368,0.0,0.145
369,0.0,0.159
370,0.0,0.139
371,0.0,0.14
372,0.0,0.127
373,0.0,0.121
374,0.0,0.127
375,0.0,0.137
376,0.017,0.144
377,0.07,0.145
378,0.212,0.217
379,0.556,0.313
380,0.621,0.376
381,0.606,0.442
382,0.464,0.513
383,0.215,0.555
384,0.115,0.503
385,0.011,0.355
386,0.0,0.416
387,0.0,0.491
388,0.0,0.422
389,0.0,0.476
390,0.0,0.563
391,0.0,0.586
392,0.0,0.568
393,0.0,0.593
394,0.0,0.64
395,0.0,0.669
396,0.0,0.712
397,0.0,0.71
398,0.0,0.695
399,0.0,0.672
400,0.002,0.644
401,0.086,0.535
402,0.095,0.438
403,0.154,0.502
404,0.234,0.566
405,0.415,0.655
406,0.17,0.698
407,0.112,0.568
408,0.046,0.455
409,0.001,0.37
410,0.0,0.341
411,0.0,0.358
412,0.0,0.361
413,0.0,0.415
414,0.0,0.361
415,0.0,0.369
416,0.0,0.335
417,0.0,0.316
418,0.0,0.311
419,0.0,0.347
420,0.0,0.311
421,0.0,0.321
422,0.0,0.309
423,0.0,0.242
424,0.038,0.182
425,0.299,0.15
426,0.581,0.234
427,0.687,0.218
428,0.721,0.148
429,0.719,0.097
430,0.653,0.078
431,0.513,0.086
432,0.329,0.076
433,0.077,0.042
434,0.0,0.023
435,0.0,0.008
436,0.0,0.006
437,0.0,0.008
438,0.0,0.014
439,0.0,0.034
440,0.0,0.069
441,0.0,0.106
442,0.0,0.127
443,0.0,0.113
444,0.0,0.085
445,0.0,0.07
446,0.0,0.076
447,0.0,0.089
448,0.221,0.093
449,0.397,0.055
450,0.515,0.049
451,0.594,0.072
452,0.63,0.034
453,0.623,0.014
454,0.554,0.011
455,0.448,0.01
456,0.279,0.011
457,0.039,0.015
458,0.0,0.014
459,0.0,0.009
460,0.0,0.005
461,0.0,0.002
462,0.0,0.001
463,0.0,0.003
464,0.0,0.007
465,0.0,0.01
466,0.0,0.015
467,0.0,0.021
468,0.0,0.017
469,0.0,0.011
470,0.0,0.006
471,0.0,0.003
472,0.055,0.001
473,0.152,0.0
474,0.245,0.0
475,0.34,0.004
476,0.353,0.069
477,0.289,0.151
478,0.213,0.169
479,0.136,0.138
480,0.083,0.133
481,0.017,0.147
482,0.0,0.161
483,0.0,0.225
484,0.0,0.323
485,0.0,0.43
486,0.0,0.635
487,0.0,0.828
488,0.0,0.851
489,0.0,0.854
490,0.0,0.895
491,0.0,0.939
492,0.0,0.932
493,0.0,0.885
494,0.0,0.851
495,0.0,0.822
496,0.069,0.78
497,0.245,0.879
498,0.388,0.941
499,0.549,0.955
500,0.673,0.945
501,0.711,0.935
502,0.659,0.933
503,0.532,0.933
504,0.332,0.93
505,0.066,0.881
506,0.0,0.85
507,0.0,0.856
508,0.0,0.847
509,0.0,0.77
510,0.0,0.615
511,0.0,0.434
512,0.0,0.319
513,0.0,0.265
514,0.0,0.237
515,0.0,0.209
516,0.0,0.193
517,0.0,0.213
518,0.0,0.233
519,0.0,0.244
520,0.282,0.209
521,0.485,0.147
522,0.66,0.404
523,0.762,0.556
524,0.807,0.59
525,0.795,0.559
526,0.72,0.506
527,0.585,0.439
528,0.377,0.3
529,0.098,0.17
530,0.0,0.114
531,0.0,0.094
532,0.0,0.083
533,0.0,0.078
534,0.0,0.072
535,0.0,0.055
536,0.0,0.034
537,0.0,0.019
538,0.0,0.011
539,0.0,0.006
540,0.0,0.003
541,0.0,0.001
542,0.0,0.0
543,0.0,0.0
544,0.25,0.0
545,0.445,0.001
546,0.62,0.001
547,0.722,0.0
548,0.767,0.0
549,0.755,0.0
550,0.686,0.0
551,0.559,0.002
552,0.361,0.008
553,0.097,0.015
554,0.0,0.019
555,0.0,0.015
556,0.0,0.017
557,0.0,0.03
558,0.0,0.054
559,0.0,0.083
560,0.0,0.097
561,0.0,0.106
562,0.0,0.12
563,0.0,0.152
564,0.0,0.243
565,0.0,0.358
566,0.0,0.422
567,0.0,0.444
568,0.219,0.356
569,0.458,0.23
570,0.611,0.467
571,0.689,0.544
572,0.753,0.444
573,0.757,0.328
574,0.693,0.264
575,0.566,0.227
576,0.368,0.176
577,0.103,0.125
578,0.0,0.099
579,0.0,0.084
580,0.0,0.065
581,0.0,0.045
582,0.0,0.061
583,0.0,0.087
584,0.0,0.102
585,0.0,0.12
586,0.0,0.149
587,0.0,0.176
588,0.0,0.193
589,0.0,0.202
590,0.0,0.188
591,0.0,0.177
592,0.242,0.161
593,0.478,0.096
594,0.643,0.087
595,0.738,0.055
596,0.777,0.02
597,0.763,0.024
598,0.696,0.019
599,0.569,0.017
600,0.372,0.013
601,0.103,0.017
602,0.0,0.013
603,0.0,0.015
604,0.0,0.021
605,0.0,0.028
606,0.0,0.018
607,0.0,0.004
608,0.0,0.003
609,0.0,0.005
610,0.0,0.005
611,0.0,0.009
612,0.0,0.021
613,0.0,0.059
614,0.0,0.13
615,0.0,0.231
616,0.21,0.305
617,0.455,0.278
618,0.621,0.356
619,0.717,0.672
620,0.756,0.627
621,0.679,0.501
622,0.554,0.412
623,0.441,0.3
624,0.215,0.133
625,0.052,0.06
626,0.0,0.023
627,0.0,0.009
628,0.0,0.005
629,0.0,0.006
630,0.0,0.014
631,0.0,0.034
632,0.0,0.048
633,0.0,0.058
634,0.0,0.078
635,0.0,0.095
636,0.0,0.106
637,0.0,0.112
638,0.0,0.12
639,0.0,0.125
640,0.064,0.124
641,0.196,0.088
642,0.347,0.073
643,0.498,0.075
644,0.613,0.031
645,0.638,0.003
646,0.578,0.0
647,0.455,0.0
648,0.276,0.001
649,0.062,0.001
650,0.0,0.0
651,0.0,0.0
652,0.0,0.0
653,0.0,0.001
654,0.0,0.003
655,0.0,0.011
656,0.0,0.035
657,0.0,0.07
658,0.0,0.089
659,0.0,0.091
660,0.0,0.082
661,0.0,0.068
662,0.0,0.055
663,0.0,0.043
664,0.01,0.032
665,0.054,0.037
666,0.091,0.059
667,0.122,0.098
668,0.166,0.14
669,0.268,0.124
670,0.458,0.147
671,0.387,0.152
672,0.232,0.08
673,0.057,0.051
674,0.0,0.065
675,0.0,0.047
676,0.0,0.019
677,0.0,0.022
678,0.0,0.022
679,0.0,0.012
680,0.0,0.006
681,0.0,0.006
682,0.0,0.008
683,0.0,0.006
684,0.0,0.004
685,0.0,0.002
686,0.0,0.0
687,0.0,0.0
688,0.116,0.001
689,0.249,0.006
690,0.401,0.007
691,0.665,0.013
692,0.666,0.018
693,0.381,0.033
694,0.223,0.07
695,0.138,0.1
696,0.097,0.107
697,0.032,0.098
698,0.0,0.096
699,0.0,0.09
700,0.0,0.068
701,0.0,0.044
702,0.0,0.031
703,0.0,0.031
704,0.0,0.03
705,0.0,0.027
706,0.0,0.028
707,0.0,0.03
708,0.0,0.026
709,0.0,0.02
710,0.0,0.014
711,0.0,0.021
712,0.037,0.045
713,0.16,0.048
714,0.319,0.061
715,0.496,0.09
716,0.644,0.062
717,0.703,0.029
718,0.651,0.015
719,0.527,0.008
720,0.325,0.005
721,0.067,0.01
722,0.0,0.015
723,0.0,0.014
724,0.0,0.019
725,0.0,0.044
726,0.0,0.03
727,0.0,0.016
728,0.0,0.015
729,0.0,0.022
730,0.0,0.024
731,0.0,0.018
732,0.0,0.017
733,0.0,0.027
734,0.0,0.05
735,0.0,0.097
736,0.052,0.168
737,0.215,0.231
738,0.363,0.334
739,0.339,0.413
740,0.318,0.395
741,0.2,0.295
742,0.129,0.167
743,0.113,0.092
744,0.153,0.107
745,0.081,0.094
746,0.0,0.102
747,0.0,0.109
748,0.0,0.133
749,0.0,0.149
750,0.0,0.145
751,0.0,0.12
752,0.0,0.118
753,0.0,0.118
754,0.0,0.079
755,0.0,0.05
756,0.0,0.058
757,0.0,0.078
758,0.0,0.099
759,0.0,0.088
760,0.123,0.083
761,0.299,0.079
762,0.342,0.195
763,0.258,0.312
764,0.222,0.345
765,0.228,0.325
766,0.251,0.29
767,0.248,0.275
768,0.215,0.274
769,0.033,0.233
770,0.0,0.18
771,0.0,0.125
772,0.0,0.137
773,0.0,0.182
774,0.0,0.276
775,0.0,0.352
776,0.0,0.457
777,0.0,0.539
778,0.0,0.61
779,0.0,0.63
780,0.0,0.658
781,0.0,0.697
782,0.0,0.806
783,0.0,0.86
784,0.026,0.909
785,0.119,0.958
786,0.203,0.976
787,0.274,0.987
788,0.266,0.986
789,0.428,0.988
790,0.372,0.932
791,0.266,0.746
792,0.291,0.516
793,0.035,0.302
794,0.0,0.205
795,0.0,0.24
796,0.0,0.272
797,0.0,0.314
798,0.0,0.334
799,0.0,0.367
800,0.0,0.484
801,0.0,0.54
802,0.0,0.618
803,0.0,0.672
804,0.0,0.645
805,0.0,0.581
806,0.0,0.467
807,0.0,0.442
808,0.043,0.424
809,0.095,0.414
810,0.172,0.427
811,0.244,0.43
812,0.324,0.501
813,0.374,0.544
814,0.437,0.547
815,0.38,0.523
816,0.229,0.432
817,0.032,0.272
818,0.0,0.231
819,0.0,0.196
820,0.0,0.189
821,0.0,0.181
822,0.0,0.174
823,0.0,0.165
824,0.0,0.176
825,0.0,0.197
826,0.0,0.249
827,0.0,0.304
828,0.0,0.398
829,0.0,0.46
830,0.0,0.482
831,0.0,0.532
832,0.039,0.552
833,0.089,0.619
834,0.219,0.662
835,0.39,0.774
836,0.529,0.852
837,0.598,0.889
838,0.565,0.898
839,0.454,0.88
840,0.279,0.836
841,0.077,0.61
842,0.0,0.436
843,0.0,0.407
844,0.0,0.481
845,0.0,0.502
846,0.0,0.464
847,0.0,0.454
848,0.0,0.491
849,0.0,0.557
850,0.0,0.594
851,0.0,0.467
852,0.0,0.337
853,0.0,0.292
854,0.0,0.272
855,0.0,0.268
856,0.049,0.26
857,0.169,0.53
858,0.299,0.678
859,0.432,0.733
860,0.488,0.768
861,0.443,0.773
862,0.403,0.767
863,0.264,0.731
864,0.154,0.655
865,0.033,0.473
866,0.0,0.299
867,0.0,0.27
868,0.0,0.267
869,0.0,0.292
870,0.0,0.323
871,0.0,0.328
872,0.0,0.32
873,0.0,0.315
874,0.0,0.264
875,0.0,0.233
876,0.0,0.272
877,0.0,0.288
878,0.0,0.302
879,0.0,0.309
880,0.08,0.336
881,0.462,0.559
882,0.656,0.63
883,0.755,0.606
884,0.822,0.539
885,0.832,0.469
886,0.759,0.472
887,0.627,0.494
888,0.422,0.506
889,0.152,0.447
890,0.0,0.377
891,0.0,0.332
892,0.0,0.311
893,0.0,0.281
894,0.0,0.215
895,0.0,0.142
896,0.0,0.094
897,0.0,0.076
898,0.0,0.068
899,0.0,0.094
900,0.0,0.162
901,0.0,0.264
902,0.0,0.319
903,0.0,0.347
904,0.267,0.291
905,0.512,0.352
906,0.685,0.422
907,0.789,0.358
908,0.825,0.291
909,0.802,0.225
910,0.71,0.159
911,0.583,0.093
912,0.335,0.058
913,0.105,0.06
914,0.0,0.088
915,0.0,0.147
916,0.0,0.237
917,0.0,0.319
918,0.0,0.347
919,0.0,0.305
920,0.0,0.25
921,0.0,0.195
922,0.0,0.16
923,0.0,0.155
924,0.0,0.159
925,0.0,0.155
926,0.0,0.148
927,0.0,0.141
928,0.261,0.116
929,0.503,0.071
930,0.671,0.069
931,0.776,0.032
932,0.82,0.018
933,0.806,0.026
934,0.732,0.058
935,0.601,0.106
936,0.402,0.139
937,0.132,0.159
938,0.0,0.225
939,0.0,0.251
940,0.0,0.207
941,0.0,0.159
942,0.0,0.127
943,0.0,0.138
944,0.0,0.125
945,0.0,0.09
946,0.0,0.073
947,0.0,0.098
948,0.0,0.13
949,0.0,0.137
950,0.0,0.125
951,0.0,0.101
952,0.028,0.086
953,0.085,0.144
954,0.405,0.266
955,0.623,0.328
956,0.678,0.347
957,0.677,0.355
958,0.625,0.355
959,0.521,0.321
960,0.357,0.286
961,0.103,0.207
962,0.0,0.182
963,0.0,0.174
964,0.0,0.162
965,0.0,0.188
966,0.0,0.208
967,0.0,0.203
968,0.0,0.179
969,0.0,0.165
970,0.0,0.15
971,0.0,0.158
972,0.0,0.177
973,0.0,0.194
974,0.0,0.23
975,0.0,0.308
976,0.063,0.312
977,0.162,0.547
978,0.206,0.784
979,0.309,0.903
980,0.28,0.947
981,0.25,0.955
982,0.272,0.946
983,0.351,0.921
984,0.241,0.898
985,0.09,0.811
986,0.0,0.678
987,0.0,0.596
988,0.0,0.562
989,0.0,0.479
990,0.0,0.376
991,0.0,0.35
992,0.0,0.294
993,0.0,0.236
994,0.0,0.183
995,0.0,0.164
996,0.0,0.141
997,0.0,0.127
998,0.0,0.132
999,0.0,0.113
1000,0.152,0.054
1001,0.409,0.013
1002,0.711,0.002
1003,0.816,0.002
1004,0.857,0.001
1005,0.842,0.0
1006,0.772,0.0
1007,0.644,0.0
1008,0.448,0.0
1009,0.182,0.015
1010,0.0,0.025
1011,0.0,0.009
1012,0.0,0.002
1013,0.0,0.015
1014,0.0,0.07
1015,0.0,0.162
1016,0.0,0.181
1017,0.0,0.24
1018,0.0,0.323
1019,0.0,0.383
1020,0.0,0.512
1021,0.0,0.557
1022,0.0,0.571
1023,0.003,0.607
1024,0.255,0.484
1025,0.495,0.415
1026,0.63,0.506
1027,0.701,0.529
1028,0.778,0.606
1029,0.811,0.532
1030,0.711,0.456
1031,0.517,0.323
1032,0.23,0.212
1033,0.04,0.183
1034,0.0,0.379
1035,0.0,0.498
1036,0.0,0.542
1037,0.0,0.491
1038,0.0,0.352
1039,0.0,0.237
1040,0.0,0.199
1041,0.0,0.177
1042,0.0,0.145
1043,0.0,0.158
1044,0.0,0.134
1045,0.0,0.12
1046,0.0,0.147
1047,0.0,0.229
1048,0.013,0.329
1049,0.057,0.294
1050,0.145,0.481
1051,0.201,0.702
1052,0.161,0.655
1053,0.167,0.41
1054,0.105,0.271
1055,0.108,0.21
1056,0.076,0.179
1057,0.025,0.164
1058,0.0,0.179
1059,0.0,0.171
1060,0.0,0.184
1061,0.0,0.282
1062,0.0,0.451
1063,0.0,0.488
1064,0.0,0.509
1065,0.0,0.447
1066,0.0,0.382
1067,0.0,0.328
1068,0.0,0.369
1069,0.0,0.434
1070,0.0,0.55
1071,0.0,0.663
1072,0.009,0.772
1073,0.029,0.834
1074,0.093,0.859
1075,0.145,0.904
1076,0.36,0.958
1077,0.173,0.955
1078,0.247,0.961
1079,0.392,0.962
1080,0.291,0.938
1081,0.05,0.804
1082,0.0,0.532
1083,0.0,0.421
1084,0.0,0.332
1085,0.0,0.337
1086,0.0,0.365
1087,0.0,0.337
1088,0.0,0.282
1089,0.0,0.238
1090,0.0,0.196
1091,0.0,0.178
1092,0.0,0.165
1093,0.0,0.184
1094,0.0,0.165
1095,0.0,0.124
1096,0.049,0.107
1097,0.189,0.19
1098,0.429,0.392
1099,0.272,0.56
1100,0.339,0.707
1101,0.286,0.772
1102,0.218,0.773
1103,0.217,0.726
1104,0.182,0.683
1105,0.056,0.523
1106,0.0,0.391
1107,0.0,0.35
1108,0.0,0.309
1109,0.0,0.372
1110,0.0,0.363
1111,0.0,0.367
1112,0.0,0.43
1113,0.0,0.508
1114,0.0,0.59
1115,0.0,0.606
1116,0.0,0.586
1117,0.0,0.556
1118,0.0,0.464
1119,0.0,0.348
1120,0.075,0.313
1121,0.217,0.457
1122,0.401,0.591
1123,0.628,0.624
1124,0.708,0.676
1125,0.7,0.731
1126,0.658,0.756
1127,0.541,0.76
1128,0.373,0.75
1129,0.136,0.657
1130,0.0,0.51
1131,0.0,0.439
1132,0.0,0.434
1133,0.0,0.48
1134,0.0,0.548
1135,0.0,0.638
1136,0.0,0.634
1137,0.0,0.637
1138,0.0,0.667
1139,0.0,0.635
1140,0.0,0.58
1141,0.0,0.538
1142,0.0,0.45
1143,0.0,0.341
1144,0.075,0.229
1145,0.287,0.192
1146,0.338,0.267
1147,0.224,0.514
1148,0.307,0.804
1149,0.483,0.895
1150,0.507,0.917
1151,0.389,0.909
1152,0.269,0.878
1153,0.104,0.757
1154,0.0,0.599
1155,0.0,0.593
1156,0.0,0.57
1157,0.0,0.556
1158,0.0,0.517
1159,0.0,0.513
1160,0.0,0.494
1161,0.0,0.446
1162,0.0,0.402
1163,0.0,0.39
1164,0.0,0.38
1165,0.0,0.356
1166,0.0,0.298
1167,0.0,0.243
1168,0.073,0.232
1169,0.35,0.211
1170,0.517,0.157
1171,0.659,0.121
1172,0.668,0.112
1173,0.615,0.125
1174,0.482,0.155
1175,0.361,0.208
1176,0.236,0.279
1177,0.111,0.316
1178,0.0,0.359
1179,0.0,0.367
1180,0.0,0.364
1181,0.0,0.362
1182,0.0,0.317
1183,0.0,0.264
1184,0.0,0.213
1185,0.0,0.163
1186,0.0,0.123
1187,0.0,0.096
1188,0.0,0.081
1189,0.0,0.068
1190,0.0,0.053
1191,0.008,0.037
1192,0.225,0.025
1193,0.544,0.033
1194,0.718,0.03
1195,0.823,0.019
1196,0.869,0.013
1197,0.858,0.007
1198,0.79,0.001
1199,0.661,0.001
1200,0.465,0.008
1201,0.19,0.058
1202,0.0,0.144
1203,0.0,0.2
1204,0.0,0.183
1205,0.0,0.139
1206,0.0,0.109
1207,0.0,0.102
1208,0.0,0.111
1209,0.0,0.108
1210,0.0,0.08
1211,0.0,0.084
1212,0.0,0.106
1213,0.0,0.141
1214,0.0,0.167
1215,0.001,0.179
1216,0.072,0.153
1217,0.148,0.212
1218,0.251,0.366
1219,0.514,0.483
1220,0.831,0.566
1221,0.813,0.614
1222,0.612,0.601
1223,0.492,0.535
1224,0.312,0.432
1225,0.105,0.233
1226,0.0,0.059
1227,0.0,0.016
1228,0.0,0.006
1229,0.0,0.005
1230,0.0,0.007
1231,0.0,0.013
1232,0.0,0.031
1233,0.0,0.065
1234,0.0,0.118
1235,0.0,0.156
1236,0.0,0.188
1237,0.0,0.235
1238,0.0,0.233
1239,0.0,0.22
1240,0.044,0.201
1241,0.242,0.203
1242,0.375,0.168
1243,0.442,0.13
1244,0.469,0.112
1245,0.485,0.108
1246,0.417,0.12
1247,0.287,0.136
1248,0.177,0.137
1249,0.064,0.089
1250,0.0,0.105
1251,0.0,0.178
1252,0.0,0.22
1253,0.0,0.258
1254,0.0,0.283
1255,0.0,0.295
1256,0.0,0.283
1257,0.0,0.251
1258,0.0,0.219
1259,0.0,0.195
1260,0.0,0.195
1261,0.0,0.198
1262,0.0,0.193
1263,0.008,0.174
1264,0.239,0.1
1265,0.547,0.137
1266,0.723,0.109
1267,0.827,0.059
1268,0.872,0.044
1269,0.861,0.056
1270,0.794,0.101
1271,0.668,0.167
1272,0.476,0.22
1273,0.218,0.236
1274,0.002,0.251
1275,0.0,0.245
1276,0.0,0.192
1277,0.0,0.138
1278,0.0,0.101
1279,0.0,0.07
1280,0.0,0.048
1281,0.0,0.034
1282,0.0,0.034
1283,0.0,0.035
1284,0.0,0.02
1285,0.0,0.008
1286,0.0,0.003
1287,0.021,0.001
1288,0.306,0.001
1289,0.544,0.0
1290,0.651,0.003
1291,0.712,0.002
1292,0.662,0.0
1293,0.617,0.0
1294,0.71,0.004
1295,0.648,0.017
1296,0.461,0.034
1297,0.205,0.05
1298,0.001,0.069
1299,0.0,0.065
1300,0.0,0.045
1301,0.0,0.026
1302,0.0,0.013
1303,0.0,0.006
1304,0.0,0.003
1305,0.0,0.003
1306,0.0,0.004
1307,0.0,0.008
1308,0.0,0.014
1309,0.0,0.026
1310,0.0,0.041
1311,0.02,0.058
1312,0.287,0.041
1313,0.519,0.016
1314,0.684,0.014
1315,0.784,0.006
1316,0.827,0.005
1317,0.815,0.008
1318,0.751,0.025
1319,0.631,0.058
1320,0.444,0.107
1321,0.142,0.089
1322,0.0,0.08
1323,0.0,0.063
1324,0.0,0.042
1325,0.0,0.035
1326,0.0,0.032
1327,0.0,0.025
1328,0.0,0.022
1329,0.0,0.019
1330,0.0,0.023
1331,0.0,0.032
1332,0.0,0.035
1333,0.0,0.035
1334,0.0,0.03
1335,0.01,0.013
1336,0.189,0.004
1337,0.44,0.001
1338,0.65,0.008
1339,0.764,0.029
1340,0.806,0.071
1341,0.752,0.131
1342,0.703,0.19
1343,0.593,0.214
1344,0.334,0.189
1345,0.093,0.125
1346,0.001,0.084
1347,0.0,0.045
1348,0.0,0.027
1349,0.0,0.028
1350,0.0,0.033
1351,0.0,0.029
1352,0.0,0.02
1353,0.0,0.027
1354,0.0,0.028
1355,0.0,0.024
1356,0.0,0.02
1357,0.0,0.012
1358,0.0,0.005
1359,0.022,0.006
1360,0.257,0.014
1361,0.394,0.016
1362,0.418,0.054
1363,0.292,0.071
1364,0.314,0.079
1365,0.565,0.091
1366,0.541,0.124
1367,0.45,0.175
1368,0.285,0.176
1369,0.086,0.184
1370,0.0,0.192
1371,0.0,0.144
1372,0.0,0.144
1373,0.0,0.104
1374,0.0,0.086
1375,0.0,0.099
1376,0.0,0.12
1377,0.0,0.133
1378,0.0,0.109
1379,0.0,0.077
1380,0.0,0.062
1381,0.0,0.049
1382,0.0,0.05
1383,0.002,0.057
1384,0.092,0.065
1385,0.348,0.103
1386,0.597,0.122
1387,0.621,0.16
1388,0.497,0.211
1389,0.331,0.249
1390,0.234,0.265
1391,0.236,0.264
1392,0.148,0.261
1393,0.059,0.203
1394,0.0,0.166
1395,0.0,0.168
1396,0.0,0.181
1397,0.0,0.186
1398,0.0,0.172
1399,0.0,0.176
1400,0.0,0.164
1401,0.0,0.133
1402,0.0,0.111
1403,0.0,0.126
1404,0.0,0.142
1405,0.0,0.155
1406,0.0,0.164
1407,0.0,0.112
1408,0.047,0.071
1409,0.173,0.107
1410,0.507,0.138
1411,0.741,0.169
1412,0.796,0.179
1413,0.788,0.278
1414,0.72,0.453
1415,0.536,0.538
1416,0.336,0.512
1417,0.121,0.376
1418,0.001,0.29
1419,0.0,0.213
1420,0.0,0.13
1421,0.0,0.125
1422,0.0,0.128
1423,0.0,0.125
1424,0.0,0.083
1425,0.0,0.085
1426,0.0,0.131
1427,0.0,0.145
1428,0.0,0.131
1429,0.0,0.094
1430,0.0,0.067
1431,0.0,0.034
1432,0.067,0.006
1433,0.215,0.005
1434,0.461,0.026
1435,0.536,0.071
1436,0.551,0.131
1437,0.528,0.119
1438,0.524,0.153
1439,0.339,0.246
1440,0.15,0.289
1441,0.07,0.219
1442,0.0,0.16
1443,0.0,0.093
1444,0.0,0.068
1445,0.0,0.058
1446,0.0,0.133
1447,0.0,0.234
1448,0.0,0.296
1449,0.0,0.287
1450,0.0,0.184
1451,0.0,0.159
1452,0.0,0.227
1453,0.0,0.358
1454,0.0,0.461
1455,0.002,0.526
1456,0.081,0.676
1457,0.118,0.788
1458,0.297,0.613
1459,0.528,0.565
1460,0.565,0.636
1461,0.387,0.644
1462,0.369,0.686
1463,0.282,0.697
1464,0.193,0.63
1465,0.06,0.454
1466,0.002,0.433
1467,0.0,0.388
1468,0.0,0.341
1469,0.0,0.31
1470,0.0,0.259
1471,0.0,0.194
1472,0.0,0.141
1473,0.0,0.123
1474,0.0,0.127
1475,0.0,0.113
1476,0.0,0.105
1477,0.0,0.1
1478,0.0,0.114
1479,0.0,0.135
1480,0.053,0.163
1481,0.121,0.188
1482,0.226,0.172
1483,0.323,0.175
1484,0.669,0.225
1485,0.685,0.316
1486,0.613,0.424
1487,0.369,0.488
1488,0.27,0.504
1489,0.073,0.436
1490,0.0,0.315
1491,0.0,0.26
1492,0.0,0.257
1493,0.0,0.259
1494,0.0,0.243
1495,0.0,0.201
1496,0.0,0.225
1497,0.0,0.225
1498,0.0,0.211
1499,0.0,0.225
1500,0.0,0.249
1501,0.0,0.241
1502,0.0,0.22
1503,0.0,0.206
1504,0.054,0.196
1505,0.178,0.194
1506,0.36,0.145
1507,0.569,0.07
1508,0.734,0.025
1509,0.793,0.012
1510,0.76,0.004
1511,0.641,0.001
1512,0.459,0.047
1513,0.219,0.112
1514,0.009,0.093
1515,0.0,0.099
1516,0.0,0.071
1517,0.0,0.034
1518,0.0,0.015
1519,0.0,0.01
1520,0.0,0.006
1521,0.0,0.016
1522,0.0,0.052
1523,0.0,0.068
1524,0.0,0.062
1525,0.0,0.04
1526,0.0,0.015
1527,0.013,0.008
1528,0.158,0.007
1529,0.375,0.02
1530,0.526,0.067
1531,0.523,0.207
1532,0.384,0.388
1533,0.39,0.5
1534,0.403,0.468
1535,0.512,0.41
1536,0.365,0.485
1537,0.129,0.413
1538,0.001,0.305
1539,0.0,0.235
1540,0.0,0.197
1541,0.0,0.215
1542,0.0,0.395
1543,0.0,0.792
1544,0.0,0.666
1545,0.0,0.634
1546,0.0,0.761
1547,0.0,0.874
1548,0.0,0.874
1549,0.0,0.815
1550,0.0,0.613
1551,0.002,0.368
1552,0.128,0.293
1553,0.232,0.417
1554,0.522,0.624
1555,0.689,0.682
1556,0.615,0.714
1557,0.478,0.733
1558,0.36,0.748
1559,0.334,0.762
1560,0.212,0.73
1561,0.076,0.583
1562,0.0,0.413
1563,0.0,0.312
1564,0.0,0.214
1565,0.0,0.15
1566,0.0,0.133
1567,0.0,0.137
1568,0.0,0.114
1569,0.0,0.089
1570,0.0,0.088
1571,0.0,0.085
1572,0.0,0.083
1573,0.0,0.073
1574,0.0,0.062
1575,0.019,0.044
1576,0.163,0.017
1577,0.479,0.008
1578,0.701,0.007
1579,0.801,0.035
1580,0.843,0.088
1581,0.834,0.119
1582,0.769,0.148
1583,0.638,0.22
1584,0.443,0.306
1585,0.197,0.352
1586,0.007,0.297
1587,0.0,0.291
1588,0.0,0.266
1589,0.0,0.233
1590,0.0,0.233
1591,0.0,0.264
1592,0.0,0.282
1593,0.0,0.31
1594,0.0,0.384
1595,0.0,0.403
1596,0.0,0.451
1597,0.0,0.505
1598,0.0,0.574
1599,0.0,0.638
1600,0.087,0.725
1601,0.343,0.724
1602,0.596,0.704
1603,0.731,0.701
1604,0.793,0.675
1605,0.794,0.695
1606,0.728,0.755
1607,0.599,0.788
1608,0.427,0.757
1609,0.222,0.705
1610,0.019,0.621
1611,0.0,0.539
1612,0.0,0.455
1613,0.0,0.364
1614,0.0,0.341
1615,0.0,0.354
1616,0.0,0.322
1617,0.0,0.234
1618,0.0,0.175
1619,0.0,0.155
1620,0.0,0.144
1621,0.0,0.115
1622,0.0,0.086
1623,0.043,0.067
1624,0.235,0.068
1625,0.495,0.093
1626,0.714,0.073
1627,0.814,0.061
1628,0.86,0.064
1629,0.85,0.079
1630,0.782,0.12
1631,0.649,0.171
1632,0.384,0.2
1633,0.106,0.186
1634,0.004,0.167
1635,0.0,0.17
1636,0.0,0.158
1637,0.0,0.145
1638,0.0,0.136
1639,0.0,0.119
1640,0.0,0.09
1641,0.0,0.062
1642,0.0,0.046
1643,0.0,0.029
1644,0.0,0.027
1645,0.0,0.025
1646,0.0,0.018
1647,0.0,0.015
1648,0.056,0.015
1649,0.226,0.017
1650,0.391,0.018
1651,0.479,0.008
1652,0.541,0.003
1653,0.592,0.004
1654,0.568,0.008
1655,0.504,0.014
1656,0.38,0.023
1657,0.211,0.038
1658,0.023,0.067
1659,0.0,0.084
1660,0.0,0.095
1661,0.0,0.097
1662,0.0,0.081
1663,0.0,0.07
1664,0.0,0.073
1665,0.0,0.068
1666,0.0,0.053
1667,0.0,0.049
1668,0.0,0.05
1669,0.0,0.075
1670,0.0,0.125
1671,0.023,0.191
1672,0.216,0.177
1673,0.437,0.407
1674,0.637,0.615
1675,0.739,0.637
1676,0.769,0.633
1677,0.722,0.586
1678,0.627,0.542
1679,0.479,0.484
1680,0.251,0.419
1681,0.098,0.384
1682,0.006,0.416
1683,0.0,0.439
1684,0.0,0.337
1685,0.0,0.226
1686,0.0,0.147
1687,0.0,0.103
1688,0.0,0.111
1689,0.0,0.147
1690,0.0,0.202
1691,0.0,0.264
1692,0.0,0.3
1693,0.0,0.273
1694,0.0,0.2
1695,0.029,0.125
1696,0.23,0.068
1697,0.529,0.099
1698,0.693,0.127
1699,0.798,0.179
1700,0.848,0.274
1701,0.844,0.447
1702,0.786,0.629
1703,0.67,0.75
1704,0.494,0.842
1705,0.257,0.867
1706,0.027,0.851
1707,0.0,0.866
1708,0.0,0.906
1709,0.0,0.928
1710,0.0,0.914
1711,0.0,0.863
1712,0.0,0.881
1713,0.0,0.902
1714,0.0,0.91
1715,0.0,0.913
1716,0.0,0.888
1717,0.0,0.836
1718,0.0,0.763
1719,0.033,0.634
1720,0.315,0.512
1721,0.572,0.351
1722,0.739,0.213
1723,0.843,0.168
1724,0.888,0.148
1725,0.88,0.155
1726,0.817,0.188
1727,0.697,0.225
1728,0.515,0.229
1729,0.276,0.2
1730,0.036,0.15
1731,0.0,0.128
1732,0.0,0.105
1733,0.0,0.093
1734,0.0,0.11
1735,0.0,0.174
1736,0.0,0.234
1737,0.0,0.305
1738,0.0,0.328
1739,0.0,0.341
1740,0.0,0.407
1741,0.0,0.434
1742,0.0,0.47
1743,0.077,0.514
1744,0.339,0.475
1745,0.569,0.748
1746,0.734,0.722
1747,0.836,0.676
1748,0.88,0.63
1749,0.872,0.56
1750,0.809,0.468
1751,0.69,0.351
1752,0.511,0.252
1753,0.273,0.173
1754,0.036,0.158
1755,0.0,0.153
1756,0.0,0.141
1757,0.0,0.13
1758,0.0,0.118
1759,0.0,0.105
1760,0.0,0.106
1761,0.0,0.121
1762,0.0,0.117
1763,0.0,0.101
1764,0.0,0.113
1765,0.0,0.167
1766,0.0,0.274
1767,0.074,0.391
1768,0.327,0.371
1769,0.55,0.523
1770,0.713,0.674
1771,0.814,0.637
1772,0.859,0.557
1773,0.852,0.466
1774,0.792,0.398
1775,0.675,0.341
1776,0.499,0.296
1777,0.268,0.203
1778,0.036,0.131
1779,0.0,0.096
1780,0.0,0.068
1781,0.0,0.051
1782,0.0,0.052
1783,0.0,0.063
1784,0.0,0.08
1785,0.0,0.101
1786,0.0,0.115
1787,0.0,0.18
1788,0.0,0.261
1789,0.0,0.309
1790,0.0,0.364
1791,0.077,0.407
1792,0.327,0.398
1793,0.546,0.446
1794,0.704,0.646
1795,0.802,0.674
1796,0.844,0.64
1797,0.833,0.571
1798,0.77,0.474
1799,0.653,0.348
1800,0.479,0.234
1801,0.252,0.126
1802,0.032,0.058
1803,0.0,0.03
1804,0.0,0.024
1805,0.0,0.022
1806,0.0,0.017
1807,0.0,0.014
1808,0.0,0.015
1809,0.0,0.024
1810,0.0,0.038
1811,0.0,0.058
1812,0.0,0.083
1813,0.0,0.117
1814,0.0,0.163
1815,0.069,0.214
1816,0.305,0.21
1817,0.523,0.2
1818,0.678,0.459
1819,0.781,0.386
1820,0.822,0.27
1821,0.813,0.164
1822,0.754,0.086
1823,0.642,0.04
1824,0.475,0.018
1825,0.256,0.014
1826,0.037,0.016
1827,0.0,0.026
1828,0.0,0.039
1829,0.0,0.051
1830,0.0,0.06
1831,0.0,0.073
1832,0.0,0.101
1833,0.0,0.124
1834,0.0,0.134
1835,0.0,0.137
1836,0.0,0.15
1837,0.0,0.167
1838,0.0,0.182
1839,0.072,0.2
1840,0.303,0.176
1841,0.516,0.144
1842,0.667,0.196
1843,0.767,0.172
1844,0.809,0.12
1845,0.801,0.078
1846,0.741,0.054
1847,0.63,0.055
1848,0.465,0.061
1849,0.243,0.07
1850,0.033,0.092
1851,0.0,0.102
1852,0.0,0.077
1853,0.0,0.034
1854,0.0,0.008
1855,0.0,0.003
1856,0.0,0.001
1857,0.0,0.002
1858,0.0,0.003
1859,0.0,0.004
1860,0.0,0.004
1861,0.0,0.016
1862,0.0,0.053
1863,0.033,0.103
1864,0.107,0.108
1865,0.161,0.088
1866,0.278,0.104
1867,0.417,0.209
1868,0.511,0.368
1869,0.661,0.494
1870,0.708,0.568
1871,0.62,0.611
1872,0.458,0.64
1873,0.24,0.586
1874,0.034,0.481
1875,0.0,0.429
1876,0.0,0.368
1877,0.0,0.283
1878,0.0,0.221
1879,0.0,0.147
1880,0.0,0.07
1881,0.0,0.031
1882,0.0,0.039
1883,0.0,0.054
1884,0.0,0.064
1885,0.0,0.064
1886,0.0,0.059
1887,0.017,0.051
1888,0.103,0.027
1889,0.228,0.023
1890,0.348,0.028
1891,0.422,0.035
1892,0.396,0.051
1893,0.333,0.083
1894,0.294,0.132
1895,0.201,0.175
1896,0.099,0.186
1897,0.037,0.155
1898,0.0,0.106
1899,0.0,0.105
1900,0.0,0.086
1901,0.0,0.089
1902,0.0,0.119
1903,0.0,0.131
1904,0.0,0.142
1905,0.0,0.142
1906,0.0,0.136
1907,0.0,0.136
1908,0.0,0.124
1909,0.0,0.096
1910,0.0,0.082
1911,0.007,0.088
1912,0.096,0.106
1913,0.408,0.144
1914,0.619,0.229
1915,0.63,0.284
1916,0.583,0.314
1917,0.567,0.307
1918,0.559,0.304
1919,0.505,0.3
1920,0.43,0.295
1921,0.251,0.3
1922,0.035,0.288
1923,0.0,0.259
1924,0.0,0.202
1925,0.0,0.182
1926,0.0,0.181
1927,0.0,0.127
1928,0.0,0.112
1929,0.0,0.123
1930,0.0,0.117
1931,0.0,0.094
1932,0.0,0.085
1933,0.0,0.097
1934,0.0,0.125
1935,0.018,0.12
1936,0.135,0.135
1937,0.485,0.169
1938,0.677,0.147
1939,0.785,0.105
1940,0.829,0.088
1941,0.789,0.141
1942,0.591,0.259
1943,0.287,0.358
1944,0.174,0.352
1945,0.111,0.27
1946,0.027,0.177
1947,0.0,0.112
1948,0.0,0.094
1949,0.0,0.089
1950,0.0,0.075
1951,0.0,0.079
1952,0.0,0.092
1953,0.0,0.091
1954,0.0,0.093
1955,0.0,0.09
1956,0.0,0.075
1957,0.0,0.07
1958,0.0,0.067
1959,0.043,0.063
1960,0.209,0.057
1961,0.455,0.115
1962,0.608,0.183
1963,0.69,0.259
1964,0.644,0.352
1965,0.583,0.482
1966,0.497,0.59
1967,0.432,0.601
1968,0.379,0.586
1969,0.226,0.539
1970,0.037,0.405
1971,0.0,0.347
1972,0.0,0.358
1973,0.0,0.386
1974,0.0,0.402
1975,0.0,0.394
1976,0.0,0.364
1977,0.0,0.314
1978,0.0,0.278
1979,0.0,0.26
1980,0.0,0.27
1981,0.0,0.212
1982,0.0,0.157
1983,0.032,0.089
1984,0.295,0.035
1985,0.545,0.03
1986,0.695,0.074
1987,0.781,0.085
1988,0.809,0.058
1989,0.809,0.022
1990,0.735,0.01
1991,0.625,0.005
1992,0.476,0.003
1993,0.263,0.002
1994,0.048,0.002
1995,0.0,0.001
1996,0.0,0.001
1997,0.0,0.007
1998,0.0,0.037
1999,0.0,0.08
2000,0.0,0.094
2001,0.0,0.099
2002,0.0,0.147
2003,0.0,0.261
2004,0.0,0.346
2005,0.0,0.344
2006,0.0,0.332
2007,0.07,0.311
2008,0.277,0.184
2009,0.496,0.093
2010,0.678,0.103
2011,0.78,0.047
2012,0.822,0.022
2013,0.813,0.018
2014,0.756,0.025
2015,0.646,0.041
2016,0.48,0.063
2017,0.265,0.094
2018,0.051,0.138
2019,0.0,0.17
2020,0.0,0.15
2021,0.0,0.094
2022,0.0,0.055
2023,0.0,0.045
2024,0.0,0.038
2025,0.0,0.032
2026,0.0,0.034
2027,0.0,0.037
2028,0.0,0.035
2029,0.0,0.027
2030,0.0,0.021
2031,0.047,0.025
2032,0.214,0.025
2033,0.376,0.014
2034,0.508,0.019
2035,0.606,0.016
2036,0.763,0.041
2037,0.804,0.057
2038,0.748,0.081
2039,0.602,0.099
2040,0.431,0.097
2041,0.262,0.092
2042,0.041,0.132
2043,0.0,0.149
2044,0.0,0.155
2045,0.0,0.154
2046,0.0,0.127
2047,0.0,0.111
2048,0.0,0.108
2049,0.0,0.113
2050,0.0,0.109
2051,0.0,0.084
2052,0.0,0.061
2053,0.0,0.037
2054,0.0,0.023
2055,0.028,0.027
2056,0.137,0.045
2057,0.416,0.134
2058,0.633,0.201
2059,0.719,0.22
2060,0.729,0.235
2061,0.723,0.263
2062,0.627,0.313
2063,0.533,0.401
2064,0.433,0.484
2065,0.251,0.479
2066,0.045,0.398
2067,0.0,0.392
2068,0.0,0.326
2069,0.0,0.264
2070,0.0,0.259
2071,0.0,0.238
2072,0.0,0.207
2073,0.0,0.155
2074,0.0,0.135
2075,0.0,0.148
2076,0.0,0.162
2077,0.0,0.179
2078,0.0,0.181
2079,0.026,0.175
2080,0.119,0.206
2081,0.436,0.222
2082,0.685,0.227
2083,0.802,0.239
2084,0.848,0.273
2085,0.84,0.328
2086,0.781,0.395
2087,0.669,0.479
2088,0.502,0.518
2089,0.287,0.498
2090,0.062,0.451
2091,0.0,0.411
2092,0.0,0.385
2093,0.0,0.395
2094,0.0,0.435
2095,0.0,0.479
2096,0.0,0.432
2097,0.0,0.449
2098,0.0,0.434
2099,0.0,0.478
2100,0.0,0.518
2101,0.0,0.535
2102,0.0,0.488
2103,0.031,0.371
2104,0.238,0.386
2105,0.559,0.41
2106,0.718,0.279
2107,0.817,0.182
2108,0.861,0.132
2109,0.852,0.122
2110,0.793,0.137
2111,0.683,0.202
2112,0.516,0.302
2113,0.296,0.372
2114,0.065,0.432
2115,0.0,0.479
2116,0.0,0.468
2117,0.0,0.501
2118,0.0,0.519
2119,0.0,0.496
2120,0.0,0.483
2121,0.0,0.432
2122,0.0,0.34
2123,0.0,0.25
2124,0.0,0.18
2125,0.0,0.14
2126,0.0,0.106
2127,0.066,0.087
2128,0.318,0.089
2129,0.517,0.27
2130,0.685,0.339
2131,0.776,0.272
2132,0.802,0.174
2133,0.787,0.084
2134,0.76,0.035
2135,0.653,0.014
2136,0.489,0.015
2137,0.278,0.017
2138,0.062,0.028
2139,0.0,0.089
2140,0.0,0.136
2141,0.0,0.125
2142,0.0,0.126
2143,0.0,0.133
2144,0.0,0.12
2145,0.0,0.132
2146,0.0,0.133
2147,0.0,0.126
2148,0.0,0.128
2149,0.0,0.109
2150,0.0,0.089
2151,0.088,0.092
2152,0.321,0.084
2153,0.535,0.207
2154,0.682,0.189
2155,0.775,0.113
2156,0.815,0.058
2157,0.809,0.026
2158,0.752,0.013
2159,0.643,0.005
2160,0.476,0.001
2161,0.212,0.002
2162,0.051,0.008
2163,0.0,0.01
2164,0.0,0.005
2165,0.0,0.001
2166,0.0,0.0
2167,0.0,0.001
2168,0.0,0.001
2169,0.0,0.002
2170,0.0,0.006
2171,0.0,0.02
2172,0.0,0.046
2173,0.0,0.082
2174,0.0,0.125
2175,0.059,0.173
2176,0.253,0.124
2177,0.428,0.116
2178,0.541,0.183
2179,0.531,0.099
2180,0.463,0.041
2181,0.416,0.01
2182,0.311,0.001
2183,0.214,0.001
2184,0.176,0.01
2185,0.133,0.045
2186,0.035,0.12
2187,0.0,0.256
2188,0.0,0.331
2189,0.0,0.261
2190,0.0,0.149
2191,0.0,0.065
2192,0.0,0.023
2193,0.0,0.01
2194,0.0,0.011
2195,0.0,0.022
2196,0.0,0.026
2197,0.0,0.02
2198,0.0,0.028
2199,0.085,0.032
2200,0.316,0.05
2201,0.521,0.121
2202,0.672,0.211
2203,0.762,0.334
2204,0.804,0.454
2205,0.799,0.54
2206,0.745,0.63
2207,0.637,0.692
2208,0.48,0.705
2209,0.276,0.695
2210,0.068,0.601
2211,0.0,0.506
2212,0.0,0.429
2213,0.0,0.352
2214,0.0,0.316
2215,0.0,0.294
2216,0.0,0.242
2217,0.0,0.207
2218,0.0,0.189
2219,0.0,0.159
2220,0.0,0.124
2221,0.0,0.104
2222,0.0,0.089
2223,0.02,0.077
2224,0.116,0.062
2225,0.24,0.025
2226,0.552,0.004
2227,0.695,0.0
2228,0.783,0.0
2229,0.806,0.001
2230,0.742,0.012
2231,0.612,0.045
2232,0.459,0.095
2233,0.209,0.143
2234,0.038,0.161
2235,0.0,0.154
2236,0.0,0.113
2237,0.0,0.086
2238,0.0,0.08
2239,0.0,0.076
2240,0.0,0.057
2241,0.0,0.035
2242,0.0,0.029
2243,0.0,0.035
2244,0.0,0.045
2245,0.0,0.059
2246,0.0,0.059
2247,0.014,0.045
2248,0.098,0.045
2249,0.153,0.022
2250,0.314,0.02
2251,0.521,0.041
2252,0.572,0.076
2253,0.608,0.104
2254,0.612,0.119
2255,0.499,0.145
2256,0.335,0.191
2257,0.145,0.239
2258,0.015,0.252
2259,0.0,0.231
2260,0.0,0.187
2261,0.0,0.147
2262,0.0,0.133
2263,0.0,0.139
2264,0.0,0.145
2265,0.0,0.136
2266,0.0,0.121
2267,0.0,0.115
2268,0.0,0.129
2269,0.0,0.155
2270,0.0,0.214
2271,0.023,0.273
2272,0.144,0.309
2273,0.41,0.226
2274,0.625,0.264
2275,0.584,0.409
2276,0.521,0.425
2277,0.529,0.368
2278,0.618,0.552
2279,0.422,0.699
2280,0.396,0.709
2281,0.285,0.621
2282,0.075,0.535
2283,0.0,0.498
2284,0.0,0.4
2285,0.0,0.236
2286,0.0,0.136
2287,0.0,0.191
2288,0.0,0.2
2289,0.0,0.229
2290,0.0,0.231
2291,0.0,0.201
2292,0.0,0.177
2293,0.0,0.142
2294,0.0,0.101
2295,0.039,0.058
2296,0.321,0.039
2297,0.537,0.058
2298,0.686,0.102
2299,0.777,0.151
2300,0.815,0.246
2301,0.759,0.444
2302,0.638,0.606
2303,0.621,0.613
2304,0.489,0.568
2305,0.286,0.571
2306,0.076,0.441
2307,0.0,0.337
2308,0.0,0.29
2309,0.0,0.265
2310,0.0,0.249
2311,0.0,0.206
2312,0.0,0.201
2313,0.0,0.233
2314,0.0,0.28
2315,0.0,0.301
2316,0.0,0.289
2317,0.0,0.261
2318,0.0,0.259
2319,0.061,0.202
2320,0.127,0.103
2321,0.204,0.055
2322,0.344,0.046
2323,0.606,0.096
2324,0.8,0.163
2325,0.809,0.309
2326,0.75,0.358
2327,0.64,0.444
2328,0.45,0.516
2329,0.27,0.603
2330,0.075,0.581
2331,0.0,0.623
2332,0.0,0.663
2333,0.0,0.618
2334,0.0,0.538
2335,0.0,0.535
2336,0.0,0.501
2337,0.0,0.432
2338,0.0,0.361
2339,0.0,0.312
2340,0.0,0.32
2341,0.0,0.293
2342,0.0,0.217
2343,0.05,0.12
2344,0.136,0.055
2345,0.22,0.021
2346,0.324,0.012
2347,0.552,0.018
2348,0.683,0.082
2349,0.705,0.233
2350,0.644,0.388
2351,0.589,0.481
2352,0.46,0.547
2353,0.261,0.55
2354,0.064,0.463
2355,0.0,0.464
2356,0.0,0.473
2357,0.0,0.483
2358,0.0,0.471
2359,0.0,0.439
2360,0.0,0.432
2361,0.0,0.434
2362,0.0,0.45
2363,0.0,0.494
2364,0.0,0.558
2365,0.0,0.623
2366,0.0,0.7
2367,0.013,0.811
2368,0.128,0.918
2369,0.321,0.932
2370,0.593,0.925
2371,0.795,0.939
2372,0.84,0.96
2373,0.836,0.971
2374,0.781,0.98
2375,0.674,0.986
2376,0.506,0.989
2377,0.291,0.99
2378,0.079,0.989
2379,0.0,0.984
2380,0.0,0.986
2381,0.0,0.983
2382,0.0,0.949
2383,0.0,0.879
2384,0.0,0.808
2385,0.0,0.71
2386,0.0,0.587
2387,0.0,0.544
2388,0.0,0.471
2389,0.0,0.447
2390,0.0,0.543
2391,0.048,0.552
2392,0.173,0.59
2393,0.524,0.556
2394,0.721,0.502
2395,0.819,0.509
2396,0.861,0.562
2397,0.854,0.606
2398,0.795,0.67
2399,0.684,0.722
2400,0.52,0.773
2401,0.305,0.831
2402,0.086,0.795
2403,0.0,0.773
2404,0.0,0.762
2405,0.0,0.696
2406,0.0,0.622
2407,0.0,0.525
2408,0.0,0.395
2409,0.0,0.294
2410,0.0,0.289
2411,0.0,0.358
2412,0.0,0.376
2413,0.0,0.372
2414,0.0,0.374
2415,0.084,0.264
2416,0.293,0.205
2417,0.537,0.191
2418,0.652,0.187
2419,0.613,0.235
2420,0.625,0.422
2421,0.54,0.693
2422,0.368,0.872
2423,0.187,0.925
2424,0.189,0.916
2425,0.25,0.902
2426,0.081,0.888
2427,0.0,0.875
2428,0.0,0.849
2429,0.0,0.854
2430,0.0,0.84
2431,0.0,0.76
2432,0.0,0.655
2433,0.0,0.577
2434,0.0,0.552
2435,0.0,0.538
2436,0.0,0.57
2437,0.0,0.503
2438,0.0,0.5
2439,0.018,0.445
2440,0.093,0.352
2441,0.201,0.254
2442,0.459,0.183
2443,0.705,0.177
2444,0.839,0.165
2445,0.827,0.145
2446,0.768,0.144
2447,0.66,0.146
2448,0.502,0.16
2449,0.299,0.183
2450,0.084,0.217
2451,0.0,0.252
2452,0.0,0.241
2453,0.0,0.218
2454,0.0,0.181
2455,0.0,0.135
2456,0.0,0.086
2457,0.0,0.059
2458,0.0,0.052
2459,0.0,0.035
2460,0.0,0.035
2461,0.0,0.058
2462,0.0,0.106
2463,0.12,0.131
2464,0.348,0.154
2465,0.547,0.227
2466,0.692,0.111
2467,0.783,0.037
2468,0.818,0.006
2469,0.804,0.001
2470,0.743,0.004
2471,0.628,0.021
2472,0.461,0.069
2473,0.262,0.152
2474,0.075,0.238
2475,0.0,0.302
2476,0.0,0.264
2477,0.0,0.185
2478,0.0,0.14
2479,0.0,0.125
2480,0.0,0.134
2481,0.0,0.133
2482,0.0,0.108
2483,0.0,0.077
2484,0.0,0.055
2485,0.0,0.035
2486,0.0,0.022
2487,0.117,0.021
2488,0.337,0.02
2489,0.536,0.086
2490,0.683,0.135
2491,0.772,0.177
2492,0.811,0.224
2493,0.803,0.272
2494,0.746,0.332
2495,0.643,0.382
2496,0.488,0.425
2497,0.289,0.445
2498,0.084,0.382
2499,0.0,0.337
2500,0.0,0.289
2501,0.0,0.236
2502,0.0,0.192
2503,0.0,0.163
2504,0.0,0.122
2505,0.0,0.097
2506,0.0,0.084
2507,0.0,0.089
2508,0.0,0.111
2509,0.0,0.131
2510,0.0,0.124
2511,0.104,0.073
2512,0.296,0.061
2513,0.484,0.1
2514,0.634,0.159
2515,0.736,0.248
2516,0.786,0.355
2517,0.759,0.437
2518,0.655,0.504
2519,0.571,0.546
2520,0.412,0.59
2521,0.252,0.633
2522,0.076,0.586
2523,0.0,0.453
2524,0.0,0.314
2525,0.0,0.253
2526,0.0,0.297
2527,0.0,0.321
2528,0.0,0.304
2529,0.0,0.258
2530,0.0,0.197
2531,0.0,0.103
2532,0.0,0.103
2533,0.0,0.165
2534,0.0,0.233
2535,0.02,0.31
2536,0.083,0.401
2537,0.206,0.472
2538,0.42,0.523
2539,0.558,0.556
2540,0.644,0.589
2541,0.679,0.615
2542,0.708,0.661
2543,0.603,0.726
2544,0.457,0.753
2545,0.281,0.697
2546,0.084,0.459
2547,0.0,0.181
2548,0.0,0.148
2549,0.0,0.187
2550,0.0,0.219
2551,0.0,0.249
2552,0.0,0.281
2553,0.0,0.296
2554,0.0,0.284
2555,0.0,0.25
2556,0.0,0.214
2557,0.0,0.182
2558,0.0,0.155
2559,0.063,0.077
2560,0.232,0.03
2561,0.542,0.054
2562,0.684,0.051
2563,0.773,0.034
2564,0.809,0.015
2565,0.798,0.005
2566,0.742,0.002
2567,0.639,0.001
2568,0.487,0.001
2569,0.292,0.003
2570,0.087,0.008
2571,0.0,0.034
2572,0.0,0.046
2573,0.0,0.048
2574,0.0,0.046
2575,0.0,0.049
2576,0.0,0.061
2577,0.0,0.086
2578,0.0,0.099
2579,0.0,0.082
2580,0.0,0.081
2581,0.0,0.111
2582,0.0,0.148
2583,0.122,0.2
2584,0.336,0.191
2585,0.523,0.425
2586,0.659,0.506
2587,0.744,0.471
2588,0.779,0.388
2589,0.762,0.285
2590,0.703,0.201
2591,0.583,0.126
2592,0.413,0.07
2593,0.216,0.033
2594,0.071,0.006
2595,0.0,0.0
2596,0.0,0.001
2597,0.0,0.001
2598,0.0,0.001
2599,0.0,0.001
2600,0.0,0.0
2601,0.0,0.0
2602,0.0,0.0
2603,0.0,0.0
2604,0.0,0.003
2605,0.0,0.014
2606,0.0,0.035
2607,0.106,0.054
2608,0.266,0.038
2609,0.422,0.084
2610,0.542,0.164
2611,0.619,0.162
2612,0.682,0.135
2613,0.695,0.118
2614,0.695,0.101
2615,0.606,0.107
2616,0.469,0.168
2617,0.283,0.29
2618,0.083,0.379
2619,0.0,0.388
2620,0.0,0.266
2621,0.0,0.143
2622,0.0,0.066
2623,0.0,0.033
2624,0.0,0.045
2625,0.0,0.085
2626,0.0,0.103
2627,0.0,0.09
2628,0.0,0.076
2629,0.0,0.079
2630,0.0,0.093
2631,0.124,0.085
2632,0.33,0.185
2633,0.46,0.237
2634,0.658,0.259
2635,0.732,0.366
2636,0.745,0.519
2637,0.695,0.634
2638,0.717,0.683
2639,0.631,0.703
2640,0.452,0.71
2641,0.249,0.727
2642,0.078,0.701
2643,0.0,0.579
2644,0.0,0.51
2645,0.0,0.605
2646,0.0,0.636
2647,0.0,0.622
2648,0.0,0.575
2649,0.0,0.525
2650,0.0,0.477
2651,0.0,0.427
2652,0.0,0.428
2653,0.0,0.398
2654,0.0,0.359
2655,0.093,0.362
2656,0.295,0.369
2657,0.474,0.305
2658,0.681,0.213
2659,0.791,0.161
2660,0.849,0.153
2661,0.839,0.214
2662,0.779,0.337
2663,0.671,0.441
2664,0.512,0.532
2665,0.308,0.584
2666,0.094,0.538
2667,0.0,0.397
2668,0.0,0.339
2669,0.0,0.28
2670,0.0,0.288
2671,0.0,0.277
2672,0.0,0.293
2673,0.0,0.255
2674,0.0,0.192
2675,0.0,0.14
2676,0.0,0.102
2677,0.0,0.07
2678,0.0,0.086
2679,0.081,0.067
2680,0.294,0.125
2681,0.535,0.28
2682,0.671,0.248
2683,0.758,0.184
2684,0.795,0.205
2685,0.786,0.233
2686,0.728,0.253
2687,0.616,0.259
2688,0.462,0.258
2689,0.276,0.27
2690,0.088,0.243
2691,0.0,0.265
2692,0.0,0.294
2693,0.0,0.272
2694,0.0,0.23
2695,0.0,0.183
2696,0.0,0.17
2697,0.0,0.187
2698,0.0,0.192
2699,0.0,0.202
2700,0.0,0.202
2701,0.0,0.197
2702,0.0,0.224
2703,0.129,0.238
2704,0.344,0.272
2705,0.531,0.343
2706,0.667,0.278
2707,0.748,0.187
2708,0.777,0.133
2709,0.765,0.103
2710,0.713,0.089
2711,0.626,0.076
2712,0.483,0.073
2713,0.292,0.084
2714,0.091,0.105
2715,0.0,0.165
2716,0.0,0.171
2717,0.0,0.145
2718,0.0,0.101
2719,0.0,0.066
2720,0.0,0.042
2721,0.0,0.031
2722,0.0,0.022
2723,0.0,0.016
2724,0.0,0.011
2725,0.0,0.006
2726,0.0,0.002
2727,0.126,0.0
2728,0.333,0.0
2729,0.513,0.0
2730,0.646,0.0
2731,0.731,0.001
2732,0.768,0.005
2733,0.76,0.018
2734,0.71,0.055
2735,0.614,0.123
2736,0.47,0.212
2737,0.285,0.302
2738,0.09,0.292
2739,0.0,0.25
2740,0.0,0.166
2741,0.0,0.112
2742,0.0,0.088
2743,0.0,0.078
2744,0.0,0.077
2745,0.0,0.087
2746,0.0,0.098
2747,0.0,0.102
2748,0.0,0.095
2749,0.0,0.08
2750,0.001,0.061
2751,0.126,0.032
2752,0.329,0.016
2753,0.507,0.041
2754,0.64,0.018
2755,0.724,0.014
2756,0.761,0.023
2757,0.752,0.043
2758,0.701,0.083
2759,0.604,0.146
2760,0.46,0.216
2761,0.277,0.274
2762,0.089,0.273
2763,0.0,0.276
2764,0.0,0.261
2765,0.0,0.2
2766,0.0,0.142
2767,0.0,0.104
2768,0.0,0.082
2769,0.0,0.083
2770,0.0,0.086
2771,0.0,0.086
2772,0.0,0.084
2773,0.0,0.077
2774,0.001,0.068
2775,0.127,0.049
2776,0.33,0.059
2777,0.509,0.118
2778,0.643,0.138
2779,0.728,0.166
2780,0.766,0.196
2781,0.76,0.231
2782,0.708,0.272
2783,0.61,0.325
2784,0.466,0.398
2785,0.283,0.462
2786,0.091,0.441
2787,0.0,0.437
2788,0.0,0.46
2789,0.0,0.434
2790,0.0,0.323
2791,0.0,0.235
2792,0.0,0.206
2793,0.0,0.21
2794,0.0,0.205
2795,0.0,0.201
2796,0.0,0.202
2797,0.0,0.213
2798,0.002,0.211
2799,0.133,0.14
2800,0.344,0.133
2801,0.526,0.1
2802,0.642,0.057
2803,0.681,0.034
2804,0.702,0.037
2805,0.73,0.064
2806,0.7,0.125
2807,0.62,0.228
2808,0.481,0.374
2809,0.294,0.521
2810,0.094,0.525
2811,0.0,0.428
2812,0.0,0.353
2813,0.0,0.274
2814,0.0,0.228
2815,0.0,0.259
2816,0.0,0.3
2817,0.0,0.308
2818,0.0,0.27
2819,0.0,0.192
2820,0.0,0.127
2821,0.0,0.137
2822,0.002,0.149
2823,0.131,0.088
2824,0.342,0.071
2825,0.528,0.093
2826,0.662,0.088
2827,0.742,0.067
2828,0.775,0.053
2829,0.766,0.055
2830,0.712,0.099
2831,0.61,0.147
2832,0.461,0.186
2833,0.231,0.188
2834,0.081,0.155
2835,0.0,0.139
2836,0.0,0.105
2837,0.0,0.09
2838,0.0,0.12
2839,0.0,0.164
2840,0.0,0.149
2841,0.0,0.118
2842,0.0,0.097
2843,0.0,0.102
2844,0.0,0.085
2845,0.0,0.039
2846,0.0,0.024
2847,0.014,0.022
2848,0.051,0.021
2849,0.113,0.022
2850,0.198,0.025
2851,0.209,0.061
2852,0.217,0.126
2853,0.279,0.221
2854,0.295,0.308
2855,0.281,0.357
2856,0.227,0.401
2857,0.175,0.429
2858,0.073,0.399
2859,0.0,0.278
2860,0.0,0.192
2861,0.0,0.164
2862,0.0,0.156
2863,0.0,0.152
2864,0.0,0.14
2865,0.0,0.136
2866,0.0,0.118
2867,0.0,0.101
2868,0.0,0.083
2869,0.0,0.069
2870,0.0,0.078
2871,0.072,0.102
2872,0.256,0.129
2873,0.404,0.144
2874,0.586,0.169
2875,0.695,0.213
2876,0.77,0.274
2877,0.771,0.352
2878,0.738,0.449
2879,0.641,0.544
2880,0.493,0.61
2881,0.301,0.619
2882,0.099,0.559
2883,0.0,0.42
2884,0.0,0.324
2885,0.0,0.255
2886,0.0,0.202
2887,0.0,0.159
2888,0.0,0.144
2889,0.0,0.139
2890,0.0,0.147
2891,0.0,0.14
2892,0.0,0.118
2893,0.0,0.094
2894,0.003,0.056
2895,0.119,0.016
2896,0.35,0.025
2897,0.542,0.068
2898,0.683,0.049
2899,0.77,0.031
2900,0.809,0.018
2901,0.8,0.009
2902,0.744,0.003
2903,0.641,0.002
2904,0.489,0.003
2905,0.298,0.006
2906,0.098,0.018
2907,0.0,0.058
2908,0.0,0.093
2909,0.0,0.101
2910,0.0,0.1
2911,0.0,0.096
2912,0.0,0.102
2913,0.0,0.109
2914,0.0,0.096
2915,0.0,0.077
2916,0.0,0.053
2917,0.0,0.028
2918,0.005,0.016
2919,0.133,0.007
2920,0.336,0.009
2921,0.525,0.019
2922,0.669,0.008
2923,0.76,0.001
2924,0.799,0.001
2925,0.791,0.011
2926,0.737,0.039
2927,0.638,0.078
2928,0.491,0.118
2929,0.301,0.142
2930,0.1,0.164
2931,0.0,0.188
2932,0.0,0.167
2933,0.0,0.115
2934,0.0,0.077
2935,0.0,0.06
2936,0.0,0.064
2937,0.0,0.075
2938,0.0,0.084
2939,0.0,0.091
2940,0.0,0.098
2941,0.0,0.101
2942,0.006,0.096
2943,0.124,0.058
2944,0.289,0.041
2945,0.453,0.016
2946,0.599,0.0
2947,0.722,0.0
2948,0.777,0.001
2949,0.776,0.006
2950,0.725,0.039
2951,0.628,0.088
2952,0.483,0.136
2953,0.296,0.183
2954,0.097,0.21
2955,0.0,0.233
2956,0.0,0.219
2957,0.0,0.186
2958,0.0,0.158
2959,0.0,0.128
2960,0.0,0.111
2961,0.0,0.112
2962,0.0,0.122
2963,0.0,0.133
2964,0.0,0.141
2965,0.0,0.144
2966,0.005,0.133
2967,0.137,0.074
2968,0.346,0.061
2969,0.533,0.067
2970,0.668,0.045
2971,0.754,0.032
2972,0.79,0.037
2973,0.78,0.058
2974,0.73,0.091
2975,0.633,0.133
2976,0.487,0.169
2977,0.297,0.188
2978,0.097,0.183
2979,0.0,0.185
2980,0.0,0.177
2981,0.0,0.145
2982,0.0,0.12
2983,0.0,0.112
2984,0.0,0.108
2985,0.0,0.103
2986,0.0,0.085
2987,0.0,0.072
2988,0.0,0.083
2989,0.0,0.101
2990,0.005,0.108
2991,0.141,0.078
2992,0.353,0.108
2993,0.539,0.146
2994,0.676,0.166
2995,0.762,0.155
2996,0.797,0.151
2997,0.787,0.186
2998,0.732,0.26
2999,0.63,0.332
3000,0.48,0.365
3001,0.287,0.36
3002,0.109,0.365
3003,0.002,0.374
3004,0.0,0.323
3005,0.0,0.251
3006,0.0,0.199
3007,0.0,0.175
3008,0.0,0.153
3009,0.0,0.134
3010,0.0,0.128
3011,0.0,0.126
3012,0.0,0.14
3013,0.0,0.144
3014,0.002,0.191
3015,0.051,0.293
3016,0.149,0.328
3017,0.218,0.281
3018,0.296,0.24
3019,0.401,0.2
3020,0.479,0.157
3021,0.563,0.135
3022,0.554,0.14
3023,0.459,0.172
3024,0.334,0.213
3025,0.208,0.241
3026,0.071,0.245
3027,0.001,0.219
3028,0.0,0.223
3029,0.0,0.237
3030,0.0,0.233
3031,0.0,0.205
3032,0.0,0.188
3033,0.0,0.182
3034,0.0,0.204
3035,0.0,0.179
3036,0.0,0.149
3037,0.0,0.134
3038,0.007,0.117
3039,0.093,0.138
3040,0.293,0.156
3041,0.427,0.152
3042,0.591,0.155
3043,0.702,0.177
3044,0.781,0.213
3045,0.784,0.278
3046,0.728,0.379
3047,0.623,0.482
3048,0.476,0.544
3049,0.295,0.561
3050,0.104,0.538
3051,0.003,0.432
3052,0.0,0.382
3053,0.0,0.409
3054,0.0,0.404
3055,0.0,0.386
3056,0.0,0.399
3057,0.0,0.395
3058,0.0,0.37
3059,0.0,0.376
3060,0.0,0.369
3061,0.0,0.301
3062,0.004,0.227
3063,0.088,0.189
3064,0.322,0.122
3065,0.469,0.056
3066,0.661,0.01
3067,0.751,0.001
3068,0.786,0.0
3069,0.776,0.001
3070,0.723,0.041
3071,0.623,0.108
3072,0.479,0.171
3073,0.296,0.206
3074,0.106,0.2
3075,0.004,0.127
3076,0.0,0.087
3077,0.0,0.089
3078,0.0,0.093
3079,0.0,0.113
3080,0.0,0.137
3081,0.0,0.119
3082,0.0,0.089
3083,0.0,0.065
3084,0.0,0.054
3085,0.0,0.03
3086,0.012,0.01
3087,0.108,0.0
3088,0.26,0.014
3089,0.415,0.093
3090,0.598,0.118
3091,0.715,0.086
3092,0.746,0.043
3093,0.723,0.018
3094,0.585,0.01
3095,0.432,0.031
3096,0.278,0.075
3097,0.166,0.137
3098,0.069,0.192
3099,0.0,0.185
3100,0.0,0.149
3101,0.0,0.096
3102,0.0,0.064
3103,0.0,0.038
3104,0.0,0.015
3105,0.0,0.002
3106,0.0,0.001
3107,0.0,0.041
3108,0.0,0.18
3109,0.0,0.209
3110,0.009,0.128
3111,0.09,0.119
3112,0.177,0.205
3113,0.408,0.407
3114,0.644,0.457
3115,0.736,0.398
3116,0.724,0.314
3117,0.62,0.22
3118,0.574,0.149
3119,0.493,0.105
3120,0.398,0.079
3121,0.26,0.059
3122,0.093,0.033
3123,0.004,0.009
3124,0.0,0.0
3125,0.0,0.0
3126,0.0,0.0
3127,0.0,0.002
3128,0.0,0.011
3129,0.0,0.031
3130,0.0,0.047
3131,0.0,0.051
3132,0.0,0.047
3133,0.0,0.032
3134,0.018,0.02
3135,0.143,0.011
3136,0.335,0.048
3137,0.51,0.081
3138,0.64,0.098
3139,0.707,0.095
3140,0.722,0.076
3141,0.681,0.054
3142,0.617,0.038
3143,0.507,0.024
3144,0.324,0.017
3145,0.174,0.01
3146,0.086,0.005
3147,0.005,0.025
3148,0.0,0.035
3149,0.0,0.029
3150,0.0,0.029
3151,0.0,0.031
3152,0.0,0.034
3153,0.0,0.04
3154,0.0,0.048
3155,0.0,0.052
3156,0.0,0.046
3157,0.0,0.037
3158,0.018,0.022
3159,0.145,0.004
3160,0.339,0.001
3161,0.515,0.0
3162,0.644,0.0
3163,0.728,0.0
3164,0.763,0.0
3165,0.755,0.0
3166,0.702,0.0
3167,0.607,0.009
3168,0.466,0.05
3169,0.288,0.118
3170,0.103,0.193
3171,0.005,0.219
3172,0.0,0.199
3173,0.0,0.148
3174,0.0,0.132
3175,0.0,0.14
3176,0.0,0.146
3177,0.0,0.142
3178,0.0,0.14
3179,0.0,0.155
3180,0.0,0.184
3181,0.0,0.2
3182,0.019,0.171
3183,0.144,0.101
3184,0.34,0.08
3185,0.518,0.093
3186,0.646,0.114
3187,0.724,0.136
3188,0.762,0.167
3189,0.757,0.229
3190,0.707,0.273
3191,0.613,0.296
3192,0.473,0.292
3193,0.293,0.261
3194,0.105,0.208
3195,0.005,0.129
3196,0.0,0.101
3197,0.0,0.105
3198,0.0,0.121
3199,0.0,0.131
3200,0.0,0.144
3201,0.0,0.148
3202,0.0,0.131
3203,0.0,0.113
3204,0.0,0.095
3205,0.0,0.079
3206,0.019,0.068
3207,0.147,0.045
3208,0.345,0.058
3209,0.52,0.054
3210,0.649,0.041
3211,0.727,0.032
3212,0.748,0.049
3213,0.719,0.076
3214,0.66,0.108
3215,0.539,0.147
3216,0.382,0.182
3217,0.262,0.189
3218,0.115,0.164
3219,0.008,0.139
3220,0.0,0.121
3221,0.0,0.106
3222,0.0,0.091
3223,0.0,0.065
3224,0.0,0.042
3225,0.0,0.033
3226,0.0,0.032
3227,0.0,0.043
3228,0.0,0.047
3229,0.0,0.04
3230,0.003,0.037
3231,0.074,0.028
3232,0.164,0.039
3233,0.3,0.097
3234,0.581,0.22
3235,0.692,0.313
3236,0.71,0.323
3237,0.519,0.369
3238,0.366,0.445
3239,0.28,0.457
3240,0.237,0.433
3241,0.167,0.411
3242,0.079,0.373
3243,0.01,0.323
3244,0.0,0.278
3245,0.0,0.251
3246,0.0,0.186
3247,0.0,0.177
3248,0.0,0.181
3249,0.0,0.192
3250,0.0,0.191
3251,0.0,0.211
3252,0.0,0.234
3253,0.0,0.225
3254,0.002,0.201
3255,0.038,0.264
3256,0.101,0.413
3257,0.224,0.532
3258,0.468,0.601
3259,0.611,0.622
3260,0.772,0.599
3261,0.778,0.537
3262,0.724,0.519
3263,0.617,0.536
3264,0.472,0.601
3265,0.291,0.669
3266,0.114,0.727
3267,0.008,0.723
3268,0.0,0.661
3269,0.0,0.594
3270,0.0,0.515
3271,0.0,0.499
3272,0.0,0.558
3273,0.0,0.625
3274,0.0,0.668
3275,0.0,0.728
3276,0.0,0.718
3277,0.0,0.714
3278,0.011,0.745
3279,0.15,0.815
3280,0.323,0.841
3281,0.465,0.855
3282,0.601,0.843
3283,0.751,0.812
3284,0.812,0.746
3285,0.812,0.73
3286,0.76,0.744
3287,0.658,0.738
3288,0.508,0.762
3289,0.321,0.775
3290,0.123,0.75
3291,0.01,0.656
3292,0.0,0.587
3293,0.0,0.532
3294,0.0,0.418
3295,0.0,0.396
3296,0.0,0.313
3297,0.0,0.245
3298,0.0,0.212
3299,0.0,0.153
3300,0.0,0.102
3301,0.0,0.072
3302,0.024,0.022
3303,0.08,0.007
3304,0.123,0.002
3305,0.207,0.004
3306,0.595,0.041
3307,0.695,0.044
3308,0.598,0.061
3309,0.393,0.127
3310,0.393,0.284
3311,0.375,0.504
3312,0.17,0.571
3313,0.105,0.563
3314,0.041,0.376
3315,0.007,0.226
3316,0.0,0.17
3317,0.0,0.102
3318,0.0,0.07
3319,0.0,0.07
3320,0.0,0.152
3321,0.0,0.254
3322,0.0,0.322
3323,0.0,0.377
3324,0.0,0.308
3325,0.0,0.18
3326,0.01,0.133
3327,0.054,0.16
3328,0.08,0.204
3329,0.185,0.349
3330,0.285,0.466
3331,0.565,0.547
3332,0.728,0.574
3333,0.668,0.586
3334,0.569,0.625
3335,0.474,0.656
3336,0.362,0.655
3337,0.227,0.652
3338,0.103,0.631
3339,0.004,0.488
3340,0.0,0.407
3341,0.0,0.414
3342,0.0,0.434
3343,0.0,0.428
3344,0.0,0.425
3345,0.0,0.425
3346,0.0,0.437
3347,0.0,0.448
3348,0.0,0.487
3349,0.0,0.481
3350,0.009,0.456
3351,0.124,0.494
3352,0.284,0.507
3353,0.447,0.464
3354,0.6,0.409
3355,0.74,0.374
3356,0.813,0.401
3357,0.807,0.465
3358,0.755,0.566
3359,0.656,0.66
3360,0.508,0.718
3361,0.319,0.737
3362,0.117,0.704
3363,0.009,0.583
3364,0.0,0.504
3365,0.0,0.433
3366,0.0,0.399
3367,0.0,0.393
3368,0.0,0.43
3369,0.0,0.443
3370,0.0,0.416
3371,0.0,0.364
3372,0.0,0.313
3373,0.0,0.339
3374,0.007,0.398
3375,0.071,0.562
3376,0.299,0.702
3377,0.475,0.762
3378,0.56,0.783
3379,0.66,0.8
3380,0.732,0.821
3381,0.726,0.845
3382,0.719,0.849
3383,0.631,0.87
3384,0.487,0.894
3385,0.309,0.899
3386,0.124,0.877
3387,0.007,0.791
3388,0.0,0.713
3389,0.0,0.744
3390,0.0,0.723
3391,0.0,0.734
3392,0.0,0.719
3393,0.0,0.722
3394,0.0,0.679
3395,0.0,0.67
3396,0.0,0.649
3397,0.0,0.635
3398,0.009,0.571
3399,0.078,0.626
3400,0.282,0.618
3401,0.46,0.547
3402,0.576,0.45
3403,0.617,0.372
3404,0.661,0.301
3405,0.632,0.25
3406,0.557,0.223
3407,0.421,0.228
3408,0.297,0.251
3409,0.182,0.265
3410,0.068,0.222
3411,0.004,0.132
3412,0.0,0.064
3413,0.0,0.046
3414,0.0,0.041
3415,0.0,0.039
3416,0.0,0.041
3417,0.0,0.053
3418,0.0,0.044
3419,0.0,0.03
3420,0.0,0.03
3421,0.0,0.045
3422,0.004,0.061
3423,0.058,0.083
3424,0.139,0.136
3425,0.245,0.152
3426,0.344,0.149
3427,0.372,0.149
3428,0.329,0.167
3429,0.279,0.194
3430,0.226,0.219
3431,0.203,0.22
3432,0.197,0.209
3433,0.125,0.194
3434,0.049,0.156
3435,0.001,0.102
3436,0.0,0.083
3437,0.0,0.072
3438,0.0,0.056
3439,0.0,0.05
3440,0.0,0.043
3441,0.0,0.041
3442,0.0,0.041
3443,0.0,0.036
3444,0.0,0.031
3445,0.0,0.03
3446,0.018,0.03
3447,0.129,0.034
3448,0.331,0.033
3449,0.508,0.034
3450,0.646,0.039
3451,0.706,0.028
3452,0.73,0.016
3453,0.701,0.006
3454,0.637,0.002
3455,0.531,0.0
3456,0.398,0.001
3457,0.246,0.003
3458,0.099,0.026
3459,0.012,0.1
3460,0.0,0.199
3461,0.0,0.236
3462,0.0,0.207
3463,0.0,0.172
3464,0.0,0.148
3465,0.0,0.133
3466,0.0,0.088
3467,0.0,0.055
3468,0.0,0.036
3469,0.0,0.035
3470,0.032,0.036
3471,0.158,0.02
3472,0.34,0.016
3473,0.474,0.023
3474,0.529,0.037
3475,0.508,0.053
3476,0.56,0.066
3477,0.548,0.076
3478,0.467,0.09
3479,0.368,0.114
3480,0.304,0.142
3481,0.228,0.155
3482,0.111,0.161
3483,0.013,0.202
3484,0.0,0.236
3485,0.0,0.18
3486,0.0,0.134
3487,0.0,0.139
3488,0.0,0.131
3489,0.0,0.113
3490,0.0,0.108
3491,0.0,0.122
3492,0.0,0.146
3493,0.0,0.139
3494,0.007,0.19
3495,0.109,0.279
3496,0.199,0.348
3497,0.27,0.37
3498,0.399,0.41
3499,0.51,0.454
3500,0.604,0.485
3501,0.707,0.543
3502,0.684,0.663
3503,0.579,0.765
3504,0.464,0.782
3505,0.287,0.746
3506,0.123,0.646
3507,0.017,0.469
3508,0.0,0.407
3509,0.0,0.463
3510,0.0,0.501
3511,0.0,0.571
3512,0.0,0.576
3513,0.0,0.605
3514,0.0,0.575
3515,0.0,0.571
3516,0.0,0.486
3517,0.0,0.423
3518,0.016,0.422
3519,0.11,0.501
3520,0.291,0.507
3521,0.477,0.51
3522,0.628,0.538
3523,0.755,0.547
3524,0.803,0.558
3525,0.794,0.544
3526,0.741,0.535
3527,0.64,0.564
3528,0.494,0.607
3529,0.318,0.598
3530,0.126,0.55
3531,0.022,0.488
3532,0.0,0.397
3533,0.0,0.295
3534,0.0,0.245
3535,0.0,0.26
3536,0.0,0.272
3537,0.0,0.306
3538,0.0,0.32
3539,0.0,0.318
3540,0.0,0.278
3541,0.0,0.248
3542,0.019,0.221
3543,0.094,0.219
3544,0.22,0.151
3545,0.319,0.064
3546,0.508,0.009
3547,0.665,0.0
3548,0.75,0.0
3549,0.752,0.001
3550,0.679,0.024
3551,0.563,0.076
3552,0.442,0.118
3553,0.295,0.181
3554,0.121,0.332
3555,0.02,0.37
3556,0.0,0.252
3557,0.0,0.18
3558,0.0,0.149
3559,0.0,0.118
3560,0.0,0.076
3561,0.0,0.058
3562,0.0,0.064
3563,0.0,0.064
3564,0.0,0.058
3565,0.0,0.051
3566,0.026,0.037
3567,0.139,0.015
3568,0.334,0.014
3569,0.504,0.041
3570,0.626,0.035
3571,0.703,0.023
3572,0.732,0.017
3573,0.717,0.018
3574,0.639,0.027
3575,0.55,0.042
3576,0.416,0.056
3577,0.273,0.073
3578,0.114,0.107
3579,0.019,0.153
3580,0.0,0.181
3581,0.0,0.153
3582,0.0,0.114
3583,0.0,0.077
3584,0.0,0.054
3585,0.0,0.04
3586,0.0,0.031
3587,0.0,0.024
3588,0.0,0.019
3589,0.0,0.017
3590,0.029,0.016
3591,0.151,0.006
3592,0.341,0.0
3593,0.508,0.0
3594,0.634,0.005
3595,0.716,0.018
3596,0.752,0.047
3597,0.744,0.074
3598,0.694,0.103
3599,0.601,0.136
3600,0.465,0.164
3601,0.292,0.178
3602,0.114,0.174
3603,0.019,0.181
3604,0.0,0.211
3605,0.0,0.195
3606,0.0,0.155
3607,0.0,0.118
3608,0.0,0.097
3609,0.0,0.095
3610,0.0,0.08
3611,0.0,0.065
3612,0.0,0.06
3613,0.0,0.058
3614,0.03,0.048
3615,0.151,0.02
3616,0.343,0.001
3617,0.514,0.0
3618,0.639,0.002
3619,0.718,0.006
3620,0.754,0.013
3621,0.746,0.021
3622,0.696,0.034
3623,0.603,0.056
3624,0.466,0.078
3625,0.297,0.107
3626,0.119,0.157
3627,0.022,0.223
3628,0.0,0.25
3629,0.0,0.17
3630,0.0,0.106
3631,0.0,0.076
3632,0.0,0.059
3633,0.0,0.049
3634,0.0,0.037
3635,0.0,0.028
3636,0.0,0.027
3637,0.0,0.023
3638,0.034,0.012
3639,0.153,0.004
3640,0.321,0.029
3641,0.477,0.06
3642,0.589,0.084
3643,0.635,0.078
3644,0.632,0.049
3645,0.586,0.018
3646,0.52,0.004
3647,0.421,0.001
3648,0.316,0.0
3649,0.201,0.004
3650,0.094,0.039
3651,0.015,0.069
3652,0.0,0.081
3653,0.0,0.08
3654,0.0,0.065
3655,0.0,0.047
3656,0.0,0.032
3657,0.0,0.025
3658,0.0,0.022
3659,0.0,0.021
3660,0.0,0.02
3661,0.0,0.016
3662,0.035,0.006
3663,0.156,0.001
3664,0.335,0.0
3665,0.488,0.001
3666,0.601,0.001
3667,0.664,0.0
3668,0.666,0.0
3669,0.624,0.0
3670,0.535,0.002
3671,0.377,0.01
3672,0.266,0.027
3673,0.152,0.05
3674,0.074,0.058
3675,0.009,0.045
3676,0.0,0.041
3677,0.0,0.034
3678,0.0,0.037
3679,0.0,0.042
3680,0.0,0.048
3681,0.0,0.053
3682,0.0,0.049
3683,0.0,0.041
3684,0.0,0.032
3685,0.0,0.024
3686,0.031,0.015
3687,0.155,0.012
3688,0.339,0.02
3689,0.504,0.024
3690,0.627,0.023
3691,0.706,0.012
3692,0.738,0.002
3693,0.73,0.0
3694,0.679,0.0
3695,0.587,0.0
3696,0.45,0.015
3697,0.284,0.065
3698,0.116,0.139
3699,0.021,0.179
3700,0.0,0.217
3701,0.0,0.194
3702,0.0,0.199
3703,0.0,0.227
3704,0.0,0.244
3705,0.0,0.245
3706,0.0,0.251
3707,0.0,0.252
3708,0.0,0.251
3709,0.0,0.196
3710,0.032,0.128
3711,0.15,0.045
3712,0.333,0.019
3713,0.498,0.011
3714,0.62,0.008
3715,0.701,0.003
3716,0.731,0.0
3717,0.724,0.001
3718,0.675,0.003
3719,0.585,0.017
3720,0.454,0.063
3721,0.289,0.149
3722,0.114,0.252
3723,0.022,0.255
3724,0.0,0.227
3725,0.0,0.155
3726,0.0,0.125
3727,0.0,0.131
3728,0.0,0.146
3729,0.0,0.166
3730,0.0,0.195
3731,0.0,0.212
3732,0.0,0.195
3733,0.0,0.167
3734,0.032,0.113
3735,0.147,0.037
3736,0.326,0.022
3737,0.487,0.016
3738,0.606,0.008
3739,0.684,0.014
3740,0.718,0.025
3741,0.711,0.042
3742,0.663,0.07
3743,0.574,0.115
3744,0.445,0.174
3745,0.283,0.238
3746,0.113,0.268
3747,0.021,0.223
3748,0.0,0.219
3749,0.0,0.17
3750,0.0,0.113
3751,0.0,0.08
3752,0.0,0.067
3753,0.0,0.065
3754,0.0,0.067
3755,0.0,0.066
3756,0.0,0.058
3757,0.0,0.045
3758,0.032,0.036
3759,0.148,0.035
3760,0.326,0.082
3761,0.485,0.132
3762,0.608,0.197
3763,0.691,0.265
3764,0.734,0.32
3765,0.731,0.358
3766,0.683,0.382
3767,0.592,0.388
3768,0.461,0.38
3769,0.293,0.369
3770,0.113,0.358
3771,0.021,0.278
3772,0.0,0.25
3773,0.0,0.238
3774,0.0,0.254
3775,0.0,0.267
3776,0.0,0.266
3777,0.0,0.296
3778,0.0,0.352
3779,0.0,0.356
3780,0.0,0.315
3781,0.0,0.274
3782,0.028,0.209
3783,0.153,0.261
3784,0.356,0.311
3785,0.529,0.313
3786,0.654,0.353
3787,0.731,0.413
3788,0.766,0.484
3789,0.758,0.558
3790,0.71,0.594
3791,0.619,0.593
3792,0.484,0.599
3793,0.308,0.618
3794,0.115,0.625
3795,0.021,0.492
3796,0.0,0.402
3797,0.0,0.305
3798,0.0,0.307
3799,0.0,0.359
3800,0.0,0.41
3801,0.0,0.444
3802,0.0,0.412
3803,0.0,0.386
3804,0.0,0.343
3805,0.0,0.266
3806,0.028,0.18
3807,0.152,0.172
3808,0.351,0.392
3809,0.52,0.603
3810,0.645,0.604
3811,0.723,0.547
3812,0.757,0.438
3813,0.748,0.297
3814,0.696,0.198
3815,0.603,0.135
3816,0.468,0.082
3817,0.297,0.042
3818,0.113,0.023
3819,0.022,0.017
3820,0.0,0.024
3821,0.0,0.04
3822,0.0,0.06
3823,0.0,0.087
3824,0.0,0.139
3825,0.0,0.203
3826,0.0,0.204
3827,0.0,0.348
3828,0.0,0.716
3829,0.0,0.825
3830,0.03,0.756
3831,0.147,0.686
3832,0.338,0.914
3833,0.505,0.932
3834,0.63,0.896
3835,0.707,0.825
3836,0.741,0.713
3837,0.733,0.583
3838,0.685,0.503
3839,0.596,0.466
3840,0.463,0.442
3841,0.297,0.425
3842,0.119,0.376
3843,0.025,0.361
3844,0.0,0.317
3845,0.0,0.239
3846,0.0,0.167
3847,0.0,0.119
3848,0.0,0.09
3849,0.0,0.079
3850,0.0,0.089
3851,0.0,0.128
3852,0.0,0.223
3853,0.0,0.376
3854,0.034,0.503
3855,0.144,0.452
3856,0.258,0.436
3857,0.325,0.457
3858,0.423,0.349
3859,0.541,0.227
3860,0.671,0.134
3861,0.704,0.077
3862,0.653,0.042
3863,0.534,0.016
3864,0.379,0.002
3865,0.243,0.0
3866,0.1,0.0
3867,0.013,0.001
3868,0.0,0.005
3869,0.0,0.007
3870,0.0,0.007
3871,0.0,0.004
3872,0.0,0.002
3873,0.0,0.0
3874,0.0,0.0
3875,0.0,0.0
3876,0.0,0.0
3877,0.0,0.0
3878,0.036,0.0
3879,0.147,0.001
3880,0.298,0.001
3881,0.433,0.008
3882,0.558,0.02
3883,0.631,0.027
3884,0.594,0.035
3885,0.525,0.048
3886,0.512,0.067
3887,0.475,0.089
3888,0.386,0.118
3889,0.238,0.141
3890,0.081,0.151
3891,0.003,0.16
3892,0.0,0.133
3893,0.0,0.098
3894,0.0,0.076
3895,0.0,0.066
3896,0.0,0.069
3897,0.0,0.088
3898,0.0,0.078
3899,0.0,0.047
3900,0.0,0.021
3901,0.0,0.006
3902,0.033,0.002
3903,0.146,0.001
3904,0.321,0.002
3905,0.475,0.005
3906,0.595,0.008
3907,0.681,0.033
3908,0.714,0.071
3909,0.705,0.12
3910,0.657,0.167
3911,0.569,0.207
3912,0.443,0.239
3913,0.284,0.269
3914,0.113,0.291
3915,0.022,0.329
3916,0.0,0.333
3917,0.0,0.274
3918,0.0,0.22
3919,0.0,0.218
3920,0.0,0.243
3921,0.0,0.258
3922,0.0,0.239
3923,0.0,0.201
3924,0.0,0.161
3925,0.0,0.151
3926,0.034,0.133
3927,0.146,0.08
3928,0.332,0.122
3929,0.502,0.151
3930,0.624,0.157
3931,0.699,0.199
3932,0.733,0.266
3933,0.726,0.37
3934,0.678,0.478
3935,0.59,0.553
3936,0.459,0.601
3937,0.293,0.635
3938,0.115,0.638
3939,0.023,0.544
3940,0.0,0.566
3941,0.0,0.602
3942,0.0,0.608
3943,0.0,0.556
3944,0.0,0.508
3945,0.0,0.494
3946,0.0,0.491
3947,0.0,0.479
3948,0.0,0.454
3949,0.0,0.425
3950,0.032,0.352
3951,0.148,0.367
3952,0.335,0.367
3953,0.503,0.268
3954,0.627,0.16
3955,0.707,0.1
3956,0.738,0.096
3957,0.729,0.119
3958,0.683,0.15
3959,0.595,0.187
3960,0.465,0.241
3961,0.298,0.295
3962,0.117,0.345
3963,0.023,0.281
3964,0.0,0.245
3965,0.0,0.233
3966,0.0,0.225
3967,0.0,0.227
3968,0.0,0.265
3969,0.0,0.32
3970,0.0,0.339
3971,0.0,0.394
3972,0.0,0.362
3973,0.0,0.253
3974,0.034,0.148
3975,0.148,0.085
3976,0.331,0.07
3977,0.497,0.037
3978,0.621,0.012
3979,0.702,0.0
3980,0.736,0.002
3981,0.728,0.035
3982,0.68,0.073
3983,0.59,0.114
3984,0.456,0.163
3985,0.28,0.214
3986,0.12,0.254
3987,0.025,0.225
3988,0.0,0.222
3989,0.0,0.225
3990,0.0,0.226
3991,0.0,0.226
3992,0.0,0.222
3993,0.0,0.225
3994,0.0,0.234
3995,0.0,0.223
3996,0.0,0.202
3997,0.0,0.193
3998,0.036,0.15
3999,0.141,0.117
4000,0.304,0.101
4001,0.497,0.068
4002,0.637,0.055
4003,0.716,0.06
4004,0.75,0.065
4005,0.741,0.075
4006,0.691,0.088
4007,0.601,0.106
4008,0.468,0.132
4009,0.299,0.168
4010,0.119,0.213
4011,0.024,0.22
4012,0.0,0.181
4013,0.0,0.12
4014,0.0,0.103
4015,0.0,0.105
4016,0.0,0.111
4017,0.0,0.094
4018,0.0,0.072
4019,0.0,0.037
4020,0.0,0.014
4021,0.0,0.005
4022,0.034,0.004
4023,0.148,0.004
4024,0.331,0.048
4025,0.493,0.101
4026,0.613,0.151
4027,0.691,0.181
4028,0.721,0.17
4029,0.711,0.121
4030,0.66,0.061
4031,0.568,0.018
4032,0.437,0.002
4033,0.274,0.0
4034,0.12,0.002
4035,0.023,0.045
4036,0.0,0.101
4037,0.0,0.117
4038,0.0,0.103
4039,0.0,0.095
4040,0.0,0.09
4041,0.0,0.074
4042,0.0,0.065
4043,0.0,0.07
4044,0.0,0.075
4045,0.0,0.072
4046,0.036,0.065
4047,0.147,0.048
4048,0.322,0.076
4049,0.479,0.122
4050,0.595,0.147
4051,0.671,0.1
4052,0.702,0.045
4053,0.691,0.009
4054,0.627,0.002
4055,0.504,0.001
4056,0.315,0.014
4057,0.226,0.059
4058,0.118,0.117
4059,0.024,0.142
4060,0.0,0.191
4061,0.0,0.208
4062,0.0,0.219
4063,0.0,0.223
4064,0.0,0.198
4065,0.0,0.18
4066,0.0,0.182
4067,0.0,0.175
4068,0.0,0.168
4069,0.0,0.145
4070,0.034,0.096
4071,0.146,0.06
4072,0.326,0.057
4073,0.488,0.031
4074,0.608,0.024
4075,0.686,0.03
4076,0.717,0.048
4077,0.709,0.079
4078,0.66,0.125
4079,0.574,0.184
4080,0.448,0.253
4081,0.288,0.312
4082,0.116,0.337
4083,0.023,0.278
4084,0.0,0.264
4085,0.0,0.222
4086,0.0,0.167
4087,0.0,0.162
4088,0.0,0.182
4089,0.0,0.219
4090,0.0,0.225
4091,0.0,0.191
4092,0.0,0.176
4093,0.0,0.162
4094,0.033,0.135
4095,0.145,0.22
4096,0.331,0.349
4097,0.498,0.42
4098,0.622,0.501
4099,0.7,0.592
4100,0.735,0.672
4101,0.728,0.741
4102,0.681,0.774
4103,0.594,0.782
4104,0.464,0.772
4105,0.299,0.744
4106,0.121,0.693
4107,0.024,0.562
4108,0.0,0.391
4109,0.0,0.334
4110,0.0,0.309
4111,0.0,0.287
4112,0.0,0.28
4113,0.0,0.261
4114,0.0,0.243
4115,0.0,0.222
4116,0.0,0.179
4117,0.0,0.153
4118,0.036,0.171
4119,0.148,0.23
4120,0.324,0.264
4121,0.5,0.238
4122,0.629,0.213
4123,0.718,0.243
4124,0.753,0.331
4125,0.756,0.451
4126,0.708,0.55
4127,0.615,0.612
4128,0.479,0.636
4129,0.306,0.639
4130,0.121,0.635
4131,0.024,0.557
4132,0.0,0.516
4133,0.0,0.55
4134,0.0,0.554
4135,0.0,0.468
4136,0.0,0.355
4137,0.0,0.251
4138,0.0,0.178
4139,0.0,0.118
4140,0.0,0.093
4141,0.0,0.069
4142,0.033,0.032
4143,0.148,0.026
4144,0.339,0.177
4145,0.507,0.243
4146,0.632,0.193
4147,0.71,0.102
4148,0.744,0.035
4149,0.735,0.007
4150,0.686,0.0
4151,0.595,0.0
4152,0.463,0.0
4153,0.296,0.0
4154,0.119,0.01
4155,0.024,0.041
4156,0.0,0.064
4157,0.0,0.067
4158,0.0,0.062
4159,0.0,0.046
4160,0.0,0.028
4161,0.0,0.011
4162,0.0,0.003
4163,0.0,0.002
4164,0.0,0.001
4165,0.0,0.001
4166,0.032,0.003
4167,0.144,0.002
4168,0.33,0.004
4169,0.493,0.004
4170,0.611,0.004
4171,0.687,0.008
4172,0.722,0.009
4173,0.715,0.012
4174,0.67,0.028
4175,0.584,0.068
4176,0.457,0.141
4177,0.294,0.248
4178,0.117,0.347
4179,0.023,0.389
4180,0.0,0.432
4181,0.0,0.407
4182,0.0,0.329
4183,0.0,0.234
4184,0.0,0.195
4185,0.0,0.176
4186,0.0,0.151
4187,0.0,0.124
4188,0.0,0.11
4189,0.0,0.093
4190,0.031,0.07
4191,0.143,0.036
4192,0.332,0.057
4193,0.496,0.085
4194,0.618,0.062
4195,0.697,0.063
4196,0.728,0.08
4197,0.721,0.106
4198,0.673,0.141
4199,0.586,0.186
4200,0.45,0.23
4201,0.285,0.265
4202,0.12,0.291
4203,0.025,0.277
4204,0.0,0.264
4205,0.0,0.204
4206,0.0,0.185
4207,0.0,0.183
4208,0.0,0.183
4209,0.0,0.184
4210,0.0,0.177
4211,0.0,0.167
4212,0.0,0.167
4213,0.0,0.174
4214,0.036,0.147
4215,0.145,0.124
4216,0.313,0.153
4217,0.475,0.148
4218,0.611,0.156
4219,0.7,0.151
4220,0.733,0.155
4221,0.72,0.167
4222,0.616,0.182
4223,0.516,0.198
4224,0.416,0.206
4225,0.281,0.198
4226,0.119,0.187
4227,0.023,0.145
4228,0.0,0.156
4229,0.0,0.14
4230,0.0,0.118
4231,0.0,0.113
4232,0.0,0.14
4233,0.0,0.172
4234,0.0,0.189
4235,0.0,0.217
4236,0.0,0.223
4237,0.0,0.217
4238,0.031,0.158
4239,0.145,0.143
4240,0.343,0.14
4241,0.515,0.133
4242,0.642,0.144
4243,0.721,0.172
4244,0.755,0.216
4245,0.747,0.252
4246,0.698,0.281
4247,0.608,0.292
4248,0.475,0.298
4249,0.305,0.311
4250,0.121,0.318
4251,0.023,0.249
4252,0.0,0.184
4253,0.0,0.151
4254,0.0,0.148
4255,0.0,0.16
4256,0.0,0.185
4257,0.0,0.215
4258,0.0,0.243
4259,0.0,0.255
4260,0.0,0.246
4261,0.0,0.22
4262,0.031,0.142
4263,0.146,0.124
4264,0.344,0.144
4265,0.517,0.171
4266,0.637,0.166
4267,0.715,0.172
4268,0.751,0.185
4269,0.742,0.201
4270,0.695,0.223
4271,0.607,0.249
4272,0.473,0.278
4273,0.3,0.29
4274,0.121,0.272
4275,0.024,0.241
4276,0.0,0.231
4277,0.0,0.201
4278,0.0,0.166
4279,0.0,0.145
4280,0.0,0.129
4281,0.0,0.122
4282,0.0,0.118
4283,0.0,0.119
4284,0.0,0.118
4285,0.0,0.106
4286,0.03,0.075
4287,0.144,0.029
4288,0.345,0.025
4289,0.515,0.045
4290,0.64,0.065
4291,0.718,0.073
4292,0.751,0.098
4293,0.742,0.155
4294,0.695,0.213
4295,0.606,0.258
4296,0.474,0.279
4297,0.304,0.266
4298,0.12,0.216
4299,0.022,0.16
4300,0.0,0.113
4301,0.0,0.073
4302,0.0,0.073
4303,0.0,0.095
4304,0.0,0.13
4305,0.0,0.167
4306,0.0,0.187
4307,0.0,0.184
4308,0.0,0.178
4309,0.0,0.169
4310,0.028,0.147
4311,0.142,0.063
4312,0.342,0.053
4313,0.512,0.034
4314,0.637,0.044
4315,0.714,0.083
4316,0.745,0.123
4317,0.734,0.151
4318,0.688,0.177
4319,0.6,0.206
4320,0.468,0.241
4321,0.297,0.266
4322,0.119,0.261
4323,0.023,0.22
4324,0.0,0.201
4325,0.0,0.164
4326,0.0,0.15
4327,0.0,0.172
4328,0.0,0.219
4329,0.0,0.267
4330,0.0,0.264
4331,0.0,0.201
4332,0.0,0.148
4333,0.0,0.132
4334,0.029,0.106
4335,0.142,0.058
4336,0.341,0.097
4337,0.509,0.134
4338,0.634,0.127
4339,0.711,0.128
4340,0.744,0.146
4341,0.735,0.179
4342,0.687,0.219
4343,0.599,0.267
4344,0.468,0.314
4345,0.3,0.343
4346,0.118,0.344
4347,0.021,0.312
4348,0.0,0.328
4349,0.0,0.309
4350,0.0,0.276
4351,0.0,0.269
4352,0.0,0.266
4353,0.0,0.302
4354,0.0,0.307
4355,0.0,0.277
4356,0.0,0.256
4357,0.0,0.253
4358,0.03,0.205
4359,0.142,0.128
4360,0.34,0.21
4361,0.509,0.282
4362,0.635,0.251
4363,0.714,0.235
4364,0.749,0.249
4365,0.74,0.282
4366,0.691,0.324
4367,0.602,0.366
4368,0.47,0.411
4369,0.303,0.441
4370,0.121,0.444
4371,0.022,0.383
4372,0.0,0.361
4373,0.0,0.393
4374,0.0,0.505
4375,0.0,0.613
4376,0.0,0.642
4377,0.0,0.65
4378,0.0,0.599
4379,0.0,0.523
4380,0.0,0.469
4381,0.0,0.432
4382,0.034,0.355
4383,0.141,0.337
4384,0.322,0.491
4385,0.487,0.51
4386,0.619,0.504
4387,0.714,0.523
4388,0.751,0.547
4389,0.74,0.571
4390,0.677,0.58
4391,0.555,0.58
4392,0.43,0.581
4393,0.284,0.577
4394,0.122,0.556
4395,0.022,0.472
4396,0.0,0.435
4397,0.0,0.436
4398,0.0,0.438
4399,0.0,0.464
4400,0.0,0.475
4401,0.0,0.432
4402,0.0,0.367
4403,0.0,0.297
4404,0.0,0.245
4405,0.0,0.218
4406,0.031,0.176
4407,0.143,0.187
4408,0.314,0.308
4409,0.456,0.401
4410,0.614,0.45
4411,0.7,0.484
4412,0.739,0.51
4413,0.739,0.532
4414,0.693,0.571
4415,0.604,0.601
4416,0.472,0.614
4417,0.303,0.607
4418,0.121,0.575
4419,0.021,0.46
4420,0.0,0.415
4421,0.0,0.444
4422,0.0,0.466
4423,0.0,0.45
4424,0.0,0.389
4425,0.0,0.357
4426,0.0,0.337
4427,0.0,0.314
4428,0.0,0.305
4429,0.0,0.296
4430,0.029,0.237
4431,0.141,0.291
4432,0.342,0.4
4433,0.516,0.383
4434,0.644,0.328
4435,0.723,0.277
4436,0.757,0.257
4437,0.749,0.254
4438,0.699,0.255
4439,0.609,0.27
4440,0.476,0.303
4441,0.306,0.344
4442,0.121,0.368
4443,0.021,0.295
4444,0.0,0.245
4445,0.0,0.231
4446,0.0,0.233
4447,0.0,0.223
4448,0.0,0.218
4449,0.0,0.234
4450,0.0,0.261
4451,0.0,0.277
4452,0.0,0.271
4453,0.0,0.241
4454,0.031,0.166
4455,0.14,0.093
4456,0.331,0.086
4457,0.5,0.082
4458,0.626,0.035
4459,0.704,0.006
4460,0.737,0.001
4461,0.729,0.001
4462,0.679,0.011
4463,0.591,0.035
4464,0.462,0.066
4465,0.297,0.102
4466,0.12,0.151
4467,0.021,0.208
4468,0.0,0.275
4469,0.0,0.311
4470,0.0,0.311
4471,0.0,0.278
4472,0.0,0.272
4473,0.0,0.293
4474,0.0,0.279
4475,0.0,0.225
4476,0.0,0.167
4477,0.0,0.118
4478,0.03,0.072
4479,0.139,0.018
4480,0.332,0.013
4481,0.5,0.005
4482,0.621,0.005
4483,0.697,0.007
4484,0.732,0.013
4485,0.726,0.034
4486,0.679,0.071
4487,0.591,0.113
4488,0.462,0.157
4489,0.298,0.201
4490,0.122,0.247
4491,0.022,0.265
4492,0.0,0.302
4493,0.0,0.278
4494,0.0,0.241
4495,0.0,0.185
4496,0.0,0.145
4497,0.0,0.131
4498,0.0,0.112
4499,0.0,0.091
4500,0.0,0.093
4501,0.0,0.101
4502,0.032,0.086
4503,0.141,0.064
4504,0.331,0.112
4505,0.499,0.147
4506,0.624,0.145
4507,0.702,0.146
4508,0.73,0.157
4509,0.668,0.194
4510,0.458,0.27
4511,0.377,0.362
4512,0.446,0.407
4513,0.298,0.392
4514,0.122,0.375
4515,0.021,0.334
4516,0.0,0.303
4517,0.0,0.23
4518,0.0,0.149
4519,0.0,0.126
4520,0.0,0.131
4521,0.0,0.137
4522,0.0,0.132
4523,0.0,0.123
4524,0.0,0.126
4525,0.0,0.145
4526,0.031,0.144
4527,0.14,0.231
4528,0.33,0.324
4529,0.502,0.352
4530,0.628,0.362
4531,0.708,0.388
4532,0.743,0.4
4533,0.736,0.402
4534,0.689,0.416
4535,0.6,0.432
4536,0.469,0.437
4537,0.302,0.414
4538,0.122,0.346
4539,0.02,0.187
4540,0.0,0.128
4541,0.0,0.174
4542,0.0,0.221
4543,0.0,0.225
4544,0.0,0.215
4545,0.0,0.207
4546,0.0,0.183
4547,0.0,0.171
4548,0.0,0.17
4549,0.0,0.164
4550,0.032,0.133
4551,0.139,0.144
4552,0.328,0.139
4553,0.499,0.124
4554,0.624,0.083
4555,0.702,0.054
4556,0.735,0.039
4557,0.727,0.025
4558,0.679,0.025
4559,0.59,0.054
4560,0.461,0.102
4561,0.297,0.14
4562,0.12,0.179
4563,0.02,0.217
4564,0.0,0.255
4565,0.0,0.25
4566,0.0,0.24
4567,0.0,0.218
4568,0.0,0.212
4569,0.0,0.223
4570,0.0,0.235
4571,0.0,0.229
4572,0.0,0.214
4573,0.0,0.18
4574,0.029,0.111
4575,0.138,0.042
4576,0.332,0.041
4577,0.5,0.014
4578,0.622,0.005
4579,0.699,0.004
4580,0.732,0.008
4581,0.724,0.013
4582,0.675,0.016
4583,0.588,0.041
4584,0.46,0.077
4585,0.296,0.1
4586,0.119,0.128
4587,0.019,0.178
4588,0.0,0.21
4589,0.0,0.202
4590,0.0,0.211
4591,0.0,0.223
4592,0.0,0.238
4593,0.0,0.272
4594,0.0,0.267
4595,0.0,0.227
4596,0.0,0.193
4597,0.0,0.164
4598,0.028,0.105
4599,0.138,0.033
4600,0.331,0.018
4601,0.497,0.008
4602,0.619,0.007
4603,0.694,0.005
4604,0.726,0.011
4605,0.719,0.03
4606,0.671,0.062
4607,0.584,0.084
4608,0.457,0.105
4609,0.294,0.129
4610,0.119,0.163
4611,0.019,0.211
4612,0.0,0.269
4613,0.0,0.277
4614,0.0,0.273
4615,0.0,0.261
4616,0.0,0.253
4617,0.0,0.256
4618,0.0,0.254
4619,0.0,0.235
4620,0.0,0.191
4621,0.0,0.146
4622,0.027,0.101
4623,0.135,0.034
4624,0.326,0.015
4625,0.491,0.001
4626,0.611,0.006
4627,0.687,0.008
4628,0.72,0.014
4629,0.713,0.027
4630,0.667,0.049
4631,0.582,0.08
4632,0.456,0.107
4633,0.293,0.134
4634,0.118,0.169
4635,0.018,0.22
4636,0.0,0.236
4637,0.0,0.198
4638,0.0,0.157
4639,0.0,0.124
4640,0.0,0.11
4641,0.0,0.115
4642,0.0,0.123
4643,0.0,0.133
4644,0.0,0.138
4645,0.0,0.133
4646,0.025,0.114
4647,0.132,0.045
4648,0.324,0.025
4649,0.486,0.018
4650,0.604,0.012
4651,0.678,0.025
4652,0.71,0.055
4653,0.704,0.111
4654,0.658,0.163
4655,0.573,0.205
4656,0.448,0.223
4657,0.288,0.205
4658,0.115,0.168
4659,0.017,0.142
4660,0.0,0.139
4661,0.0,0.118
4662,0.0,0.102
4663,0.0,0.087
4664,0.0,0.082
4665,0.0,0.087
4666,0.0,0.088
4667,0.0,0.085
4668,0.0,0.073
4669,0.0,0.058
4670,0.025,0.051
4671,0.132,0.029
4672,0.327,0.043
4673,0.492,0.097
4674,0.613,0.127
4675,0.69,0.149
4676,0.724,0.171
4677,0.717,0.192
4678,0.67,0.223
4679,0.584,0.264
4680,0.457,0.303
4681,0.293,0.334
4682,0.116,0.349
4683,0.017,0.362
4684,0.0,0.395
4685,0.0,0.376
4686,0.0,0.387
4687,0.0,0.444
4688,0.0,0.452
4689,0.0,0.431
4690,0.0,0.401
4691,0.0,0.364
4692,0.0,0.355
4693,0.0,0.364
4694,0.025,0.334
4695,0.133,0.281
4696,0.327,0.413
4697,0.495,0.477
4698,0.62,0.45
4699,0.698,0.434
4700,0.733,0.439
4701,0.727,0.47
4702,0.681,0.513
4703,0.594,0.558
4704,0.465,0.604
4705,0.299,0.639
4706,0.117,0.648
4707,0.016,0.592
4708,0.0,0.568
4709,0.0,0.557
4710,0.0,0.526
4711,0.0,0.527
4712,0.0,0.58
4713,0.0,0.552
4714,0.0,0.491
4715,0.0,0.45
4716,0.0,0.434
4717,0.0,0.422
4718,0.023,0.336
4719,0.133,0.355
4720,0.335,0.454
4721,0.506,0.444
4722,0.632,0.4
4723,0.708,0.394
4724,0.741,0.395
4725,0.732,0.402
4726,0.684,0.413
4727,0.595,0.419
4728,0.464,0.43
4729,0.298,0.44
4730,0.119,0.429
4731,0.017,0.375
4732,0.0,0.366
4733,0.0,0.425
4734,0.0,0.531
4735,0.0,0.536
4736,0.0,0.486
4737,0.0,0.388
4738,0.0,0.294
4739,0.0,0.215
4740,0.0,0.157
4741,0.0,0.122
4742,0.026,0.088
4743,0.134,0.09
4744,0.328,0.13
4745,0.498,0.114
4746,0.621,0.073
4747,0.696,0.073
4748,0.731,0.092
4749,0.724,0.124
4750,0.677,0.165
4751,0.589,0.208
4752,0.461,0.241
4753,0.296,0.251
4754,0.117,0.245
4755,0.016,0.232
4756,0.0,0.231
4757,0.0,0.178
4758,0.0,0.139
4759,0.0,0.113
4760,0.0,0.103
4761,0.0,0.107
4762,0.0,0.115
4763,0.0,0.103
4764,0.0,0.076
4765,0.0,0.061
4766,0.024,0.047
4767,0.133,0.019
4768,0.331,0.041
4769,0.501,0.052
4770,0.626,0.059
4771,0.703,0.077
4772,0.737,0.101
4773,0.731,0.125
4774,0.683,0.155
4775,0.595,0.19
4776,0.466,0.223
4777,0.299,0.244
4778,0.118,0.255
4779,0.016,0.287
4780,0.0,0.314
4781,0.0,0.249
4782,0.0,0.176
4783,0.0,0.129
4784,0.0,0.111
4785,0.0,0.123
4786,0.0,0.133
4787,0.0,0.125
4788,0.0,0.124
4789,0.0,0.123
4790,0.025,0.098
4791,0.134,0.12
4792,0.33,0.186
4793,0.5,0.19
4794,0.613,0.186
4795,0.684,0.191
4796,0.713,0.201
4797,0.703,0.211
4798,0.663,0.231
4799,0.579,0.259
4800,0.424,0.294
4801,0.274,0.331
4802,0.117,0.352
4803,0.015,0.341
4804,0.0,0.345
4805,0.0,0.304
4806,0.0,0.252
4807,0.0,0.222
4808,0.0,0.22
4809,0.0,0.227
4810,0.0,0.207
4811,0.0,0.19
4812,0.0,0.18
4813,0.0,0.179
4814,0.024,0.149
4815,0.135,0.184
4816,0.334,0.209
4817,0.505,0.193
4818,0.629,0.193
4819,0.705,0.176
4820,0.737,0.163
4821,0.729,0.167
4822,0.681,0.184
4823,0.592,0.207
4824,0.463,0.233
4825,0.297,0.247
4826,0.118,0.242
4827,0.015,0.217
4828,0.0,0.223
4829,0.0,0.198
4830,0.0,0.168
4831,0.0,0.15
4832,0.0,0.164
4833,0.0,0.184
4834,0.0,0.18
4835,0.0,0.169
4836,0.0,0.154
4837,0.0,0.138
4838,0.024,0.109
4839,0.133,0.057
4840,0.326,0.063
4841,0.488,0.049
4842,0.615,0.045
4843,0.692,0.028
4844,0.718,0.027
4845,0.678,0.048
4846,0.616,0.083
4847,0.547,0.102
4848,0.449,0.118
4849,0.29,0.121
4850,0.115,0.117
4851,0.014,0.127
4852,0.0,0.127
4853,0.0,0.111
4854,0.0,0.114
4855,0.0,0.119
4856,0.0,0.123
4857,0.0,0.138
4858,0.0,0.155
4859,0.0,0.16
4860,0.0,0.158
4861,0.0,0.141
4862,0.023,0.113
4863,0.131,0.044
4864,0.319,0.018
4865,0.481,0.005
4866,0.595,0.003
4867,0.666,0.012
4868,0.699,0.025
4869,0.692,0.054
4870,0.644,0.088
4871,0.557,0.133
4872,0.425,0.171
4873,0.281,0.196
4874,0.123,0.22
4875,0.016,0.257
4876,0.0,0.292
4877,0.0,0.236
4878,0.0,0.175
4879,0.0,0.178
4880,0.0,0.143
4881,0.0,0.112
4882,0.0,0.103
4883,0.0,0.102
4884,0.0,0.108
4885,0.0,0.132
4886,0.007,0.181
4887,0.035,0.144
4888,0.078,0.228
4889,0.14,0.224
4890,0.219,0.107
4891,0.264,0.056
4892,0.345,0.012
4893,0.461,0.001
4894,0.494,0.001
4895,0.475,0.001
4896,0.358,0.018
4897,0.207,0.046
4898,0.085,0.087
4899,0.007,0.142
4900,0.0,0.184
4901,0.0,0.167
4902,0.0,0.126
4903,0.0,0.086
4904,0.0,0.075
4905,0.0,0.085
4906,0.0,0.08
4907,0.0,0.072
4908,0.0,0.078
4909,0.0,0.078
4910,0.017,0.055
4911,0.117,0.024
4912,0.282,0.037
4913,0.462,0.027
4914,0.588,0.021
4915,0.666,0.027
4916,0.698,0.043
4917,0.691,0.073
4918,0.642,0.124
4919,0.557,0.191
4920,0.435,0.248
4921,0.281,0.267
4922,0.118,0.252
4923,0.014,0.201
4924,0.0,0.178
4925,0.0,0.164
4926,0.0,0.155
4927,0.0,0.14
4928,0.0,0.125
4929,0.0,0.118
4930,0.0,0.076
4931,0.0,0.039
4932,0.0,0.012
4933,0.0,0.001
4934,0.01,0.0
4935,0.077,0.0
4936,0.182,0.0
4937,0.321,0.0
4938,0.444,0.0
4939,0.56,0.001
4940,0.637,0.0
4941,0.618,0.0
4942,0.5,0.0
4943,0.409,0.0
4944,0.322,0.002
4945,0.226,0.016
4946,0.103,0.044
4947,0.011,0.074
4948,0.0,0.129
4949,0.0,0.169
4950,0.0,0.19
4951,0.0,0.186
4952,0.0,0.169
4953,0.0,0.138
4954,0.0,0.096
4955,0.0,0.064
4956,0.0,0.045
4957,0.0,0.027
4958,0.021,0.013
4959,0.126,0.004
4960,0.306,0.01
4961,0.468,0.008
4962,0.59,0.011
4963,0.669,0.025
4964,0.705,0.054
4965,0.7,0.091
4966,0.655,0.139
4967,0.569,0.19
4968,0.444,0.233
4969,0.282,0.271
4970,0.11,0.289
4971,0.01,0.272
4972,0.0,0.267
4973,0.0,0.254
4974,0.0,0.233
4975,0.0,0.208
4976,0.0,0.177
4977,0.0,0.16
4978,0.0,0.139
4979,0.0,0.11
4980,0.0,0.089
4981,0.0,0.084
4982,0.008,0.077
4983,0.126,0.029
4984,0.321,0.009
4985,0.487,0.004
4986,0.608,0.002
4987,0.684,0.003
4988,0.72,0.007
4989,0.714,0.019
4990,0.668,0.039
4991,0.582,0.068
4992,0.454,0.106
4993,0.289,0.155
4994,0.111,0.199
4995,0.01,0.227
4996,0.0,0.264
4997,0.0,0.246
4998,0.0,0.197
4999,0.0,0.158
5000,0.0,0.148
5001,0.0,0.144
5002,0.0,0.122
5003,0.0,0.089
5004,0.0,0.063
5005,0.0,0.039
5006,0.008,0.02
5007,0.126,0.004
5008,0.318,0.002
5009,0.482,0.005
5010,0.604,0.005
5011,0.681,0.01
5012,0.714,0.023
5013,0.706,0.048
5014,0.637,0.084
5015,0.51,0.142
5016,0.373,0.218
5017,0.238,0.283
5018,0.107,0.304
5019,0.01,0.243
5020,0.0,0.22
5021,0.0,0.18
5022,0.0,0.144
5023,0.0,0.123
5024,0.0,0.121
5025,0.0,0.129
5026,0.0,0.135
5027,0.0,0.147
5028,0.0,0.162
5029,0.0,0.168
5030,0.013,0.166
5031,0.119,0.108
5032,0.266,0.121
5033,0.412,0.148
5034,0.53,0.179
5035,0.599,0.212
5036,0.64,0.261
5037,0.704,0.303
5038,0.677,0.323
5039,0.591,0.326
5040,0.462,0.323
5041,0.291,0.32
5042,0.11,0.31
5043,0.009,0.279
5044,0.0,0.255
5045,0.0,0.199
5046,0.0,0.191
5047,0.0,0.21
5048,0.0,0.241
5049,0.0,0.243
5050,0.0,0.208
5051,0.0,0.176
5052,0.0,0.175
5053,0.0,0.199
5054,0.009,0.203
5055,0.129,0.14
5056,0.327,0.125
5057,0.498,0.063
5058,0.623,0.011
5059,0.698,0.017
5060,0.73,0.041
5061,0.724,0.131
5062,0.676,0.207
5063,0.551,0.268
5064,0.364,0.315
5065,0.225,0.328
5066,0.086,0.294
5067,0.004,0.219
5068,0.0,0.177
5069,0.0,0.144
5070,0.0,0.125
5071,0.0,0.102
5072,0.0,0.093
5073,0.0,0.1
5074,0.0,0.1
5075,0.0,0.084
5076,0.0,0.082
5077,0.0,0.097
5078,0.008,0.087
5079,0.128,0.022
5080,0.326,0.008
5081,0.495,0.008
5082,0.62,0.027
5083,0.697,0.065
5084,0.732,0.114
5085,0.726,0.167
5086,0.679,0.197
5087,0.591,0.207
5088,0.461,0.204
5089,0.291,0.188
5090,0.109,0.163
5091,0.003,0.151
5092,0.0,0.146
5093,0.0,0.121
5094,0.0,0.096
5095,0.0,0.073
5096,0.0,0.057
5097,0.0,0.048
5098,0.0,0.041
5099,0.0,0.034
5100,0.0,0.024
5101,0.0,0.013
5102,0.006,0.005
5103,0.126,0.001
5104,0.333,0.002
5105,0.507,0.023
5106,0.634,0.072
5107,0.713,0.117
5108,0.749,0.145
5109,0.743,0.167
5110,0.696,0.184
5111,0.607,0.189
5112,0.473,0.187
5113,0.299,0.19
5114,0.11,0.201
5115,0.002,0.241
5116,0.0,0.289
5117,0.0,0.283
5118,0.0,0.284
5119,0.0,0.265
5120,0.0,0.241
5121,0.0,0.243
5122,0.0,0.222
5123,0.0,0.188
5124,0.0,0.164
5125,0.0,0.149
5126,0.006,0.133
5127,0.128,0.069
5128,0.332,0.052
5129,0.507,0.032
5130,0.634,0.023
5131,0.713,0.024
5132,0.741,0.032
5133,0.725,0.041
5134,0.673,0.056
5135,0.587,0.078
5136,0.461,0.102
5137,0.295,0.127
5138,0.114,0.168
5139,0.004,0.243
5140,0.0,0.308
5141,0.0,0.296
5142,0.0,0.278
5143,0.0,0.251
5144,0.0,0.233
5145,0.0,0.228
5146,0.0,0.216
5147,0.0,0.169
5148,0.0,0.105
5149,0.0,0.069
5150,0.011,0.046
5151,0.124,0.02
5152,0.274,0.013
5153,0.426,0.008
5154,0.556,0.012
5155,0.624,0.018
5156,0.635,0.026
5157,0.511,0.035
5158,0.381,0.049
5159,0.337,0.064
5160,0.299,0.078
5161,0.237,0.094
5162,0.098,0.12
5163,0.003,0.177
5164,0.0,0.208
5165,0.0,0.207
5166,0.0,0.188
5167,0.0,0.161
5168,0.0,0.142
5169,0.0,0.127
5170,0.0,0.096
5171,0.0,0.077
5172,0.0,0.075
5173,0.0,0.07
5174,0.005,0.055
5175,0.125,0.015
5176,0.326,0.006
5177,0.496,0.005
5178,0.619,0.011
5179,0.696,0.021
5180,0.727,0.04
5181,0.71,0.061
5182,0.632,0.095
5183,0.586,0.128
5184,0.456,0.148
5185,0.279,0.162
5186,0.072,0.16
5187,0.0,0.16
5188,0.0,0.17
5189,0.0,0.166
5190,0.0,0.159
5191,0.0,0.154
5192,0.0,0.144
5193,0.0,0.134
5194,0.0,0.117
5195,0.0,0.112
5196,0.0,0.118
5197,0.0,0.119
5198,0.008,0.116
5199,0.124,0.072
5200,0.324,0.061
5201,0.497,0.058
5202,0.62,0.051
5203,0.691,0.055
5204,0.717,0.074
5205,0.699,0.093
5206,0.641,0.151
5207,0.573,0.202
5208,0.447,0.246
5209,0.281,0.265
5210,0.104,0.249
5211,0.001,0.221
5212,0.0,0.176
5213,0.0,0.114
5214,0.0,0.089
5215,0.0,0.09
5216,0.0,0.106
5217,0.0,0.121
5218,0.0,0.123
5219,0.0,0.116
5220,0.0,0.109
5221,0.0,0.11
5222,0.007,0.101
5223,0.121,0.031
5224,0.312,0.002
5225,0.473,0.002
5226,0.601,0.01
5227,0.678,0.011
5228,0.711,0.014
5229,0.694,0.022
5230,0.643,0.036
5231,0.559,0.05
5232,0.398,0.081
5233,0.233,0.125
5234,0.095,0.188
5235,0.002,0.264
5236,0.0,0.302
5237,0.0,0.258
5238,0.0,0.193
5239,0.0,0.138
5240,0.0,0.109
5241,0.0,0.088
5242,0.0,0.073
5243,0.0,0.068
5244,0.0,0.061
5245,0.0,0.054
5246,0.006,0.043
5247,0.121,0.022
5248,0.312,0.032
5249,0.479,0.05
5250,0.603,0.061
5251,0.68,0.07
5252,0.715,0.104
5253,0.71,0.198
5254,0.664,0.247
5255,0.577,0.215
5256,0.433,0.201
5257,0.227,0.197
5258,0.086,0.183
5259,0.001,0.167
5260,0.0,0.159
5261,0.0,0.146
5262,0.0,0.171
5263,0.0,0.191
5264,0.0,0.185
5265,0.0,0.171
5266,0.0,0.166
5267,0.0,0.157
5268,0.0,0.133
5269,0.0,0.108
5270,0.005,0.076
5271,0.125,0.029
5272,0.328,0.013
5273,0.504,0.008
5274,0.632,0.011
5275,0.708,0.032
5276,0.744,0.051
5277,0.739,0.099
5278,0.691,0.163
5279,0.601,0.219
5280,0.467,0.249
5281,0.292,0.253
5282,0.104,0.267
5283,0.0,0.32
5284,0.0,0.417
5285,0.0,0.437
5286,0.0,0.352
5287,0.0,0.233
5288,0.0,0.209
5289,0.0,0.179
5290,0.0,0.144
5291,0.0,0.118
5292,0.0,0.108
5293,0.0,0.102
5294,0.006,0.085
5295,0.126,0.047
5296,0.337,0.068
5297,0.519,0.107
5298,0.65,0.085
5299,0.729,0.111
5300,0.763,0.133
5301,0.756,0.163
5302,0.705,0.19
5303,0.612,0.215
5304,0.474,0.238
5305,0.295,0.261
5306,0.104,0.286
5307,0.0,0.297
5308,0.0,0.31
5309,0.0,0.302
5310,0.0,0.262
5311,0.0,0.234
5312,0.0,0.249
5313,0.0,0.241
5314,0.0,0.178
5315,0.0,0.15
5316,0.0,0.154
5317,0.0,0.169
5318,0.004,0.161
5319,0.125,0.17
5320,0.331,0.245
5321,0.511,0.264
5322,0.645,0.278
5323,0.727,0.294
5324,0.763,0.305
5325,0.755,0.314
5326,0.705,0.334
5327,0.611,0.357
5328,0.472,0.385
5329,0.294,0.41
5330,0.104,0.416
5331,0.0,0.352
5332,0.0,0.294
5333,0.0,0.261
5334,0.0,0.241
5335,0.0,0.265
5336,0.0,0.291
5337,0.0,0.302
5338,0.0,0.264
5339,0.0,0.225
5340,0.0,0.205
5341,0.0,0.192
5342,0.004,0.163
5343,0.125,0.121
5344,0.331,0.174
5345,0.512,0.179
5346,0.646,0.121
5347,0.733,0.108
5348,0.77,0.126
5349,0.764,0.153
5350,0.713,0.179
5351,0.619,0.203
5352,0.479,0.228
5353,0.299,0.259
5354,0.104,0.294
5355,0.0,0.284
5356,0.0,0.254
5357,0.0,0.214
5358,0.0,0.193
5359,0.0,0.192
5360,0.0,0.205
5361,0.0,0.228
5362,0.0,0.21
5363,0.0,0.18
5364,0.0,0.16
5365,0.0,0.142
5366,0.002,0.118
5367,0.125,0.057
5368,0.338,0.057
5369,0.52,0.023
5370,0.652,0.0
5371,0.732,0.001
5372,0.765,0.0
5373,0.754,0.001
5374,0.702,0.002
5375,0.609,0.005
5376,0.47,0.011
5377,0.292,0.059
5378,0.1,0.121
5379,0.0,0.213
5380,0.0,0.256
5381,0.0,0.219
5382,0.0,0.184
5383,0.0,0.153
5384,0.0,0.127
5385,0.0,0.117
5386,0.0,0.093
5387,0.0,0.069
5388,0.0,0.051
5389,0.0,0.034
5390,0.002,0.018
5391,0.122,0.004
5392,0.331,0.0
5393,0.507,0.0
5394,0.632,0.009
5395,0.712,0.021
5396,0.746,0.032
5397,0.739,0.041
5398,0.69,0.046
5399,0.6,0.05
5400,0.465,0.05
5401,0.289,0.054
5402,0.098,0.076
5403,0.0,0.149
5404,0.0,0.181
5405,0.0,0.149
5406,0.0,0.109
5407,0.0,0.074
5408,0.0,0.052
5409,0.0,0.042
5410,0.0,0.039
5411,0.0,0.039
5412,0.0,0.041
5413,0.0,0.039
5414,0.001,0.03
5415,0.121,0.014
5416,0.329,0.001
5417,0.503,0.0
5418,0.629,0.0
5419,0.708,0.001
5420,0.742,0.006
5421,0.735,0.011
5422,0.687,0.014
5423,0.597,0.017
5424,0.463,0.019
5425,0.286,0.026
5426,0.096,0.057
5427,0.0,0.142
5428,0.0,0.226
5429,0.0,0.252
5430,0.0,0.251
5431,0.0,0.237
5432,0.0,0.21
5433,0.0,0.194
5434,0.0,0.175
5435,0.0,0.148
5436,0.0,0.132
5437,0.0,0.113
5438,0.001,0.094
5439,0.12,0.058
5440,0.325,0.023
5441,0.499,0.015
5442,0.624,0.009
5443,0.704,0.011
5444,0.738,0.018
5445,0.732,0.029
5446,0.684,0.051
5447,0.594,0.09
5448,0.459,0.141
5449,0.284,0.196
5450,0.095,0.236
5451,0.0,0.28
5452,0.0,0.323
5453,0.0,0.313
5454,0.0,0.284
5455,0.0,0.239
5456,0.0,0.205
5457,0.0,0.2
5458,0.0,0.175
5459,0.0,0.144
5460,0.0,0.13
5461,0.0,0.132
5462,0.001,0.137
5463,0.119,0.088
5464,0.323,0.141
5465,0.497,0.241
5466,0.627,0.215
5467,0.708,0.2
5468,0.745,0.204
5469,0.739,0.22
5470,0.691,0.25
5471,0.601,0.291
5472,0.465,0.332
5473,0.287,0.355
5474,0.095,0.341
5475,0.0,0.313
5476,0.0,0.257
5477,0.0,0.159
5478,0.0,0.093
5479,0.0,0.067
5480,0.0,0.058
5481,0.0,0.056
5482,0.0,0.062
5483,0.0,0.073
5484,0.0,0.087
5485,0.0,0.096
5486,0.0,0.092
5487,0.123,0.047
5488,0.336,0.067
5489,0.516,0.126
5490,0.643,0.184
5491,0.721,0.206
5492,0.755,0.223
5493,0.747,0.235
5494,0.697,0.259
5495,0.605,0.283
5496,0.468,0.297
5497,0.289,0.31
5498,0.095,0.303
5499,0.0,0.265
5500,0.0,0.232
5501,0.0,0.158
5502,0.0,0.126
5503,0.0,0.114
5504,0.0,0.117
5505,0.0,0.122
5506,0.0,0.117
5507,0.0,0.101
5508,0.0,0.078
5509,0.0,0.051
5510,0.0,0.043
5511,0.122,0.032
5512,0.333,0.052
5513,0.516,0.058
5514,0.648,0.055
5515,0.726,0.053
5516,0.76,0.054
5517,0.753,0.064
5518,0.701,0.087
5519,0.606,0.115
5520,0.463,0.142
5521,0.282,0.167
5522,0.093,0.189
5523,0.0,0.225
5524,0.0,0.234
5525,0.0,0.189
5526,0.0,0.147
5527,0.0,0.118
5528,0.0,0.097
5529,0.0,0.088
5530,0.0,0.085
5531,0.0,0.089
5532,0.0,0.094
5533,0.0,0.101
5534,0.001,0.093
5535,0.111,0.046
5536,0.31,0.035
5537,0.511,0.033
5538,0.643,0.018
5539,0.722,0.033
5540,0.758,0.057
5541,0.751,0.095
5542,0.701,0.129
5543,0.609,0.163
5544,0.47,0.192
5545,0.289,0.217
5546,0.093,0.235
5547,0.0,0.272
5548,0.0,0.302
5549,0.0,0.308
5550,0.0,0.3
5551,0.0,0.27
5552,0.0,0.24
5553,0.0,0.216
5554,0.0,0.187
5555,0.0,0.17
5556,0.0,0.161
5557,0.0,0.158
5558,0.0,0.158
5559,0.122,0.096
5560,0.335,0.058
5561,0.52,0.048
5562,0.653,0.048
5563,0.732,0.059
5564,0.766,0.069
5565,0.757,0.088
5566,0.705,0.113
5567,0.612,0.145
5568,0.472,0.177
5569,0.29,0.205
5570,0.093,0.235
5571,0.0,0.274
5572,0.0,0.268
5573,0.0,0.237
5574,0.0,0.219
5575,0.0,0.228
5576,0.0,0.262
5577,0.0,0.324
5578,0.0,0.379
5579,0.0,0.386
5580,0.0,0.341
5581,0.0,0.297
5582,0.0,0.27
5583,0.122,0.188
5584,0.338,0.186
5585,0.525,0.192
5586,0.66,0.135
5587,0.742,0.112
5588,0.778,0.118
5589,0.77,0.152
5590,0.717,0.199
5591,0.619,0.261
5592,0.476,0.322
5593,0.291,0.369
5594,0.092,0.413
5595,0.0,0.413
5596,0.0,0.432
5597,0.0,0.433
5598,0.0,0.441
5599,0.0,0.494
5600,0.0,0.55
5601,0.0,0.576
5602,0.0,0.544
5603,0.0,0.501
5604,0.0,0.435
5605,0.0,0.343
5606,0.0,0.27
5607,0.118,0.172
5608,0.324,0.223
5609,0.5,0.252
5610,0.624,0.223
5611,0.702,0.21
5612,0.746,0.206
5613,0.736,0.21
5614,0.682,0.226
5615,0.588,0.232
5616,0.455,0.225
5617,0.278,0.218
5618,0.089,0.207
5619,0.0,0.167
5620,0.0,0.118
5621,0.0,0.076
5622,0.0,0.059
5623,0.0,0.06
5624,0.0,0.061
5625,0.0,0.06
5626,0.0,0.058
5627,0.0,0.053
5628,0.0,0.051
5629,0.0,0.053
5630,0.0,0.046
5631,0.115,0.017
5632,0.319,0.005
5633,0.5,0.002
5634,0.632,0.0
5635,0.71,0.001
5636,0.742,0.006
5637,0.734,0.016
5638,0.684,0.029
5639,0.591,0.047
5640,0.452,0.068
5641,0.274,0.098
5642,0.085,0.159
5643,0.0,0.249
5644,0.0,0.231
5645,0.0,0.157
5646,0.0,0.099
5647,0.0,0.061
5648,0.0,0.039
5649,0.0,0.03
5650,0.0,0.024
5651,0.0,0.018
5652,0.0,0.014
5653,0.0,0.01
5654,0.0,0.006
5655,0.115,0.002
5656,0.32,0.006
5657,0.495,0.054
5658,0.624,0.087
5659,0.705,0.11
5660,0.74,0.134
5661,0.732,0.159
5662,0.683,0.186
5663,0.592,0.22
5664,0.455,0.243
5665,0.277,0.241
5666,0.086,0.226
5667,0.0,0.254
5668,0.0,0.231
5669,0.0,0.162
5670,0.0,0.109
5671,0.0,0.095
5672,0.0,0.097
5673,0.0,0.116
5674,0.0,0.151
5675,0.0,0.182
5676,0.0,0.208
5677,0.0,0.228
5678,0.0,0.211
5679,0.113,0.131
5680,0.315,0.152
5681,0.492,0.22
5682,0.62,0.245
5683,0.7,0.246
5684,0.735,0.251
5685,0.728,0.261
5686,0.678,0.267
5687,0.585,0.268
5688,0.446,0.274
5689,0.268,0.289
5690,0.082,0.289
5691,0.0,0.262
5692,0.0,0.305
5693,0.0,0.361
5694,0.0,0.376
5695,0.0,0.363
5696,0.0,0.315
5697,0.0,0.284
5698,0.0,0.263
5699,0.0,0.241
5700,0.0,0.217
5701,0.0,0.192
5702,0.0,0.181
5703,0.102,0.108
5704,0.305,0.105
5705,0.487,0.091
5706,0.618,0.063
5707,0.7,0.022
5708,0.729,0.056
5709,0.702,0.093
5710,0.653,0.049
5711,0.564,0.023
5712,0.412,0.012
5713,0.25,0.035
5714,0.077,0.087
5715,0.0,0.178
5716,0.0,0.2
5717,0.0,0.164
5718,0.0,0.132
5719,0.0,0.114
5720,0.0,0.111
5721,0.0,0.118
5722,0.0,0.13
5723,0.0,0.137
5724,0.0,0.131
5725,0.0,0.115
5726,0.0,0.096
5727,0.109,0.053
5728,0.306,0.024
5729,0.481,0.003
5730,0.609,0.0
5731,0.688,0.0
5732,0.721,0.003
5733,0.713,0.008
5734,0.663,0.012
5735,0.57,0.018
5736,0.434,0.027
5737,0.259,0.045
5738,0.077,0.093
5739,0.0,0.212
5740,0.0,0.245
5741,0.0,0.224
5742,0.0,0.2
5743,0.0,0.176
5744,0.0,0.145
5745,0.0,0.132
5746,0.0,0.123
5747,0.0,0.112
5748,0.0,0.094
5749,0.0,0.077
5750,0.0,0.057
5751,0.11,0.025
5752,0.311,0.013
5753,0.487,0.01
5754,0.614,0.022
5755,0.694,0.04
5756,0.729,0.064
5757,0.721,0.091
5758,0.671,0.123
5759,0.579,0.156
5760,0.442,0.179
5761,0.264,0.193
5762,0.077,0.218
5763,0.0,0.264
5764,0.0,0.281
5765,0.0,0.247
5766,0.0,0.22
5767,0.0,0.213
5768,0.0,0.233
5769,0.0,0.256
5770,0.0,0.265
5771,0.0,0.241
5772,0.0,0.222
5773,0.0,0.214
5774,0.0,0.187
5775,0.11,0.104
5776,0.314,0.089
5777,0.495,0.06
5778,0.628,0.06
5779,0.713,0.089
5780,0.75,0.133
5781,0.744,0.186
5782,0.694,0.245
5783,0.601,0.298
5784,0.46,0.344
5785,0.277,0.379
5786,0.08,0.384
5787,0.0,0.364
5788,0.0,0.362
5789,0.0,0.359
5790,0.0,0.337
5791,0.0,0.334
5792,0.0,0.326
5793,0.0,0.316
5794,0.0,0.285
5795,0.0,0.252
5796,0.0,0.229
5797,0.0,0.218
5798,0.0,0.208
5799,0.114,0.132
5800,0.328,0.122
5801,0.513,0.193
5802,0.645,0.23
5803,0.723,0.255
5804,0.754,0.289
5805,0.745,0.292
5806,0.694,0.315
5807,0.599,0.35
5808,0.458,0.371
5809,0.274,0.376
5810,0.078,0.342
5811,0.0,0.301
5812,0.0,0.243
5813,0.0,0.207
5814,0.0,0.197
5815,0.0,0.201
5816,0.0,0.206
5817,0.0,0.203
5818,0.0,0.186
5819,0.0,0.182
5820,0.0,0.194
5821,0.0,0.208
5822,0.0,0.207
5823,0.114,0.142
5824,0.332,0.111
5825,0.518,0.193
5826,0.648,0.238
5827,0.728,0.274
5828,0.761,0.314
5829,0.751,0.33
5830,0.7,0.332
5831,0.604,0.332
5832,0.461,0.335
5833,0.274,0.334
5834,0.077,0.291
5835,0.0,0.246
5836,0.0,0.179
5837,0.0,0.133
5838,0.0,0.109
5839,0.0,0.107
5840,0.0,0.118
5841,0.0,0.133
5842,0.0,0.144
5843,0.0,0.146
5844,0.0,0.14
5845,0.0,0.123
5846,0.0,0.1
5847,0.11,0.063
5848,0.32,0.018
5849,0.499,0.041
5850,0.626,0.039
5851,0.704,0.034
5852,0.738,0.028
5853,0.729,0.02
5854,0.677,0.036
5855,0.582,0.073
5856,0.441,0.101
5857,0.26,0.139
5858,0.071,0.188
5859,0.0,0.249
5860,0.0,0.223
5861,0.0,0.162
5862,0.0,0.118
5863,0.0,0.103
5864,0.0,0.105
5865,0.0,0.107
5866,0.0,0.066
5867,0.0,0.034
5868,0.0,0.02
5869,0.0,0.013
5870,0.0,0.011
5871,0.099,0.007
5872,0.298,0.001
5873,0.475,0.002
5874,0.603,0.008
5875,0.68,0.008
5876,0.709,0.01
5877,0.687,0.017
5878,0.661,0.029
5879,0.569,0.047
5880,0.431,0.071
5881,0.252,0.107
5882,0.068,0.142
5883,0.0,0.174
5884,0.0,0.162
5885,0.0,0.138
5886,0.0,0.123
5887,0.0,0.118
5888,0.0,0.139
5889,0.0,0.179
5890,0.0,0.19
5891,0.0,0.18
5892,0.0,0.158
5893,0.0,0.127
5894,0.0,0.095
5895,0.085,0.05
5896,0.249,0.043
5897,0.42,0.033
5898,0.554,0.018
5899,0.655,0.015
5900,0.716,0.019
5901,0.712,0.024
5902,0.666,0.035
5903,0.573,0.049
5904,0.434,0.067
5905,0.256,0.086
5906,0.068,0.124
5907,0.0,0.179
5908,0.0,0.178
5909,0.0,0.139
5910,0.0,0.107
5911,0.0,0.09
5912,0.0,0.076
5913,0.0,0.068
5914,0.0,0.051
5915,0.0,0.039
5916,0.0,0.03
5917,0.0,0.021
5918,0.0,0.014
5919,0.103,0.007
5920,0.308,0.0
5921,0.484,0.0
5922,0.61,0.009
5923,0.69,0.029
5924,0.725,0.06
5925,0.718,0.101
5926,0.668,0.153
5927,0.575,0.208
5928,0.435,0.247
5929,0.254,0.255
5930,0.067,0.228
5931,0.0,0.205
5932,0.0,0.148
5933,0.0,0.094
5934,0.0,0.081
5935,0.0,0.084
5936,0.0,0.074
5937,0.0,0.068
5938,0.0,0.072
5939,0.0,0.072
5940,0.0,0.054
5941,0.0,0.015
5942,0.0,0.0
5943,0.096,0.0
5944,0.291,0.0
5945,0.463,0.002
5946,0.56,0.02
5947,0.63,0.051
5948,0.653,0.076
5949,0.629,0.087
5950,0.569,0.084
5951,0.436,0.09
5952,0.318,0.1
5953,0.176,0.118
5954,0.045,0.163
5955,0.0,0.249
5956,0.0,0.248
5957,0.0,0.186
5958,0.0,0.13
5959,0.0,0.108
5960,0.0,0.096
5961,0.0,0.094
5962,0.0,0.105
5963,0.0,0.114
5964,0.0,0.118
5965,0.0,0.113
5966,0.0,0.095
5967,0.099,0.056
5968,0.302,0.043
5969,0.481,0.042
5970,0.613,0.045
5971,0.694,0.065
5972,0.732,0.096
5973,0.724,0.121
5974,0.673,0.156
5975,0.578,0.195
5976,0.436,0.241
5977,0.253,0.295
5978,0.063,0.337
5979,0.0,0.347
5980,0.0,0.382
5981,0.0,0.391
5982,0.0,0.352
5983,0.0,0.304
5984,0.0,0.279
5985,0.0,0.282
5986,0.0,0.264
5987,0.0,0.249
5988,0.0,0.253
5989,0.0,0.264
5990,0.0,0.274
5991,0.101,0.245
5992,0.312,0.349
5993,0.502,0.355
5994,0.64,0.323
5995,0.725,0.315
5996,0.762,0.328
5997,0.755,0.343
5998,0.704,0.392
5999,0.608,0.466
6000,0.47,0.525
6001,0.281,0.566
6002,0.07,0.58
6003,0.0,0.544
6004,0.0,0.541
6005,0.0,0.622
6006,0.0,0.737
6007,0.0,0.756
6008,0.0,0.711
6009,0.0,0.633
6010,0.0,0.551
6011,0.0,0.496
6012,0.0,0.501
6013,0.0,0.523
6014,0.0,0.542
6015,0.101,0.619
6016,0.328,0.687
6017,0.533,0.652
6018,0.677,0.649
6019,0.763,0.651
6020,0.799,0.658
6021,0.79,0.688
6022,0.733,0.724
6023,0.63,0.748
6024,0.478,0.765
6025,0.279,0.762
6026,0.067,0.677
6027,0.0,0.476
6028,0.0,0.473
6029,0.0,0.523
6030,0.0,0.59
6031,0.0,0.607
6032,0.0,0.601
6033,0.0,0.574
6034,0.0,0.535
6035,0.0,0.535
6036,0.0,0.516
6037,0.0,0.481
6038,0.0,0.439
6039,0.106,0.385
6040,0.333,0.467
6041,0.534,0.441
6042,0.678,0.369
6043,0.713,0.33
6044,0.746,0.337
6045,0.79,0.385
6046,0.736,0.429
6047,0.632,0.44
6048,0.478,0.435
6049,0.277,0.43
6050,0.066,0.405
6051,0.0,0.361
6052,0.0,0.331
6053,0.0,0.307
6054,0.0,0.332
6055,0.0,0.379
6056,0.0,0.427
6057,0.0,0.41
6058,0.0,0.352
6059,0.0,0.317
6060,0.0,0.289
6061,0.0,0.264
6062,0.0,0.23
6063,0.092,0.216
6064,0.327,0.241
6065,0.529,0.278
6066,0.674,0.355
6067,0.764,0.355
6068,0.802,0.398
6069,0.793,0.48
6070,0.738,0.554
6071,0.637,0.58
6072,0.483,0.578
6073,0.281,0.566
6074,0.065,0.506
6075,0.0,0.419
6076,0.0,0.388
6077,0.0,0.345
6078,0.0,0.341
6079,0.0,0.334
6080,0.0,0.294
6081,0.0,0.278
6082,0.0,0.245
6083,0.0,0.233
6084,0.0,0.227
6085,0.0,0.216
6086,0.0,0.199
6087,0.101,0.128
6088,0.331,0.113
6089,0.53,0.096
6090,0.671,0.067
6091,0.755,0.042
6092,0.787,0.028
6093,0.773,0.018
6094,0.718,0.018
6095,0.616,0.019
6096,0.464,0.022
6097,0.267,0.027
6098,0.06,0.029
6099,0.0,0.027
6100,0.0,0.035
6101,0.0,0.038
6102,0.0,0.035
6103,0.0,0.031
6104,0.0,0.028
6105,0.0,0.035
6106,0.0,0.045
6107,0.0,0.062
6108,0.0,0.093
6109,0.0,0.138
6110,0.0,0.203
6111,0.097,0.275
6112,0.314,0.254
6113,0.501,0.447
6114,0.638,0.445
6115,0.73,0.39
6116,0.766,0.328
6117,0.759,0.27
6118,0.708,0.209
6119,0.61,0.16
6120,0.463,0.12
6121,0.268,0.095
6122,0.06,0.066
6123,0.0,0.036
6124,0.0,0.026
6125,0.0,0.015
6126,0.0,0.003
6127,0.0,0.0
6128,0.0,0.0
6129,0.0,0.005
6130,0.0,0.014
6131,0.0,0.021
6132,0.0,0.023
6133,0.0,0.019
6134,0.0,0.015
6135,0.094,0.013
6136,0.311,0.008
6137,0.499,0.02
6138,0.632,0.031
6139,0.717,0.025
6140,0.755,0.023
6141,0.747,0.02
6142,0.696,0.014
6143,0.598,0.008
6144,0.448,0.006
6145,0.25,0.007
6146,0.051,0.008
6147,0.0,0.05
6148,0.0,0.092
6149,0.0,0.098
6150,0.0,0.103
6151,0.0,0.096
6152,0.0,0.087
6153,0.0,0.093
6154,0.0,0.089
6155,0.0,0.075
6156,0.0,0.064
6157,0.0,0.051
6158,0.0,0.037
6159,0.082,0.022
6160,0.299,0.005
6161,0.493,0.0
6162,0.63,0.0
6163,0.717,0.0
6164,0.754,0.001
6165,0.747,0.002
6166,0.695,0.003
6167,0.598,0.01
6168,0.451,0.032
6169,0.251,0.06
6170,0.051,0.118
6171,0.0,0.179
6172,0.0,0.17
6173,0.0,0.122
6174,0.0,0.079
6175,0.0,0.054
6176,0.0,0.038
6177,0.0,0.028
6178,0.0,0.012
6179,0.0,0.005
6180,0.0,0.003
6181,0.0,0.003
6182,0.0,0.004
6183,0.059,0.008
6184,0.229,0.008
6185,0.375,0.05
6186,0.486,0.095
6187,0.576,0.112
6188,0.507,0.136
6189,0.36,0.179
6190,0.281,0.234
6191,0.279,0.265
6192,0.3,0.261
6193,0.201,0.246
6194,0.031,0.233
6195,0.0,0.234
6196,0.0,0.187
6197,0.0,0.118
6198,0.0,0.081
6199,0.0,0.076
6200,0.0,0.089
6201,0.0,0.093
6202,0.0,0.077
6203,0.0,0.058
6204,0.0,0.051
6205,0.0,0.068
6206,0.0,0.082
6207,0.084,0.046
6208,0.256,0.012
6209,0.329,0.124
6210,0.354,0.256
6211,0.303,0.334
6212,0.24,0.364
6213,0.227,0.386
6214,0.352,0.394
6215,0.59,0.418
6216,0.448,0.453
6217,0.255,0.45
6218,0.045,0.396
6219,0.0,0.312
6220,0.0,0.223
6221,0.0,0.184
6222,0.0,0.207
6223,0.0,0.245
6224,0.0,0.251
6225,0.0,0.23
6226,0.0,0.21
6227,0.0,0.21
6228,0.0,0.211
6229,0.0,0.2
6230,0.0,0.189
6231,0.088,0.127
6232,0.306,0.106
6233,0.496,0.057
6234,0.649,0.025
6235,0.753,0.012
6236,0.795,0.014
6237,0.787,0.03
6238,0.733,0.063
6239,0.631,0.1
6240,0.477,0.128
6241,0.272,0.158
6242,0.055,0.212
6243,0.0,0.291
6244,0.0,0.278
6245,0.0,0.237
6246,0.0,0.211
6247,0.0,0.198
6248,0.0,0.205
6249,0.0,0.237
6250,0.0,0.27
6251,0.0,0.293
6252,0.0,0.292
6253,0.0,0.255
6254,0.0,0.21
6255,0.092,0.148
6256,0.324,0.153
6257,0.525,0.294
6258,0.672,0.341
6259,0.762,0.386
6260,0.801,0.425
6261,0.792,0.441
6262,0.737,0.436
6263,0.633,0.424
6264,0.476,0.429
6265,0.268,0.425
6266,0.053,0.362
6267,0.0,0.264
6268,0.0,0.159
6269,0.0,0.12
6270,0.0,0.135
6271,0.0,0.156
6272,0.0,0.171
6273,0.0,0.196
6274,0.0,0.219
6275,0.0,0.193
6276,0.0,0.151
6277,0.0,0.174
6278,0.0,0.192
6279,0.022,0.217
6280,0.178,0.235
6281,0.412,0.249
6282,0.675,0.311
6283,0.77,0.41
6284,0.811,0.516
6285,0.804,0.624
6286,0.747,0.687
6287,0.64,0.71
6288,0.48,0.705
6289,0.272,0.682
6290,0.052,0.596
6291,0.0,0.501
6292,0.0,0.493
6293,0.0,0.484
6294,0.0,0.442
6295,0.0,0.435
6296,0.0,0.38
6297,0.0,0.297
6298,0.0,0.225
6299,0.0,0.165
6300,0.0,0.113
6301,0.0,0.073
6302,0.0,0.05
6303,0.087,0.034
6304,0.32,0.02
6305,0.526,0.014
6306,0.672,0.009
6307,0.76,0.006
6308,0.799,0.004
6309,0.79,0.003
6310,0.733,0.003
6311,0.627,0.004
6312,0.468,0.004
6313,0.26,0.004
6314,0.046,0.01
6315,0.0,0.045
6316,0.0,0.07
6317,0.0,0.091
6318,0.0,0.113
6319,0.0,0.132
6320,0.0,0.126
6321,0.0,0.1
6322,0.0,0.068
6323,0.0,0.044
6324,0.0,0.032
6325,0.0,0.025
6326,0.0,0.018
6327,0.081,0.018
6328,0.309,0.015
6329,0.507,0.028
6330,0.648,0.042
6331,0.737,0.063
6332,0.776,0.084
6333,0.769,0.101
6334,0.716,0.1
6335,0.615,0.089
6336,0.463,0.083
6337,0.255,0.077
6338,0.046,0.064
6339,0.0,0.038
6340,0.0,0.025
6341,0.0,0.016
6342,0.0,0.005
6343,0.0,0.002
6344,0.0,0.002
6345,0.0,0.005
6346,0.0,0.007
6347,0.0,0.012
6348,0.0,0.031
6349,0.0,0.051
6350,0.0,0.068
6351,0.04,0.09
6352,0.156,0.085
6353,0.271,0.045
6354,0.354,0.069
6355,0.425,0.054
6356,0.467,0.036
6357,0.463,0.025
6358,0.418,0.022
6359,0.37,0.036
6360,0.294,0.064
6361,0.198,0.101
6362,0.037,0.156
6363,0.0,0.201
6364,0.0,0.201
6365,0.0,0.174
6366,0.0,0.133
6367,0.0,0.096
6368,0.0,0.068
6369,0.0,0.045
6370,0.0,0.037
6371,0.0,0.037
6372,0.0,0.034
6373,0.0,0.03
6374,0.0,0.033
6375,0.069,0.029
6376,0.289,0.014
6377,0.487,0.01
6378,0.631,0.018
6379,0.724,0.036
6380,0.764,0.074
6381,0.758,0.119
6382,0.706,0.15
6383,0.605,0.155
6384,0.452,0.127
6385,0.251,0.091
6386,0.04,0.084
6387,0.0,0.102
6388,0.0,0.105
6389,0.0,0.112
6390,0.0,0.142
6391,0.0,0.159
6392,0.0,0.137
6393,0.0,0.112
6394,0.0,0.128
6395,0.0,0.141
6396,0.0,0.159
6397,0.0,0.177
6398,0.0,0.217
6399,0.068,0.249
6400,0.287,0.228
6401,0.483,0.568
6402,0.623,0.644
6403,0.712,0.618
6404,0.751,0.544
6405,0.743,0.457
6406,0.693,0.386
6407,0.593,0.335
6408,0.442,0.284
6409,0.243,0.22
6410,0.038,0.137
6411,0.0,0.07
6412,0.0,0.057
6413,0.0,0.106
6414,0.0,0.167
6415,0.0,0.189
6416,0.0,0.191
6417,0.0,0.182
6418,0.0,0.144
6419,0.0,0.099
6420,0.0,0.069
6421,0.0,0.064
6422,0.0,0.068
6423,0.061,0.08
6424,0.282,0.079
6425,0.475,0.343
6426,0.609,0.597
6427,0.696,0.586
6428,0.734,0.523
6429,0.726,0.447
6430,0.672,0.374
6431,0.573,0.299
6432,0.424,0.237
6433,0.227,0.151
6434,0.032,0.038
6435,0.0,0.015
6436,0.0,0.065
6437,0.0,0.138
6438,0.0,0.156
6439,0.0,0.125
6440,0.0,0.092
6441,0.0,0.073
6442,0.0,0.076
6443,0.0,0.089
6444,0.0,0.097
6445,0.0,0.078
6446,0.0,0.061
6447,0.037,0.042
6448,0.223,0.028
6449,0.436,0.018
6450,0.582,0.002
6451,0.67,0.005
6452,0.699,0.015
6453,0.677,0.039
6454,0.624,0.084
6455,0.536,0.151
6456,0.402,0.228
6457,0.217,0.3
6458,0.029,0.298
6459,0.0,0.278
6460,0.0,0.286
6461,0.0,0.3
6462,0.0,0.295
6463,0.0,0.277
6464,0.0,0.285
6465,0.0,0.323
6466,0.0,0.329
6467,0.0,0.331
6468,0.0,0.343
6469,0.0,0.347
6470,0.0,0.355
6471,0.046,0.425
6472,0.265,0.606
6473,0.465,0.614
6474,0.619,0.542
6475,0.725,0.489
6476,0.772,0.472
6477,0.763,0.494
6478,0.706,0.526
6479,0.602,0.552
6480,0.445,0.563
6481,0.238,0.538
6482,0.031,0.42
6483,0.0,0.291
6484,0.0,0.228
6485,0.0,0.22
6486,0.0,0.233
6487,0.0,0.251
6488,0.0,0.245
6489,0.0,0.229
6490,0.0,0.191
6491,0.0,0.172
6492,0.0,0.168
6493,0.0,0.158
6494,0.0,0.146
6495,0.024,0.128
6496,0.157,0.184
6497,0.377,0.259
6498,0.483,0.355
6499,0.502,0.442
6500,0.694,0.526
6501,0.734,0.61
6502,0.727,0.661
6503,0.626,0.684
6504,0.47,0.697
6505,0.262,0.666
6506,0.035,0.532
6507,0.0,0.399
6508,0.0,0.355
6509,0.0,0.422
6510,0.0,0.476
6511,0.0,0.457
6512,0.0,0.416
6513,0.0,0.337
6514,0.0,0.282
6515,0.0,0.227
6516,0.0,0.179
6517,0.0,0.139
6518,0.0,0.106
6519,0.047,0.094
6520,0.308,0.141
6521,0.53,0.207
6522,0.692,0.266
6523,0.789,0.309
6524,0.833,0.348
6525,0.825,0.428
6526,0.767,0.481
6527,0.657,0.464
6528,0.491,0.443
6529,0.271,0.423
6530,0.034,0.352
6531,0.0,0.287
6532,0.0,0.252
6533,0.0,0.22
6534,0.0,0.201
6535,0.0,0.207
6536,0.0,0.226
6537,0.0,0.245
6538,0.0,0.264
6539,0.0,0.246
6540,0.0,0.21
6541,0.0,0.192
6542,0.0,0.199
6543,0.067,0.195
6544,0.316,0.237
6545,0.536,0.334
6546,0.693,0.327
6547,0.79,0.312
6548,0.832,0.328
6549,0.824,0.366
6550,0.766,0.406
6551,0.655,0.448
6552,0.488,0.508
6553,0.266,0.576
6554,0.032,0.566
6555,0.0,0.513
6556,0.0,0.484
6557,0.0,0.459
6558,0.0,0.472
6559,0.0,0.506
6560,0.0,0.513
6561,0.0,0.462
6562,0.0,0.445
6563,0.0,0.428
6564,0.0,0.385
6565,0.0,0.333
6566,0.0,0.278
6567,0.069,0.219
6568,0.324,0.189
6569,0.547,0.163
6570,0.705,0.106
6571,0.801,0.097
6572,0.842,0.14
6573,0.834,0.208
6574,0.775,0.262
6575,0.664,0.282
6576,0.496,0.272
6577,0.271,0.256
6578,0.031,0.248
6579,0.0,0.249
6580,0.0,0.211
6581,0.0,0.157
6582,0.0,0.112
6583,0.0,0.086
6584,0.0,0.076
6585,0.0,0.069
6586,0.0,0.067
6587,0.0,0.058
6588,0.0,0.044
6589,0.0,0.04
6590,0.0,0.045
6591,0.064,0.065
6592,0.315,0.087
6593,0.533,0.313
6594,0.684,0.345
6595,0.777,0.301
6596,0.817,0.258
6597,0.809,0.208
6598,0.752,0.161
6599,0.645,0.118
6600,0.482,0.082
6601,0.264,0.054
6602,0.029,0.038
6603,0.0,0.032
6604,0.0,0.036
6605,0.0,0.033
6606,0.0,0.022
6607,0.0,0.011
6608,0.0,0.005
6609,0.0,0.001
6610,0.0,0.0
6611,0.0,0.0
6612,0.0,0.0
6613,0.0,0.001
6614,0.0,0.001
6615,0.059,0.002
6616,0.306,0.003
6617,0.524,0.0
6618,0.671,0.0
6619,0.764,0.002
6620,0.805,0.008
6621,0.797,0.033
6622,0.74,0.09
6623,0.634,0.176
6624,0.472,0.245
6625,0.256,0.267
6626,0.026,0.28
6627,0.0,0.243
6628,0.0,0.193
6629,0.0,0.174
6630,0.0,0.185
6631,0.0,0.211
6632,0.0,0.259
6633,0.0,0.328
6634,0.0,0.356
6635,0.0,0.323
6636,0.0,0.284
6637,0.0,0.316
6638,0.0,0.409
6639,0.059,0.448
6640,0.312,0.352
6641,0.539,0.45
6642,0.698,0.425
6643,0.793,0.3
6644,0.833,0.184
6645,0.823,0.113
6646,0.763,0.075
6647,0.653,0.06
6648,0.487,0.064
6649,0.263,0.094
6650,0.025,0.17
6651,0.0,0.259
6652,0.0,0.32
6653,0.0,0.313
6654,0.0,0.261
6655,0.0,0.204
6656,0.0,0.176
6657,0.0,0.15
6658,0.0,0.131
6659,0.0,0.107
6660,0.0,0.079
6661,0.0,0.057
6662,0.0,0.046
6663,0.057,0.058
6664,0.305,0.076
6665,0.52,0.119
6666,0.665,0.172
6667,0.754,0.097
6668,0.792,0.031
6669,0.782,0.004
6670,0.708,0.0
6671,0.531,0.0
6672,0.341,0.001
6673,0.138,0.011
6674,0.006,0.048
6675,0.0,0.08
6676,0.0,0.08
6677,0.0,0.059
6678,0.0,0.048
6679,0.0,0.043
6680,0.0,0.036
6681,0.0,0.034
6682,0.0,0.038
6683,0.0,0.05
6684,0.0,0.079
6685,0.0,0.125
6686,0.0,0.186
6687,0.049,0.257
6688,0.286,0.262
6689,0.495,0.498
6690,0.642,0.681
6691,0.732,0.686
6692,0.773,0.663
6693,0.766,0.585
6694,0.71,0.486
6695,0.606,0.395
6696,0.448,0.332
6697,0.239,0.28
6698,0.019,0.283
6699,0.0,0.308
6700,0.0,0.305
6701,0.0,0.261
6702,0.0,0.194
6703,0.0,0.148
6704,0.0,0.117
6705,0.0,0.09
6706,0.0,0.067
6707,0.0,0.059
6708,0.0,0.059
6709,0.0,0.063
6710,0.0,0.068
6711,0.047,0.073
6712,0.284,0.065
6713,0.495,0.037
6714,0.641,0.03
6715,0.733,0.005
6716,0.773,0.001
6717,0.766,0.0
6718,0.713,0.0
6719,0.61,0.0
6720,0.443,0.0
6721,0.237,0.002
6722,0.018,0.017
6723,0.0,0.045
6724,0.0,0.066
6725,0.0,0.079
6726,0.0,0.089
6727,0.0,0.096
6728,0.0,0.112
6729,0.0,0.13
6730,0.0,0.112
6731,0.0,0.096
6732,0.0,0.085
6733,0.0,0.077
6734,0.0,0.072
6735,0.039,0.066
6736,0.267,0.045
6737,0.479,0.037
6738,0.629,0.08
6739,0.718,0.067
6740,0.758,0.07
6741,0.749,0.1
6742,0.672,0.154
6743,0.567,0.214
6744,0.427,0.259
6745,0.218,0.266
6746,0.013,0.237
6747,0.0,0.163
6748,0.0,0.108
6749,0.0,0.082
6750,0.0,0.084
6751,0.0,0.131
6752,0.0,0.199
6753,0.0,0.252
6754,0.0,0.262
6755,0.0,0.251
6756,0.0,0.251
6757,0.0,0.272
6758,0.0,0.3
6759,0.033,0.313
6760,0.26,0.226
6761,0.481,0.425
6762,0.638,0.626
6763,0.743,0.693
6764,0.788,0.703
6765,0.783,0.722
6766,0.73,0.729
6767,0.624,0.737
6768,0.462,0.74
6769,0.245,0.698
6770,0.015,0.538
6771,0.0,0.407
6772,0.0,0.341
6773,0.0,0.288
6774,0.0,0.205
6775,0.0,0.113
6776,0.0,0.074
6777,0.0,0.132
6778,0.0,0.251
6779,0.0,0.439
6780,0.0,0.571
6781,0.0,0.653
6782,0.0,0.724
6783,0.043,0.752
6784,0.297,0.852
6785,0.529,0.954
6786,0.69,0.952
6787,0.786,0.934
6788,0.83,0.911
6789,0.824,0.883
6790,0.761,0.856
6791,0.649,0.812
6792,0.468,0.759
6793,0.184,0.673
6794,0.002,0.647
6795,0.0,0.668
6796,0.0,0.654
6797,0.0,0.624
6798,0.0,0.613
6799,0.0,0.613
6800,0.0,0.64
6801,0.0,0.672
6802,0.0,0.784
6803,0.0,0.856
6804,0.0,0.87
6805,0.0,0.87
6806,0.0,0.866
6807,0.037,0.874
6808,0.288,0.867
6809,0.528,0.926
6810,0.69,0.917
6811,0.785,0.878
6812,0.828,0.814
6813,0.821,0.728
6814,0.765,0.647
6815,0.656,0.544
6816,0.488,0.431
6817,0.265,0.305
6818,0.015,0.199
6819,0.0,0.142
6820,0.0,0.117
6821,0.0,0.1
6822,0.0,0.089
6823,0.0,0.08
6824,0.0,0.07
6825,0.0,0.061
6826,0.0,0.051
6827,0.0,0.041
6828,0.0,0.037
6829,0.0,0.035
6830,0.0,0.034
6831,0.039,0.036
6832,0.29,0.048
6833,0.517,0.047
6834,0.674,0.088
6835,0.773,0.057
6836,0.816,0.041
6837,0.809,0.037
6838,0.752,0.038
6839,0.644,0.038
6840,0.479,0.04
6841,0.255,0.038
6842,0.01,0.023
6843,0.0,0.013
6844,0.0,0.008
6845,0.0,0.005
6846,0.0,0.003
6847,0.0,0.002
6848,0.0,0.001
6849,0.0,0.0
6850,0.0,0.0
6851,0.0,0.0
6852,0.0,0.0
6853,0.0,0.0
6854,0.0,0.001
6855,0.021,0.002
6856,0.253,0.007
6857,0.491,0.006
6858,0.646,0.019
6859,0.743,0.031
6860,0.785,0.022
6861,0.777,0.009
6862,0.719,0.004
6863,0.61,0.005
6864,0.445,0.011
6865,0.226,0.037
6866,0.007,0.103
6867,0.0,0.184
6868,0.0,0.217
6869,0.0,0.199
6870,0.0,0.16
6871,0.0,0.117
6872,0.0,0.075
6873,0.0,0.062
6874,0.0,0.062
6875,0.0,0.065
6876,0.0,0.068
6877,0.0,0.064
6878,0.0,0.06
6879,0.035,0.053
6880,0.261,0.028
6881,0.495,0.026
6882,0.658,0.027
6883,0.754,0.023
6884,0.794,0.028
6885,0.784,0.036
6886,0.727,0.039
6887,0.618,0.041
6888,0.453,0.039
6889,0.234,0.026
6890,0.007,0.011
6891,0.0,0.001
6892,0.0,0.004
6893,0.0,0.01
6894,0.0,0.018
6895,0.0,0.03
6896,0.0,0.041
6897,0.0,0.041
6898,0.0,0.031
6899,0.0,0.021
6900,0.0,0.013
6901,0.0,0.01
6902,0.0,0.014
6903,0.036,0.025
6904,0.269,0.041
6905,0.494,0.031
6906,0.646,0.09
6907,0.738,0.127
6908,0.781,0.125
6909,0.775,0.116
6910,0.721,0.083
6911,0.617,0.054
6912,0.455,0.043
6913,0.225,0.032
6914,0.006,0.017
6915,0.0,0.006
6916,0.0,0.004
6917,0.0,0.006
6918,0.0,0.016
6919,0.0,0.025
6920,0.0,0.024
6921,0.0,0.017
6922,0.0,0.017
6923,0.0,0.024
6924,0.0,0.031
6925,0.0,0.043
6926,0.0,0.063
6927,0.007,0.071
6928,0.154,0.077
6929,0.357,0.047
6930,0.466,0.063
6931,0.529,0.084
6932,0.504,0.078
6933,0.3,0.066
6934,0.239,0.035
6935,0.206,0.009
6936,0.12,0.005
6937,0.038,0.023
6938,0.0,0.089
6939,0.0,0.146
6940,0.0,0.152
6941,0.0,0.164
6942,0.0,0.192
6943,0.0,0.21
6944,0.0,0.172
6945,0.0,0.138
6946,0.0,0.12
6947,0.0,0.12
6948,0.0,0.177
6949,0.0,0.284
6950,0.0,0.329
6951,0.024,0.281
6952,0.236,0.203
6953,0.468,0.284
6954,0.636,0.36
6955,0.738,0.505
6956,0.776,0.656
6957,0.768,0.756
6958,0.718,0.82
6959,0.607,0.869
6960,0.44,0.896
6961,0.222,0.899
6962,0.003,0.865
6963,0.0,0.866
6964,0.0,0.88
6965,0.0,0.904
6966,0.0,0.892
6967,0.0,0.853
6968,0.0,0.774
6969,0.0,0.676
6970,0.0,0.583
6971,0.0,0.478
6972,0.0,0.416
6973,0.0,0.399
6974,0.0,0.379
6975,0.015,0.287
6976,0.185,0.177
6977,0.473,0.097
6978,0.642,0.045
6979,0.75,0.012
6980,0.767,0.016
6981,0.679,0.09
6982,0.579,0.231
6983,0.594,0.347
6984,0.424,0.438
6985,0.193,0.479
6986,0.0,0.425
6987,0.0,0.436
6988,0.0,0.507
6989,0.0,0.673
6990,0.0,0.695
6991,0.0,0.68
6992,0.0,0.653
6993,0.0,0.655
6994,0.0,0.645
6995,0.0,0.569
6996,0.0,0.472
6997,0.0,0.376
6998,0.0,0.469
6999,0.023,0.592
7000,0.213,0.315
7001,0.49,0.206
7002,0.655,0.25
7003,0.757,0.301
7004,0.796,0.403
7005,0.789,0.488
7006,0.721,0.53
7007,0.496,0.546
7008,0.427,0.698
7009,0.223,0.752
7010,0.002,0.713
7011,0.0,0.762
7012,0.0,0.873
7013,0.0,0.895
7014,0.0,0.89
7015,0.0,0.85
7016,0.0,0.806
7017,0.0,0.735
7018,0.0,0.706
7019,0.0,0.676
7020,0.0,0.642
7021,0.0,0.532
7022,0.0,0.401
7023,0.0,0.343
7024,0.088,0.323
7025,0.295,0.253
7026,0.589,0.232
7027,0.727,0.179
7028,0.767,0.144
7029,0.759,0.114
7030,0.701,0.093
7031,0.592,0.082
7032,0.428,0.067
7033,0.215,0.047
7034,0.0,0.053
7035,0.0,0.107
7036,0.0,0.155
7037,0.0,0.204
7038,0.0,0.209
7039,0.0,0.187
7040,0.0,0.155
7041,0.0,0.123
7042,0.0,0.101
7043,0.0,0.09
7044,0.0,0.073
7045,0.0,0.054
7046,0.0,0.043
7047,0.017,0.045
7048,0.233,0.041
7049,0.461,0.069
7050,0.616,0.118
7051,0.712,0.095
7052,0.753,0.09
7053,0.747,0.082
7054,0.691,0.066
7055,0.586,0.045
7056,0.427,0.028
7057,0.216,0.02
7058,0.0,0.03
7059,0.0,0.023
7060,0.0,0.011
7061,0.0,0.004
7062,0.0,0.003
7063,0.0,0.006
7064,0.0,0.017
7065,0.0,0.033
7066,0.0,0.035
7067,0.0,0.027
7068,0.0,0.023
7069,0.0,0.022
7070,0.0,0.023
7071,0.015,0.025
7072,0.232,0.034
7073,0.458,0.055
7074,0.615,0.054
7075,0.709,0.007
7076,0.751,0.002
7077,0.744,0.0
7078,0.689,0.004
7079,0.584,0.017
7080,0.424,0.032
7081,0.21,0.02
7082,0.0,0.008
7083,0.0,0.002
7084,0.0,0.001
7085,0.0,0.003
7086,0.0,0.008
7087,0.0,0.018
7088,0.0,0.038
7089,0.0,0.047
7090,0.0,0.042
7091,0.0,0.042
7092,0.0,0.052
7093,0.0,0.054
7094,0.0,0.045
7095,0.013,0.048
7096,0.228,0.055
7097,0.455,0.052
7098,0.606,0.118
7099,0.701,0.07
7100,0.746,0.046
7101,0.74,0.045
7102,0.686,0.072
7103,0.581,0.074
7104,0.421,0.078
7105,0.212,0.1
7106,0.0,0.121
7107,0.0,0.108
7108,0.0,0.081
7109,0.0,0.086
7110,0.0,0.111
7111,0.0,0.139
7112,0.0,0.222
7113,0.0,0.395
7114,0.0,0.632
7115,0.0,0.791
7116,0.0,0.849
7117,0.0,0.888
7118,0.0,0.91
7119,0.015,0.941
7120,0.245,0.925
7121,0.479,0.963
7122,0.643,0.965
7123,0.738,0.959
7124,0.78,0.934
7125,0.771,0.872
7126,0.712,0.808
7127,0.601,0.766
7128,0.436,0.739
7129,0.22,0.666
7130,0.0,0.665
7131,0.0,0.61
7132,0.0,0.525
7133,0.0,0.479
7134,0.0,0.457
7135,0.0,0.429
7136,0.0,0.402
7137,0.0,0.437
7138,0.0,0.463
7139,0.0,0.488
7140,0.0,0.538
7141,0.0,0.55
7142,0.0,0.547
7143,0.01,0.516
7144,0.226,0.4
7145,0.455,0.493
7146,0.615,0.59
7147,0.711,0.454
7148,0.753,0.286
7149,0.745,0.151
7150,0.692,0.085
7151,0.587,0.038
7152,0.426,0.018
7153,0.214,0.019
7154,0.0,0.021
7155,0.0,0.012
7156,0.0,0.004
7157,0.0,0.001
7158,0.0,0.0
7159,0.0,0.0
7160,0.0,0.0
7161,0.0,0.001
7162,0.0,0.011
7163,0.0,0.038
7164,0.0,0.062
7165,0.0,0.08
7166,0.0,0.09
7167,0.008,0.084
7168,0.226,0.054
7169,0.464,0.027
7170,0.628,0.076
7171,0.722,0.169
7172,0.767,0.212
7173,0.762,0.221
7174,0.701,0.249
7175,0.591,0.298
7176,0.422,0.343
7177,0.193,0.311
7178,0.0,0.239
7179,0.0,0.152
7180,0.0,0.108
7181,0.0,0.14
7182,0.0,0.2
7183,0.0,0.246
7184,0.0,0.221
7185,0.0,0.162
7186,0.0,0.114
7187,0.0,0.093
7188,0.0,0.087
7189,0.0,0.081
7190,0.0,0.06
7191,0.004,0.024
7192,0.193,0.001
7193,0.431,0.0
7194,0.602,0.0
7195,0.717,0.0
7196,0.763,0.003
7197,0.755,0.031
7198,0.696,0.099
7199,0.583,0.161
7200,0.409,0.225
7201,0.184,0.318
7202,0.0,0.382
7203,0.0,0.37
7204,0.0,0.371
7205,0.0,0.337
7206,0.0,0.276
7207,0.0,0.251
7208,0.0,0.21
7209,0.0,0.221
7210,0.0,0.241
7211,0.0,0.391
7212,0.0,0.523
7213,0.0,0.675
7214,0.0,0.784
7215,0.01,0.808
7216,0.253,0.695
7217,0.503,0.785
7218,0.674,0.731
7219,0.771,0.575
7220,0.814,0.357
7221,0.808,0.148
7222,0.748,0.041
7223,0.636,0.006
7224,0.465,0.0
7225,0.24,0.001
7226,0.001,0.008
7227,0.0,0.015
7228,0.0,0.019
7229,0.0,0.036
7230,0.0,0.07
7231,0.0,0.123
7232,0.0,0.167
7233,0.0,0.181
7234,0.0,0.202
7235,0.0,0.244
7236,0.0,0.262
7237,0.0,0.268
7238,0.0,0.27
7239,0.004,0.255
7240,0.225,0.175
7241,0.472,0.222
7242,0.645,0.283
7243,0.748,0.289
7244,0.795,0.226
7245,0.791,0.155
7246,0.734,0.12
7247,0.624,0.095
7248,0.454,0.065
7249,0.228,0.047
7250,0.034,0.08
7251,0.0,0.276
7252,0.0,0.635
7253,0.0,0.855
7254,0.0,0.925
7255,0.0,0.941
7256,0.0,0.926
7257,0.0,0.936
7258,0.0,0.945
7259,0.0,0.958
7260,0.0,0.969
7261,0.0,0.961
7262,0.0,0.954
7263,0.006,0.951
7264,0.249,0.952
7265,0.511,0.979
7266,0.691,0.978
7267,0.795,0.972
7268,0.844,0.961
7269,0.837,0.941
7270,0.777,0.92
7271,0.663,0.896
7272,0.487,0.851
7273,0.259,0.725
7274,0.0,0.671
7275,0.0,0.686
7276,0.0,0.715
7277,0.0,0.733
7278,0.0,0.757
7279,0.0,0.78
7280,0.0,0.802
7281,0.0,0.812
7282,0.0,0.824
7283,0.0,0.84
7284,0.0,0.844
7285,0.0,0.822
7286,0.0,0.81
7287,0.006,0.776
7288,0.257,0.644
7289,0.514,0.626
7290,0.685,0.594
7291,0.783,0.443
7292,0.827,0.309
7293,0.819,0.222
7294,0.76,0.183
7295,0.647,0.162
7296,0.475,0.152
7297,0.252,0.127
7298,0.0,0.105
7299,0.0,0.096
7300,0.0,0.092
7301,0.0,0.1
7302,0.0,0.124
7303,0.0,0.149
7304,0.0,0.159
7305,0.0,0.154
7306,0.0,0.142
7307,0.0,0.138
7308,0.0,0.147
7309,0.0,0.168
7310,0.0,0.19
7311,0.002,0.209
7312,0.239,0.227
7313,0.491,0.154
7314,0.66,0.365
7315,0.757,0.371
7316,0.801,0.343
7317,0.794,0.335
7318,0.734,0.335
7319,0.625,0.328
7320,0.458,0.3
7321,0.239,0.251
7322,0.0,0.22
7323,0.0,0.182
7324,0.0,0.151
7325,0.0,0.134
7326,0.0,0.123
7327,0.0,0.116
7328,0.0,0.118
7329,0.0,0.131
7330,0.0,0.138
7331,0.0,0.155
7332,0.0,0.213
7333,0.0,0.292
7334,0.0,0.347
7335,0.0,0.398
7336,0.214,0.432
7337,0.455,0.343
7338,0.619,0.573
7339,0.717,0.495
7340,0.757,0.381
7341,0.747,0.279
7342,0.69,0.208
7343,0.585,0.164
7344,0.42,0.118
7345,0.25,0.085
7346,0.0,0.107
7347,0.0,0.178
7348,0.0,0.14
7349,0.0,0.062
7350,0.0,0.028
7351,0.0,0.019
7352,0.0,0.024
7353,0.0,0.038
7354,0.0,0.047
7355,0.0,0.036
7356,0.0,0.018
7357,0.0,0.008
7358,0.0,0.005
7359,0.0,0.004
7360,0.194,0.008
7361,0.442,0.009
7362,0.611,0.014
7363,0.713,0.012
7364,0.758,0.006
7365,0.752,0.003
7366,0.698,0.003
7367,0.59,0.004
7368,0.424,0.006
7369,0.255,0.012
7370,0.0,0.006
7371,0.0,0.001
7372,0.0,0.0
7373,0.0,0.0
7374,0.0,0.0
7375,0.0,0.001
7376,0.0,0.002
7377,0.0,0.003
7378,0.0,0.003
7379,0.0,0.004
7380,0.0,0.006
7381,0.0,0.012
7382,0.0,0.025
7383,0.0,0.047
7384,0.2,0.078
7385,0.45,0.062
7386,0.62,0.083
7387,0.717,0.088
7388,0.761,0.067
7389,0.754,0.051
7390,0.698,0.036
7391,0.589,0.026
7392,0.422,0.022
7393,0.245,0.023
7394,0.0,0.017
7395,0.0,0.013
7396,0.0,0.009
7397,0.0,0.004
7398,0.0,0.002
7399,0.0,0.001
7400,0.0,0.002
7401,0.0,0.003
7402,0.0,0.009
7403,0.0,0.025
7404,0.0,0.049
7405,0.0,0.079
7406,0.0,0.114
7407,0.0,0.155
7408,0.19,0.188
7409,0.435,0.133
7410,0.601,0.212
7411,0.699,0.187
7412,0.743,0.128
7413,0.738,0.094
7414,0.683,0.07
7415,0.575,0.055
7416,0.409,0.045
7417,0.229,0.031
7418,0.0,0.013
7419,0.0,0.004
7420,0.0,0.001
7421,0.0,0.0
7422,0.0,0.0
7423,0.0,0.0
7424,0.0,0.0
7425,0.0,0.004
7426,0.0,0.014
7427,0.0,0.032
7428,0.0,0.044
7429,0.0,0.043
7430,0.0,0.034
7431,0.0,0.022
7432,0.171,0.013
7433,0.395,0.002
7434,0.575,0.0
7435,0.683,0.002
7436,0.699,0.011
7437,0.698,0.025
7438,0.643,0.038
7439,0.56,0.05
7440,0.4,0.064
7441,0.219,0.08
7442,0.0,0.073
7443,0.0,0.049
7444,0.0,0.031
7445,0.0,0.018
7446,0.0,0.012
7447,0.0,0.012
7448,0.0,0.014
7449,0.0,0.016
7450,0.0,0.022
7451,0.0,0.032
7452,0.0,0.048
7453,0.0,0.068
7454,0.0,0.097
7455,0.0,0.13
7456,0.174,0.179
7457,0.42,0.148
7458,0.588,0.192
7459,0.684,0.287
7460,0.732,0.265
7461,0.729,0.259
7462,0.672,0.24
7463,0.566,0.209
7464,0.401,0.184
7465,0.217,0.186
7466,0.0,0.206
7467,0.0,0.227
7468,0.0,0.219
7469,0.0,0.191
7470,0.0,0.162
7471,0.0,0.142
7472,0.0,0.122
7473,0.0,0.108
7474,0.0,0.097
7475,0.0,0.093
7476,0.0,0.093
7477,0.0,0.096
7478,0.0,0.101
7479,0.0,0.103
7480,0.18,0.103
7481,0.428,0.069
7482,0.596,0.153
7483,0.694,0.242
7484,0.741,0.241
7485,0.737,0.247
7486,0.682,0.248
7487,0.574,0.227
7488,0.407,0.184
7489,0.213,0.128
7490,0.0,0.072
7491,0.0,0.037
7492,0.0,0.025
7493,0.0,0.02
7494,0.0,0.019
7495,0.0,0.02
7496,0.0,0.022
7497,0.0,0.023
7498,0.0,0.024
7499,0.0,0.026
7500,0.0,0.029
7501,0.0,0.03
7502,0.0,0.026
7503,0.0,0.021
7504,0.166,0.012
7505,0.417,0.004
7506,0.591,0.002
7507,0.696,0.005
7508,0.743,0.004
7509,0.738,0.003
7510,0.679,0.004
7511,0.569,0.006
7512,0.397,0.006
7513,0.185,0.008
7514,0.0,0.003
7515,0.0,0.003
7516,0.0,0.013
7517,0.0,0.032
7518,0.0,0.051
7519,0.0,0.065
7520,0.0,0.079
7521,0.0,0.092
7522,0.0,0.093
7523,0.0,0.081
7524,0.0,0.066
7525,0.0,0.049
7526,0.0,0.038
7527,0.0,0.033
7528,0.165,0.028
7529,0.42,0.013
7530,0.597,0.003
7531,0.7,0.003
7532,0.738,0.004
7533,0.729,0.005
7534,0.655,0.007
7535,0.474,0.008
7536,0.242,0.011
7537,0.133,0.014
7538,0.0,0.006
7539,0.0,0.006
7540,0.0,0.011
7541,0.0,0.018
7542,0.0,0.025
7543,0.0,0.035
7544,0.0,0.045
7545,0.0,0.04
7546,0.0,0.031
7547,0.0,0.03
7548,0.0,0.031
7549,0.0,0.036
7550,0.0,0.051
7551,0.0,0.068
7552,0.163,0.079
7553,0.41,0.082
7554,0.579,0.14
7555,0.677,0.301
7556,0.721,0.316
7557,0.716,0.286
7558,0.659,0.251
7559,0.551,0.218
7560,0.383,0.188
7561,0.18,0.147
7562,0.0,0.108
7563,0.0,0.075
7564,0.0,0.037
7565,0.0,0.012
7566,0.0,0.004
7567,0.0,0.001
7568,0.0,0.0
7569,0.0,0.0
7570,0.0,0.0
7571,0.0,0.001
7572,0.0,0.012
7573,0.0,0.048
7574,0.0,0.113
7575,0.0,0.188
7576,0.152,0.267
7577,0.397,0.193
7578,0.57,0.213
7579,0.674,0.105
7580,0.72,0.028
7581,0.716,0.002
7582,0.661,0.0
7583,0.552,0.0
7584,0.381,0.0
7585,0.151,0.002
7586,0.0,0.005
7587,0.0,0.004
7588,0.0,0.002
7589,0.0,0.001
7590,0.0,0.0
7591,0.0,0.001
7592,0.0,0.004
7593,0.0,0.009
7594,0.0,0.01
7595,0.0,0.01
7596,0.0,0.002
7597,0.0,0.0
7598,0.0,0.001
7599,0.0,0.003
7600,0.056,0.005
7601,0.166,0.002
7602,0.287,0.0
7603,0.385,0.0
7604,0.416,0.0
7605,0.448,0.0
7606,0.454,0.002
7607,0.337,0.009
7608,0.156,0.016
7609,0.038,0.026
7610,0.0,0.036
7611,0.0,0.045
7612,0.0,0.042
7613,0.0,0.031
7614,0.0,0.018
7615,0.0,0.006
7616,0.0,0.003
7617,0.0,0.009
7618,0.0,0.016
7619,0.0,0.018
7620,0.0,0.013
7621,0.0,0.008
7622,0.0,0.005
7623,0.0,0.004
7624,0.057,0.003
7625,0.226,0.001
7626,0.274,0.002
7627,0.319,0.017
7628,0.368,0.043
7629,0.432,0.074
7630,0.431,0.099
7631,0.248,0.113
7632,0.11,0.133
7633,0.022,0.154
7634,0.0,0.162
7635,0.0,0.114
7636,0.0,0.071
7637,0.0,0.042
7638,0.0,0.024
7639,0.0,0.021
7640,0.0,0.024
7641,0.0,0.026
7642,0.0,0.029
7643,0.0,0.037
7644,0.0,0.046
7645,0.0,0.056
7646,0.0,0.064
7647,0.0,0.055
7648,0.054,0.041
7649,0.198,0.03
7650,0.205,0.025
7651,0.216,0.033
7652,0.22,0.041
7653,0.196,0.041
7654,0.169,0.033
7655,0.164,0.025
7656,0.143,0.034
7657,0.093,0.077
7658,0.0,0.143
7659,0.0,0.193
7660,0.0,0.216
7661,0.0,0.179
7662,0.0,0.156
7663,0.0,0.155
7664,0.0,0.147
7665,0.0,0.127
7666,0.0,0.133
7667,0.0,0.107
7668,0.0,0.114
7669,0.0,0.182
7670,0.0,0.213
7671,0.0,0.245
7672,0.14,0.237
7673,0.399,0.13
7674,0.577,0.171
7675,0.677,0.152
7676,0.721,0.104
7677,0.714,0.076
7678,0.656,0.072
7679,0.544,0.066
7680,0.371,0.058
7681,0.155,0.049
7682,0.0,0.03
7683,0.0,0.021
7684,0.0,0.016
7685,0.0,0.012
7686,0.0,0.019
7687,0.0,0.036
7688,0.0,0.065
7689,0.0,0.085
7690,0.0,0.101
7691,0.0,0.135
7692,0.0,0.198
7693,0.0,0.291
7694,0.0,0.379
7695,0.0,0.405
7696,0.154,0.374
7697,0.409,0.249
7698,0.582,0.517
7699,0.686,0.553
7700,0.732,0.481
7701,0.727,0.383
7702,0.672,0.302
7703,0.564,0.252
7704,0.395,0.201
7705,0.169,0.133
7706,0.0,0.069
7707,0.0,0.046
7708,0.0,0.038
7709,0.0,0.04
7710,0.0,0.042
7711,0.0,0.041
7712,0.0,0.036
7713,0.0,0.03
7714,0.0,0.032
7715,0.0,0.035
7716,0.0,0.037
7717,0.0,0.041
7718,0.0,0.046
7719,0.0,0.051
7720,0.146,0.058
7721,0.402,0.047
7722,0.576,0.045
7723,0.678,0.074
7724,0.723,0.048
7725,0.717,0.026
7726,0.661,0.014
7727,0.552,0.008
7728,0.382,0.005
7729,0.145,0.004
7730,0.0,0.003
7731,0.0,0.006
7732,0.0,0.01
7733,0.0,0.006
7734,0.0,0.001
7735,0.0,0.0
7736,0.0,0.004
7737,0.0,0.025
7738,0.0,0.045
7739,0.0,0.056
7740,0.0,0.065
7741,0.0,0.074
7742,0.0,0.078
7743,0.0,0.081
7744,0.073,0.083
7745,0.316,0.068
7746,0.529,0.11
7747,0.645,0.345
7748,0.681,0.468
7749,0.668,0.525
7750,0.615,0.532
7751,0.483,0.523
7752,0.296,0.51
7753,0.076,0.415
7754,0.0,0.291
7755,0.0,0.164
7756,0.0,0.105
7757,0.0,0.146
7758,0.0,0.201
7759,0.0,0.205
7760,0.0,0.159
7761,0.0,0.154
7762,0.0,0.127
7763,0.0,0.083
7764,0.0,0.034
7765,0.0,0.007
7766,0.0,0.002
7767,0.0,0.004
7768,0.013,0.009
7769,0.062,0.018
7770,0.111,0.014
7771,0.212,0.006
7772,0.238,0.003
7773,0.263,0.002
7774,0.189,0.001
7775,0.155,0.001
7776,0.099,0.0
7777,0.017,0.0
7778,0.0,0.0
7779,0.0,0.004
7780,0.0,0.019
7781,0.0,0.029
7782,0.0,0.026
7783,0.0,0.021
7784,0.0,0.022
7785,0.0,0.026
7786,0.0,0.015
7787,0.0,0.005
7788,0.0,0.002
7789,0.0,0.002
7790,0.0,0.001
7791,0.0,0.002
7792,0.051,0.002
7793,0.179,0.0
7794,0.35,0.0
7795,0.56,0.0
7796,0.668,0.0
7797,0.647,0.0
7798,0.591,0.0
7799,0.482,0.0
7800,0.306,0.0
7801,0.07,0.0
7802,0.0,0.001
7803,0.0,0.002
7804,0.0,0.008
7805,0.0,0.017
7806,0.0,0.015
7807,0.0,0.005
7808,0.0,0.001
7809,0.0,0.0
7810,0.0,0.0
7811,0.0,0.0
7812,0.0,0.0
7813,0.0,0.001
7814,0.0,0.007
7815,0.0,0.019
7816,0.079,0.034
7817,0.271,0.037
7818,0.547,0.07
7819,0.667,0.102
7820,0.719,0.116
7821,0.714,0.119
7822,0.659,0.118
7823,0.54,0.125
7824,0.354,0.142
7825,0.112,0.161
7826,0.0,0.194
7827,0.0,0.215
7828,0.0,0.201
7829,0.0,0.168
7830,0.0,0.13
7831,0.0,0.115
7832,0.0,0.112
7833,0.0,0.105
7834,0.0,0.081
7835,0.0,0.072
7836,0.0,0.082
7837,0.0,0.115
7838,0.0,0.145
7839,0.0,0.227
7840,0.071,0.264
7841,0.271,0.205
7842,0.44,0.613
7843,0.606,0.623
7844,0.647,0.552
7845,0.592,0.466
7846,0.559,0.39
7847,0.536,0.323
7848,0.363,0.249
7849,0.127,0.155
7850,0.0,0.099
7851,0.0,0.076
7852,0.0,0.064
7853,0.0,0.059
7854,0.0,0.063
7855,0.0,0.071
7856,0.0,0.076
7857,0.0,0.076
7858,0.0,0.089
7859,0.0,0.133
7860,0.0,0.155
7861,0.0,0.154
7862,0.0,0.139
7863,0.0,0.124
7864,0.135,0.086
7865,0.407,0.033
7866,0.593,0.043
7867,0.701,0.013
7868,0.75,0.003
7869,0.745,0.002
7870,0.685,0.003
7871,0.569,0.003
7872,0.389,0.003
7873,0.13,0.017
7874,0.0,0.045
7875,0.0,0.055
7876,0.0,0.045
7877,0.0,0.037
7878,0.0,0.039
7879,0.0,0.069
7880,0.0,0.192
7881,0.0,0.286
7882,0.0,0.285
7883,0.0,0.245
7884,0.0,0.265
7885,0.0,0.357
7886,0.0,0.398
7887,0.0,0.395
7888,0.023,0.401
7889,0.296,0.409
7890,0.601,0.646
7891,0.716,0.936
7892,0.773,0.985
7893,0.771,0.991
7894,0.706,0.991
7895,0.583,0.99
7896,0.397,0.976
7897,0.13,0.926
7898,0.0,0.879
7899,0.0,0.857
7900,0.0,0.842
7901,0.0,0.829
7902,0.0,0.773
7903,0.0,0.618
7904,0.0,0.476
7905,0.0,0.297
7906,0.0,0.122
7907,0.0,0.092
7908,0.0,0.043
7909,0.0,0.045
7910,0.0,0.029
7911,0.0,0.018
7912,0.128,0.009
7913,0.403,0.025
7914,0.586,0.087
7915,0.714,0.025
7916,0.77,0.002
7917,0.761,0.001
7918,0.677,0.001
7919,0.39,0.006
7920,0.278,0.018
7921,0.019,0.027
7922,0.0,0.029
7923,0.0,0.074
7924,0.0,0.139
7925,0.0,0.185
7926,0.0,0.249
7927,0.0,0.391
7928,0.0,0.535
7929,0.0,0.633
7930,0.0,0.71
7931,0.0,0.77
7932,0.0,0.772
7933,0.0,0.753
7934,0.0,0.57
7935,0.0,0.327
7936,0.008,0.178
7937,0.073,0.179
7938,0.349,0.291
7939,0.456,0.442
7940,0.408,0.556
7941,0.334,0.618
7942,0.26,0.649
7943,0.171,0.642
7944,0.086,0.545
7945,0.007,0.289
7946,0.0,0.134
7947,0.0,0.045
7948,0.0,0.033
7949,0.0,0.049
7950,0.0,0.056
7951,0.0,0.052
7952,0.0,0.046
7953,0.0,0.038
7954,0.0,0.032
7955,0.0,0.051
7956,0.0,0.083
7957,0.0,0.107
7958,0.0,0.112
7959,0.0,0.097
7960,0.004,0.099
7961,0.048,0.139
7962,0.089,0.192
7963,0.1,0.253
7964,0.118,0.24
7965,0.109,0.193
7966,0.092,0.167
7967,0.072,0.128
7968,0.032,0.099
7969,0.0,0.032
7970,0.0,0.032
7971,0.0,0.045
7972,0.0,0.047
7973,0.0,0.047
7974,0.0,0.051
7975,0.0,0.053
7976,0.0,0.059
7977,0.0,0.069
7978,0.0,0.079
7979,0.0,0.124
7980,0.0,0.167
7981,0.0,0.185
7982,0.0,0.213
7983,0.0,0.259
7984,0.008,0.268
7985,0.078,0.362
7986,0.162,0.513
7987,0.441,0.585
7988,0.551,0.569
7989,0.556,0.511
7990,0.416,0.463
7991,0.321,0.41
7992,0.165,0.318
7993,0.028,0.17
7994,0.0,0.105
7995,0.0,0.073
7996,0.0,0.058
7997,0.0,0.046
7998,0.0,0.028
7999,0.0,0.012
8000,0.0,0.006
8001,0.0,0.004
8002,0.0,0.005
8003,0.0,0.003
8004,0.0,0.001
8005,0.0,0.001
8006,0.0,0.001
8007,0.0,0.005
8008,0.008,0.024
8009,0.075,0.048
8010,0.232,0.102
8011,0.414,0.2
8012,0.397,0.217
8013,0.245,0.219
8014,0.146,0.245
8015,0.097,0.249
8016,0.063,0.181
8017,0.003,0.172
8018,0.0,0.279
8019,0.0,0.386
8020,0.0,0.454
8021,0.0,0.462
8022,0.0,0.51
8023,0.0,0.559
8024,0.0,0.572
8025,0.0,0.557
8026,0.0,0.526
8027,0.0,0.504
8028,0.0,0.501
8029,0.0,0.473
8030,0.0,0.485
8031,0.0,0.529
8032,0.012,0.562
8033,0.094,0.504
8034,0.201,0.494
8035,0.308,0.538
8036,0.316,0.515
8037,0.343,0.488
8038,0.296,0.49
8039,0.217,0.468
8040,0.1,0.337
8041,0.012,0.321
8042,0.0,0.4
8043,0.0,0.465
8044,0.0,0.513
8045,0.0,0.55
8046,0.0,0.534
8047,0.0,0.498
8048,0.0,0.466
8049,0.0,0.447
8050,0.0,0.448
8051,0.0,0.425
8052,0.0,0.413
8053,0.0,0.398
8054,0.0,0.364
8055,0.0,0.374
8056,0.066,0.41
8057,0.297,0.317
8058,0.518,0.343
8059,0.644,0.428
8060,0.656,0.37
8061,0.616,0.272
8062,0.562,0.19
8063,0.412,0.153
8064,0.275,0.134
8065,0.052,0.167
8066,0.0,0.207
8067,0.0,0.266
8068,0.0,0.327
8069,0.0,0.343
8070,0.0,0.325
8071,0.0,0.301
8072,0.0,0.291
8073,0.0,0.294
8074,0.0,0.269
8075,0.0,0.237
8076,0.0,0.225
8077,0.0,0.223
8078,0.0,0.207
8079,0.0,0.26
8080,0.005,0.308
8081,0.055,0.358
8082,0.13,0.341
8083,0.168,0.294
8084,0.177,0.308
8085,0.165,0.408
8086,0.154,0.403
8087,0.1,0.437
8088,0.044,0.512
8089,0.002,0.519
8090,0.0,0.558
8091,0.0,0.507
8092,0.0,0.437
8093,0.0,0.4
8094,0.0,0.362
8095,0.0,0.367
8096,0.0,0.442
8097,0.0,0.452
8098,0.0,0.425
8099,0.0,0.394
8100,0.0,0.355
8101,0.0,0.388
8102,0.0,0.398
8103,0.0,0.46
8104,0.012,0.494
8105,0.061,0.347
8106,0.092,0.156
8107,0.138,0.079
8108,0.222,0.046
8109,0.543,0.037
8110,0.568,0.064
8111,0.439,0.118
8112,0.284,0.13
8113,0.046,0.171
8114,0.0,0.199
8115,0.0,0.178
8116,0.0,0.143
8117,0.0,0.118
8118,0.0,0.101
8119,0.0,0.081
8120,0.0,0.06
8121,0.0,0.042
8122,0.0,0.026
8123,0.0,0.017
8124,0.0,0.014
8125,0.0,0.012
8126,0.0,0.006
8127,0.0,0.007
8128,0.067,0.008
8129,0.303,0.003
8130,0.516,0.003
8131,0.654,0.007
8132,0.697,0.014
8133,0.535,0.022
8134,0.585,0.019
8135,0.467,0.026
8136,0.169,0.042
8137,0.017,0.092
8138,0.0,0.168
8139,0.0,0.292
8140,0.0,0.393
8141,0.0,0.352
8142,0.0,0.379
8143,0.0,0.433
8144,0.0,0.457
8145,0.0,0.452
8146,0.0,0.409
8147,0.0,0.367
8148,0.0,0.332
8149,0.0,0.347
8150,0.0,0.394
8151,0.0,0.448
8152,0.094,0.467
8153,0.338,0.352
8154,0.506,0.572
8155,0.616,0.59
8156,0.661,0.523
8157,0.641,0.415
8158,0.469,0.334
8159,0.291,0.264
8160,0.128,0.157
8161,0.014,0.089
8162,0.0,0.082
8163,0.0,0.099
8164,0.0,0.116
8165,0.0,0.106
8166,0.0,0.074
8167,0.0,0.054
8168,0.0,0.045
8169,0.0,0.038
8170,0.0,0.059
8171,0.0,0.072
8172,0.0,0.077
8173,0.0,0.077
8174,0.0,0.073
8175,0.0,0.08
8176,0.001,0.093
8177,0.025,0.08
8178,0.041,0.074
8179,0.089,0.062
8180,0.123,0.058
8181,0.104,0.053
8182,0.079,0.041
8183,0.059,0.034
8184,0.025,0.037
8185,0.0,0.061
8186,0.0,0.067
8187,0.0,0.087
8188,0.0,0.126
8189,0.0,0.141
8190,0.0,0.153
8191,0.0,0.151
8192,0.0,0.155
8193,0.0,0.177
8194,0.0,0.193
8195,0.0,0.194
8196,0.0,0.16
8197,0.0,0.162
8198,0.0,0.148
8199,0.0,0.149
8200,0.0,0.142
8201,0.026,0.132
8202,0.065,0.129
8203,0.111,0.195
8204,0.142,0.251
8205,0.141,0.251
8206,0.234,0.233
8207,0.218,0.222
8208,0.13,0.164
8209,0.002,0.136
8210,0.0,0.144
8211,0.0,0.152
8212,0.0,0.15
8213,0.0,0.156
8214,0.0,0.189
8215,0.0,0.24
8216,0.0,0.229
8217,0.0,0.198
8218,0.0,0.168
8219,0.0,0.163
8220,0.0,0.196
8221,0.0,0.209
8222,0.0,0.205
8223,0.0,0.172
8224,0.004,0.102
8225,0.077,0.058
8226,0.215,0.056
8227,0.422,0.068
8228,0.36,0.049
8229,0.408,0.026
8230,0.531,0.022
8231,0.461,0.027
8232,0.301,0.034
8233,0.047,0.043
8234,0.0,0.051
8235,0.0,0.039
8236,0.0,0.028
8237,0.0,0.03
8238,0.0,0.033
8239,0.0,0.038
8240,0.0,0.032
8241,0.0,0.024
8242,0.0,0.031
8243,0.0,0.058
8244,0.0,0.085
8245,0.0,0.104
8246,0.0,0.141
8247,0.0,0.194
8248,0.013,0.207
8249,0.09,0.174
8250,0.251,0.102
8251,0.428,0.11
8252,0.423,0.078
8253,0.345,0.036
8254,0.241,0.026
8255,0.168,0.028
8256,0.1,0.03
8257,0.013,0.029
8258,0.0,0.026
8259,0.0,0.028
8260,0.0,0.024
8261,0.0,0.022
8262,0.0,0.027
8263,0.0,0.022
8264,0.0,0.01
8265,0.0,0.003
8266,0.0,0.001
8267,0.0,0.009
8268,0.0,0.041
8269,0.0,0.032
8270,0.0,0.017
8271,0.0,0.021
8272,0.007,0.034
8273,0.19,0.037
8274,0.382,0.046
8275,0.518,0.167
8276,0.379,0.264
8277,0.328,0.252
8278,0.155,0.173
8279,0.087,0.087
8280,0.048,0.039
8281,0.001,0.046
8282,0.0,0.07
8283,0.0,0.064
8284,0.0,0.088
8285,0.0,0.124
8286,0.0,0.161
8287,0.0,0.155
8288,0.0,0.166
8289,0.0,0.264
8290,0.0,0.33
8291,0.0,0.328
8292,0.0,0.291
8293,0.0,0.256
8294,0.0,0.23
8295,0.0,0.206
8296,0.016,0.178
8297,0.16,0.112
8298,0.391,0.095
8299,0.547,0.204
8300,0.623,0.339
8301,0.664,0.432
8302,0.533,0.444
8303,0.173,0.331
8304,0.066,0.224
8305,0.013,0.183
8306,0.0,0.16
8307,0.0,0.179
8308,0.0,0.24
8309,0.0,0.277
8310,0.0,0.286
8311,0.0,0.269
8312,0.0,0.241
8313,0.0,0.207
8314,0.0,0.179
8315,0.0,0.187
8316,0.0,0.208
8317,0.0,0.191
8318,0.0,0.152
8319,0.0,0.127
8320,0.012,0.126
8321,0.095,0.094
8322,0.224,0.109
8323,0.396,0.188
8324,0.687,0.308
8325,0.681,0.469
8326,0.617,0.562
8327,0.494,0.602
8328,0.3,0.532
8329,0.042,0.401
8330,0.0,0.323
8331,0.0,0.257
8332,0.0,0.261
8333,0.0,0.3
8334,0.0,0.332
8335,0.0,0.336
8336,0.0,0.358
8337,0.0,0.391
8338,0.0,0.43
8339,0.0,0.428
8340,0.0,0.425
8341,0.0,0.491
8342,0.0,0.514
8343,0.0,0.524
8344,0.0,0.507
8345,0.028,0.476
8346,0.135,0.578
8347,0.378,0.59
8348,0.554,0.651
8349,0.654,0.686
8350,0.619,0.686
8351,0.48,0.7
8352,0.283,0.702
8353,0.06,0.633
8354,0.0,0.601
8355,0.0,0.573
8356,0.0,0.573
8357,0.0,0.682
8358,0.0,0.726
8359,0.0,0.765
8360,0.0,0.733
8361,0.0,0.666
8362,0.0,0.673
8363,0.0,0.691
8364,0.0,0.744
8365,0.0,0.805
8366,0.0,0.806
8367,0.0,0.793
8368,0.011,0.811
8369,0.16,0.833
8370,0.272,0.832
8371,0.43,0.792
8372,0.629,0.71
8373,0.71,0.631
8374,0.672,0.574
8375,0.555,0.547
8376,0.347,0.535
8377,0.081,0.484
8378,0.0,0.451
8379,0.0,0.424
8380,0.0,0.347
8381,0.0,0.204
8382,0.0,0.154
8383,0.0,0.102
8384,0.0,0.076
8385,0.0,0.054
8386,0.0,0.074
8387,0.0,0.093
8388,0.0,0.106
8389,0.0,0.116
8390,0.0,0.193
8391,0.0,0.314
8392,0.118,0.341
8393,0.367,0.282
8394,0.597,0.524
8395,0.713,0.613
8396,0.765,0.625
8397,0.761,0.619
8398,0.699,0.629
8399,0.573,0.627
8400,0.369,0.583
8401,0.05,0.586
8402,0.0,0.64
8403,0.0,0.678
8404,0.0,0.698
8405,0.0,0.754
8406,0.0,0.794
8407,0.0,0.842
8408,0.0,0.877
8409,0.0,0.865
8410,0.0,0.86
8411,0.0,0.877
8412,0.0,0.903
8413,0.0,0.924
8414,0.0,0.931
8415,0.0,0.928
8416,0.069,0.9
8417,0.177,0.862
8418,0.217,0.929
8419,0.235,0.935
8420,0.258,0.919
8421,0.266,0.918
8422,0.235,0.942
8423,0.152,0.944
8424,0.065,0.933
8425,0.005,0.932
8426,0.0,0.928
8427,0.0,0.922
8428,0.0,0.915
8429,0.0,0.898
8430,0.0,0.877
8431,0.0,0.849
8432,0.0,0.823
8433,0.0,0.746
8434,0.0,0.676
8435,0.0,0.628
8436,0.0,0.578
8437,0.0,0.538
8438,0.0,0.493
8439,0.0,0.476
8440,0.0,0.447
8441,0.046,0.311
8442,0.218,0.133
8443,0.326,0.068
8444,0.441,0.009
8445,0.549,0.0
8446,0.506,0.0
8447,0.413,0.0
8448,0.225,0.002
8449,0.046,0.004
8450,0.0,0.01
8451,0.0,0.018
8452,0.0,0.025
8453,0.0,0.03
8454,0.0,0.029
8455,0.0,0.031
8456,0.0,0.076
8457,0.0,0.084
8458,0.0,0.06
8459,0.0,0.067
8460,0.0,0.075
8461,0.0,0.115
8462,0.0,0.116
8463,0.0,0.058
8464,0.009,0.042
8465,0.117,0.031
8466,0.539,0.014
8467,0.642,0.017
8468,0.694,0.015
8469,0.707,0.011
8470,0.65,0.011
8471,0.522,0.011
8472,0.323,0.012
8473,0.068,0.012
8474,0.0,0.007
8475,0.0,0.005
8476,0.0,0.006
8477,0.0,0.014
8478,0.0,0.039
8479,0.0,0.072
8480,0.0,0.089
8481,0.0,0.097
8482,0.0,0.114
8483,0.0,0.14
8484,0.0,0.169
8485,0.0,0.201
8486,0.0,0.247
8487,0.0,0.302
8488,0.045,0.361
8489,0.285,0.332
8490,0.508,0.278
8491,0.679,0.386
8492,0.726,0.337
8493,0.669,0.296
8494,0.52,0.295
8495,0.429,0.282
8496,0.339,0.21
8497,0.052,0.241
8498,0.0,0.402
8499,0.0,0.467
8500,0.0,0.486
8501,0.0,0.511
8502,0.0,0.54
8503,0.0,0.574
8504,0.0,0.606
8505,0.0,0.639
8506,0.0,0.669
8507,0.0,0.698
8508,0.0,0.722
8509,0.0,0.731
8510,0.0,0.726
8511,0.0,0.704
8512,0.014,0.67
8513,0.102,0.556
8514,0.203,0.41
8515,0.292,0.429
8516,0.328,0.435
8517,0.315,0.457
8518,0.267,0.433
8519,0.187,0.363
8520,0.077,0.379
8521,0.004,0.49
8522,0.0,0.633
8523,0.0,0.68
8524,0.0,0.699
8525,0.0,0.71
8526,0.0,0.72
8527,0.0,0.706
8528,0.0,0.691
8529,0.0,0.695
8530,0.0,0.687
8531,0.0,0.651
8532,0.0,0.579
8533,0.0,0.496
8534,0.0,0.401
8535,0.0,0.311
8536,0.056,0.319
8537,0.172,0.309
8538,0.323,0.504
8539,0.606,0.802
8540,0.621,0.866
8541,0.54,0.863
8542,0.395,0.821
8543,0.238,0.743
8544,0.061,0.557
8545,0.0,0.41
8546,0.0,0.383
8547,0.0,0.337
8548,0.0,0.256
8549,0.0,0.207
8550,0.0,0.18
8551,0.0,0.168
8552,0.0,0.154
8553,0.0,0.133
8554,0.0,0.135
8555,0.0,0.145
8556,0.0,0.118
8557,0.0,0.117
8558,0.0,0.104
8559,0.0,0.093
8560,0.01,0.071
8561,0.077,0.097
8562,0.168,0.15
8563,0.17,0.226
8564,0.153,0.238
8565,0.21,0.161
8566,0.213,0.065
8567,0.147,0.017
8568,0.047,0.002
8569,0.0,0.001
8570,0.0,0.008
8571,0.0,0.025
8572,0.0,0.028
8573,0.0,0.02
8574,0.0,0.016
8575,0.0,0.011
8576,0.0,0.006
8577,0.0,0.007
8578,0.0,0.006
8579,0.0,0.002
8580,0.0,0.004
8581,0.0,0.029
8582,0.0,0.054
8583,0.0,0.079
8584,0.0,0.073
8585,0.043,0.047
8586,0.238,0.066
8587,0.543,0.064
8588,0.641,0.076
8589,0.659,0.092
8590,0.585,0.124
8591,0.452,0.188
8592,0.221,0.26
8593,0.005,0.241
8594,0.0,0.209
8595,0.0,0.14
8596,0.0,0.094
8597,0.0,0.073
8598,0.0,0.059
8599,0.0,0.053
8600,0.0,0.056
8601,0.0,0.062
8602,0.0,0.072
8603,0.0,0.074
8604,0.0,0.077
8605,0.0,0.071
8606,0.0,0.063
8607,0.0,0.049
8608,0.003,0.03
8609,0.093,0.018
8610,0.36,0.038
8611,0.439,0.097
8612,0.426,0.113
8613,0.325,0.123
8614,0.212,0.124
8615,0.117,0.11
8616,0.045,0.101
8617,0.0,0.102
8618,0.0,0.164
8619,0.0,0.3
8620,0.0,0.38
8621,0.0,0.479
8622,0.0,0.612
8623,0.0,0.671
8624,0.0,0.718
8625,0.0,0.771
8626,0.0,0.712
8627,0.0,0.529
8628,0.0,0.461
8629,0.0,0.501
8630,0.0,0.539
8631,0.0,0.695
8632,0.003,0.687
8633,0.064,0.661
8634,0.153,0.672
8635,0.224,0.675
8636,0.239,0.638
8637,0.169,0.556
8638,0.116,0.398
8639,0.079,0.248
8640,0.034,0.241
8641,0.002,0.259
8642,0.0,0.325
8643,0.0,0.345
8644,0.0,0.341
8645,0.0,0.344
8646,0.0,0.346
8647,0.0,0.34
8648,0.0,0.276
8649,0.0,0.236
8650,0.0,0.196
8651,0.0,0.15
8652,0.0,0.109
8653,0.0,0.107
8654,0.0,0.136
8655,0.0,0.136
8656,0.013,0.125
8657,0.104,0.11
8658,0.291,0.115
8659,0.672,0.112
8660,0.752,0.088
8661,0.739,0.067
8662,0.64,0.049
8663,0.339,0.034
8664,0.106,0.025
8665,0.02,0.03
8666,0.0,0.041
8667,0.0,0.052
8668,0.0,0.053
8669,0.0,0.054
8670,0.0,0.057
8671,0.0,0.052
8672,0.0,0.039
8673,0.0,0.026
8674,0.0,0.012
8675,0.0,0.006
8676,0.0,0.005
8677,0.0,0.003
8678,0.0,0.002
8679,0.0,0.003
8680,0.12,0.004
8681,0.37,0.003
8682,0.598,0.003
8683,0.707,0.005
8684,0.751,0.009
8685,0.74,0.008
8686,0.671,0.012
8687,0.537,0.013
8688,0.328,0.011
8689,0.058,0.005
8690,0.0,0.002
8691,0.0,0.001
8692,0.0,0.005
8693,0.0,0.02
8694,0.0,0.03
8695,0.0,0.03
8696,0.0,0.026
8697,0.0,0.023
8698,0.0,0.024
8699,0.0,0.024
8700,0.0,0.025
8701,0.0,0.03
8702,0.0,0.035
8703,0.0,0.041
8704,0.024,0.067
8705,0.092,0.089
8706,0.211,0.069
8707,0.342,0.072
8708,0.56,0.053
8709,0.634,0.013
8710,0.54,0.001
8711,0.371,0.0
8712,0.174,0.001
8713,0.009,0.004
8714,0.0,0.007
8715,0.0,0.005
8716,0.0,0.005
8717,0.0,0.021
8718,0.0,0.051
8719,0.0,0.079
8720,0.0,0.127
8721,0.0,0.218
8722,0.0,0.312
8723,0.0,0.36
8724,0.0,0.422
8725,0.0,0.48
8726,0.0,0.539
8727,0.0,0.586
8728,0.01,0.544
8729,0.098,0.422
8730,0.231,0.383
8731,0.476,0.626
8732,0.618,0.676
8733,0.667,0.672
8734,0.62,0.646
8735,0.495,0.599
8736,0.292,0.483
8737,0.068,0.374
8738,0.0,0.301
8739,0.0,0.267
8740,0.0,0.277
8741,0.0,0.302
8742,0.0,0.388
8743,0.0,0.471
8744,0.0,0.479
8745,0.0,0.502
8746,0.0,0.544
8747,0.0,0.603
8748,0.0,0.672
8749,0.0,0.698
8750,0.0,0.725
8751,0.0,0.739
8752,0.163,0.678
8753,0.4,0.53
8754,0.591,0.615
8755,0.71,0.646
8756,0.759,0.498
8757,0.748,0.314
8758,0.676,0.193
8759,0.545,0.116
8760,0.337,0.045
